﻿<Skin name="alittle green">
    <Information>
        <Author>vvill</Author>
        <Version>0</Version>
        <Copyright>0</Copyright>
        <Skinner Name="UX Architect" Version="1.0c" />
    </Information>
    <LoadingScreen ShowInfo="True">
        <Background>loading.png</Background>
    </LoadingScreen>
    <Main Globe="False" Orb="False" Fog="False">
        <Background EnableAudio="False">green2.png</Background>
        <InfoFont>Square-10.xpr</InfoFont>
        <Text Top="437" Left="62" Width="200" Scroll="0" Color="0xFF505939" Source="IP" Align="Left" />
        <Text Top="374" Left="440" Width="200" Scroll="0" Color="0xFF505939" Source="C_FreeMB" Align="Right" />
        <Text Top="391" Left="440" Width="200" Scroll="0" Color="0xFF505939" Source="E_FreeMB" Align="Right" />
        <Text Top="408" Left="440" Width="200" Scroll="0" Color="0xFF505939" Source="F_FreeMB" Align="Right" />
        <Image Top="372" Left="54" Width="254" Height="55" Source="GameIcon" />
        <Image Source="GamePreview" />
        <Menu Align="Right" ShowIcon="False" ShowArrows="False">
            <Preview EnableAudio="True" Top="146" Left="54" Width="254" Height="216" />
            <Position Top="147" Left="320" Width="260" Height="216" Fixed="True" FixAt="4" MaxItem="4" />
            <Font>Trebuchet-10.xpr</Font>
        </Menu>
        <ColorScheme>
            <AMBIENT_FOGCOLOR>0x78000000</AMBIENT_FOGCOLOR>
            <AMBIENT_SKYCOLOR>0xFF000000</AMBIENT_SKYCOLOR>
            <AMBIENT_CELLCOLOR>0x78000000</AMBIENT_CELLCOLOR>
            <CAPTION_TEXTCOLOR>0xFF505939</CAPTION_TEXTCOLOR>
            <CAPTION_BACKCOLOR>0xFFD4DDBC</CAPTION_BACKCOLOR>
            <DIALOG_BORDERCOLOR>0xFFD4DDBC</DIALOG_BORDERCOLOR>
            <DIALOG_BACKCOLOR>0xFFD4DDBC</DIALOG_BACKCOLOR>
            <DIALOG_INNER_BORDERCOLOR>0xFFD4DDBC</DIALOG_INNER_BORDERCOLOR>
            <DIALOG_INNER_BACKCOLOR>0x96505939</DIALOG_INNER_BACKCOLOR>
            <DIALOG_TEXTCOLOR>0xFFD4DDBC</DIALOG_TEXTCOLOR>
            <DIALOG_DISABLEDTEXT>0x32505939</DIALOG_DISABLEDTEXT>
            <OPTION_TEXTCOLOR>0xFF505939</OPTION_TEXTCOLOR>
            <OPTION_ACTIVETEXTCOLOR>0xFFD4DDBC</OPTION_ACTIVETEXTCOLOR>
            <OPTION_ACTIVEBACKCOLOR>0x32505939</OPTION_ACTIVEBACKCOLOR>
            <BUTTON_BORDERCOLOR>0xFFD4DDBC</BUTTON_BORDERCOLOR>
            <BUTTON_TEXTCOLOR>0xFFD4DDBC</BUTTON_TEXTCOLOR>
            <BUTTON_BACKCOLOR>0xFF505939</BUTTON_BACKCOLOR>
            <BUTTON_ACTIVETEXTCOLOR>0xFF505939</BUTTON_ACTIVETEXTCOLOR>
            <BUTTON_ACTIVEBACKCOLOR>0x32505939</BUTTON_ACTIVEBACKCOLOR>
            <KB_KEYBG_HIGHLIGHT>0xFFD4DDBC</KB_KEYBG_HIGHLIGHT>
            <KB_KEYBG_DISABLED>0x32D4DDBC</KB_KEYBG_DISABLED>
            <KB_KEY_PRESSED>0xFF505939</KB_KEY_PRESSED>
            <KB_KEY_NORMAL>0xFF505939</KB_KEY_NORMAL>
            <KB_KEY_DISABLED>0x32FFFFFF</KB_KEY_DISABLED>
            <KB_KEY_ACTIVEBORDER>0xFF505939</KB_KEY_ACTIVEBORDER>
            <KB_KEY_TEXTCOLOR>0xFF505939</KB_KEY_TEXTCOLOR>
            <KB_KEY_TEXTBACKCOLOR>0x00FFFFFF</KB_KEY_TEXTBACKCOLOR>
            <KB_KEY_TEXTBORDERCOLOR>0x0F505939</KB_KEY_TEXTBORDERCOLOR>
            <MENU_TEXTCOLOR>0x96505939</MENU_TEXTCOLOR>
            <MENU_ACTIVETEXTCOLOR>0xFF505939</MENU_ACTIVETEXTCOLOR>
        </ColorScheme>
    </Main>
</Skin>