<Skin name="MetallicAtmosphere">
	<Information>
		<Author>UnleashX</Author>
		<Copyright>Copyright 2005</Copyright>
		<Version>1.0</Version>
	</Information>
	<Fonts>
		<Font Name="Verdana8">Verdana8.xpr</Font>
		<Font Name="Verdana10">Verdana10.xpr</Font>
	</Fonts>
	<Main Globe="False" Orb="False">
		<BackGround>bground.jpg</BackGround>
		<Menu Smooth="False" Align="Middle" ShowIcon="False" Rotate="False" Scroll="1">
			<BackColor>0x00000001</BackColor>
			<Font>Verdana10</Font>
			<ItemPos Left="24" Top="144" Width="100" Height="20" />
			<ItemPos Left="24" Top="186" Width="100" Height="20" />
			<ItemPos Left="24" Top="227" Width="100" Height="20" />
			<ItemPos Left="24" Top="267" Width="100" Height="20" />
			<ItemPos Left="24" Top="308" Width="100" Height="20" />
			<ItemPos Left="24" Top="350" Width="100" Height="20" />
			<Preview EnableAudio="True" Left="214" Top="150" Width="202" Height="202" />
		</Menu>

		<InfoFont>Verdana8</InfoFont>
		<Text Left="515" Top="106" Width="98" Height="20" Align="MiddleCenter" Color="0xFF404040" Source="$NickName$" Font="Verdana10" />
		<Text Left="515" Top="144" Width="98" Height="20" Align="MiddleCenter" Color="0xFF404040" Source="$Time$" Font="Verdana10" />
		<Text Left="515" Top="190" Width="98" Height="20" Align="MiddleCenter" Color="0xFF404040" Source="$Date$" Font="Verdana10" />

		<Text Left="550" Top="248" Width="62" Height="16" Align="MiddleRight" Color="0xFF404040" Source="$CPUTemp$" Font="Verdana8" />
		<Text Left="550" Top="264" Width="62" Height="16" Align="MiddleRight" Color="0xFF404040" Source="$MBTemp$" Font="Verdana8" />
		<Text Left="550" Top="285" Width="62" Height="16" Align="MiddleRight" Color="0xFF404040" Source="$FreeMemory$" Font="Verdana8" />
		<Text Left="550" Top="305" Width="62" Height="16" Align="MiddleRight" Color="0xFF404040" Source="$C_FreeMB$" Font="Verdana8" />
		<Text Left="550" Top="323" Width="62" Height="16" Align="MiddleRight" Color="0xFF404040" Source="$Tray$" Font="Verdana8" />
		<Text Left="550" Top="341" Width="62" Height="16" Align="MiddleRight" Color="0xFF404040" Source="$E_FreeMB$" Font="Verdana8" />
		<Text Left="550" Top="360" Width="62" Height="16" Align="MiddleRight" Color="0xFF404040" Source="$IP$" Font="Verdana8" ScaleX="90" ScaleY="90" />
		<Text Left="514" Top="376" Width="102" Height="16" Color="0xFF404040" Source="LinkStatus" Font="Verdana8" ScaleX="90" ScaleY="90" />

		<Text Left="42" Top="24" Width="290" Height="16" Scroll="2" Color="0xFF404040" Source="$Newsfeed$" Font="Verdana8" />
		<Text Left="352" Top="24" Width="110" Height="16" Scroll="1" Color="0xFF404040" Source="SongName" Font="Verdana8" />

		<Image Source="GamePreview" />
		<Image Top="150" Left="214" Width="207" Height="206" zIndex="2">gearmask.png</Image>
	</Main>
	<FileManager SafeBorder="False">
	</FileManager>

	<MusicPlayer Left="144" Top="54" Width="352" Height="64" Relative="True">
		<BackGround>MMbground.png</BackGround>
		<ButtonMap>ButtonMap.png</ButtonMap>	
		<Element Type="Pause" Left="29" Top="3" Width="40" Height="40" />
		<Element Type="Next" Left="36" Top="12" Width="40" Height="40" />
		<Element Type="Stop" Left="28" Top="41" Width="40" Height="40" />
		<Element Type="Prev" Left="20" Top="11" Width="40" Height="40" />
		<Element Type="Progress" Left="88" Top="44" Width="170" Height="6" />
		<Element Type="Volume" Left="270" Top="44" Width="45" Height="6" />

		<Element Type="Meter" Left="265" Top="14" Width="50" Height="30" />
		<Element Type="SongStatus" Left="43" Top="23" Width="16" Height="18" zIndex="2" />

		<Text Left="100" Top="15" Width="170" Height="16" Color="0xFF404040" Source="SongTrack" Scroll="1" Font="Verdana8" />
		<Text Left="100" Top="32" Width="50" Height="16" Color="0xFF404040" Source="SongLength" Font="Verdana8" ScaleX="80" ScaleY="80" />
		<Text Left="150" Top="32" Width="50" Height="16" Color="0xFF404040" Source="SongBitRate" Font="Verdana8" Scroll="1" ScaleX="80" ScaleY="80" />
		<Text Left="200" Top="32" Width="50" Height="16" Color="0xFF404040" Source="SongChannel" Font="Verdana8" Scroll="1" ScaleX="80" ScaleY="80" />
		<Playlist Left="161" Top="118" Width="318" Height="339" OffsetX="15" OffsetY="17">
			<BackGround>plbground.png</BackGround>
		</Playlist>
		
	</MusicPlayer>
	
	<ColorScheme >
		<AMBIENT_FOGCOLOR>0xFF002000</AMBIENT_FOGCOLOR>
		<AMBIENT_SKYCOLOR>0xFF004000</AMBIENT_SKYCOLOR>
		<AMBIENT_CELLCOLOR>0x0600C000</AMBIENT_CELLCOLOR>

		<CAPTION_TEXTCOLOR>0xFF404040</CAPTION_TEXTCOLOR>
		<CAPTION_BACKCOLOR>0xFFd6d6d6</CAPTION_BACKCOLOR>
		<DIALOG_BORDERCOLOR>0xFF404040</DIALOG_BORDERCOLOR>
		<DIALOG_BACKCOLOR>0xFFd6d6d6</DIALOG_BACKCOLOR>
		<DIALOG_INNER_BORDERCOLOR>0xFF404040</DIALOG_INNER_BORDERCOLOR>
		<DIALOG_INNER_BACKCOLOR>0xFFaeb19c</DIALOG_INNER_BACKCOLOR>
		<DIALOG_TEXTCOLOR>0xFF404040</DIALOG_TEXTCOLOR>

		<DIALOG_DISABLEDTEXT>0x7Faeb19c</DIALOG_DISABLEDTEXT>

		<OPTION_TEXTCOLOR>0xFF404040</OPTION_TEXTCOLOR>
		<OPTION_ACTIVETEXTCOLOR>0xFF000000</OPTION_ACTIVETEXTCOLOR>
		<OPTION_ACTIVEBACKCOLOR>0xFFd6d6d6</OPTION_ACTIVEBACKCOLOR>

		<BUTTON_BORDERCOLOR>0xFF404040</BUTTON_BORDERCOLOR>
		<BUTTON_TEXTCOLOR>0xFF404040</BUTTON_TEXTCOLOR>
		<BUTTON_BACKCOLOR>0xFFd6d6d6</BUTTON_BACKCOLOR>
		<BUTTON_ACTIVETEXTCOLOR>0xFF404040</BUTTON_ACTIVETEXTCOLOR>
		<BUTTON_ACTIVEBACKCOLOR>0xFFaeb19c</BUTTON_ACTIVEBACKCOLOR>	
		
		<KB_KEYBG_HIGHLIGHT>0xCCaeb19c</KB_KEYBG_HIGHLIGHT>
		<KB_KEYBG_DISABLED>0xffc0c0c0</KB_KEYBG_DISABLED>
		<KB_KEY_PRESSED>0xff808080</KB_KEY_PRESSED>
		<KB_KEY_NORMAL>0xff000000</KB_KEY_NORMAL>
		<KB_KEY_DISABLED>0xff808080</KB_KEY_DISABLED>
		<KB_KEY_ACTIVEBORDER>0xffd6d6d6</KB_KEY_ACTIVEBORDER>
		<KB_KEY_TEXTCOLOR>0xff404040</KB_KEY_TEXTCOLOR>
		<KB_KEY_TEXTBACKCOLOR>0xffaeb19c</KB_KEY_TEXTBACKCOLOR>
		<KB_KEY_TEXTBORDERCOLOR>0xff404040</KB_KEY_TEXTBORDERCOLOR>
		
		<MENU_TEXTCOLOR>0xFF404040</MENU_TEXTCOLOR>
		<MENU_ACTIVETEXTCOLOR>0xFF000000</MENU_ACTIVETEXTCOLOR>
		<MENU_BORDERCOLOR>0x00000001</MENU_BORDERCOLOR>
		<MENU_BACKCOLOR>0x00000000</MENU_BACKCOLOR>
		<MENU_ACTIVEBACKCOLOR>0x00000000</MENU_ACTIVEBACKCOLOR>
		<MENU_ACTIVEBORDERCOLOR>0x00000000</MENU_ACTIVEBORDERCOLOR>

		<!-- New color scheme -->

		<MMBorderColor>0x00000001</MMBorderColor>
		
		<!-- LED color-->
		<MMForeColor>0xFF404040</MMForeColor>
		<MMOffForeColor>0x00000001</MMOffForeColor>

		<!-- Peak meter color-->
		<!-- Here, we just want a uniform color, Dark is low, light is high-->
		<MMDarkBarColor>0xff404040</MMDarkBarColor>
		<MMLightBarColor>0xff404040</MMLightBarColor>
		<MMBarBackColor>0x00000001</MMBarBackColor>
		<MMDarkBackColor>0xFFd6d6d6</MMBarBackColor>
		<MMActiveForeColor>0xFF404040</MMActiveForeColor>
	</ColorScheme>
</Skin>