﻿<Skin name="Softmod Depot">
    <Information>
        <Author>Snipes101</Author>
        <Version>1</Version>
        <Copyright>2007</Copyright>
        <Skinner Name="UX Architect" Version="1.0c" />
    </Information>
    <Main Globe="False" Orb="False" Fog="False">
        <Background EnableAudio="False">blue-swirl-Green.jpg</Background>
        <InfoFont>Tahoma-10.xpr</InfoFont>
        <Text Top="368" Left="479" Width="200" Scroll="0" Color="0xFFFFFFFF" Source="IP" Align="Left" />
        <Text Top="397" Left="478" Width="200" Scroll="0" Color="0xFFFFFFFF" Source="NumClient" Align="Left" />
        <Text Top="459" Left="6" Width="332" Scroll="0" Color="0xFFFFFFFF" Source="Newsfeed" Align="Left" />
        <Text Top="327" Left="463" Width="200" Scroll="0" Color="0xFFFFFFFF" Source="SongTime" Align="Left" />
        <Text Top="127" Left="61" Width="182" Scroll="0" Color="0xFFFFFFFF" Source="F_FreeMB" Align="Left" />
        <Text Top="109" Left="61" Width="182" Scroll="0" Color="0xFFFFFFFF" Source="E_FreeMB" Align="Left" />
        <Text Top="89" Left="61" Width="184" Scroll="0" Color="0xFFFFFFFF" Source="C_FreeMB" Align="Left" />
        <Text Top="443" Left="477" Width="200" Scroll="0" Color="0xFFFFFFFF" Source="CPUTempF" Align="Left" />
        <Text Top="459" Left="477" Width="200" Scroll="0" Color="0xFFFFFFFF" Source="MBTempF" Align="Left" />
        <Text Top="14" Left="434" Width="221" Scroll="0" Color="0xFFFFFFFF" Source="DateTime" Align="Left" />
        <Text Top="32" Left="434" Width="222" Scroll="0" Color="0xFFFFFFFF" Source="NickName" Align="Left" />
        <Text Top="51" Left="434" Width="222" Scroll="0" Color="0xFFFFFFFF" Source="Tray" Align="Left" />
        <Text Top="308" Left="449" Width="200" Scroll="0" Color="0xFFFFFFFF" Source="SoundTrack" Align="Left" />
        <Text Top="291" Left="449" Width="181" Scroll="0" Color="0xFFFFFFFF" Source="SongName" Align="Left" />
        <Image Top="434" Left="588" Width="52" Height="46" Opacity="100">Heat.png</Image>
        <Image Top="227" Left="426" Width="295" Height="130" Opacity="100">Cool 2.png</Image>
        <Image Top="343" Left="394" Width="347" Height="90" Opacity="100">Cool 3.png</Image>
        <Image Top="362" Left="417" Width="58" Height="58" Opacity="100">Internet.png</Image>
        <Image Top="60" Left="879" Width="207" Height="180" Opacity="100">Cool cut.png</Image>
        <Image Top="451" Left="-21" Width="390" Height="42" Opacity="100">shadows 2.png</Image>
        <Image Top="47" Left="476" Width="207" Height="190" Opacity="100">Cool cut.png</Image>
        <Image Top="68" Left="-25" Width="249" Height="88" Opacity="100">Cool cut.png</Image>
        <Image Top="95" Left="2" Width="54" Height="46" Opacity="100">Harddrive(b).png</Image>
        <Image Top="245" Left="455" Width="50" Height="45" Opacity="100">CD2.png</Image>
        <Image Top="89" Left="501" Width="128" Height="128" Source="GameIcon" />
        <Image Top="-1" Left="-1" Width="640" Height="88" Opacity="100">header.jpg</Image>
        <Image Top="248" Left="504" Width="133" Height="41" Opacity="100">Unleashx Music.png</Image>
        <Menu Align="Left" ShowIcon="True" ShowArrows="False">
            <ItemPos Top="167" Left="10" Width="307"></ItemPos>
            <ItemPos Top="212" Left="10" Width="254"></ItemPos>
            <ItemPos Top="261" Left="10" Width="306"></ItemPos>
            <ItemPos Top="309" Left="10" Width="253"></ItemPos>
            <ItemPos Top="361" Left="10" Width="305"></ItemPos>
            <ItemPos Top="412" Left="10" Width="254"></ItemPos>
            <Font>BookAntiqua-14.xpr</Font>
        </Menu>
        <ColorScheme>
            <AMBIENT_FOGCOLOR>0x008080FF</AMBIENT_FOGCOLOR>
            <AMBIENT_SKYCOLOR>0x0000000F</AMBIENT_SKYCOLOR>
            <AMBIENT_CELLCOLOR>0x000080FF</AMBIENT_CELLCOLOR>
            <CAPTION_TEXTCOLOR>0xFFFFFFFF</CAPTION_TEXTCOLOR>
            <CAPTION_BACKCOLOR>0xFF00C400</CAPTION_BACKCOLOR>
            <DIALOG_BORDERCOLOR>0xFF00FF00</DIALOG_BORDERCOLOR>
            <DIALOG_BACKCOLOR>0x9F000000</DIALOG_BACKCOLOR>
            <DIALOG_INNER_BORDERCOLOR>0xFF00FF00</DIALOG_INNER_BORDERCOLOR>
            <DIALOG_INNER_BACKCOLOR>0xFF000000</DIALOG_INNER_BACKCOLOR>
            <DIALOG_TEXTCOLOR>0xFFFFFFFF</DIALOG_TEXTCOLOR>
            <DIALOG_DISABLEDTEXT>0xFFB3B3B4</DIALOG_DISABLEDTEXT>
            <OPTION_TEXTCOLOR>0xFFFFFFFF</OPTION_TEXTCOLOR>
            <OPTION_ACTIVETEXTCOLOR>0xFFFFFFFF</OPTION_ACTIVETEXTCOLOR>
            <OPTION_ACTIVEBACKCOLOR>0x6000FF00</OPTION_ACTIVEBACKCOLOR>
            <BUTTON_BORDERCOLOR>0xFFFFFFFF</BUTTON_BORDERCOLOR>
            <BUTTON_TEXTCOLOR>0xFFFFFFFF</BUTTON_TEXTCOLOR>
            <BUTTON_BACKCOLOR>0x98004F00</BUTTON_BACKCOLOR>
            <BUTTON_ACTIVETEXTCOLOR>0xFFFFFFFF</BUTTON_ACTIVETEXTCOLOR>
            <BUTTON_ACTIVEBACKCOLOR>0xFF00FF00</BUTTON_ACTIVEBACKCOLOR>
            <KB_KEYBG_HIGHLIGHT>0xFF00FF00</KB_KEYBG_HIGHLIGHT>
            <KB_KEYBG_DISABLED>0xFFC0C0C0</KB_KEYBG_DISABLED>
            <KB_KEY_PRESSED>0xFF008000</KB_KEY_PRESSED>
            <KB_KEY_NORMAL>0xFF000000</KB_KEY_NORMAL>
            <KB_KEY_DISABLED>0xFFFFFFFF</KB_KEY_DISABLED>
            <KB_KEY_ACTIVEBORDER>0xFF808080</KB_KEY_ACTIVEBORDER>
            <KB_KEY_TEXTCOLOR>0xFF000000</KB_KEY_TEXTCOLOR>
            <KB_KEY_TEXTBACKCOLOR>0xFFFFFFFF</KB_KEY_TEXTBACKCOLOR>
            <KB_KEY_TEXTBORDERCOLOR>0xFF00FF00</KB_KEY_TEXTBORDERCOLOR>
            <MENU_TEXTCOLOR>0xFFFFFFFF</MENU_TEXTCOLOR>
            <MENU_ACTIVETEXTCOLOR>0xE1FFFF00</MENU_ACTIVETEXTCOLOR>
        </ColorScheme>
    </Main>
</Skin>