<Skin name="Double Team WS">
	<Information>
	  <Author>dunny</Author>
	  <Copyright>2004</Copyright>
	  <Version>1</Version>
	</Information>
	<Main Globe="False" Orb="False" Fog="False">
	<BackGround>bg.png</BackGround>
	<Image Top="150" Left="440" width="157" Height="133" Source="GameIcon"/>
	<Image Source="GamePreview"/>
	<Menu Smooth="True" Align="Left" ShowIcon="False" Rotate="True" ShowArrows="False" Horizontal="True">
	  <Position Top="429" Left="40" Width="600" Height="600"></Position>
	  <Font>Photoshop_Large_12.xpr</Font>
	  <Preview EnableAudio="True" Top="150" Left="440" width="157" Height="133" />
	</Menu>
 	  <InfoFont>Photoshop_Small_12.xpr</InfoFont>
 </Main>
	<ColorScheme >
   	  <MENU_TEXTCOLOR>0xFFB7ABAB</MENU_TEXTCOLOR>
   	  <MENU_ACTIVETEXTCOLOR>0xFFE99A9A</MENU_ACTIVETEXTCOLOR>
	</ColorScheme>
</Skin>