<Skin name="soldier_of_fortune-ux">
	<Information>
		<Author>Darkfall</Author>
		<Copyright>2004</Copyright>
		<Version>1.0</Version>
	</Information>
	<IntroMovie EnableAudio="No"></IntroMovie>
	<LoadingScreen ShowInfo="No">
		<BackGround EnableAudio="No">soldier_of_fortune-load.jpg</BackGround>
	</LoadingScreen>
	<Main Globe="No" Orb="No" Fog="No">
		<Cellwall></Cellwall>
		<BackGround EnableAudio="No">soldier_of_fortune.jpg</BackGround>
		<Image Top="11" Left="45" Width="123" Height="123" Source="GameIcon"/>
		<Image Source="GamePreview"/>
		<Menu Smooth="Yes" Align="Middle" ShowIcon="No" Rotate="Yes" ShowArrows="No" Scroll="1">
			<Font></Font>
			<Position Top="140" Left="45" Width="560" Height="170" Fixed="Yes" FixAt="3" MaxItem="6"></Position>
			<Preview EnableAudio="No" Top="312" Left="478" width="120" Height="90"/>
		</Menu>
		<InfoFont></InfoFont>
		<Text Left="200" Top="15" Width="" Align="Left" Color="0xFFFFFFFF" Source="$DateTime$"></Text>
		<Text Left="200" Top="70" Width="" Align="Left" Color="0xFFFFFFFF" Source="DVD:"></Text>
		<Text Left="255" Top="70" Width="325" Scroll="1" Align="Left" Color="0xFFFFFFFF" Source="$DVDTitle$"></Text>
		<Text Left="200" Top="90" Width="" Align="Left" Color="0xFFFFFFFF" Source="C: $C_FreeMB$"></Text>
		<Text Left="580" Top="90" Width="" Align="Right" Color="0xFFFFFFFF" Source="E: $E_FreeMB$"></Text>
		<Text Left="60" Top="325" Width="" Align="Left" Color="0xFFFFFFFF" Source="F: $F_FreeMB$"></Text>
		<Text Left="470" Top="325" Width="" Align="Right" Color="0xFFFFFFFF" Source="MoBo: $MBTemp$"></Text>
		<Text Left="60" Top="345" Width="" Align="Left" Color="0xFFFFFFFF" Source="IP: $IP$"></Text>
		<Text Left="470" Top="345" Width="" Align="Right" Color="0xFFFFFFFF" Source="CPU: $CPUTemp$"></Text>
		<Text Left="60" Top="385" Width="" Align="Left" Color="0xFFFFFFFF" Source="UnleashX: v$AppVersion$"></Text>
		<Text Left="470" Top="385" Width="" Align="Right" Color="0xFFFFFFFF" Source="$VideoMode$"></Text>
		<Text Left="60" Top="410" Width="410" Scroll="1" Align="Left" Color="0xFFFFFFFF" Source="$SoundTrack$"></Text>
		<Text Left="60" Top="430" Width="410" Scroll="1" Align="Left" Color="0xFFFFFFFF" Source="$SongName$"></Text>
		<Text Left="600" Top="430" Width="" Align="Right" Color="0xFFFFFFFF" Source="$SongTime$"></Text>
	</Main>
	<ColorScheme Name="Default">
		<AMBIENT_FOGCOLOR>0xFF000000</AMBIENT_FOGCOLOR>
		<AMBIENT_SKYCOLOR>0xFF000000</AMBIENT_SKYCOLOR>
		<AMBIENT_CELLCOLOR>0xFF000000</AMBIENT_CELLCOLOR>
		<CAPTION_TEXTCOLOR>0xFFFFFFFF</CAPTION_TEXTCOLOR>
		<CAPTION_BACKCOLOR>0xFF000000</CAPTION_BACKCOLOR>
		<DIALOG_BORDERCOLOR>0xFFFF8000</DIALOG_BORDERCOLOR>
		<DIALOG_BACKCOLOR>0xFF000000</DIALOG_BACKCOLOR>
		<DIALOG_INNER_BORDERCOLOR>0xFFFF8000</DIALOG_INNER_BORDERCOLOR>
		<DIALOG_INNER_BACKCOLOR>0xFF000000</DIALOG_INNER_BACKCOLOR>
		<DIALOG_TEXTCOLOR>0xFFFFFFFF</DIALOG_TEXTCOLOR>
		<DIALOG_DISABLEDTEXT>0xFF000000</DIALOG_DISABLEDTEXT>
		<OPTION_TEXTCOLOR>0xFFFFFFFF</OPTION_TEXTCOLOR>
		<OPTION_ACTIVETEXTCOLOR>0xFF00FF00</OPTION_ACTIVETEXTCOLOR>
		<OPTION_ACTIVEBACKCOLOR>0xFF000000</OPTION_ACTIVEBACKCOLOR>
		<BUTTON_BORDERCOLOR>0xFFFF8000</BUTTON_BORDERCOLOR>
		<BUTTON_TEXTCOLOR>0xFFFFFFFF</BUTTON_TEXTCOLOR>
		<BUTTON_BACKCOLOR>0xFF000000</BUTTON_BACKCOLOR>
		<BUTTON_ACTIVETEXTCOLOR>0xFF00FF00</BUTTON_ACTIVETEXTCOLOR>
		<BUTTON_ACTIVEBACKCOLOR>0xFF000000</BUTTON_ACTIVEBACKCOLOR>
		<KB_KEYBG_HIGHLIGHT>0xFFFF8000</KB_KEYBG_HIGHLIGHT>
		<KB_KEYBG_DISABLED>0xFF000000</KB_KEYBG_DISABLED>
		<KB_KEY_PRESSED>0xFFE17100</KB_KEY_PRESSED>
		<KB_KEY_NORMAL>0xFF000000</KB_KEY_NORMAL>
		<KB_KEY_DISABLED>0xFF000000</KB_KEY_DISABLED>
		<KB_KEY_ACTIVEBORDER>0xFFFF8000</KB_KEY_ACTIVEBORDER>
		<KB_KEY_TEXTCOLOR>0xFF000000</KB_KEY_TEXTCOLOR>
		<KB_KEY_TEXTBACKCOLOR>0xFFFFFFFF</KB_KEY_TEXTBACKCOLOR>
		<KB_KEY_TEXTBORDERCOLOR>0xFFFF8000</KB_KEY_TEXTBORDERCOLOR>
		<MENU_TEXTCOLOR>0xFFFFFFFF</MENU_TEXTCOLOR>
		<MENU_ACTIVETEXTCOLOR>0xFF00FF00</MENU_ACTIVETEXTCOLOR>
		<MENU_BORDERCOLOR>0x00000000</MENU_BORDERCOLOR>
		<MENU_BACKCOLOR>0x00000000</MENU_BACKCOLOR>
		<MENU_ACTIVEBACKCOLOR>0x00000000</MENU_ACTIVEBACKCOLOR>
		<MENU_ACTIVEBORDERCOLOR>0xFFFF8000</MENU_ACTIVEBORDERCOLOR>
	</ColorScheme>
</Skin>
<!-- -->
<!-- -->
<!-- -->
<!-- -->
<!-- -->
<!-- -->