﻿<Skin name="Sephiroth V1">
    <Information>
        <Author>CL Roberson</Author>
        <Version>1</Version>
        <Copyright>2005</Copyright>
        <Skinner Name="UX Architect" Version="1.0c" />
    </Information>
    <LoadingScreen ShowInfo="True">
        <Background>ac_sephiroth_800.jpg</Background>
    </LoadingScreen>
    <Main Globe="False" Orb="False" Fog="False">
        <Background EnableAudio="False">sephirothfire.jpg</Background>
        <InfoFont>Lucida-10.xpr</InfoFont>
        <Text Top="73" Left="12" Width="200" Scroll="0" Color="0xFFFFFFFF" Source="IP" Align="Left" />
        <Text Top="94" Left="12" Width="200" Scroll="0" Color="0xFFFFFFFF" Source="CPUTempF" Align="Left" />
        <Text Top="53" Left="13" Width="200" Scroll="0" Color="0xFFFFFFFF" Source="Tray" Align="Left" />
        <Text Top="31" Left="13" Width="315" Scroll="0" Color="0xFFFFFFFF" Source="DateTime" Align="Left" />
        <Image Top="167" Left="23" Width="128" Height="128" Source="GameIcon" />
        <Menu Align="Left" ShowIcon="False" ShowArrows="False">
            <ItemPos Top="175" Left="220" Width="200"></ItemPos>
            <ItemPos Top="215" Left="240" Width="200"></ItemPos>
            <ItemPos Top="255" Left="260" Width="200"></ItemPos>
            <ItemPos Top="295" Left="240" Width="200"></ItemPos>
            <ItemPos Top="335" Left="220" Width="200"></ItemPos>
            <Font>Lucida-12.xpr</Font>
        </Menu>
        <ColorScheme>
            <AMBIENT_FOGCOLOR>0xFF8080FF</AMBIENT_FOGCOLOR>
            <AMBIENT_SKYCOLOR>0xFF000000</AMBIENT_SKYCOLOR>
            <AMBIENT_CELLCOLOR>0xFF0080FF</AMBIENT_CELLCOLOR>
            <CAPTION_TEXTCOLOR>0xFFFFFFFF</CAPTION_TEXTCOLOR>
            <CAPTION_BACKCOLOR>0xFFFF8040</CAPTION_BACKCOLOR>
            <DIALOG_BORDERCOLOR>0xFFFF8000</DIALOG_BORDERCOLOR>
            <DIALOG_BACKCOLOR>0x3F000000</DIALOG_BACKCOLOR>
            <DIALOG_INNER_BORDERCOLOR>0xFFFF8040</DIALOG_INNER_BORDERCOLOR>
            <DIALOG_INNER_BACKCOLOR>0xFF000000</DIALOG_INNER_BACKCOLOR>
            <DIALOG_TEXTCOLOR>0xFFFFFFFF</DIALOG_TEXTCOLOR>
            <DIALOG_DISABLEDTEXT>0xFFB3B3B4</DIALOG_DISABLEDTEXT>
            <OPTION_TEXTCOLOR>0xFFFFFFFF</OPTION_TEXTCOLOR>
            <OPTION_ACTIVETEXTCOLOR>0xFFFFFFFF</OPTION_ACTIVETEXTCOLOR>
            <OPTION_ACTIVEBACKCOLOR>0xFFFF8040</OPTION_ACTIVEBACKCOLOR>
            <BUTTON_BORDERCOLOR>0xFFFFFFFF</BUTTON_BORDERCOLOR>
            <BUTTON_TEXTCOLOR>0xFFFFFFFF</BUTTON_TEXTCOLOR>
            <BUTTON_BACKCOLOR>0x4F000000</BUTTON_BACKCOLOR>
            <BUTTON_ACTIVETEXTCOLOR>0xFFFFFFFF</BUTTON_ACTIVETEXTCOLOR>
            <BUTTON_ACTIVEBACKCOLOR>0x8EFF8040</BUTTON_ACTIVEBACKCOLOR>
            <KB_KEYBG_HIGHLIGHT>0xFFFF8040</KB_KEYBG_HIGHLIGHT>
            <KB_KEYBG_DISABLED>0xFFC0C0C0</KB_KEYBG_DISABLED>
            <KB_KEY_PRESSED>0xFF008000</KB_KEY_PRESSED>
            <KB_KEY_NORMAL>0xFF000000</KB_KEY_NORMAL>
            <KB_KEY_DISABLED>0xFFFFFFFF</KB_KEY_DISABLED>
            <KB_KEY_ACTIVEBORDER>0xFF808080</KB_KEY_ACTIVEBORDER>
            <KB_KEY_TEXTCOLOR>0xFF000000</KB_KEY_TEXTCOLOR>
            <KB_KEY_TEXTBACKCOLOR>0xFFFFFFFF</KB_KEY_TEXTBACKCOLOR>
            <KB_KEY_TEXTBORDERCOLOR>0xFFFF8040</KB_KEY_TEXTBORDERCOLOR>
            <MENU_TEXTCOLOR>0xFFFFFFFF</MENU_TEXTCOLOR>
            <MENU_ACTIVETEXTCOLOR>0xFFFFFFFF</MENU_ACTIVETEXTCOLOR>
            <MENU_BORDERCOLOR>0xFFFF8040</MENU_BORDERCOLOR>
            <MENU_BACKCOLOR>0xFF000000</MENU_BACKCOLOR>
            <MENU_ACTIVEBACKCOLOR>0xFF000000</MENU_ACTIVEBACKCOLOR>
            <MENU_ACTIVEBORDERCOLOR>0xFFFF8040</MENU_ACTIVEBORDERCOLOR>
        </ColorScheme>
    </Main>
</Skin>