﻿<Skin name="UnleashX Hackedbox v1.0">
    <Information>
        <Author>§Tattoo§</Author>
        <Version>10</Version>
        <Copyright>2005</Copyright>
        <Skinner Name="UX Architect" Version="1.0c" />
    </Information>
    <IntroMovie>Intro.wmv</IntroMovie>
    <Filemanager SafeBorder="False">
        <Background>Explorer.jpg</Background>
    </Filemanager>
    <LoadingScreen ShowInfo="False">
        <Background>Loading.wmv</Background>
    </LoadingScreen>
    <Main Globe="False" Orb="False" Fog="False">
        <Background EnableAudio="False">back.wmv</Background>
        <InfoFont>Square-10.xpr</InfoFont>
        <Text Top="438" Left="33" Width="200" Scroll="0" Color="0xFFFFFF00" Source="F_FreeMB" Align="Left" />
        <Text Top="376" Left="33" Width="196" Scroll="0" Color="0xFFFFFF00" Source="CPUTempC" Align="Left" />
        <Text Top="391" Left="33" Width="200" Scroll="0" Color="0xFFFFFF00" Source="MBTempC" Align="Left" />
        <Text Top="422" Left="33" Width="200" Scroll="0" Color="0xFFFFFF00" Source="E_FreeMB" Align="Left" />
        <Text Top="406" Left="33" Width="200" Scroll="0" Color="0xFFFFFF00" Source="C_FreeMB" Align="Left" />
        <Text Top="361" Left="33" Width="191" Scroll="0" Color="0xFFFFFF00" Source="IP" Align="Left" />
        <Text Top="347" Left="33" Width="196" Scroll="0" Color="0xFFFFFF00" Source="NickName" Align="Left" />
        <Text Top="326" Left="82" Width="190" Scroll="0" Color="0xFFFFFF00" Source="$SongTime$" Align="Left" />
        <Text Top="312" Left="82" Width="191" Scroll="0" Color="0xFFFFFF00" Source="$SongName$" Align="Left" />
        <Text Top="276" Left="81" Width="200" Scroll="0" Color="0xFFFFFF00" Source="$Date$" Align="Left" />
        <Text Top="289" Left="81" Width="200" Scroll="0" Color="0xFFFFFF00" Source="$Time$" Align="Left" />
        <Text Top="243" Left="226" Width="82" Scroll="0" Color="0xFFFFFF00" Source="Tray" Align="Left" />
        <Image Top="352" Left="199" Width="101" Height="100" Source="GameIcon" />
        <Image Top="0" Left="0" Width="640" Height="480" Opacity="100">UXOver.png</Image>
        <Menu Smooth="True" Align="Left" ShowIcon="False" ShowArrows="False">
            <Position Top="126" Left="179" Width="330" Height="106" Fixed="True" FixAt="2" MaxItem="4" />
            <Font>Trebuchet-12.xpr</Font>
        </Menu>
        <ColorScheme>
            <AMBIENT_FOGCOLOR>0x00FFFFFF</AMBIENT_FOGCOLOR>
            <AMBIENT_SKYCOLOR>0x0000000F</AMBIENT_SKYCOLOR>
            <AMBIENT_CELLCOLOR>0x0000C000</AMBIENT_CELLCOLOR>
            <CAPTION_TEXTCOLOR>0xC8FFFF00</CAPTION_TEXTCOLOR>
            <CAPTION_BACKCOLOR>0x64008000</CAPTION_BACKCOLOR>
            <DIALOG_BORDERCOLOR>0xFF004000</DIALOG_BORDERCOLOR>
            <DIALOG_BACKCOLOR>0x64008000</DIALOG_BACKCOLOR>
            <DIALOG_INNER_BORDERCOLOR>0xC8000000</DIALOG_INNER_BORDERCOLOR>
            <DIALOG_INNER_BACKCOLOR>0x5A808080</DIALOG_INNER_BACKCOLOR>
            <DIALOG_TEXTCOLOR>0xFFFFFFFF</DIALOG_TEXTCOLOR>
            <DIALOG_DISABLEDTEXT>0xFFB3B3B4</DIALOG_DISABLEDTEXT>
            <OPTION_TEXTCOLOR>0xFFFFFFFF</OPTION_TEXTCOLOR>
            <OPTION_ACTIVETEXTCOLOR>0xFFFFFF00</OPTION_ACTIVETEXTCOLOR>
            <OPTION_ACTIVEBACKCOLOR>0x5000FF00</OPTION_ACTIVEBACKCOLOR>
            <BUTTON_BORDERCOLOR>0xC8000000</BUTTON_BORDERCOLOR>
            <BUTTON_TEXTCOLOR>0xFFFFFF00</BUTTON_TEXTCOLOR>
            <BUTTON_BACKCOLOR>0xFF008000</BUTTON_BACKCOLOR>
            <BUTTON_ACTIVETEXTCOLOR>0xFFFFFF00</BUTTON_ACTIVETEXTCOLOR>
            <BUTTON_ACTIVEBACKCOLOR>0xFF008000</BUTTON_ACTIVEBACKCOLOR>
            <KB_KEYBG_HIGHLIGHT>0x96008000</KB_KEYBG_HIGHLIGHT>
            <KB_KEYBG_DISABLED>0x14C0C0C0</KB_KEYBG_DISABLED>
            <KB_KEY_PRESSED>0xFF008000</KB_KEY_PRESSED>
            <KB_KEY_NORMAL>0xFF000000</KB_KEY_NORMAL>
            <KB_KEY_DISABLED>0xC8C0C0C0</KB_KEY_DISABLED>
            <KB_KEY_ACTIVEBORDER>0xFF00FF00</KB_KEY_ACTIVEBORDER>
            <KB_KEY_TEXTCOLOR>0xFF004000</KB_KEY_TEXTCOLOR>
            <KB_KEY_TEXTBACKCOLOR>0x64FFFF80</KB_KEY_TEXTBACKCOLOR>
            <KB_KEY_TEXTBORDERCOLOR>0x78008000</KB_KEY_TEXTBORDERCOLOR>
            <MENU_TEXTCOLOR>0xFFFFFFFF</MENU_TEXTCOLOR>
            <MENU_ACTIVETEXTCOLOR>0xFFFFFF00</MENU_ACTIVETEXTCOLOR>
            <MENU_ACTIVEBORDERCOLOR>0x7DFFFFFF</MENU_ACTIVEBORDERCOLOR>
        </ColorScheme>
    </Main>
</Skin>