﻿<Skin name="Starbucks">
    <Information>
        <Author>YuYu</Author>
        <Version>1</Version>
        <Copyright>2004</Copyright>
        <Skinner Name="UX Architect" Version="1.0c" />
    </Information>
    <IntroMovie>intro.wmv</IntroMovie>
    <LoadingScreen ShowInfo="True">
        <Background>starbucks.jpg</Background>
    </LoadingScreen>
    <Main Globe="False" Orb="False" Fog="False">
        <Background EnableAudio="False">Starbucks.png</Background>
        <InfoFont>Square-10.xpr</InfoFont>
        <Text Top="385" Left="223" Width="200" Scroll="0" Color="0xFF400000" Source="NewsSource" Align="Middle" />
        <Text Top="410" Left="119" Width="404" Scroll="0" Color="0xFF400000" Source="Newsfeed" Align="Middle" />
        <Text Top="5" Left="434" Width="200" Scroll="0" Color="0xFF804000" Source="DateTime" Align="Right" />
        <Text Top="25" Left="438" Width="200" Scroll="0" Color="0xFF804000" Source="NickName" Align="Right" />
        <Text Top="129" Left="416" Width="200" Scroll="0" Color="0xFF804000" Source="SongName" Align="Middle" />
        <Text Top="108" Left="416" Width="200" Scroll="0" Color="0xFF804000" Source="SoundTrack" Align="Middle" />
        <Text Top="294" Left="431" Width="200" Scroll="0" Color="0xFF804000" Source="CPUTemp" Align="Right" />
        <Text Top="322" Left="430" Width="200" Scroll="0" Color="0xFF804000" Source="MBTemp" Align="Right" />
        <Text Top="309" Left="402" Width="200" Scroll="0" Color="0xFF804000" Source="F_FreeMB" Align="Left" />
        <Text Top="281" Left="402" Width="200" Scroll="0" Color="0xFF804000" Source="C_FreeMB" Align="Left" />
        <Image Source="GamePreview" />
        <Menu Scroll="True" Smooth="True" Align="Right" ShowIcon="True" ShowArrows="False">
            <Preview EnableAudio="False" Top="151" Left="403" Width="229" Height="122" />
            <Position Top="67" Left="31" Width="209" Height="299" Fixed="False" FixAt="2" MaxItem="4" />
            <Font>Trebuchet-10.xpr</Font>
        </Menu>
        <ColorScheme>
            <AMBIENT_FOGCOLOR>0xFFFF0000</AMBIENT_FOGCOLOR>
            <AMBIENT_SKYCOLOR>0xFF400000</AMBIENT_SKYCOLOR>
            <AMBIENT_CELLCOLOR>0xFFFFFFFF</AMBIENT_CELLCOLOR>
            <CAPTION_TEXTCOLOR>0xFFFFFFFF</CAPTION_TEXTCOLOR>
            <CAPTION_BACKCOLOR>0xFF000000</CAPTION_BACKCOLOR>
            <DIALOG_BORDERCOLOR>0xFFFFFFFF</DIALOG_BORDERCOLOR>
            <DIALOG_BACKCOLOR>0xD1804000</DIALOG_BACKCOLOR>
            <DIALOG_INNER_BORDERCOLOR>0xFFFFFFFF</DIALOG_INNER_BORDERCOLOR>
            <DIALOG_INNER_BACKCOLOR>0xFF000000</DIALOG_INNER_BACKCOLOR>
            <DIALOG_TEXTCOLOR>0xFFFFFFFF</DIALOG_TEXTCOLOR>
            <DIALOG_DISABLEDTEXT>0xFFB3B3B4</DIALOG_DISABLEDTEXT>
            <OPTION_TEXTCOLOR>0xFFFFFFFF</OPTION_TEXTCOLOR>
            <OPTION_ACTIVETEXTCOLOR>0xFFFFFFFF</OPTION_ACTIVETEXTCOLOR>
            <OPTION_ACTIVEBACKCOLOR>0xFF804040</OPTION_ACTIVEBACKCOLOR>
            <BUTTON_BORDERCOLOR>0xFFFFFFFF</BUTTON_BORDERCOLOR>
            <BUTTON_TEXTCOLOR>0xFFFFFFFF</BUTTON_TEXTCOLOR>
            <BUTTON_BACKCOLOR>0xFF400000</BUTTON_BACKCOLOR>
            <BUTTON_ACTIVETEXTCOLOR>0xFFFFFFFF</BUTTON_ACTIVETEXTCOLOR>
            <BUTTON_ACTIVEBACKCOLOR>0xFF800000</BUTTON_ACTIVEBACKCOLOR>
            <KB_KEYBG_HIGHLIGHT>0xFF800000</KB_KEYBG_HIGHLIGHT>
            <KB_KEYBG_DISABLED>0xFFC0C0C0</KB_KEYBG_DISABLED>
            <KB_KEY_PRESSED>0xFF008000</KB_KEY_PRESSED>
            <KB_KEY_NORMAL>0xFF000000</KB_KEY_NORMAL>
            <KB_KEY_DISABLED>0xFFFFFFFF</KB_KEY_DISABLED>
            <KB_KEY_ACTIVEBORDER>0xFFFFFFFF</KB_KEY_ACTIVEBORDER>
            <KB_KEY_TEXTCOLOR>0xFF000000</KB_KEY_TEXTCOLOR>
            <KB_KEY_TEXTBACKCOLOR>0xFFFFFFFF</KB_KEY_TEXTBACKCOLOR>
            <KB_KEY_TEXTBORDERCOLOR>0xFFFFFFFF</KB_KEY_TEXTBORDERCOLOR>
            <MENU_TEXTCOLOR>0x96FFFFFF</MENU_TEXTCOLOR>
            <MENU_ACTIVETEXTCOLOR>0xFFFFFFFF</MENU_ACTIVETEXTCOLOR>
            <MENU_BORDERCOLOR>0xFFFFFFFF</MENU_BORDERCOLOR>
            <MENU_BACKCOLOR>0xBD804000</MENU_BACKCOLOR>
        </ColorScheme>
    </Main>
</Skin>