<Skin name="Billy-X Only2">
	<Information>
		<Author>Billy-X</Author>
		<Copyright>Copyright 2003</Copyright>
		<Version>2.0</Version>
	</Information>
	<IntroMovie>avex.xmv</IntroMovie>
	<Main Globe="True" Orb="False">
		<BackGround EnableAudio="True">BoA.png</BackGround>
		<Cellwall>Cell.png</Cellwall>
		<Orb>orb.png</Orb>
		<Icon>orb.png</Icon>
		<Image Left="640" Top="480" Width="640" Height="480"></Image>
		<GameIcon Enable="False" Opacity="0">
			<Position Top="47" Left="56" Width="215" Height="215" />
		</GameIcon>
		<InfoFont>Tahoma-10.xpr</InfoFont>
		<Menu Smooth="False" Align="middle" ShowArrows="False" ShowIcon="False" Rotate="False">
		<Position Top="293" Left="65" Width="270" Height="172" Fixed="False" FixAt="1" MaxItem="8"></Position>
		<Preview EnableAudio="False" Left="27" Top="30" Width="310" Height="250" />
		<Font>Trebuchet-14.xpr</Font>
		</Menu>
		<Text Left="605" Top="240" Align="Right" Source="-=-=-=-=-=-=-=-=-=-=-"></Text>
		<Text Left="605" Top="255" Align="Right" Source="[:: BoA* Installer v2.0 ::]"></Text>
		<Text Left="605" Top="270" Align="Right" Source="-=-=-=-=-=-=-=-=-=-=-"></Text>
		<Text Left="600" Top="285" Align="Right" Source="$DateTime$"></Text>
		<Text Left="600" Top="300" Align="Right" Source="My XBOX ID - $NickName$"></Text>
		<Text Left="600" Top="315" Align="Right" Source="IP -=- $IP$"></Text>
		<Text Left="600" Top="330" Align="Right" Source="CPU Temp @ $CPUTemp$"></Text>
		<Text Left="600" Top="345" Align="Right" Source="MB Temp @ $MBTemp$"></Text>

		<Text Left="600" Top="385" Align="Right" Source="C:\ $C_FreeMB$ Free"></Text>
		<Text Left="600" Top="400" Align="Right" Source="E:\ $E_FreeMB$ Free"></Text>
		<Text Left="600" Top="415" Align="Right" Source="F:\ $F_FreeMB$ Free"></Text>
		<Text Left="600" Top="430" Align="Right" Source="G:\ $G_FreeMB$ Free"></Text>
		<Text Left="600" Top="447" Align="Right" Source="[ www.Xitizen-X.com ]"></Text>
	<Image Source="GamePreview" />
	</Main>
	<LoadingScreen ShowInfo="False">
		<BackGround>Loading.xmv</BackGround>

	</LoadingScreen>
	<FileManager>
		<BackGround>file.jpg</BackGround>
	</FileManager>
	
	<ColorScheme>
            <AMBIENT_FOGCOLOR>0x64C0C0C0</AMBIENT_FOGCOLOR>
            <AMBIENT_SKYCOLOR>0xFF400000</AMBIENT_SKYCOLOR>
            <AMBIENT_CELLCOLOR>0xFFFFFFFF</AMBIENT_CELLCOLOR>
            <CAPTION_TEXTCOLOR>0xFFFFFFFF</CAPTION_TEXTCOLOR>
            <CAPTION_BACKCOLOR>0xFF000000</CAPTION_BACKCOLOR>
            <DIALOG_BORDERCOLOR>0xFFFFFFFF</DIALOG_BORDERCOLOR>
            <DIALOG_BACKCOLOR>0xD1800000</DIALOG_BACKCOLOR>
            <DIALOG_INNER_BORDERCOLOR>0xFFFFFFFF</DIALOG_INNER_BORDERCOLOR>
            <DIALOG_INNER_BACKCOLOR>0xFF400000</DIALOG_INNER_BACKCOLOR>
            <DIALOG_TEXTCOLOR>0xFFFFFFFF</DIALOG_TEXTCOLOR>
            <DIALOG_DISABLEDTEXT>0xFFB3B3B4</DIALOG_DISABLEDTEXT>
            <OPTION_TEXTCOLOR>0xFFFFFFFF</OPTION_TEXTCOLOR>
            <OPTION_ACTIVETEXTCOLOR>0xFFFFFFFF</OPTION_ACTIVETEXTCOLOR>
            <OPTION_ACTIVEBACKCOLOR>0xC8800000</OPTION_ACTIVEBACKCOLOR>
            <BUTTON_BORDERCOLOR>0xFFFFFFFF</BUTTON_BORDERCOLOR>
            <BUTTON_TEXTCOLOR>0xFFFFFFFF</BUTTON_TEXTCOLOR>
            <BUTTON_BACKCOLOR>0xFF400000</BUTTON_BACKCOLOR>
            <BUTTON_ACTIVETEXTCOLOR>0xFFFFFFFF</BUTTON_ACTIVETEXTCOLOR>
            <BUTTON_ACTIVEBACKCOLOR>0xFF800000</BUTTON_ACTIVEBACKCOLOR>
            <KB_KEYBG_HIGHLIGHT>0xFF800000</KB_KEYBG_HIGHLIGHT>
            <KB_KEYBG_DISABLED>0xFFC0C0C0</KB_KEYBG_DISABLED>
            <KB_KEY_PRESSED>0xFF800000</KB_KEY_PRESSED>
            <KB_KEY_NORMAL>0xFF000000</KB_KEY_NORMAL>
            <KB_KEY_DISABLED>0xFFFFFFFF</KB_KEY_DISABLED>
            <KB_KEY_ACTIVEBORDER>0xFFFFFFFF</KB_KEY_ACTIVEBORDER>
            <KB_KEY_TEXTCOLOR>0xFF000000</KB_KEY_TEXTCOLOR>
            <KB_KEY_TEXTBACKCOLOR>0xFFFFFFFF</KB_KEY_TEXTBACKCOLOR>
            <KB_KEY_TEXTBORDERCOLOR>0xFFFFFFFF</KB_KEY_TEXTBORDERCOLOR>
            <MENU_TEXTCOLOR>0x96FFFFFF</MENU_TEXTCOLOR>
            <MENU_ACTIVETEXTCOLOR>0xFFFFFFFF</MENU_ACTIVETEXTCOLOR>
            <MENU_ACTIVEBACKCOLOR>0xFF800000</MENU_ACTIVEBACKCOLOR>
            <MENU_ACTIVEBORDERCOLOR>0xFFFFFFFF</MENU_ACTIVEBORDERCOLOR>
        </ColorScheme>
</Skin>