﻿<Skin name="Smoot-Box">
    <Information>
        <Author>SHaGO</Author>
        <Version>1</Version>
        <Copyright>2010</Copyright>
        <Skinner Name="UX Architect" Version="1.0c" />
    </Information>
    <IntroMovie>temp1.wmv</IntroMovie>
    <LoadingScreen ShowInfo="False">
        <Background>temp1.wmv</Background>
    </LoadingScreen>
    <Main Globe="False" Orb="False" Fog="False">
        <Background EnableAudio="False">Diapositiva2.PNG</Background>
        <InfoFont>Square-10.xpr</InfoFont>
        <Text Top="227" Left="373" Width="127" Scroll="1" Color="0xFFFFFFFF" Source="****Tray******" Align="Left" />
        <Text Top="209" Left="373" Width="128" Scroll="1" Color="0xFFFFFFFF" Source="*itl**e**DV**DT*" Align="Left" />
        <Text Top="151" Left="373" Width="200" Scroll="1" Color="0xFFFFFFFF" Source="gName**Son" Align="Left" />
        <Text Top="15" Left="59" Width="301" Scroll="0" Color="0xFFFFFFFF" Source="NickName" Align="Left" />
        <Text Top="15" Left="410" Width="220" Scroll="0" Color="0xFFFFFFFF" Source="DateTime" Align="Left" />
        <Text Top="335" Left="385" Width="200" Scroll="0" Color="0xFFFF0000" Source="CPUTemp" Align="Left" />
        <Text Top="352" Left="385" Width="200" Scroll="0" Color="0xFFFF0000" Source="C_FreeMB" Align="Left" />
        <Text Top="368" Left="385" Width="200" Scroll="0" Color="0xFFFF0000" Source="E_FreeMB" Align="Left" />
        <Text Top="385" Left="384" Width="200" Scroll="0" Color="0xFFFF0000" Source="F_FreeMB" Align="Left" />
        <Text Top="402" Left="383" Width="200" Scroll="0" Color="0xFFFF0000" Source="G_FreeMB" Align="Left" />
        <Text Top="434" Left="383" Width="200" Scroll="0" Color="0xFFFF0000" Source="FanSpeed" Align="Left" />
        <Text Top="418" Left="382" Width="200" Scroll="0" Color="0xFFFF0000" Source="IP" Align="Left" />
        <Image Top="186" Left="528" Width="93" Height="84" Source="GameIcon" />
        <Image Top="52" Left="458" Width="137" Height="56" Opacity="100">smooth-box.png</Image>
        <Image Source="GamePreview" />
        <Menu Smooth="True" Align="Left" ShowIcon="True" ShowArrows="False">
            <Preview EnableAudio="True" Top="108" Left="47" Width="290" Height="180" />
            <Position Top="330" Left="48" Width="296" Height="140" Fixed="True" FixAt="2" MaxItem="4" />
            <Font>Lucida-10.xpr</Font>
        </Menu>
        <ColorScheme>
            <AMBIENT_FOGCOLOR>0xFFFF0000</AMBIENT_FOGCOLOR>
            <AMBIENT_SKYCOLOR>0xFF000000</AMBIENT_SKYCOLOR>
            <AMBIENT_CELLCOLOR>0xFF008000</AMBIENT_CELLCOLOR>
            <CAPTION_TEXTCOLOR>0xFFFFFFFF</CAPTION_TEXTCOLOR>
            <CAPTION_BACKCOLOR>0x00800080</CAPTION_BACKCOLOR>
            <DIALOG_BORDERCOLOR>0xFF0000FF</DIALOG_BORDERCOLOR>
            <DIALOG_BACKCOLOR>0xFF000000</DIALOG_BACKCOLOR>
            <DIALOG_INNER_BORDERCOLOR>0xFFFFFFFF</DIALOG_INNER_BORDERCOLOR>
            <DIALOG_INNER_BACKCOLOR>0xFFFFFFFF</DIALOG_INNER_BACKCOLOR>
            <DIALOG_TEXTCOLOR>0xFF000000</DIALOG_TEXTCOLOR>
            <DIALOG_DISABLEDTEXT>0xFFB3B3B4</DIALOG_DISABLEDTEXT>
            <OPTION_TEXTCOLOR>0xFF0000FF</OPTION_TEXTCOLOR>
            <OPTION_ACTIVETEXTCOLOR>0xFF000000</OPTION_ACTIVETEXTCOLOR>
            <OPTION_ACTIVEBACKCOLOR>0x00800080</OPTION_ACTIVEBACKCOLOR>
            <BUTTON_BORDERCOLOR>0x00FFFFFF</BUTTON_BORDERCOLOR>
            <BUTTON_TEXTCOLOR>0xFF000000</BUTTON_TEXTCOLOR>
            <BUTTON_BACKCOLOR>0xFFC0C0C0</BUTTON_BACKCOLOR>
            <BUTTON_ACTIVETEXTCOLOR>0xFF000000</BUTTON_ACTIVETEXTCOLOR>
            <BUTTON_ACTIVEBACKCOLOR>0xFF0000FF</BUTTON_ACTIVEBACKCOLOR>
            <KB_KEYBG_HIGHLIGHT>0xFF0000FF</KB_KEYBG_HIGHLIGHT>
            <KB_KEYBG_DISABLED>0xFFFF0000</KB_KEYBG_DISABLED>
            <KB_KEY_PRESSED>0xFF000000</KB_KEY_PRESSED>
            <KB_KEY_NORMAL>0xFFFFFFFF</KB_KEY_NORMAL>
            <KB_KEY_DISABLED>0xFFFFFFFF</KB_KEY_DISABLED>
            <KB_KEY_ACTIVEBORDER>0xFF0000FF</KB_KEY_ACTIVEBORDER>
            <KB_KEY_TEXTCOLOR>0xFF000000</KB_KEY_TEXTCOLOR>
            <KB_KEY_TEXTBACKCOLOR>0xFFFFFFFF</KB_KEY_TEXTBACKCOLOR>
            <KB_KEY_TEXTBORDERCOLOR>0xFFFFFFFF</KB_KEY_TEXTBORDERCOLOR>
            <MENU_TEXTCOLOR>0xFF808080</MENU_TEXTCOLOR>
            <MENU_ACTIVETEXTCOLOR>0xFFFFFFFF</MENU_ACTIVETEXTCOLOR>
        </ColorScheme>
    </Main>
</Skin>