﻿<Skin name="HIM RED 3">
    <Information>
        <Author>Owizardo</Author>
        <Version>2</Version>
        <Copyright>2004</Copyright>
        <Skinner Name="UX Architect" Version="1.0c" />
    </Information>
    <Filemanager SafeBorder="False">
        <Background>him_wallpaper01.jpg</Background>
    </Filemanager>
    <Main Orb="False">
        <InfoFont>Square-10.xpr</InfoFont>
        <Text Top="328" Left="0" Width="200" Scroll="0" Color="0xFFC10000" Source="FanSpeed" Align="Left" />
        <Text Top="294" Left="0" Width="200" Scroll="0" Color="0xFFCE0000" Source="MBTempF" Align="Left" />
        <Text Top="271" Left="0" Width="200" Scroll="0" Color="0xFFCE0000" Source="CPUTempF" Align="Left" />
        <Text Top="223" Left="0" Width="200" Scroll="0" Color="0xFFCE0000" Source="CPUTempC" Align="Left" />
        <Text Top="247" Left="0" Width="200" Scroll="0" Color="0xFFCE0000" Source="MBTempC" Align="Left" />
        <Text Top="268" Left="499" Width="200" Scroll="0" Color="0xFFCE0000" Source="G_Total" Align="Left" />
        <Text Top="292" Left="499" Width="200" Scroll="0" Color="0xFFC10000" Source="G_FreeMB" Align="Left" />
        <Text Top="213" Left="499" Width="200" Scroll="0" Color="0xFFCE0000" Source="F_Free" Align="Left" />
        <Text Top="237" Left="499" Width="200" Scroll="0" Color="0xFFC10000" Source="F_FreeMB" Align="Left" />
        <Text Top="160" Left="498" Width="200" Scroll="0" Color="0xFFCE0000" Source="E_Total" Align="Left" />
        <Text Top="129" Left="496" Width="200" Scroll="0" Color="0xFFC10000" Source="C_FreeMB" Align="Left" />
        <Text Top="104" Left="495" Width="200" Scroll="0" Color="0xFFCE0000" Source="C_Total" Align="Left" />
        <Text Top="121" Left="-33" Width="200" Scroll="0" Color="0xFFC10000" Source="Date" Align="Left" />
        <Text Top="99" Left="-33" Width="200" Scroll="0" Color="0xFFC10000" Source="Time" Align="Left" />
        <Text Top="183" Left="498" Width="200" Scroll="0" Color="0xFFC10000" Source="E_FreeMB" Align="Left" />
        <Text Top="175" Left="-1" Width="200" Scroll="0" Color="0xFFC10000" Source="CPUTemp" Align="Left" />
        <Text Top="199" Left="-1" Width="200" Scroll="0" Color="0xFFC10000" Source="MBTemp" Align="Left" />
        <Text Top="41" Left="217" Width="159" Scroll="2" Color="0xFFC10000" Source="SongName" Align="Left" />
        <Text Top="40" Left="-1" Width="87" Scroll="0" Color="0xFFC10000" Source="Tray" Align="Left" />
        <Text Top="42" Left="519" Width="121" Scroll="0" Color="0xFFC10000" Source="IP" Align="Left" />
        <Text Top="410" Left="46" Width="200" Scroll="0" Color="0xFFFFFFFF" Source="Newsfeed" Align="Left" />
        <Text Top="409" Left="437" Width="200" Scroll="0" Color="0xFFFFFFFF" Source="NewsSource" Align="Left" />
        <Text Top="28" Left="271" Width="112" Scroll="0" Color="0xFFC10000" Source="SongTime" Align="Left" />
        <Image Top="5" Left="-41" Width="681" Height="470" Opacity="100">Main Menu 2.png</Image>
        <Image Top="96" Left="166" Width="264" Height="251" Source="GameIcon" />
        <Image Top="5" Left="-41" Width="681" Height="470" Opacity="100">Main Menu front.png</Image>
        <Image Source="GamePreview" />
        <Menu Align="Middle" ShowIcon="False" ShowArrows="False">
            <Preview EnableAudio="True" Top="98" Left="168" Width="270" Height="247" />
            <Position Top="402" Left="166" Width="263" Height="60" Fixed="True" FixAt="2" MaxItem="4" />
            <Font>39Smooth-10.xpr</Font>
        </Menu>
        <ColorScheme>
            <AMBIENT_FOGCOLOR>0xFFB70000</AMBIENT_FOGCOLOR>
            <AMBIENT_SKYCOLOR>0xFF00000F</AMBIENT_SKYCOLOR>
            <AMBIENT_CELLCOLOR>0x78FF0000</AMBIENT_CELLCOLOR>
            <CAPTION_TEXTCOLOR>0xFFFFFFFF</CAPTION_TEXTCOLOR>
            <CAPTION_BACKCOLOR>0xFF000000</CAPTION_BACKCOLOR>
            <DIALOG_BORDERCOLOR>0xFF000000</DIALOG_BORDERCOLOR>
            <DIALOG_BACKCOLOR>0xA2FF0000</DIALOG_BACKCOLOR>
            <DIALOG_INNER_BORDERCOLOR>0xFF000000</DIALOG_INNER_BORDERCOLOR>
            <DIALOG_INNER_BACKCOLOR>0xFF000000</DIALOG_INNER_BACKCOLOR>
            <DIALOG_TEXTCOLOR>0xFFFFFFFF</DIALOG_TEXTCOLOR>
            <DIALOG_DISABLEDTEXT>0xFFB3B3B4</DIALOG_DISABLEDTEXT>
            <OPTION_TEXTCOLOR>0xFFFFFFFF</OPTION_TEXTCOLOR>
            <OPTION_ACTIVETEXTCOLOR>0xFFFFFFFF</OPTION_ACTIVETEXTCOLOR>
            <OPTION_ACTIVEBACKCOLOR>0xFFFF0000</OPTION_ACTIVEBACKCOLOR>
            <BUTTON_BORDERCOLOR>0xFF000000</BUTTON_BORDERCOLOR>
            <BUTTON_TEXTCOLOR>0xFFC0C0C0</BUTTON_TEXTCOLOR>
            <BUTTON_BACKCOLOR>0xFFAE0000</BUTTON_BACKCOLOR>
            <BUTTON_ACTIVETEXTCOLOR>0xFFFFFFFF</BUTTON_ACTIVETEXTCOLOR>
            <BUTTON_ACTIVEBACKCOLOR>0xFFFF0000</BUTTON_ACTIVEBACKCOLOR>
            <KB_KEYBG_HIGHLIGHT>0xFFFF0000</KB_KEYBG_HIGHLIGHT>
            <KB_KEYBG_DISABLED>0x78C0C0C0</KB_KEYBG_DISABLED>
            <KB_KEY_PRESSED>0xFF008000</KB_KEY_PRESSED>
            <KB_KEY_NORMAL>0xFF000000</KB_KEY_NORMAL>
            <KB_KEY_DISABLED>0xFF808080</KB_KEY_DISABLED>
            <KB_KEY_ACTIVEBORDER>0xFFFF0000</KB_KEY_ACTIVEBORDER>
            <KB_KEY_TEXTCOLOR>0xFF000000</KB_KEY_TEXTCOLOR>
            <KB_KEY_TEXTBACKCOLOR>0xFFFFFFFF</KB_KEY_TEXTBACKCOLOR>
            <KB_KEY_TEXTBORDERCOLOR>0x78FFFFFF</KB_KEY_TEXTBORDERCOLOR>
            <MENU_TEXTCOLOR>0xFFAA0000</MENU_TEXTCOLOR>
            <MENU_ACTIVETEXTCOLOR>0xFFFF0000</MENU_ACTIVETEXTCOLOR>
        </ColorScheme>
    </Main>
</Skin>