<Skin name="blueAssasin">
	<Information>
		<Author>Sketch</Author>
		<Copyright>Copyright 2003</Copyright>
		<Version>1.0</Version>
	</Information>
	<IntroMovie></IntroMovie>
	<Main Globe="True" Orb="False">
		<BackGround enableaudio="true">bg.png</BackGround>
		<Menu Smooth="True" Align="Middle" Rotate="False" ShowIcon="True">
		<Position Top="340" Left="65" Width="545" Height="120" Fixed="False" FixAt="1" MaxItem="4" />
		<Preview EnableAudio="True" Left="65" Top="100" Width="202" Height="150" />
		</Menu>
		<Text Left="52" Top="298" Align="Left" Color="0xFFFFFFFF" Source="$Time$"></Text>
		<Text Left="208" Top="298" Align="Left" Color="0xFFFFFFFF" Source="$Date$"></Text>
		<Text Left="388" Top="298" Align="Left" Color="0xFFFFFFFF" Source="$IP$"></Text>
		<Text Left="55" Top="30" align="Left" color="0xFFFFFFFF" Source="NewsFeed"></Text>
		<Text Left="330" Top="182" align="Left" color="0xFFFFFFFF" Source="CPUTemp"></Text>
		<Text Left="330" Top="202" align="Left" color="0xFFFFFFFF" Source="MBTemp"></Text>
		<Text Left="330" Top="142" align="Left" color="0xFFFFFFFF" Source="SongName"></Text>
		<Text Left="330" Top="122" Align="Left" Color="0xFFFFFFFF" Source="SoundTrack"></Text>
		<Text Left="330" Top="242" Align="Left" Color="0xFFFFFFFF" Source="C_FreeMB"></Text>
		<Text Left="330" Top="262" Align="Left" Color="0xFFFFFFFF" Source="F_FreeMB"></Text>
		<Image Top="100" Left="64" Width="202" Height="150" source="GameIcon"/>
		<Image source="GamePreview" />
		<Image Opacity="100" Top="90" Left="50" Width="226" Height="170">tvframe.png</Image>
	</Main>
	<LoadingScreen ShowInfo="True">
		<BackGround>C:\xodash\media\live.xmv</BackGround>
	</LoadingScreen>
	<FileManager>
		<BackGround>FMBG.png</BackGround>
	</FileManager>
	<ColorScheme >
		<MENU_TEXTCOLOR>0xFF9B9A9A</MENU_TEXTCOLOR>
		<MENU_ACTIVETEXTCOLOR>0xFFFFFFFF</MENU_ACTIVETEXTCOLOR>
		<MENU_BACKCOLOR></MENU_BACKCOLOR>
		<MENU_ACTIVEBACKCOLOR></MENU_ACTIVEBACKCOLOR>
	</ColorScheme>
</Skin>