﻿<Skin name="NightShift">
    <Information>
        <Author>RocafellaSqualie</Author>
        <Version>1</Version>
        <Copyright>2004</Copyright>
        <Skinner Name="UX Architect" Version="1.0" />
    </Information>
    <LoadingScreen ShowInfo="True">
        <Background>Loading.png</Background>
    </LoadingScreen>
    <Main Globe="False" Orb="False" Fog="False">
        <Background EnableAudio="False">Background.png</Background>
        <InfoFont>Square-10.xpr</InfoFont>
        <Text Top="411" Left="551" Width="104" Scroll="0" Color="0xFFFFFFFF" Source="NewsSource" />
        <Text Top="47" Left="586" Width="73" Scroll="0" Color="0xFFFFFFFF" Source="SongTime" />
        <Text Top="40" Left="25" Width="350" Scroll="0" Color="0xFFFFFFFF" Source="DateTime" Align="Left" />
        <Text Top="445" Left="406" Width="229" Scroll="2" Color="0xFFFFFFFF" Source="Newsfeed" Align="Right" />
        <Text Top="12" Left="404" Width="229" Scroll="2" Color="0xFFFFFFFF" Source="SongName" Align="Right" />
        <Text Top="63" Left="25" Width="200" Scroll="0" Color="0xFFFFFFFF" Source="IP" Align="Left" />
        <Text Top="79" Left="25" Width="200" Scroll="0" Color="0xFFFFFFFF" Source="C_FreeMB" Align="Left" />
        <Text Top="96" Left="25" Width="200" Scroll="0" Color="0xFFFFFFFF" Source="E_FreeMB" Align="Left" />
        <Text Top="114" Left="25" Width="200" Scroll="0" Color="0xFFFFFFFF" Source="F_FreeMB" Align="Left" />
        <Text Top="131" Left="25" Width="200" Scroll="0" Color="0xFFFFFFFF" Source="CPUTemp" Align="Left" />
        <Text Top="148" Left="25" Width="200" Scroll="0" Color="0xFFFFFFFF" Source="MBTemp" Align="Left" />
        <Text Top="165" Left="25" Width="200" Scroll="0" Color="0xFFFFFFFF" Source="FanSpeed" Align="Left" />
        <Text Top="182" Left="25" Width="200" Scroll="0" Color="0xFFFFFFFF" Source="Tray" Align="Left" />
        <Text Top="25" Left="25" Width="200" Scroll="0" Color="0xFFFFFFFF" Source="NickName" Align="Left" />
        <Image Source="GamePreview" />
        <Image Top="92" Left="446" Width="131" Height="127" Source="GameIcon" />
        <Menu Align="Left" ShowIcon="False" ShowArrows="False">
            <Preview EnableAudio="False" Top="254" Left="405" Width="211" Height="121" />
            <ItemPos Top="235" Left="25" Width="325"></ItemPos>
            <ItemPos Top="260" Left="25" Width="325"></ItemPos>
            <ItemPos Top="285" Left="25" Width="325"></ItemPos>
            <ItemPos Top="310" Left="25" Width="325"></ItemPos>
            <ItemPos Top="335" Left="25" Width="325"></ItemPos>
            <ItemPos Top="360" Left="25" Width="325"></ItemPos>
            <ItemPos Top="385" Left="25" Width="325"></ItemPos>
            <ItemPos Top="410" Left="25" Width="325"></ItemPos>
            <ItemPos Top="435" Left="25" Width="325"></ItemPos>
            <Font>Square-10.xpr</Font>
        </Menu>
        <ColorScheme>
            <AMBIENT_FOGCOLOR>0x78000080</AMBIENT_FOGCOLOR>
            <AMBIENT_SKYCOLOR>0xFF00000F</AMBIENT_SKYCOLOR>
            <AMBIENT_CELLCOLOR>0x78FFFFFF</AMBIENT_CELLCOLOR>
            <CAPTION_TEXTCOLOR>0xFFFFFFFF</CAPTION_TEXTCOLOR>
            <CAPTION_BACKCOLOR>0xFF000000</CAPTION_BACKCOLOR>
            <DIALOG_BORDERCOLOR>0xFFFFFFFF</DIALOG_BORDERCOLOR>
            <DIALOG_BACKCOLOR>0xFF000000</DIALOG_BACKCOLOR>
            <DIALOG_INNER_BORDERCOLOR>0xFFFFFFFF</DIALOG_INNER_BORDERCOLOR>
            <DIALOG_INNER_BACKCOLOR>0xFF000000</DIALOG_INNER_BACKCOLOR>
            <DIALOG_TEXTCOLOR>0xFFFFFFFF</DIALOG_TEXTCOLOR>
            <DIALOG_DISABLEDTEXT>0xFF000000</DIALOG_DISABLEDTEXT>
            <OPTION_TEXTCOLOR>0xFFFFFFFF</OPTION_TEXTCOLOR>
            <OPTION_ACTIVETEXTCOLOR>0xFFFFFFFF</OPTION_ACTIVETEXTCOLOR>
            <OPTION_ACTIVEBACKCOLOR>0xFF000000</OPTION_ACTIVEBACKCOLOR>
            <BUTTON_BORDERCOLOR>0xFFFFFFFF</BUTTON_BORDERCOLOR>
            <BUTTON_TEXTCOLOR>0xFFC0C0C0</BUTTON_TEXTCOLOR>
            <BUTTON_BACKCOLOR>0xFF000000</BUTTON_BACKCOLOR>
            <BUTTON_ACTIVETEXTCOLOR>0xFFFFFFFF</BUTTON_ACTIVETEXTCOLOR>
            <BUTTON_ACTIVEBACKCOLOR>0xFFC0C0C0</BUTTON_ACTIVEBACKCOLOR>
            <KB_KEYBG_HIGHLIGHT>0xFF000000</KB_KEYBG_HIGHLIGHT>
            <KB_KEYBG_DISABLED>0x78C0C0C0</KB_KEYBG_DISABLED>
            <KB_KEY_PRESSED>0xFF000000</KB_KEY_PRESSED>
            <KB_KEY_NORMAL>0xFF000000</KB_KEY_NORMAL>
            <KB_KEY_DISABLED>0xFF000000</KB_KEY_DISABLED>
            <KB_KEY_ACTIVEBORDER>0xFFFFFFFF</KB_KEY_ACTIVEBORDER>
            <KB_KEY_TEXTCOLOR>0xFFFFFFFF</KB_KEY_TEXTCOLOR>
            <KB_KEY_TEXTBACKCOLOR>0xFF000000</KB_KEY_TEXTBACKCOLOR>
            <KB_KEY_TEXTBORDERCOLOR>0x78FFFFFF</KB_KEY_TEXTBORDERCOLOR>
            <MENU_TEXTCOLOR>0xFFFFFFFF</MENU_TEXTCOLOR>
            <MENU_ACTIVETEXTCOLOR>0xFF9D9D9D</MENU_ACTIVETEXTCOLOR>
            <MENU_BORDERCOLOR>0xFF000000</MENU_BORDERCOLOR>
            <MENU_BACKCOLOR>0xFF000000</MENU_BACKCOLOR>
            <MENU_ACTIVEBACKCOLOR>0xFF000000</MENU_ACTIVEBACKCOLOR>
            <MENU_ACTIVEBORDERCOLOR>0xFF000000</MENU_ACTIVEBORDERCOLOR>
        </ColorScheme>
    </Main>
</Skin>