<Skin name="Yellow">
         <Information>
                  <Author>John Tryba</Author>
                  <Copyright>2008</Copyright>
                  <Version>1.0 created with ReleashED</Version>
         </Information>
         <Fonts>
			<Font Name="10">common-font10.xpr</Font>
			<Font Name="12">common-font12.xpr</Font>
			<Font Name="14">common-font14.xpr</Font>
			<Font Name="Special">special-normal-pal.xpr</Font>
			<Font Name="SpecialBold">special-bold.xpr</Font>
		 </Fonts>
         <IntroMovie></IntroMovie>
         <FileManager>
                  <BackGround>fm.jpg</BackGround>
         </FileManager>
         <LoadingScreen ShowInfo="False">
                  <BackGround>lbg.jpg</BackGround>
         </LoadingScreen>
         	<MusicPlayer Top="1" Left="1" Width="640" Height="480" Relative="False">
		<BackGround>mpbg.png</BackGround>
		<Image Left="0" Top="0" Width="640" Height="480" zIndex="6">mpskin.png</Image>
		<Image Left="29" Top="80" Width="48" Height="48" zIndex="6">music.jpg</Image>
		<ButtonMap>buttons.png</ButtonMap>
		<Element Type="Prev" Left="23" Top="157" Width="55" Height="35" zIndex="7" />
		<Element Type="Play" Left="78" Top="157" Width="55" Height="35" zIndex="7" />
		<Element Type="Pause" Left="131" Top="157" Width="55" Height="35" zIndex="7" />
		<Element Type="Stop" Left="184" Top="157" Width="55" Height="35" zIndex="7" />
		<Element Type="Next" Left="237" Top="157" Width="55" Height="35" zIndex="7" />
		<Element Type="Progress" Left="31" Top="133" Width="203" Height="18" Direction="right" zIndex="3" />
		<Element Type="Meter" Left="23" Top="218" Width="273" Height="120" zIndex="7" Relative="True" />
		<Element Type="Volume" Left="25" Top="382" Width="267" Height="10" Direction="right" zIndex="3" />
		<Text Left="94" Top="127" Width="190" Height="24" Color="0xFF2E5A4E" Source="SongTime"
			Font="Special" Align="right" zIndex="7" />
		<Text Left="81" Top="80" Width="200" Height="24" Color="0xFF2E5A4E" Source="SongName"
			Scroll="1" Font="14" Align="left" zIndex="7" />
		<Text Left="81" Top="104" Width="190" Height="24" Color="0xFF2E5A4E" Source="SoundTrack"
			Font="14" Align="left" zIndex="7" />
		<Text Left="40" Top="25" Width="200" Height="30" Color="0xFFFFFFFF" Source="Now Playing"
			Font="14" Align="left" zIndex="7" />
		<Text Left="96" Top="337" Width="190" Height="24" Color="0xFF2E5A4E" Source="SongBitRate"
			Font="12" Align="right" zIndex="7" />
		<Text Left="29" Top="337" Width="200" Height="24" Color="0xFF2E5A4E" Source="SongChannel"
			Scroll="0" Font="12" Align="left" zIndex="7" />
		<Text Left="25" Top="360" Width="267" Height="24" Color="0xFF2E5A4E" Source="- Volume -"
			Scroll="0" Font="12" Align="middle" zIndex="7" />
		<Playlist Top="60" Left="304" Width="320" Height="360" OffsetX="12" OffsetY="18">
			<BackGround>Playlist.png</BackGround>
		</Playlist>
	</MusicPlayer>
         <Main Globe="False" Orb="False" Fog="False">
                  <BackGround EnableAudio="False">bg.jpg</BackGround>
                  <Cellwall></Cellwall>
                  <Orb></Orb>
                  <Icon></Icon>
			<Menu Smooth="false" ShowIcon="false" Rotate="false" Opacity="2" ShowArrows="false">
				<itempos Top="36" Left="363" Width="238"></itempos>
				<itempos Top="131" Left="363" Width="238"></itempos>
				<itempos Top="219" Left="363" Width="238"></itempos>
				<itempos Top="307" Left="363" Width="238"></itempos>
				<itempos Top="408" Left="363" Width="238"></itempos>
                <Font></Font>
                <Preview EnableAudio="False" Top="0" Left="0" Width="0" Height="0" />
            </Menu>
                  <InfoFont></InfoFont>
                  </Main>
         <ColorScheme >
                  <AMBIENT_FOGCOLOR>0xFF000000</AMBIENT_FOGCOLOR>
                  <AMBIENT_SKYCOLOR>0xFF000000</AMBIENT_SKYCOLOR>
                  <AMBIENT_CELLCOLOR>0xFF000000</AMBIENT_CELLCOLOR>
                  <CAPTION_TEXTCOLOR>0xFFFFFF00</CAPTION_TEXTCOLOR>
                  <CAPTION_BACKCOLOR>0xFF000000</CAPTION_BACKCOLOR>
                  <DIALOG_BORDERCOLOR>0xFFFFFF00</DIALOG_BORDERCOLOR>
                  <DIALOG_BACKCOLOR>0xFF000000</DIALOG_BACKCOLOR>
                  <DIALOG_INNER_BORDERCOLOR>0xFFFFFF00</DIALOG_INNER_BORDERCOLOR>
                  <DIALOG_INNER_BACKCOLOR>0xFF000000</DIALOG_INNER_BACKCOLOR>
                  <DIALOG_TEXTCOLOR>0xFFFFFF00</DIALOG_TEXTCOLOR>
                  <DIALOG_DISABLEDTEXT>0xFFFFFF80</DIALOG_DISABLEDTEXT>
                  <OPTION_TEXTCOLOR>0xFFFFFF00</OPTION_TEXTCOLOR>
                  <OPTION_ACTIVETEXTCOLOR>0xFFFFFFFF</OPTION_ACTIVETEXTCOLOR>
                  <OPTION_ACTIVEBACKCOLOR>0xFF000000</OPTION_ACTIVEBACKCOLOR>
                  <BUTTON_BORDERCOLOR>0xFFFFFF00</BUTTON_BORDERCOLOR>
                  <BUTTON_TEXTCOLOR>0xFFFFFF00</BUTTON_TEXTCOLOR>
                  <BUTTON_BACKCOLOR>0xFF000000</BUTTON_BACKCOLOR>
                  <BUTTON_ACTIVETEXTCOLOR>0xFFFFFFFF</BUTTON_ACTIVETEXTCOLOR>
                  <BUTTON_ACTIVEBACKCOLOR>0xFF000000</BUTTON_ACTIVEBACKCOLOR>
                  <KB_KEYBG_HIGHLIGHT>0xFF000000</KB_KEYBG_HIGHLIGHT>
                  <KB_KEYBG_DISABLED>0xFF808080</KB_KEYBG_DISABLED>
                  <KB_KEY_PRESSED>0xFFC0C0C0</KB_KEY_PRESSED>
                  <KB_KEY_NORMAL>0xFF000000</KB_KEY_NORMAL>
                  <KB_KEY_DISABLED>0xFF808080</KB_KEY_DISABLED>
                  <KB_KEY_ACTIVEBORDER>0xFFFFFF00</KB_KEY_ACTIVEBORDER>
                  <KB_KEY_TEXTCOLOR>0xFFFFFF00</KB_KEY_TEXTCOLOR>
                  <KB_KEY_TEXTBACKCOLOR>0xFF000000</KB_KEY_TEXTBACKCOLOR>
                  <KB_KEY_TEXTBORDERCOLOR>0xFFFFFF00</KB_KEY_TEXTBORDERCOLOR>
                  <MENU_TEXTCOLOR>0xFFFFFF00</MENU_TEXTCOLOR>
                  <MENU_ACTIVETEXTCOLOR>0xFFFFFFFF</MENU_ACTIVETEXTCOLOR>
                  <MENU_BORDERCOLOR>0xFFFFFF00</MENU_BORDERCOLOR>
                  <MENU_BACKCOLOR>0xFF000000</MENU_BACKCOLOR>
                  <MENU_ACTIVEBACKCOLOR>0xFF808080</MENU_ACTIVEBACKCOLOR>
                  <MENU_ACTIVEBORDERCOLOR>0xFFFFFF00</MENU_ACTIVEBORDERCOLOR>
                  <MMActiveForeColor>0xFFFFFFFF</MMActiveForeColor>
			   	  <MMForeColor>0xFFFFFFFF</MMForeColor>
				  <MMOffForeColor>0xFFFFFFFF</MMOffForeColor>
				  <MMDarkBarColor>0xFFFFFFFF</MMDarkBarColor>
				  <MMLightBarColor>0xFFFFFFFF</MMLightBarColor>
				  <MMDarkBackColor>0xFF2C574C</MMDarkBackColor>
				  <WindowBackCOLOR>0xFF000000</WindowBackCOLOR>
				  <WindowForeCOLOR>0xFFFFFFFF</WindowForeCOLOR>
         </ColorScheme>
</Skin>
