﻿<Skin name="Jennifer Ellison-Pt2">
    <Information>
        <Author>Snipes101</Author>
        <Version>1</Version>
        <Copyright>2007</Copyright>
        <Skinner Name="UX Architect" Version="1.0c" />
    </Information>
    <Filemanager SafeBorder="False">
        <Background>Jennifer Ellison-a.jpg</Background>
    </Filemanager>
    <Main Globe="False" Orb="False" Fog="False">
        <Background EnableAudio="False">Jennifer Ellison.jpg</Background>
        <InfoFont>Square-10.xpr</InfoFont>
        <Text Top="455" Left="303" Width="200" Scroll="0" Color="0xFFFF8040" Source="MBTempF" Align="Left" />
        <Text Top="436" Left="302" Width="200" Scroll="0" Color="0xFFFF8040" Source="CPUTempF" Align="Left" />
        <Text Top="455" Left="439" Width="200" Scroll="0" Color="0xFFFF8040" Source="NumClient" Align="Left" />
        <Text Top="438" Left="438" Width="200" Scroll="0" Color="0xFFFF8040" Source="IP" Align="Left" />
        <Text Top="292" Left="8" Width="200" Scroll="0" Color="0xFF000000" Source="SongName" Align="Left" />
        <Text Top="310" Left="8" Width="200" Scroll="0" Color="0xFF000000" Source="SongTime" Align="Left" />
        <Text Top="11" Left="465" Width="200" Scroll="0" Color="0xFF000000" Source="Date" Align="Left" />
        <Text Top="29" Left="465" Width="200" Scroll="0" Color="0xFF000000" Source="Time" Align="Left" />
        <Text Top="48" Left="465" Width="200" Scroll="0" Color="0xFF000000" Source="NickName" Align="Left" />
        <Text Top="67" Left="465" Width="200" Scroll="0" Color="0xFF000000" Source="Tray" Align="Left" />
        <Text Top="85" Left="465" Width="200" Scroll="0" Color="0xFF000000" Source="Version" Align="Left" />
        <Text Top="68" Left="278" Width="200" Scroll="0" Color="0xFF000000" Source="F_FreeMB" Align="Left" />
        <Text Top="33" Left="278" Width="200" Scroll="0" Color="0xFF000000" Source="C_FreeMB" Align="Left" />
        <Text Top="51" Left="278" Width="200" Scroll="0" Color="0xFF000000" Source="E_FreeMB" Align="Left" />
        <Text Top="8" Left="228" Width="201" Scroll="0" Color="0xFF000000" Source="Newsfeed" Align="Left" />
        <Shape Type="RoundedBox" Left="224" Top="4" Width="209" Height="24" BorderColor="0xFFFF8000" BackColor="0xFFFFFFFF"></Shape>
        <Shape Type="RoundedBox" Left="273" Top="29" Width="160" Height="61" BorderColor="0xFFFF8000" BackColor="0xFFFFFFFF"></Shape>
        <Image Top="375" Left="467" Width="94" Height="64" Opacity="100">unleashx10.png</Image>
        <Image Top="-18" Left="419" Width="287" Height="153" Opacity="100">Rectangle.png</Image>
        <Image Top="356" Left="12" Width="128" Height="115" Source="GameIcon" />
        <Menu Scroll="True" Smooth="True" Align="Left" ShowIcon="False" ShowArrows="False">
            <ItemPos Top="183" Left="394" Width="200"></ItemPos>
            <ItemPos Top="204" Left="434" Width="184"></ItemPos>
            <ItemPos Top="230" Left="445" Width="177"></ItemPos>
            <ItemPos Top="258" Left="454" Width="174"></ItemPos>
            <ItemPos Top="285" Left="462" Width="175"></ItemPos>
            <ItemPos Top="316" Left="469" Width="151"></ItemPos>
            <ItemPos Top="346" Left="453" Width="157"></ItemPos>
            <Font>Square-12.xpr</Font>
        </Menu>
        <ColorScheme>
            <AMBIENT_FOGCOLOR>0xFF8080FF</AMBIENT_FOGCOLOR>
            <AMBIENT_SKYCOLOR>0xFF000000</AMBIENT_SKYCOLOR>
            <AMBIENT_CELLCOLOR>0xFF0080FF</AMBIENT_CELLCOLOR>
            <CAPTION_TEXTCOLOR>0xFFFFFFFF</CAPTION_TEXTCOLOR>
            <CAPTION_BACKCOLOR>0xFFFF8040</CAPTION_BACKCOLOR>
            <DIALOG_BORDERCOLOR>0xFFFF8000</DIALOG_BORDERCOLOR>
            <DIALOG_BACKCOLOR>0x3F000000</DIALOG_BACKCOLOR>
            <DIALOG_INNER_BORDERCOLOR>0xFFFF8040</DIALOG_INNER_BORDERCOLOR>
            <DIALOG_INNER_BACKCOLOR>0xFF000000</DIALOG_INNER_BACKCOLOR>
            <DIALOG_TEXTCOLOR>0xFFFFFFFF</DIALOG_TEXTCOLOR>
            <DIALOG_DISABLEDTEXT>0xFFB3B3B4</DIALOG_DISABLEDTEXT>
            <OPTION_TEXTCOLOR>0xFFFFFFFF</OPTION_TEXTCOLOR>
            <OPTION_ACTIVETEXTCOLOR>0xFFFFFFFF</OPTION_ACTIVETEXTCOLOR>
            <OPTION_ACTIVEBACKCOLOR>0xFFFF8040</OPTION_ACTIVEBACKCOLOR>
            <BUTTON_BORDERCOLOR>0xFFFFFFFF</BUTTON_BORDERCOLOR>
            <BUTTON_TEXTCOLOR>0xFFFFFFFF</BUTTON_TEXTCOLOR>
            <BUTTON_BACKCOLOR>0x4F000000</BUTTON_BACKCOLOR>
            <BUTTON_ACTIVETEXTCOLOR>0xFFFFFFFF</BUTTON_ACTIVETEXTCOLOR>
            <BUTTON_ACTIVEBACKCOLOR>0x8EFF8040</BUTTON_ACTIVEBACKCOLOR>
            <KB_KEYBG_HIGHLIGHT>0xFFFF8040</KB_KEYBG_HIGHLIGHT>
            <KB_KEYBG_DISABLED>0xFFC0C0C0</KB_KEYBG_DISABLED>
            <KB_KEY_PRESSED>0xFF008000</KB_KEY_PRESSED>
            <KB_KEY_NORMAL>0xFF000000</KB_KEY_NORMAL>
            <KB_KEY_DISABLED>0xFFFFFFFF</KB_KEY_DISABLED>
            <KB_KEY_ACTIVEBORDER>0xFF808080</KB_KEY_ACTIVEBORDER>
            <KB_KEY_TEXTCOLOR>0xFF000000</KB_KEY_TEXTCOLOR>
            <KB_KEY_TEXTBACKCOLOR>0xFFFFFFFF</KB_KEY_TEXTBACKCOLOR>
            <KB_KEY_TEXTBORDERCOLOR>0xFFFF8040</KB_KEY_TEXTBORDERCOLOR>
            <MENU_TEXTCOLOR>0xFFFF8040</MENU_TEXTCOLOR>
            <MENU_ACTIVETEXTCOLOR>0xFFFFFFFF</MENU_ACTIVETEXTCOLOR>
            <MENU_BORDERCOLOR>0xFFFF8040</MENU_BORDERCOLOR>
            <MENU_BACKCOLOR>0xFF000000</MENU_BACKCOLOR>
            <MENU_ACTIVEBACKCOLOR>0xFF000000</MENU_ACTIVEBACKCOLOR>
            <MENU_ACTIVEBORDERCOLOR>0xFFFF8040</MENU_ACTIVEBORDERCOLOR>
        </ColorScheme>
    </Main>
</Skin>