﻿<Skin name="JMaran2">
    <Information>
        <Author>Ivan Moreira</Author>
        <Version>1</Version>
        <Copyright>2004</Copyright>
        <Skinner Name="UX Architect" Version="1.0c" />
    </Information>
    <LoadingScreen ShowInfo="True">
        <Background>maran1221024x768.jpg</Background>
    </LoadingScreen>
    <Main Orb="False" Fog="False">
        <Background EnableAudio="False">maran1231024x768.jpg</Background>
        <InfoFont>Square-10.xpr</InfoFont>
        <Text Top="380" Left="180" Width="200" Scroll="0" Color="0xFF0000A0" Source="DVDTitle" Align="Left" />
        <Text Top="400" Left="180" Width="200" Scroll="0" Color="0xFF0000A0" Source="SongName" Align="Left" />
        <Text Top="420" Left="180" Width="200" Scroll="0" Color="0xFF0000A0" Source="SoundTrack" Align="Left" />
        <Text Top="440" Left="180" Width="200" Scroll="0" Color="0xFF0000A0" Source="SongTime" Align="Left" />
        <Text Top="35" Left="10" Width="200" Scroll="0" Color="0xFF0000A0" Source="MBTempC" Align="Left" />
        <Text Top="55" Left="480" Width="200" Scroll="0" Color="0xFF0000A0" Source="F_FreeMB" Align="Left" />
        <Text Top="35" Left="480" Width="200" Scroll="0" Color="0xFF0000A0" Source="E_FreeMB" Align="Left" />
        <Text Top="15" Left="480" Width="200" Scroll="0" Color="0xFF0000A0" Source="C_FreeMB" Align="Left" />
        <Text Top="15" Left="260" Width="200" Scroll="0" Color="0xFF0000A0" Source="DateTime" Align="Left" />
        <Text Top="15" Left="10" Width="200" Scroll="0" Color="0xFF0000A0" Source="CPUTempC" Align="Left" />
        <Text Top="-102" Left="607" Width="200" Scroll="0" Color="0xFF0000A0" Source="C_FreeMB" Align="Left" />
        <Image Top="335" Left="17" Width="128" Height="128" Source="GameIcon" />
        <Menu Align="Left" ShowIcon="False" ShowArrows="False">
            <Position Top="35" Left="260" Width="210" Height="110" Fixed="True" FixAt="2" MaxItem="4" />
            <Font>CourierNew-12.xpr</Font>
        </Menu>
        <ColorScheme>
            <AMBIENT_FOGCOLOR>0xFFFF0000</AMBIENT_FOGCOLOR>
            <AMBIENT_SKYCOLOR>0xFF400000</AMBIENT_SKYCOLOR>
            <AMBIENT_CELLCOLOR>0xFFFFFFFF</AMBIENT_CELLCOLOR>
            <CAPTION_TEXTCOLOR>0xFFFFFFFF</CAPTION_TEXTCOLOR>
            <CAPTION_BACKCOLOR>0xFF000000</CAPTION_BACKCOLOR>
            <DIALOG_BORDERCOLOR>0xFFFFFFFF</DIALOG_BORDERCOLOR>
            <DIALOG_BACKCOLOR>0xD1804000</DIALOG_BACKCOLOR>
            <DIALOG_INNER_BORDERCOLOR>0xFFFFFFFF</DIALOG_INNER_BORDERCOLOR>
            <DIALOG_INNER_BACKCOLOR>0xFF000000</DIALOG_INNER_BACKCOLOR>
            <DIALOG_TEXTCOLOR>0xFFFFFFFF</DIALOG_TEXTCOLOR>
            <DIALOG_DISABLEDTEXT>0xFFB3B3B4</DIALOG_DISABLEDTEXT>
            <OPTION_TEXTCOLOR>0xFFFFFFFF</OPTION_TEXTCOLOR>
            <OPTION_ACTIVETEXTCOLOR>0xFFFFFFFF</OPTION_ACTIVETEXTCOLOR>
            <OPTION_ACTIVEBACKCOLOR>0xFF804040</OPTION_ACTIVEBACKCOLOR>
            <BUTTON_BORDERCOLOR>0xFFFFFFFF</BUTTON_BORDERCOLOR>
            <BUTTON_TEXTCOLOR>0xFFFFFFFF</BUTTON_TEXTCOLOR>
            <BUTTON_BACKCOLOR>0xFF400000</BUTTON_BACKCOLOR>
            <BUTTON_ACTIVETEXTCOLOR>0xFFFFFFFF</BUTTON_ACTIVETEXTCOLOR>
            <BUTTON_ACTIVEBACKCOLOR>0xFF800000</BUTTON_ACTIVEBACKCOLOR>
            <KB_KEYBG_HIGHLIGHT>0xFF800000</KB_KEYBG_HIGHLIGHT>
            <KB_KEYBG_DISABLED>0xFFC0C0C0</KB_KEYBG_DISABLED>
            <KB_KEY_PRESSED>0xFF008000</KB_KEY_PRESSED>
            <KB_KEY_NORMAL>0xFF000000</KB_KEY_NORMAL>
            <KB_KEY_DISABLED>0xFFFFFFFF</KB_KEY_DISABLED>
            <KB_KEY_ACTIVEBORDER>0xFFFFFFFF</KB_KEY_ACTIVEBORDER>
            <KB_KEY_TEXTCOLOR>0xFF000000</KB_KEY_TEXTCOLOR>
            <KB_KEY_TEXTBACKCOLOR>0xFFFFFFFF</KB_KEY_TEXTBACKCOLOR>
            <KB_KEY_TEXTBORDERCOLOR>0xFFFFFFFF</KB_KEY_TEXTBORDERCOLOR>
            <MENU_TEXTCOLOR>0xFF000080</MENU_TEXTCOLOR>
            <MENU_ACTIVETEXTCOLOR>0xFFFFFF00</MENU_ACTIVETEXTCOLOR>
            <MENU_BORDERCOLOR>0xFFFFFFFF</MENU_BORDERCOLOR>
            <MENU_ACTIVEBACKCOLOR>0xFF804040</MENU_ACTIVEBACKCOLOR>
            <MENU_ACTIVEBORDERCOLOR>0xFFFFFFFF</MENU_ACTIVEBORDERCOLOR>
        </ColorScheme>
    </Main>
</Skin>