<Skin Name="SimpleEvolution">

 <Information>
    <Author>Ton-X</Author>
    <Copyright>2004</Copyright>
    <Version>1</Version>
 </Information>

 <LoadingScreen ShowInfo="False">
  <BackGround>loading.png</BackGround>
 </LoadingScreen>
 <Main globe="False" Orb="False">
 <BackGround>bg.png</BackGround>
 <Image Top="107" Left="366" Width="193" Height="137" Source="GameIcon"/>
 <Image Source="GamePreview" />
 <Menu smooth="False" Align="Middle" ShowArrows="False" ShowIcon="False" Rotate="False">
   <Position left="362" Top="260" Width="200" Height="120" Fixed="True" FixAt="3"/>
   <Preview EnableAudio="True" Top="107" Left="366" Width="192" Height="136" />
   <Preview Top="107" Left="366" Width="192" Height="136" />
   <Font>Verdana_12.xpr</Font>
 </Menu>

<InfoFont>Verdana_9.xpr</InfoFont>
 <Text Left="128" Top="101" Color="0xFF000000" Source="D:"></Text>
 <Text Left="147" Top="101" Width="140" Color="0xFF2978B6" Source="DvdTitle" Scroll="1"></Text>
 <Text Left="128" Top="117" Color="0xFF000000" Source="C:"></Text>
 <Text Left="146" Top="117" Color="0xFF2978B6" Source="$C_Free$ free"></Text>
 <Text Left="128" Top="132" Color="0xFF000000" Source="E:"></Text>
 <Text Left="146" Top="132" Color="0xFF2978B6" Source="$E_Free$ free"></Text>
 <Text Left="128" Top="176" Color="0xFF000000" Source="XBox:"></Text>
 <Text Left="172" Top="176" Color="0xFF2978B6" Source="$Version$"></Text>
 <Text Left="128" Top="192" Color="0xFF000000" Source="M/B:"></Text>
 <Text Left="166" Top="192" Color="0xFF2978B6" Source="$MBTempC$"></Text>
 <Text Left="128" Top="208" Color="0xFF000000" Source="CPU:"></Text>
 <Text Left="165" Top="208" Color="0xFF2978B6" Source="$CPUTempC$"></Text>
 <Text Left="128" Top="252" Color="0xFF000000" Source="IP: "></Text>
 <Text Left="150" Top="252" Color="0xFF2978B6" Source="$IP$"></Text>
 <Text Left="128" Top="267" Color="0xFF000000" Source="Video Mode:"></Text>
 <Text Left="219" Top="267" Color="0xFF2978B6" Source="$VideoMode$"></Text>
 <Text Left="128" Top="283" Color="0xFF000000" Source="Time:"></Text>
 <Text Left="169" Top="283" Color="0xFF2978B6" Source="$Time$"></Text>
 <Text Left="128" Top="328" Color="0xFF000000" Source="Track:"></Text>
 <Text Left="175" Top="328" Width="109" Color="0xFF2978B6" Source="SongName" Scroll="0"></Text>
 <Text Left="128" Top="343" Color="0xFF000000" Source="Album:"></Text>
 <Text Left="180" Top="343" Width="107" Color="0xFF2978B6" Source="SoundTrack" Scroll="0"></Text>
 <Text Left="128" Top="358" Color="0xFF000000" Source="Time:"></Text>
 <Text Left="171" Top="358" Color="0xFF2978B6" Source="$SongTime$"></Text>
</Main>

 <ColorScheme>
    <AMBIENT_FOGCOLOR>0x00FFFFFF</AMBIENT_FOGCOLOR>
            <AMBIENT_SKYCOLOR>0x0000000F</AMBIENT_SKYCOLOR>
            <AMBIENT_CELLCOLOR>0x0000C000</AMBIENT_CELLCOLOR>
            <CAPTION_TEXTCOLOR>0xFF2978B6</CAPTION_TEXTCOLOR>
            <CAPTION_BACKCOLOR>0xFF808080</CAPTION_BACKCOLOR>
            <DIALOG_BORDERCOLOR>0xFF000000</DIALOG_BORDERCOLOR>
            <DIALOG_BACKCOLOR>0xFF808080</DIALOG_BACKCOLOR>
            <DIALOG_INNER_BORDERCOLOR>0xFF000000</DIALOG_INNER_BORDERCOLOR>
            <DIALOG_INNER_BACKCOLOR>0xFFC0C0C0</DIALOG_INNER_BACKCOLOR>
            <DIALOG_TEXTCOLOR>0xFF000000</DIALOG_TEXTCOLOR>
            <DIALOG_DISABLEDTEXT>0xFF3A3A3A</DIALOG_DISABLEDTEXT>
            <OPTION_TEXTCOLOR>0xFF000000</OPTION_TEXTCOLOR>
            <OPTION_ACTIVETEXTCOLOR>0xFF000000</OPTION_ACTIVETEXTCOLOR>
            <OPTION_ACTIVEBACKCOLOR>0x00273CF3</OPTION_ACTIVEBACKCOLOR>
            <BUTTON_BORDERCOLOR>0xC8000000</BUTTON_BORDERCOLOR>
            <BUTTON_TEXTCOLOR>0xFFFFFFFF</BUTTON_TEXTCOLOR>
            <BUTTON_BACKCOLOR>0xFF2978B6</BUTTON_BACKCOLOR>
            <BUTTON_ACTIVETEXTCOLOR>0xFF000000</BUTTON_ACTIVETEXTCOLOR>
            <BUTTON_ACTIVEBACKCOLOR>0xFFA5C310</BUTTON_ACTIVEBACKCOLOR>
            <KB_KEYBG_HIGHLIGHT>0xC8A5C30F</KB_KEYBG_HIGHLIGHT>
            <KB_KEYBG_DISABLED>0x78C0C0C0</KB_KEYBG_DISABLED>
            <KB_KEY_PRESSED>0xFF808080</KB_KEY_PRESSED>
            <KB_KEY_NORMAL>0xFF000000</KB_KEY_NORMAL>
            <KB_KEY_DISABLED>0x78808080</KB_KEY_DISABLED>
            <KB_KEY_ACTIVEBORDER>0xFFFF0000</KB_KEY_ACTIVEBORDER>
            <KB_KEY_TEXTCOLOR>0xFF000000</KB_KEY_TEXTCOLOR>
            <KB_KEY_TEXTBACKCOLOR>0xFFFFFFFF</KB_KEY_TEXTBACKCOLOR>
            <KB_KEY_TEXTBORDERCOLOR>0x780000FF</KB_KEY_TEXTBORDERCOLOR>
            <MENU_TEXTCOLOR>0xFF808080</MENU_TEXTCOLOR>
            <MENU_ACTIVETEXTCOLOR>0xFF2978B6</MENU_ACTIVETEXTCOLOR>
 </ColorSceme>
</Skin>