<Skin Name="Alba">
   <Information>
      <Author>tcb</Author>
      <Copyright>Copyright 2003</Copyright>
      <Version>1.0</Version>
   </Information>
   <Main Globe="True" Orb="False">
      <Background>bg_Alba.png</background>
      <InfoFont>ft53_10.xpr</InfoFont>
      <Menu smooth="True" ShowArrows="False" ShowIcon="False" Rotate="True">
         <Position left="50" Top="180" Width="400" Height="90" />
         <Font>dlcustom.xpr</Font>
         <Preview EnableAudio="True" Left="150" Top="30" Width="140" Height="140" />
      </Menu>
      <Image Left="0" Top="0" Width="350" Height="200">image2.png</Image>
      <Image Left="50" Top="30" Width="100" Height="100" Source="GameIcon" />
      <Image Source="GamePreview" />
      <Image Left="0" Top="0" Width="350" Height="200">image.png</Image>

      <Text Left="320" Top="30" Align="Center" Color="0xFF395C94" Source="$NickName$"></Text>

      <Text Left="50" Top="270" Align="Left" Color="0xFF395C94" Source="$DateTime$"></Text>
      <Text Left="50" Top="282" Align="Left" Color="0xFF395C94" Source="XBox $Version$"></Text>

      <Text Left="50" Top="299" Align="Left" Color="0xFF395C94" Source="IP - $IP$"></Text>
      <Text Left="50" Top="311" Align="Left" Color="0xFF395C94" Source="Users Connected - $NumClient$"></Text>

      <Text Left="50" Top="328" Align="Left" Color="0xFF395C94" Source="Intel 733Mhz @ $CPUTemp$"></Text>
      <Text Left="50" Top="340" Align="Left" Color="0xFF395C94" Source="Intel Chipset @ $MBTemp$"></Text>
      <Text Left="50" Top="352" Align="Left" Color="0xFF395C94" Source="Fan Rotation @ $FanSpeed$"></Text>

      <Text Left="50" Top="369" Align="Left" Color="0xFF395C94" Source="C:\$C_FreeMB$ Free"></Text>
      <Text Left="50" Top="381" Align="Left" Color="0xFF395C94" Source="E:\$E_FreeMB$ Free"></Text>
      <Text Left="50" Top="393" Align="Left" Color="0xFF395C94" Source="F:\$F_FreeMB$ Free"></Text>
      <Text Left="50" Top="405" Align="Left" Color="0xFF395C94" Source="G:\$G_FreeMB$ Free"></Text>
      <Text Left="50" Top="417" Align="Left" Color="0xFF395C94" Source="Optical Unit - $DVDType$"></Text>
      
      <Text Left="50" Top="434" Align="Left" Color="0xFF395C94" Source="$Newsfeed$"></Text>
      
   </Main>
   <FileManager>
      <BackGround>fmbg_Alba.png</BackGround>
   </FileManager>
   <LoadingScreen ShowInfo="True">
      <BackGround>load_Alba.png</BackGround>
   </LoadingScreen>
   <ColorScheme >
      <MENU_TEXTCOLOR>0xFF1E273D</MENU_TEXTCOLOR>
      <MENU_ACTIVETEXTCOLOR>0xFF395C94</MENU_ACTIVETEXTCOLOR>
      <MENU_BORDERCOLOR>0x00000000</MENU_BORDERCOLOR>
      <MENU_BACKCOLOR>0x00000000</MENU_BACKCOLOR>
      <MENU_ACTIVEBACKCOLOR>0x00000000</MENU_ACTIVEBACKCOLOR>
      <MENU_ACTIVEBORDERCOLOR>0x00000000</MENU_ACTIVEBORDERCOLOR>
      
      <OPTION_TEXTCOLOR>0xFF1E273D</OPTION_TEXTCOLOR>
      <OPTION_ACTIVETEXTCOLOR>0xFF395C94</OPTION_ACTIVETEXTCOLOR>
      <OPTION_ACTIVEBACKCOLOR>0xFF1E273D</OPTION_ACTIVEBACKCOLOR>

      <BUTTON_BORDERCOLOR>0xFF1E273D</BUTTON_BORDERCOLOR>
      <BUTTON_TEXTCOLOR>0xFF395C94</BUTTON_TEXTCOLOR>
      <BUTTON_BACKCOLOR>0xFF395C94</BUTTON_BACKCOLOR>
      <BUTTON_ACTIVETEXTCOLOR>0xFFFFFFFF</BUTTON_ACTIVETEXTCOLOR>
      <BUTTON_ACTIVEBACKCOLOR>0xFF1E273D</BUTTON_ACTIVEBACKCOLOR> 
      
      <KB_KEYBG_HIGHLIGHT>0xFF395C94</KB_KEYBG_HIGHLIGHT>
      <KB_KEYBG_DISABLED>0xFF1E273D</KB_KEYBG_DISABLED>
      <KB_KEY_PRESSED>0xFF1E273D</KB_KEY_PRESSED>
      <KB_KEY_NORMAL>0xFF395C94</KB_KEY_NORMAL>
      <KB_KEY_DISABLED>0xFF1E273D</KB_KEY_DISABLED>
      <KB_KEY_ACTIVEBORDER>0xFF395C94</KB_KEY_ACTIVEBORDER>
      <KB_KEY_TEXTCOLOR>0xFFFFFFFF</KB_KEY_TEXTCOLOR>
      <KB_KEY_TEXTBACKCOLOR>0xFF1E273D</KB_KEY_TEXTBACKCOLOR>
      <KB_KEY_TEXTBORDERCOLOR>0xFF395C94</KB_KEY_TEXTBORDERCOLOR>

      <CAPTION_TEXTCOLOR>0xFF395C94</CAPTION_TEXTCOLOR>
      <CAPTION_BACKCOLOR>0xFF1E273D</CAPTION_BACKCOLOR>
      <DIALOG_BORDERCOLOR>0xFF1E273D</DIALOG_BORDERCOLOR>
      <DIALOG_BACKCOLOR>0xFF395C94</DIALOG_BACKCOLOR>
      <DIALOG_INNER_BORDERCOLOR>0xFF1E273D</DIALOG_INNER_BORDERCOLOR>
      <DIALOG_INNER_BACKCOLOR>0xFF395C94</DIALOG_INNER_BACKCOLOR>
      <DIALOG_TEXTCOLOR>0xFFFFFFFF</DIALOG_TEXTCOLOR>
      <DIALOG_DISABLEDTEXT>0x7FC0C0C0</DIALOG_DISABLEDTEXT>
   </ColorScheme>
</Skin>
