﻿<Skin name="Vida Soilja Girl">
    <Information>
        <Author>Snipes101</Author>
        <Version>1</Version>
        <Copyright>2007</Copyright>
        <Skinner Name="UX Architect" Version="1.0c" />
    </Information>
    <Filemanager SafeBorder="False">
        <Background>vida.jpg</Background>
    </Filemanager>
    <LoadingScreen ShowInfo="False">
        <Background>vida2 copy.png</Background>
    </LoadingScreen>
    <Main Globe="False" Orb="False" Fog="False">
        <Background EnableAudio="False">16409.jpg</Background>
        <InfoFont>Square-10.xpr</InfoFont>
        <Text Top="166" Left="10" Width="200" Scroll="0" Color="0xFF000000" Source="Time" Align="Left" />
        <Text Top="456" Left="320" Width="200" Scroll="0" Color="0xFF000000" Source="MBTempF" Align="Left" />
        <Text Top="186" Left="10" Width="200" Scroll="0" Color="0xFF000000" Source="Date" Align="Left" />
        <Text Top="435" Left="321" Width="200" Scroll="0" Color="0xFF000000" Source="CPUTempF" Align="Left" />
        <Text Top="228" Left="11" Width="200" Scroll="0" Color="0xFF000000" Source="DVDTitle" Align="Left" />
        <Text Top="250" Left="11" Width="200" Scroll="0" Color="0xFF000000" Source="C_FreeMB" Align="Left" />
        <Text Top="270" Left="11" Width="200" Scroll="0" Color="0xFF000000" Source="E_FreeMB" Align="Left" />
        <Text Top="290" Left="11" Width="200" Scroll="0" Color="0xFF000000" Source="F_FreeMB" Align="Left" />
        <Text Top="434" Left="451" Width="200" Scroll="0" Color="0xFF000000" Source="IP" Align="Left" />
        <Text Top="456" Left="450" Width="200" Scroll="0" Color="0xFF000000" Source="NumClient" Align="Left" />
        <Text Top="207" Left="10" Width="200" Scroll="0" Color="0xFF000000" Source="NickName" Align="Left" />
        <Image Top="365" Left="14" Width="133" Height="114" Opacity="100">Untitled-1.png</Image>
        <Image Top="9" Left="382" Width="172" Height="135" Opacity="100">Marines Logo.png</Image>
        <Image Top="12" Left="399" Width="151" Height="134" Source="GameIcon" />
        <Image Top="144" Left="369" Width="208" Height="46" Opacity="100">Marines Mato.png</Image>
        <Image Top="375" Left="326" Width="304" Height="42" Opacity="100">Solija Girl.png</Image>
        <Menu Scroll="True" Smooth="True" Align="Left" ShowIcon="True" ShowArrows="False">
            <Position Top="186" Left="357" Width="286" Height="219" Fixed="False" FixAt="2" MaxItem="4" />
            <Font>Square-12.xpr</Font>
        </Menu>
        <ColorScheme>
            <AMBIENT_FOGCOLOR>0xFFFFFFFF</AMBIENT_FOGCOLOR>
            <AMBIENT_SKYCOLOR>0xFF00000F</AMBIENT_SKYCOLOR>
            <AMBIENT_CELLCOLOR>0xFF00C000</AMBIENT_CELLCOLOR>
            <CAPTION_TEXTCOLOR>0xFFFFFFFF</CAPTION_TEXTCOLOR>
            <CAPTION_BACKCOLOR>0xFF000000</CAPTION_BACKCOLOR>
            <DIALOG_BORDERCOLOR>0xFF004000</DIALOG_BORDERCOLOR>
            <DIALOG_BACKCOLOR>0xFF008040</DIALOG_BACKCOLOR>
            <DIALOG_INNER_BORDERCOLOR>0xFF000000</DIALOG_INNER_BORDERCOLOR>
            <DIALOG_INNER_BACKCOLOR>0xFF133706</DIALOG_INNER_BACKCOLOR>
            <DIALOG_TEXTCOLOR>0xFFFFFFFF</DIALOG_TEXTCOLOR>
            <DIALOG_DISABLEDTEXT>0xFFB3B3B4</DIALOG_DISABLEDTEXT>
            <OPTION_TEXTCOLOR>0xFFFFFFFF</OPTION_TEXTCOLOR>
            <OPTION_ACTIVETEXTCOLOR>0xFFFFFFFF</OPTION_ACTIVETEXTCOLOR>
            <OPTION_ACTIVEBACKCOLOR>0xFF000000</OPTION_ACTIVEBACKCOLOR>
            <BUTTON_BORDERCOLOR>0xFFFFFFFF</BUTTON_BORDERCOLOR>
            <BUTTON_TEXTCOLOR>0xFFFFFFFF</BUTTON_TEXTCOLOR>
            <BUTTON_BACKCOLOR>0xFF008000</BUTTON_BACKCOLOR>
            <BUTTON_ACTIVETEXTCOLOR>0xFFFFFFFF</BUTTON_ACTIVETEXTCOLOR>
            <BUTTON_ACTIVEBACKCOLOR>0xFF000000</BUTTON_ACTIVEBACKCOLOR>
            <KB_KEYBG_HIGHLIGHT>0xFFFFFF00</KB_KEYBG_HIGHLIGHT>
            <KB_KEYBG_DISABLED>0xFFC0C0C0</KB_KEYBG_DISABLED>
            <KB_KEY_PRESSED>0xFF008000</KB_KEY_PRESSED>
            <KB_KEY_NORMAL>0xFF000000</KB_KEY_NORMAL>
            <KB_KEY_DISABLED>0xFF808080</KB_KEY_DISABLED>
            <KB_KEY_ACTIVEBORDER>0xFFFFFF00</KB_KEY_ACTIVEBORDER>
            <KB_KEY_TEXTCOLOR>0xFF000000</KB_KEY_TEXTCOLOR>
            <KB_KEY_TEXTBACKCOLOR>0xFFFFFFFF</KB_KEY_TEXTBACKCOLOR>
            <KB_KEY_TEXTBORDERCOLOR>0xFF002F00</KB_KEY_TEXTBORDERCOLOR>
            <MENU_TEXTCOLOR>0xFF000000</MENU_TEXTCOLOR>
            <MENU_ACTIVETEXTCOLOR>0xFFFFFFFF</MENU_ACTIVETEXTCOLOR>
            <MENU_ACTIVEBACKCOLOR>0xE1008000</MENU_ACTIVEBACKCOLOR>
        </ColorScheme>
    </Main>
</Skin>