<Skin Name="tHc like">

 <Information>
    <Author>Manguelo from Mexico</Author>
    <Copyright>2004</Copyright>
    <Version>1</Version>
 </Information>

 <FileManager>
  <BackGround>filem.png</BackGround>
 </FileManager>

 <LoadingScreen ShowInfo="False">
  <BackGround>loading.png</BackGround>
 </LoadingScreen>

 <Main globe="False" Orb="False">
  <InfoFont>Arial_12.xpr</InfoFont>
  <Image Top="102" Left="66" width="216" Height="192">icon.png</Image>
  <GameIcon Enable="True">
    <Position Top="102" Left="83" Width="180" Height="180" />
  </GameIcon>
  <Background EnableAudio="False">bg.png</background>
    <Menu smooth="False" Align="Middle" ShowArrows="False" ShowIcon="False" Rotate="False">
        <Position left="280" Top="140" Width="200" Height="100" />
	<Font>menufont.xpr</Font>
    </Menu>

 <Text Left="175" Top="386" Color="0xFFFFFFFF" Source="$C_Free$ free"></Text>
 <Text Left="175" Top="426" Color="0xFFFFFFFF" Source="DvdTitle"></Text>
 <Text Left="409" Top="390" Color="0xFFFFFFFF" Source="$E_Free$ free"></Text>
 <Text Left="409" Top="430" Color="0xFFFFFFFF" Source="$F_Free$ free"></Text>
 <Text Left="420" Top="41" Color="0xFF80FF80" Source="Time:"></Text>
 <Text Left="465" Top="41" Color="0xFFFFFFFF" Source="$Time$"></Text>
 <Text Left="253" Top="41" Color="0xFF80FF80" Source="Date:"></Text>
 <Text Left="295" Top="41" Color="0xFFFFFFFF" Source="$Date$"></Text>
 <Text Left="430" Top="310" Color="0xFF80FF80" Source="M/B:"></Text>
 <Text Left="472" Top="310" Color="0xFFFFFFFF" Source="$MBTempC$"></Text>
 <Text Left="430" Top="325" Color="0xFF80FF80" Source="CPU:"></Text>
 <Text Left="472" Top="325" Color="0xFFFFFFFF" Source="$CPUTempC$"></Text>
 <Text Left="430" Top="340" Color="0xFF80FF80" Source="Fan Speed:"></Text>
 <Text Left="515" Top="340" Color="0xFFFFFFFF" Source="$FanSpeed$"></Text>
 <Text Left="420" Top="61" Color="0xFF80FF80" Source="XBox:"></Text>
 <Text Left="465" Top="61" Color="0xFFFFFFFF" Source="$Version$"></Text>
 <Text Left="230" Top="310" Color="0xFF80FF80" Source="IP:"></Text>
 <Text Left="250" Top="310" Color="0xFFFFFFFF" Source="$IP$"></Text>
 <Text Left="430" Top="355" Color="0xFF80FF80" Source="Users:"></Text>
 <Text Left="485" Top="355" Color="0xFFFFFFFF" Source="$NumClient$"></Text>
 <Text Left="230" Top="330" Color="0xFF80FF80" Source="Subnet:"></Text>
 <Text Left="290" Top="330" Color="0xFFFFFFFF" Source="$Subnet$"></Text>
 <Text Left="123" Top="383" Color="0xFFFFFFFF" Source="SongName"></Text>
 <Text Left="123" Top="403" Color="0xFFFFFFFF" Source="SoundTrack"></Text>
</Main>

 <ColorScheme>
    <MENU_TEXTCOLOR>0xFFFFFFFF</MENU_TEXTCOLOR>
    <MENU_ACTIVETEXTCOLOR>0xFF80FF80</MENU_ACTIVETEXTCOLOR>
 </ColorSceme>
</Skin>





















































