<Skin name="Hitman Contracts">
	<Information>
		<Author>Raffs+ein</Author>
		<Copyright>Copyright 2003</Copyright>
		<Version>1.0</Version>
	</Information>
	<Main Globe="True" Orb="False">
		<BackGround>bg.jpg</BackGround>
		<Image Left="358" Top="78" Width="250" Height="230">image.png</Image>
		<GameIcon Enable="True" Opacity="0">
			<Position Top="128" Left="438" Width="100" Height="100" />
		</GameIcon>
		
                <Menu Smooth="False" Align="Left" Rotate="False" ShowIcon="False">
		<Position Top="293" Left="69" Width="200" Height="172" Fixed="False" FixAt="1" MaxItem="8">
		</Position>
		</Menu>
		<Text Left="600" Top="70" Align="Right" Source="$DateTime$"></Text>
		<Text Left="600" Top="85" Align="Right" Source="Unit ID - $NickName$"></Text>
		<Text Left="600" Top="100" Align="Right" Source="$ChipID$"></Text>
		<Text Left="600" Top="115" Align="Right" Source="XBox $Version$"></Text>

		<Text Left="600" Top="227" Align="Right" Source="IP - $IP$"></Text>
		<Text Left="600" Top="242" Align="Right" Source="Users Connected - $NumClient$"></Text>

		<Text Left="600" Top="270" Align="Right" Source="CPU Temperature $CPUTemp$"></Text>
		<Text Left="600" Top="285" Align="Right" Source="MB Temperature $MBTemp$"></Text>
		<Text Left="600" Top="300" Align="Right" Source="Fan Rotation Speed $FanSpeed$"></Text>
		<Text Left="600" Top="345" Align="Right" Source="C:\$C_FreeMB$ Free"></Text>
		<Text Left="600" Top="360" Align="Right" Source="E:\$E_FreeMB$ Free"></Text>
		<Text Left="600" Top="375" Align="Right" Source="F:\$F_FreeMB$ Free"></Text>
		<Text Left="600" Top="390" Align="Right" Source="G:\$G_FreeMB$ Free"></Text>
		<Text Left="600" Top="405" Align="Right" Source="Optical Unit - $DVDType$"></Text>
	</Main>
<FileManager>
		<Background>fmbg.jpg</Background>
	</FileManager>

	<LoadingScreen ShowInfo="True">
		<Background>load.jpg</Background>
	</LoadingScreen>
	
	<ColorScheme >
		<OPTION_TEXTCOLOR>0xFF1E273D</OPTION_TEXTCOLOR>
      <OPTION_ACTIVETEXTCOLOR>0xFF395C94</OPTION_ACTIVETEXTCOLOR>
      <OPTION_ACTIVEBACKCOLOR>0xFF1E273D</OPTION_ACTIVEBACKCOLOR>

      <BUTTON_BORDERCOLOR>0xFF1E273D</BUTTON_BORDERCOLOR>
      <BUTTON_TEXTCOLOR>0xFF395C94</BUTTON_TEXTCOLOR>
      <BUTTON_BACKCOLOR>0xFF395C94</BUTTON_BACKCOLOR>
      <BUTTON_ACTIVETEXTCOLOR>0xFFFFFFFF</BUTTON_ACTIVETEXTCOLOR>
      <BUTTON_ACTIVEBACKCOLOR>0xFF1E273D</BUTTON_ACTIVEBACKCOLOR> 
      
      <KB_KEYBG_HIGHLIGHT>0xFF395C94</KB_KEYBG_HIGHLIGHT>
      <KB_KEYBG_DISABLED>0xFF1E273D</KB_KEYBG_DISABLED>
      <KB_KEY_PRESSED>0xFF1E273D</KB_KEY_PRESSED>
      <KB_KEY_NORMAL>0xFF395C94</KB_KEY_NORMAL>
      <KB_KEY_DISABLED>0xFF1E273D</KB_KEY_DISABLED>
      <KB_KEY_ACTIVEBORDER>0xFF395C94</KB_KEY_ACTIVEBORDER>
      <KB_KEY_TEXTCOLOR>0xFFFFFFFF</KB_KEY_TEXTCOLOR>
      <KB_KEY_TEXTBACKCOLOR>0xFF1E273D</KB_KEY_TEXTBACKCOLOR>
      <KB_KEY_TEXTBORDERCOLOR>0xFF395C94</KB_KEY_TEXTBORDERCOLOR>

      <CAPTION_TEXTCOLOR>0xFF395C94</CAPTION_TEXTCOLOR>
      <CAPTION_BACKCOLOR>0xFF1E273D</CAPTION_BACKCOLOR>
      <DIALOG_BORDERCOLOR>0xFF1E273D</DIALOG_BORDERCOLOR>
      <DIALOG_BACKCOLOR>0xFF395C94</DIALOG_BACKCOLOR>
      <DIALOG_INNER_BORDERCOLOR>0xFF1E273D</DIALOG_INNER_BORDERCOLOR>
      <DIALOG_INNER_BACKCOLOR>0xFF395C94</DIALOG_INNER_BACKCOLOR>
      <DIALOG_TEXTCOLOR>0xFFFFFFFF</DIALOG_TEXTCOLOR>
      <DIALOG_DISABLEDTEXT>0x7FC0C0C0</DIALOG_DISABLEDTEXT>
		
		<MENU_TEXTCOLOR>0xFFFFFFFF</MENU_TEXTCOLOR>
		<MENU_ACTIVETEXTCOLOR>0xFF4060B5</MENU_ACTIVETEXTCOLOR>
		<MENU_BORDERCOLOR></MENU_BORDERCOLOR>
		<MENU_BACKCOLOR></MENU_BACKCOLOR>
		<MENU_ACTIVEBACKCOLOR></MENU_ACTIVEBACKCOLOR>
		<MENU_ACTIVEBORDERCOLOR></MENU_ACTIVEBORDERCOLOR>
	</ColorScheme>
</Skin>