<Skin name="CartoonUX">
	<Information>
		<Author>grebulon</Author>
		<Version>2</Version>
		<Copyright>Copyright 2004, Based on CartoonUX Simple by df99</Copyright>
	</Information>

	<Filemanager>
		<!--Background>fm.png</Background-->
	</Filemanager>

	<Main Globe="False" Orb="False" Fog="False">
		<Background>bg.png</Background>
		<Menu Smooth="False" Align="Left" Rotate="False" ShowIcon="False" ShowArrows="False" Horizontal="False">
			<Font>Baby_Kruffy_18.xpr</Font>
			<ItemPos Left="15" Top="270" Width="188" Height="18"></ItemPos>
			<ItemPos Left="15" Top="305" Width="188" Height="18"></ItemPos>
			<ItemPos Left="15" Top="338" Width="188" Height="18"></ItemPos>
			<ItemPos Left="15" Top="371" Width="188" Height="18"></ItemPos>
			<ItemPos Left="15" Top="405" Width="188" Height="18"></ItemPos>
			<ItemPos Left="15" Top="436" Width="188" Height="18"></ItemPos>
		</Menu>

		<InfoFont>ComicSans-12.xpr</InfoFont>
		<Text Left="425" Top="59" Width="210" Align="Left" Color="0xFF482700" Source="C_FreeMB"></Text>
		<Text Left="425" Top="77" Width="210" Align="Left" Color="0xFF482700" Source="E_FreeMB"></Text>
		<Text Left="425" Top="95" Width="210" Align="Left" Color="0xFF482700" Source="F_FreeMB"></Text>
		<Text Left="425" Top="113" Width="210" Align="Left" Color="0xFF482700" Source="Tray"></Text>

		<Text Left="425" Top="173" Width="210" Align="Left" Color="0xFF482700" Source="Time"></Text>
		<Text Left="425" Top="191" Width="210" Align="Left" Color="0xFF482700" Source="Date"></Text>
		<Text Left="425" Top="209" Width="210" Align="Left" Color="0xFF482700" Source="Temp:"></Text>
		<Text Left="480" Top="209" Width="145" Align="Left" Color="0xFF482700" Source="$CPUTemp$"></Text>
		<Text Left="545" Top="209" Width="80" Align="Left" Color="0xFF482700" Source="/"></Text>
		<Text Left="558" Top="209" Width="67" Align="Left" Color="0xFF482700" Source="$MBTemp$"></Text>
		<Text Left="425" Top="227" Width="210" Align="Left" Color="0xFF482700" Source="VideoMode"></Text>
		<Text Left="520" Top="227" Width="210" Align="Left" Color="0xFF482700" Source="FanSpeed"></Text>

		<Text Left="425" Top="280" Width="210" Align="Left" Color="0xFF482700" Source="SoundTrack"></Text>
		<Text Left="425" Top="299" Width="210" Align="Left" Color="0xFF482700" Source="SongName"></Text>

		<Text Left="425" Top="367" Width="210" Align="Left" Color="0xFF482700" Source="IP"></Text>
		<Text Left="425" Top="385" Width="210" Align="Left" Color="0xFF482700" Source="NumClient"></Text>
		<Text Left="425" Top="406" Width="210" Align="Left" Color="0xFF482700" Source="NewsSource"></Text>
		<Text Left="230" Top="427" Width="405" Align="Left" Color="0xFF482700" Source="Newsfeed"></Text>

		<Image Left="38" Top="90" Width="155" Height="155" Source="GameIcon" />
	</Main>

	<LoadingScreen ShowInfo="False">
		<Background>loading.png</Background>
	</LoadingScreen>
	
	<ColorScheme >
            <AMBIENT_FOGCOLOR>0xFF8080FF</AMBIENT_FOGCOLOR>
            <AMBIENT_SKYCOLOR>0xFF000000</AMBIENT_SKYCOLOR>
            <AMBIENT_CELLCOLOR>0xFF0080FF</AMBIENT_CELLCOLOR>
            <CAPTION_TEXTCOLOR>0xFFFFFFFF</CAPTION_TEXTCOLOR>
            <CAPTION_BACKCOLOR>0xFFFF8040</CAPTION_BACKCOLOR>
            <DIALOG_BORDERCOLOR>0xFFFF8000</DIALOG_BORDERCOLOR>
            <DIALOG_BACKCOLOR>0x3F000000</DIALOG_BACKCOLOR>
            <DIALOG_INNER_BORDERCOLOR>0xFFFF8040</DIALOG_INNER_BORDERCOLOR>
            <DIALOG_INNER_BACKCOLOR>0xFF000000</DIALOG_INNER_BACKCOLOR>
            <DIALOG_TEXTCOLOR>0xFFFFFFFF</DIALOG_TEXTCOLOR>
            <DIALOG_DISABLEDTEXT>0xFFB3B3B4</DIALOG_DISABLEDTEXT>
            <OPTION_TEXTCOLOR>0xFFFFFFFF</OPTION_TEXTCOLOR>
            <OPTION_ACTIVETEXTCOLOR>0xFFFFFFFF</OPTION_ACTIVETEXTCOLOR>
            <OPTION_ACTIVEBACKCOLOR>0xFFFF8040</OPTION_ACTIVEBACKCOLOR>
            <BUTTON_BORDERCOLOR>0xFFFFFFFF</BUTTON_BORDERCOLOR>
            <BUTTON_TEXTCOLOR>0xFFFFFFFF</BUTTON_TEXTCOLOR>
            <BUTTON_BACKCOLOR>0x8F000000</BUTTON_BACKCOLOR>
            <BUTTON_ACTIVETEXTCOLOR>0xFFFFFFFF</BUTTON_ACTIVETEXTCOLOR>
            <BUTTON_ACTIVEBACKCOLOR>0xFFFF8040</BUTTON_ACTIVEBACKCOLOR>
            <KB_KEYBG_HIGHLIGHT>0xFFFF8040</KB_KEYBG_HIGHLIGHT>
            <KB_KEYBG_DISABLED>0xFFC0C0C0</KB_KEYBG_DISABLED>
            <KB_KEY_PRESSED>0xFF008000</KB_KEY_PRESSED>
            <KB_KEY_NORMAL>0xFF000000</KB_KEY_NORMAL>
            <KB_KEY_DISABLED>0xFFFFFFFF</KB_KEY_DISABLED>
            <KB_KEY_ACTIVEBORDER>0xFF808080</KB_KEY_ACTIVEBORDER>
            <KB_KEY_TEXTCOLOR>0xFF000000</KB_KEY_TEXTCOLOR>
            <KB_KEY_TEXTBACKCOLOR>0xFFFFFFFF</KB_KEY_TEXTBACKCOLOR>
            <KB_KEY_TEXTBORDERCOLOR>0xFFFF8040</KB_KEY_TEXTBORDERCOLOR>
            <MENU_TEXTCOLOR>0xFFFF8040</MENU_TEXTCOLOR>
            <MENU_ACTIVETEXTCOLOR>0xFFFFFFFF</MENU_ACTIVETEXTCOLOR>
            <MENU_BORDERCOLOR>0xFFFF8040</MENU_BORDERCOLOR>
            <MENU_BACKCOLOR>0xFF000000</MENU_BACKCOLOR>
            <MENU_ACTIVEBACKCOLOR>0x00000000</MENU_ACTIVEBACKCOLOR>
            <MENU_ACTIVEBORDERCOLOR>0x00000000</MENU_ACTIVEBORDERCOLOR>
	</ColorScheme>
</Skin>

