<Skin Name="HackX">
<Information>
<Author>NkotboX</Author>
<Copyright>2004 Skinned by Sketchy Skinner</Copyright>
<Version>1</Version>
</Information>
<IntroMovie>C:\xodash\media\live.xmv</IntroMovie>
<Main globe="True" Orb="False">
<Background EnableAudio="True">bg.jpg</background>
<Menu smooth="False" ShowArrows="True" ShowIcon="True" Rotate="True">
<Position left="7" Top="3" Width="196" Height="252" />
<Preview EnableAudio="False" left="255" Top="1" Width="4" Height="5" />
</Menu>
<Text Left="474" Top="180" Align="Left" Color="0xFF400080" Source="DvdTitle"></Text>
<Text Left="474" Top="210" Align="Left" Color="0xFF400080" Source="E_Free"></Text>
<Text Left="474" Top="240" Align="Left" Color="0xFF400080" Source="F_Free"></Text>
<Text Left="271" Top="314" Align="Left" Color="0xFF400080" Source="DateTime"></Text>
<Text Left="271" Top="344" Align="Left" Color="0xFF400080" Source="CPUTempF"></Text>
<Text Left="271" Top="374" Align="Left" Color="0xFF400080" Source="MBTempF"></Text>
<Text Left="474" Top="270" Align="Left" Color="0xFF400080" Source="VideoMode"></Text>
<Text Left="474" Top="300" Align="Left" Color="0xFF400080" Source="IP"></Text>
<Text Left="474" Top="330" Align="Left" Color="0xFF400080" Source="ChipID"></Text>
<Text Left="7" Top="437" Align="Left" Color="0xFF400080" Source="NewsSource"></Text>
<Image Top="1" Left="473" width="159" Height="151" Source="GameIcon"/>
<Image Source="GamePreview"/>
</Main>
<FileManager>
<Background>fmbg.jpg</Background>
</FileManager>
<LoadingScreen ShowInfo="True">
<Background>ls.jpg</Background>
</LoadingScreen>
<ColorScheme>
<AMBIENT_FOGCOLOR>0xFF002000</AMBIENT_FOGCOLOR>
<AMBIENT_SKYCOLOR>0xFF004000</AMBIENT_SKYCOLOR>
<AMBIENT_CELLCOLOR>0x0600C000</AMBIENT_CELLCOLOR>

<CAPTION_TEXTCOLOR>0xFFFFFFC0</CAPTION_TEXTCOLOR>
<CAPTION_BACKCOLOR>0xFF686485</CAPTION_BACKCOLOR>

<DIALOG_BORDERCOLOR>0xFF0C0A18</DIALOG_BORDERCOLOR>
<DIALOG_BACKCOLOR>0xCD636482</DIALOG_BACKCOLOR>
<DIALOG_INNER_BORDERCOLOR>0xFF636482</DIALOG_INNER_BORDERCOLOR>
<DIALOG_INNER_BACKCOLOR>0xE1004100</DIALOG_INNER_BACKCOLOR>
<DIALOG_TEXTCOLOR>0xFFFFFFFF</DIALOG_TEXTCOLOR>
<DIALOG_DISABLEDTEXT>0x7F086820</DIALOG_DISABLEDTEXT>

<OPTION_TEXTCOLOR>0xFF02C90C</OPTION_TEXTCOLOR>
<OPTION_ACTIVETEXTCOLOR>0xFFFFFFFF</OPTION_ACTIVETEXTCOLOR>
<OPTION_ACTIVEBACKCOLOR>0xFF02C90C</OPTION_ACTIVEBACKCOLOR>

<BUTTON_BORDERCOLOR>0xFF0C0A18</BUTTON_BORDERCOLOR>
<BUTTON_TEXTCOLOR>0xFF02C90C</BUTTON_TEXTCOLOR>
<BUTTON_BACKCOLOR>0xCD636482</BUTTON_BACKCOLOR>
<BUTTON_ACTIVETEXTCOLOR>0xFFFFFFFF</BUTTON_ACTIVETEXTCOLOR>
<BUTTON_ACTIVEBACKCOLOR>0xE102C90C</BUTTON_ACTIVEBACKCOLOR>	

<KB_KEYBG_HIGHLIGHT>0xCC00C000</KB_KEYBG_HIGHLIGHT>
<KB_KEYBG_DISABLED>0xffc0c0c0</KB_KEYBG_DISABLED>
<KB_KEY_PRESSED>0xff808080</KB_KEY_PRESSED>
<KB_KEY_NORMAL>0xff000000</KB_KEY_NORMAL>
<KB_KEY_DISABLED>0xff808080</KB_KEY_DISABLED>
<KB_KEY_ACTIVEBORDER>0xff008000</KB_KEY_ACTIVEBORDER>
<KB_KEY_TEXTCOLOR>0xff000000</KB_KEY_TEXTCOLOR>
<KB_KEY_TEXTBACKCOLOR>0xffFFFFFF</KB_KEY_TEXTBACKCOLOR>
<KB_KEY_TEXTBORDERCOLOR>0xff0000FF</KB_KEY_TEXTBORDERCOLOR>

<MENU_BORDERCOLOR>0x00000000</MENU_BORDERCOLOR>
<MENU_BACKCOLOR>0x00000000</MENU_BACKCOLOR>
<MENU_ACTIVEBACKCOLOR>0xFF004000</MENU_ACTIVEBACKCOLOR>
<MENU_ACTIVEBORDERCOLOR>0xFF686485</MENU_ACTIVEBORDERCOLOR>
<MENU_TEXTCOLOR>0xFF400080</MENU_TEXTCOLOR>
<MENU_ACTIVETEXTCOLOR>0xFF400080</MENU_ACTIVETEXTCOLOR>
</ColorScheme>
</Skin>
