﻿<Skin name="XBOX 7 Fusion">
    <Information>
        <Author>SHAGO</Author>
        <Version>1</Version>
        <Copyright>2010</Copyright>
        <Skinner Name="UX Architect" Version="1.0c" />
    </Information>
    <IntroMovie>Intro.wmv</IntroMovie>
    <LoadingScreen ShowInfo="False">
        <Background>Loading.wmv</Background>
    </LoadingScreen>
    <Main Globe="False" Orb="False" Fog="False">
        <Background EnableAudio="False">Fondo.png</Background>
        <InfoFont>CenturyGothic-10.xpr</InfoFont>
        <Text Top="102" Left="0" Width="118" Scroll="1" Color="0xFFFFFFFF" Source="DVDTitle" Align="Left" />
        <Text Top="116" Left="1" Width="122" Scroll="1" Color="0xFFFFFFFF" Source="Tray" Align="Left" />
        <Text Top="132" Left="1" Width="145" Scroll="1" Color="0xFFFFFFFF" Source="DVDType" Align="Left" />
        <Text Top="149" Left="0" Width="126" Scroll="1" Color="0xFFFFFFFF" Source="SongName" Align="Left" />
        <Text Top="165" Left="-1" Width="126" Scroll="1" Color="0xFFFFFFFF" Source="SoundTrack" Align="Left" />
        <Text Top="179" Left="0" Width="144" Scroll="1" Color="0xFFFFFFFF" Source="SongTime" Align="Left" />
        <Text Top="1" Left="-2" Width="125" Scroll="1" Color="0xFFFFFFFF" Source="IP" Align="Left" />
        <Text Top="26" Left="-5" Width="136" Scroll="1" Color="0xFFFFFFFF" Source="Gateway" Align="Left" />
        <Text Top="39" Left="-3" Width="150" Scroll="1" Color="0xFFFFFFFF" Source="DNS1" Align="Left" />
        <Text Top="14" Left="-2" Width="126" Scroll="1" Color="0xFFFFFFFF" Source="Subnet" Align="Left" />
        <Text Top="51" Left="0" Width="122" Scroll="1" Color="0xFFFFFFFF" Source="FanSpeed" Align="Left" />
        <Text Top="66" Left="0" Width="122" Scroll="1" Color="0xFFFFFFFF" Source="LaunchMode" Align="Left" />
        <Text Top="80" Left="2" Width="143" Scroll="1" Color="0xFFFFFFFF" Source="NewsSource" Align="Left" />
        <Text Top="264" Left="209" Width="200" Scroll="1" Color="0xFFFFFFFF" Source="Newsfeed" Align="Left" />
        <Text Top="261" Left="5" Width="200" Scroll="1" Color="0xFFFFFFFF" Source="DateTime" Align="Left" />
        <Text Top="322" Left="439" Width="200" Scroll="1" Color="0xFFFFFFFF" Source="C_TotalMB" Align="Left" />
        <Text Top="339" Left="440" Width="200" Scroll="1" Color="0xFFFFFFFF" Source="E_TotalMB" Align="Left" />
        <Text Top="357" Left="441" Width="200" Scroll="1" Color="0xFFFFFFFF" Source="F_TotalMB" Align="Left" />
        <Text Top="375" Left="440" Width="200" Scroll="1" Color="0xFFFFFFFF" Source="G_TotalMB" Align="Left" />
        <Text Top="409" Left="440" Width="200" Scroll="1" Color="0xFFFFFFFF" Source="MBTemp" Align="Left" />
        <Text Top="393" Left="439" Width="200" Scroll="1" Color="0xFFFFFFFF" Source="CPUTemp" Align="Left" />
        <Text Top="423" Left="440" Width="200" Scroll="1" Color="0xFFFFFFFF" Source="HDDKey" Align="Left" />
        <Text Top="456" Left="441" Width="200" Scroll="1" Color="0xFFFFFFFF" Source="ChipID" Align="Left" />
        <Text Top="439" Left="441" Width="200" Scroll="1" Color="0xFFFFFFFF" Source="Version" Align="Left" />
        <Image Top="32" Left="177" Width="152" Height="131" Source="GameIcon" />
        <Image Source="GamePreview" />
        <Menu Smooth="True" Align="Left" ShowIcon="True" ShowArrows="False">
            <Preview EnableAudio="True" Top="33" Left="358" Width="267" Height="185" />
            <ItemPos Top="327" Left="7" Width="200"></ItemPos>
            <ItemPos Top="362" Left="8" Width="200"></ItemPos>
            <ItemPos Top="396" Left="9" Width="200"></ItemPos>
            <ItemPos Top="432" Left="11" Width="200"></ItemPos>
            <ItemPos Top="485" Left="34" Width="200"></ItemPos>
            <ItemPos Top="333" Left="231" Width="200"></ItemPos>
            <ItemPos Top="365" Left="230" Width="200"></ItemPos>
            <ItemPos Top="395" Left="231" Width="200"></ItemPos>
            <ItemPos Top="428" Left="231" Width="200"></ItemPos>
            <Font>CenturyGothic-10.xpr</Font>
        </Menu>
        <ColorScheme>
            <AMBIENT_FOGCOLOR>0xFF8080FF</AMBIENT_FOGCOLOR>
            <AMBIENT_SKYCOLOR>0xFF00000F</AMBIENT_SKYCOLOR>
            <AMBIENT_CELLCOLOR>0xFF0080FF</AMBIENT_CELLCOLOR>
            <CAPTION_TEXTCOLOR>0xFFFFFFFF</CAPTION_TEXTCOLOR>
            <CAPTION_BACKCOLOR>0xFF0080FF</CAPTION_BACKCOLOR>
            <DIALOG_BORDERCOLOR>0xFF0080FF</DIALOG_BORDERCOLOR>
            <DIALOG_BACKCOLOR>0x9F000000</DIALOG_BACKCOLOR>
            <DIALOG_INNER_BORDERCOLOR>0xFF0080FF</DIALOG_INNER_BORDERCOLOR>
            <DIALOG_INNER_BACKCOLOR>0xFF000000</DIALOG_INNER_BACKCOLOR>
            <DIALOG_TEXTCOLOR>0xFFFFFFFF</DIALOG_TEXTCOLOR>
            <DIALOG_DISABLEDTEXT>0xFFB3B3B4</DIALOG_DISABLEDTEXT>
            <OPTION_TEXTCOLOR>0xFFFFFFFF</OPTION_TEXTCOLOR>
            <OPTION_ACTIVETEXTCOLOR>0xFFFFFFFF</OPTION_ACTIVETEXTCOLOR>
            <OPTION_ACTIVEBACKCOLOR>0xFF0080FF</OPTION_ACTIVEBACKCOLOR>
            <BUTTON_BORDERCOLOR>0xFFFFFFFF</BUTTON_BORDERCOLOR>
            <BUTTON_TEXTCOLOR>0xFFFFFFFF</BUTTON_TEXTCOLOR>
            <BUTTON_BACKCOLOR>0x980000A0</BUTTON_BACKCOLOR>
            <BUTTON_ACTIVETEXTCOLOR>0xFFFFFFFF</BUTTON_ACTIVETEXTCOLOR>
            <BUTTON_ACTIVEBACKCOLOR>0xFF0080FF</BUTTON_ACTIVEBACKCOLOR>
            <KB_KEYBG_HIGHLIGHT>0xFF0080FF</KB_KEYBG_HIGHLIGHT>
            <KB_KEYBG_DISABLED>0xFFC0C0C0</KB_KEYBG_DISABLED>
            <KB_KEY_PRESSED>0xFF008000</KB_KEY_PRESSED>
            <KB_KEY_NORMAL>0xFF000000</KB_KEY_NORMAL>
            <KB_KEY_DISABLED>0xFFFFFFFF</KB_KEY_DISABLED>
            <KB_KEY_ACTIVEBORDER>0xFF808080</KB_KEY_ACTIVEBORDER>
            <KB_KEY_TEXTCOLOR>0xFF000000</KB_KEY_TEXTCOLOR>
            <KB_KEY_TEXTBACKCOLOR>0xFFFFFFFF</KB_KEY_TEXTBACKCOLOR>
            <KB_KEY_TEXTBORDERCOLOR>0xFFFFFF00</KB_KEY_TEXTBORDERCOLOR>
            <MENU_TEXTCOLOR>0xFFFFFFFF</MENU_TEXTCOLOR>
            <MENU_ACTIVETEXTCOLOR>0xFFFFFFFF</MENU_ACTIVETEXTCOLOR>
            <MENU_BORDERCOLOR>0xFF0080FF</MENU_BORDERCOLOR>
            <MENU_BACKCOLOR>0xFF000000</MENU_BACKCOLOR>
            <MENU_ACTIVEBACKCOLOR>0xFF0080FF</MENU_ACTIVEBACKCOLOR>
            <MENU_ACTIVEBORDERCOLOR>0xFFFFFFFF</MENU_ACTIVEBORDERCOLOR>
        </ColorScheme>
    </Main>
</Skin>