﻿<Skin name="Dragon Ball Z2 By FJTR">
    <Information>
        <Author>FJTR</Author>
        <Version>2</Version>
        <Copyright>2005</Copyright>
        <Skinner Name="UX Architect" Version="1.0c" />
    </Information>
    <IntroMovie>intro.WMV</IntroMovie>
    <LoadingScreen ShowInfo="False">
        <Background>Loading.wmv</Background>
    </LoadingScreen>
    <Main Globe="False" Orb="False">
        <Background EnableAudio="False">back.jpg</Background>
        <Cellwall>Cell.png</Cellwall>
        <InfoFont>Square-10.xpr</InfoFont>
        <Text Top="278" Left="29" Width="152" Scroll="0" Color="0xFFF9F900" Source="MBTempC" Align="Left" />
        <Text Top="254" Left="31" Width="150" Scroll="0" Color="0xFFF9F900" Source="CPUTempC" Align="Left" />
        <Text Top="213" Left="29" Width="155" Scroll="0" Color="0xFFF9F900" Source="G_FreeMB" Align="Left" />
        <Text Top="185" Left="30" Width="154" Scroll="0" Color="0xFFF9F900" Source="F_FreeMB" Align="Left" />
        <Text Top="129" Left="29" Width="150" Scroll="0" Color="0xFF00008C" Source="DVDTitle" Align="Left" />
        <Text Top="106" Left="28" Width="156" Scroll="0" Color="0xFFF9F900" Source="DVDType" Align="Left" />
        <Text Top="80" Left="29" Width="157" Scroll="1" Color="0xFF00008C" Source="IP" Align="Left" />
        <Text Top="41" Left="26" Width="157" Scroll="1" Color="0xFFF9F900" Source="DateTime" Align="Left" />
        <Image Top="34" Left="243" Width="148" Height="128" Source="GameIcon" />
        <Menu Align="Left" ShowIcon="False" ShowArrows="False">
            <Position Top="342" Left="35" Width="315" Height="110" Fixed="False" FixAt="2" MaxItem="4" />
            <Font>Lucida-14.xpr</Font>
        </Menu>
        <ColorScheme>
            <AMBIENT_FOGCOLOR>0x78FFFFFF</AMBIENT_FOGCOLOR>
            <AMBIENT_SKYCOLOR>0xFF00000F</AMBIENT_SKYCOLOR>
            <AMBIENT_CELLCOLOR>0x7800C000</AMBIENT_CELLCOLOR>
            <CAPTION_TEXTCOLOR>0xFFEAEA47</CAPTION_TEXTCOLOR>
            <CAPTION_BACKCOLOR>0xFF4274FF</CAPTION_BACKCOLOR>
            <DIALOG_BORDERCOLOR>0xFFFFFFFF</DIALOG_BORDERCOLOR>
            <DIALOG_BACKCOLOR>0xFF273CF3</DIALOG_BACKCOLOR>
            <DIALOG_INNER_BORDERCOLOR>0xFFFFFFFF</DIALOG_INNER_BORDERCOLOR>
            <DIALOG_INNER_BACKCOLOR>0xFF09389A</DIALOG_INNER_BACKCOLOR>
            <DIALOG_TEXTCOLOR>0xFFFFFFFF</DIALOG_TEXTCOLOR>
            <DIALOG_DISABLEDTEXT>0xFFB3B3B4</DIALOG_DISABLEDTEXT>
            <OPTION_TEXTCOLOR>0xFFFFFFFF</OPTION_TEXTCOLOR>
            <OPTION_ACTIVETEXTCOLOR>0xFF47EAEA</OPTION_ACTIVETEXTCOLOR>
            <OPTION_ACTIVEBACKCOLOR>0xFF273CF3</OPTION_ACTIVEBACKCOLOR>
            <BUTTON_BORDERCOLOR>0xFFFFFFFF</BUTTON_BORDERCOLOR>
            <BUTTON_TEXTCOLOR>0xFFFFFFFF</BUTTON_TEXTCOLOR>
            <BUTTON_BACKCOLOR>0xFF273CF3</BUTTON_BACKCOLOR>
            <BUTTON_ACTIVETEXTCOLOR>0xFFFFFFFF</BUTTON_ACTIVETEXTCOLOR>
            <BUTTON_ACTIVEBACKCOLOR>0xFF003399</BUTTON_ACTIVEBACKCOLOR>
            <KB_KEYBG_HIGHLIGHT>0xFF0000FF</KB_KEYBG_HIGHLIGHT>
            <KB_KEYBG_DISABLED>0x78C0C0C0</KB_KEYBG_DISABLED>
            <KB_KEY_PRESSED>0xFF008000</KB_KEY_PRESSED>
            <KB_KEY_NORMAL>0xFF000000</KB_KEY_NORMAL>
            <KB_KEY_DISABLED>0xFFFFFFFF</KB_KEY_DISABLED>
            <KB_KEY_ACTIVEBORDER>0xFFFF0000</KB_KEY_ACTIVEBORDER>
            <KB_KEY_TEXTCOLOR>0xFF000000</KB_KEY_TEXTCOLOR>
            <KB_KEY_TEXTBACKCOLOR>0xFFFFFFFF</KB_KEY_TEXTBACKCOLOR>
            <KB_KEY_TEXTBORDERCOLOR>0x780000FF</KB_KEY_TEXTBORDERCOLOR>
            <MENU_TEXTCOLOR>0xFF00008C</MENU_TEXTCOLOR>
            <MENU_ACTIVETEXTCOLOR>0xFFF9F900</MENU_ACTIVETEXTCOLOR>
        </ColorScheme>
    </Main>
</Skin>