﻿<Skin name="Warrior">
    <Information>
        <Author>Ace664</Author>
        <Version>1</Version>
        <Copyright>2010</Copyright>
        <Skinner Name="UX Architect" Version="1.0c" />
    </Information>
    <Filemanager SafeBorder="False">
        <Background>fan1280x800.jpg</Background>
    </Filemanager>
    <LoadingScreen ShowInfo="False">
        <Background>fan1280x800.jpg</Background>
    </LoadingScreen>
    <Main Globe="False" Orb="False" Fog="False">
        <Background EnableAudio="False">fan1280x800.jpg</Background>
        <InfoFont>Square-10.xpr</InfoFont>
        <Text Top="6" Left="6" Width="625" Scroll="2" Color="0xFFFFFFFF" Source="Newsfeed" Align="Left" />
        <Text Top="140" Left="432" Width="200" Scroll="0" Color="0xFFFF0000" Source="MBTemp" Align="Right" />
        <Text Top="161" Left="430" Width="200" Scroll="0" Color="0xFFFF0000" Source="CPUTemp" Align="Right" />
        <Text Top="56" Left="6" Width="200" Scroll="0" Color="0xFFFF0000" Source="DateTime" Align="Left" />
        <Text Top="77" Left="6" Width="200" Scroll="0" Color="0xFFFF0000" Source="SoundTrack" Align="Left" />
        <Text Top="98" Left="7" Width="200" Scroll="0" Color="0xFFFF0000" Source="SongName" Align="Left" />
        <Text Top="119" Left="7" Width="200" Scroll="0" Color="0xFFFF0000" Source="SongTime" Align="Left" />
        <Text Top="154" Left="7" Width="200" Scroll="0" Color="0xFFFF0000" Source="IP" Align="Left" />
        <Text Top="217" Left="7" Width="200" Scroll="0" Color="0xFFFF0000" Source="DNS2" Align="Left" />
        <Text Top="196" Left="6" Width="200" Scroll="0" Color="0xFFFF0000" Source="DNS1" Align="Left" />
        <Text Top="274" Left="6" Width="200" Scroll="0" Color="0xFFFF0000" Source="Tray" Align="Left" />
        <Text Top="254" Left="6" Width="200" Scroll="0" Color="0xFFFF0000" Source="DVDTitle" Align="Left" />
        <Text Top="294" Left="6" Width="200" Scroll="0" Color="0xFFFF0000" Source="DVDType" Align="Left" />
        <Text Top="55" Left="432" Width="200" Scroll="0" Color="0xFFFF0000" Source="E_Free" Align="Right" />
        <Text Top="77" Left="433" Width="200" Scroll="0" Color="0xFFFF0000" Source="F_Free" Align="Right" />
        <Text Top="98" Left="431" Width="200" Scroll="0" Color="0xFFFF0000" Source="G_Free" Align="Right" />
        <Text Top="175" Left="6" Width="200" Scroll="0" Color="0xFFFF0000" Source="Gateway" Align="Left" />
        <Image Top="347" Left="503" Width="128" Height="128" Source="GameIcon" />
        <Image Source="GamePreview" />
        <Menu Align="Left" ShowIcon="False" ShowArrows="False">
            <Preview EnableAudio="True" Top="215" Left="503" Width="128" Height="129" />
            <Position Top="354" Left="5" Width="320" Height="131" Fixed="False" FixAt="2" MaxItem="4" />
            <Font>Trebuchet-14.xpr</Font>
        </Menu>
        <ColorScheme>
            <AMBIENT_FOGCOLOR>0xFFFFFFFF</AMBIENT_FOGCOLOR>
            <AMBIENT_SKYCOLOR>0xFF00000F</AMBIENT_SKYCOLOR>
            <AMBIENT_CELLCOLOR>0x7800C000</AMBIENT_CELLCOLOR>
            <CAPTION_TEXTCOLOR>0xFFC0C0C0</CAPTION_TEXTCOLOR>
            <CAPTION_BACKCOLOR>0xFF000000</CAPTION_BACKCOLOR>
            <DIALOG_BORDERCOLOR>0xFFFFFFFF</DIALOG_BORDERCOLOR>
            <DIALOG_BACKCOLOR>0xD1FF0000</DIALOG_BACKCOLOR>
            <DIALOG_INNER_BORDERCOLOR>0xFFFFFFFF</DIALOG_INNER_BORDERCOLOR>
            <DIALOG_INNER_BACKCOLOR>0xFF000000</DIALOG_INNER_BACKCOLOR>
            <DIALOG_TEXTCOLOR>0xFFFFFFFF</DIALOG_TEXTCOLOR>
            <DIALOG_DISABLEDTEXT>0xFFB3B3B4</DIALOG_DISABLEDTEXT>
            <OPTION_TEXTCOLOR>0xFFFFFFFF</OPTION_TEXTCOLOR>
            <OPTION_ACTIVETEXTCOLOR>0xFFFFFFFF</OPTION_ACTIVETEXTCOLOR>
            <OPTION_ACTIVEBACKCOLOR>0xFFFF0000</OPTION_ACTIVEBACKCOLOR>
            <BUTTON_BORDERCOLOR>0xFFFFFFFF</BUTTON_BORDERCOLOR>
            <BUTTON_TEXTCOLOR>0xFFFFFFFF</BUTTON_TEXTCOLOR>
            <BUTTON_BACKCOLOR>0xFFFF0000</BUTTON_BACKCOLOR>
            <BUTTON_ACTIVETEXTCOLOR>0xFFFFFFFF</BUTTON_ACTIVETEXTCOLOR>
            <BUTTON_ACTIVEBACKCOLOR>0xFFC0C0C0</BUTTON_ACTIVEBACKCOLOR>
            <KB_KEYBG_HIGHLIGHT>0xFFFF0000</KB_KEYBG_HIGHLIGHT>
            <KB_KEYBG_DISABLED>0x78C0C0C0</KB_KEYBG_DISABLED>
            <KB_KEY_PRESSED>0xFF008000</KB_KEY_PRESSED>
            <KB_KEY_NORMAL>0xFF000000</KB_KEY_NORMAL>
            <KB_KEY_DISABLED>0xFF808080</KB_KEY_DISABLED>
            <KB_KEY_ACTIVEBORDER>0xFFFF0000</KB_KEY_ACTIVEBORDER>
            <KB_KEY_TEXTCOLOR>0xFF000000</KB_KEY_TEXTCOLOR>
            <KB_KEY_TEXTBACKCOLOR>0xFFFFFFFF</KB_KEY_TEXTBACKCOLOR>
            <KB_KEY_TEXTBORDERCOLOR>0x78FFFFFF</KB_KEY_TEXTBORDERCOLOR>
            <MENU_TEXTCOLOR>0xFFFF0000</MENU_TEXTCOLOR>
            <MENU_ACTIVETEXTCOLOR>0xFFFFFFFF</MENU_ACTIVETEXTCOLOR>
        </ColorScheme>
    </Main>
</Skin>