<Skin name="Vista_Jezz">
	<Information>
		<Author>Jezz</Author>
		<Copyright>Copyright 2005 to whenever</Copyright>
	 	<Version>1</Version>
	</Information>
	<Fonts>
		<Font Name="Common10">common-font10.xpr</Font>
		<Font Name="Common14">common-font14.xpr</Font>
		<Font Name="Special">special-normal-pal.xpr</Font>
		<Font Name="Segoe">Segoe_UI_13.xpr</Font>
		
	</Fonts>	
	<Main Globe="false" Orb="False" Fog="false">
		<Cellwall></Cellwall>
		<Orb></Orb>
		<Icon></Icon>
		<BackGround>BG_Overlay.png</BackGround>
		
		<Menu Scroll="True" Smooth="False" Rotate="false" ShowIcon="false" ShowArrows="false">
           	 <Position Top="305" Left="245" Width="310" Height="115" Fixed="False" FixAt="0" MaxItem="4" />
		<Preview EnableAudio="False" Left="90" Top="70" Width="185" Height="140"/>
		<Font>Segoe</Font>
		</Menu>
		
		
		<Image Left="93" Top="305" Width="110" Height="105" Source="GameIcon" />
		<Shape Type="Rectangle" Left="358" Top="128" Width="212" Height="1" BorderColor="0xAA414141" BackColor="0x00000000"/>	
		<Shape Type="Rectangle" Left="358" Top="173" Width="212" Height="1" BorderColor="0xAA414141" BackColor="0x00000000"/>	
		<Image Left="377" Top="432">A_Button.png</Image> 
		<Image Left="470" Top="432">B_Button.png</Image> 
		<Image Left="112" Top="152">Y_Button.png</Image> 
		<Image Left="115" Top="105">White_Button.png</Image> 
		<Image Source="GamePreview"/>

		<InfoFont>Common10</InfoFont>    

                  <Text Top="75" Left="380" Align="Left" Width="220" Scroll="0" Color="0xBBBBBBBB" ScaleX="100" ScaleY="100" Font="Common10" Source="C_FreeMB"></Text>
                  <Text Top="90" Left="380" Align="Left" Width="220" Scroll="0" Color="0xBBBBBBBB" ScaleX="100" ScaleY="100" Font="Common10" Source="E_FreeMB"></Text>
                  <Text Top="105" Left="380" Align="Left" Width="220" Scroll="0" Color="0xBBBBBBBB" ScaleX="100" ScaleY="100" Font="Common10" Source="F_FreeMB"></Text>

               	  <Text Top="135" Left="380" Align="Left" Color="0xBBBBBBBB" ScaleX="100" ScaleY="100"  Font="Common10" Source="CPUTemp"></Text>
             	  <Text Top="150" Left="380" Align="Left" Color="0xBBBBBBBB" ScaleX="100" ScaleY="100"  Font="Common10" Source="MBTemp"></Text>

               	  <Text Top="180" Left="380" Align="Left" Color="0xBBBBBBBB" ScaleX="100" ScaleY="100"  Font="Common10" Source="IP"></Text>
             	  <Text Top="195" Left="380" Align="Left" Color="0xBBBBBBBB" ScaleX="100" ScaleY="100"  Font="Common10" Source="Tray"></Text>

             	  <Text Top="260" Left="228" Align="Left" Color="0xFFADADAD" ScaleX="100" ScaleY="90"  Font="Special" Source="|  $Time$"></Text>
                  <Text Top="260" Left="215" Align="Right" Color="0xFFFFFFFF" ScaleX="100" ScaleY="90" Font="Special" Source="$Date$"></Text>	

         </Main>

	<IntroMovie></IntroMovie>
        <FileManager SafeBorder="true">
		<BackGround>filemanager.png</BackGround>
	</FileManager>
	
	<LoadingScreen ShowInfo="False">
		<BackGround>wait.png</BackGround>
	</LoadingScreen>
	
	<MusicPlayer Top="1" Left="1" Width="640" Height="480" Relative="True">
		<BackGround>mp_back.png</BackGround>
		<Image Top="325" Left="225">Stick_Click.png</Image> 
		<Image Top="167" Left="470">Audio.png</Image> 
		
		<ButtonMap>mp_Buttons.png</ButtonMap>	
		<Element Type="Prev" Left="100" Top="35" Width="70" Height="50"/>
		<Element Type="Stop" Left="160" Top="35" Width="70" Height="50"/>
		<Element Type="Play" Left="220" Top="35" Width="70" Height="50"/>
		<Element Type="Pause" Left="280" Top="35" Width="70" Height="50"/>
		<Element Type="Next" Left="340" Top="35" Width="70" Height="50"/>
		<Element Type="PrevTrack" Left="400" Top="35" Width="70" Height="50"/>
		<Element Type="NextTrack" Left="460" Top="35" Width="70" Height="50"/>
		<Element Type="Mute" Left="340" Top="126" Width="70" Height="25"/>
		<Element Type="Random" Left="405" Top="126" Width="70" Height="25"/>
		
		<Element Type="Meter" Left="105" Top="130" Width="175" Height="80"/>
		<Element Type="Progress" Left="105" Top="85" Width="425" Height="4" Direction="right"/>
		<Element Type="Volume" Left="105" Top="215" Width="165" Height="4" Direction="right"/>

		<Text Left="245" Top="330" Width="200" Height="15" Align="Middle" Color="0xBBBBBBBB" Source="Click Right Thumbstick" Font="Common10"/>
		<Text Left="245" Top="350" Width="200" Height="15" Align="Middle" Color="0xBBBBBBBB" Source="to Toggle Playlist" Font="Common10"/>
		<Text Left="390" Top="133" Width="80" Height="15" Color="0xFFFFFFFF" Source="Mute" Font="Common10" Align="left" ScaleX="100" ScaleY="100"/>
		<Text Left="455" Top="133" Width="80" Height="15" Color="0xFFFFFFFF" Source="Random" Font="Common10" Align="left" ScaleX="100" ScaleY="100"/>

		<Text Left="105" Top="18" Width="250" Height="30" Color="0xFFB6FF00" Source="SongTrack" Scroll="1" Font="Common14" ScaleX="70" ScaleY="70"/>
		<Text Left="370" Top="155" Height="30" Color="0xFFb5b5b5" Source="SongTime" Font="Common14" Align="Left" ScaleX="100" ScaleY="100"/>
		<Text Left="420" Top="155" Height="30" Color="0xFFb5b5b5" Source="/" Font="Common14" Align="Left" ScaleX="80" ScaleY="100" zIndex="2" />
		<Text Left="433" Top="155" Height="30" Color="0xFFb5b5b5" Source="SongLength" Font="Common14" Align="left" ScaleX="100" ScaleY="90"/>
		<Text Left="370" Top="182" Width="100" Height="30" Color="0xFFb5b5b5" Source="SongBitRate" Font="Common14" Align="left" ScaleX="100" ScaleY="90"/>
		<Text Left="370" Top="205" Width="100" Height="30" Color="0xFFb5b5b5" Source="SongChannel" Font="Common14" Align="left" ScaleX="100" ScaleY="90"/>
		<Playlist Top="265" Left="75" Width="495" Height="229" OffsetX="30" OffsetY="30">
			<BackGround>Playlist.png</BackGround>
		</Playlist>

	</MusicPlayer>

	<ColorScheme Name="Default">
	        <AMBIENT_FOGCOLOR>0x004e4e4e</AMBIENT_FOGCOLOR>
	        <AMBIENT_SKYCOLOR>0xFF000000</AMBIENT_SKYCOLOR>
	        <AMBIENT_CELLCOLOR>0xFF626262</AMBIENT_CELLCOLOR>
	        <CAPTION_TEXTCOLOR>0xFFB6FF00</CAPTION_TEXTCOLOR>
	        <CAPTION_BACKCOLOR>0x005B5B5B</CAPTION_BACKCOLOR>
                <DIALOG_BORDERCOLOR>0x99767676</DIALOG_BORDERCOLOR>
                <DIALOG_BACKCOLOR>0x99767676</DIALOG_BACKCOLOR>
                <DIALOG_INNER_BORDERCOLOR>0xFF000000</DIALOG_INNER_BORDERCOLOR>
                <DIALOG_INNER_BACKCOLOR>0xFF000000</DIALOG_INNER_BACKCOLOR>
	        <DIALOG_TEXTCOLOR>0xFFd9d9d9</DIALOG_TEXTCOLOR>
	        <DIALOG_DISABLEDTEXT>0xFF404040</DIALOG_DISABLEDTEXT>
	        <OPTION_TEXTCOLOR>0xFFFFFFFF</OPTION_TEXTCOLOR>
	        <OPTION_ACTIVETEXTCOLOR>0xFFB6FF00</OPTION_ACTIVETEXTCOLOR>
	        <OPTION_ACTIVEBACKCOLOR>0xFF565656</OPTION_ACTIVEBACKCOLOR>
	        <BUTTON_BORDERCOLOR>0xFFBFBFBF</BUTTON_BORDERCOLOR>
	        <BUTTON_TEXTCOLOR>0xFFBFBFBF</BUTTON_TEXTCOLOR>
	        <BUTTON_BACKCOLOR>0xFF0A0A0A</BUTTON_BACKCOLOR>
	        <BUTTON_ACTIVETEXTCOLOR>0xFFB6FF00</BUTTON_ACTIVETEXTCOLOR>
	        <BUTTON_ACTIVEBACKCOLOR>0xFF565656</BUTTON_ACTIVEBACKCOLOR>
	        <KB_KEYBG_HIGHLIGHT>0xFF656565</KB_KEYBG_HIGHLIGHT>
	        <KB_KEYBG_DISABLED>0xFFC0C0C0</KB_KEYBG_DISABLED>
	        <KB_KEY_PRESSED>0xFFF8F8F8</KB_KEY_PRESSED>
	        <KB_KEY_NORMAL>0xFF000000</KB_KEY_NORMAL>
	        <KB_KEY_DISABLED>0x74000000</KB_KEY_DISABLED>
	        <KB_KEY_ACTIVEBORDER>0xFF000000</KB_KEY_ACTIVEBORDER>
	        <KB_KEY_TEXTCOLOR>0xFF000000</KB_KEY_TEXTCOLOR>
	        <KB_KEY_TEXTBACKCOLOR>0xFFD0D0D0</KB_KEY_TEXTBACKCOLOR>
	        <KB_KEY_TEXTBORDERCOLOR>0xFFFFFFFF</KB_KEY_TEXTBORDERCOLOR>
		<MENU_TEXTCOLOR>0xFFFFFFFF</MENU_TEXTCOLOR>
		<MENU_ACTIVETEXTCOLOR>0xFFB6FF00</MENU_ACTIVETEXTCOLOR>
		<MENU_BORDERCOLOR>0x00000000</MENU_BORDERCOLOR>
		<MENU_BACKCOLOR>0x00000000</MENU_BACKCOLOR>
		<MENU_ACTIVEBACKCOLOR>0x00000000</MENU_ACTIVEBACKCOLOR>
		<MENU_ACTIVEBORDERCOLOR>0x00000000</MENU_ACTIVEBORDERCOLOR>
		<MMActiveForeColor>0xFFB6FF00</MMActiveForeColor>
		<MMForeColor>0xFFADADAD</MMForeColor>
		<MMOffForeColor>0xFF808080</MMOffForeColor>
		<MMDarkBarColor>0xFF9aab01</MMDarkBarColor>
		<MMLightBarColor>0xFFa9bc00</MMLightBarColor>
		<MMDarkBackColor>0x99404040</MMDarkBackColor>
		<WindowBackCOLOR>0xFF000000</WindowBackCOLOR>
		<WindowForeCOLOR>0xFFFFFFFF</WindowForeCOLOR>
	</ColorScheme>
</Skin>














