<Skin Name="loooooooooooooooooooooooook">
<Information>
<Author>Drew</Author>
<Copyright>2006 Skinned by Sketchy Skinner</Copyright>
<Version>9999999999</Version>
</Information>
<Main globe="True" Orb="True">
<InfoFont>info.xpr</InfoFont>
<Background EnableAudio="True">bg.png</background>
<Menu smooth="True" ShowArrows="False" ShowIcon="True" Rotate="True">
<Position left="7" Top="56" Width="194" Height="206" />
<Preview EnableAudio="True" left="7" Top="56" Width="194" Height="206" />
<Font>menu.xpr</Font>
</Menu>
<Text Left="483" Top="561" Align="Left" Color="0xFF400040" Source="IP"></Text>
<Text Left="12" Top="566" Align="Left" Color="0xFF400040" Source="SkinAuthor"></Text>
<Text Left="677" Top="-10" Align="Left" Color="0xFF400040" Source="FanSpeed"></Text>
<Image Top="56" Left="7" width="194" Height="206" Source="GameIcon"/>
<Image Source="GamePreview"/>
</Main>
<FileManager>
<Background>fmbg.png</Background>
</FileManager>
<LoadingScreen ShowInfo="True">
<Backgroung>load.png</Background>
</LoadingScreen>
<ColorScheme>
<MENU_TEXTCOLOR>0xFF80FF00</MENU_TEXTCOLOR>
<MENU_ACTIVETEXTCOLOR>0xFFFF80FF</MENU_ACTIVETEXTCOLOR>
</ColorSceme>
</Skin>
