<Skin name="E-II">
	<Information>
		<Author>AzA</Author>
		<Copyright>Copyright 2003</Copyright>
		<Version>2.0</Version>
	</Information>
	<Main Globe="True" Fog="True" Orb="False">
		<BackGround>Background.png</BackGround>
		<GameIcon Enable="True" Opacity="40">
			<Position Top="150" Left="65" Width="180" Height="180" />
		</GameIcon>
		<Menu Smooth="True" Align="Middle" Rotate="False" ShowIcon="False">
		<Position Top="70" Left="320" Width="200" Height="130" Fixed="False" FixAt="5" MaxItem="5">
		</Position>

	</Menu>
		<Text Left="467" Top="323" Align="Left" Color="0xFFFFFF80" Source="NewsSource"></Text>

		<Text Left="266" Top="250" Align="Left" Color="0xFFFFFF80" Source="C_FreeMB"></Text>
		<Text Left="433" Top="250" Align="Left" Color="0xFFFFFF80" Source="C_Total"></Text>
		<Text Left="266" Top="270" Align="Left" Color="0xFFFFFF80" Source="E_FreeMB"></Text>
		<Text Left="433" Top="270" Align="Left" Color="0xFFFFFF80" Source="E_Total"></Text>
		<Text Left="266" Top="290" Align="Left" Color="0xFFFFFF80" Source="F_FreeMB"></Text>
		<Text Left="433" Top="290" Align="Left" Color="0xFFFFFF80" Source="F_Total"></Text>
		
		<Text Left="575" Top="225" Align="Right" Color="0xFF000040" Source="Tray"></Text>
		<Text Left="420" Top="10" Align="Right" Color="0xFFFFFF80" Source="NickName"></Text>

                <Text Left="266" Top="320" Color="0xFFFFFF80" Source="SongName"></Text>
		<Text Left="285" Top="345" Color="0xFFFFFF80" Source="SongTime"></Text>

		<Text Left="68" Top="73" Color="0xFFFFFF80" Source="Version"></Text>

                <Text Left="320" Top="225" Color="0xFFFFFF80" Source="FanSpeed"></Text>

		<Text Left="348" Top="350" Align="Left" Color="0xFFFFFF80" Source="MBTemp"></Text>
		<Text Left="470" Top="350" Align="Left" Color="0xFFFFFF80" Source="CPUTemp"></Text>
		
                <Text Left="90" Top="357" Align="Left" Color="0xFF000040" Source="NumClient"></Text>
		<Text Left="410" Top="450" Align="Right" Color="0xFFFFFFFF" Source="IP"></Text>

		<Text Left="200" Top="425" Align="Left" Color="0xFF000040" Source="AppVersion"></Text>

                <Text Left="100" Top="389" Width="450" Height="150" Align="Left" Color="0xFFFFFF80" Source="Newsfeed"></Text>

	</Main>
		<ColorScheme Name="E-II">
			<AMBIENT_FOGCOLOR>0xFF000040</AMBIENT_FOGCOLOR>
			<AMBIENT_SKYCOLOR>0xFF000040</AMBIENT_SKYCOLOR>
			<AMBIENT_CELLCOLOR>0x065A79CE</AMBIENT_CELLCOLOR>
			<CAPTION_TEXTCOLOR>0xFFFFFFC0</CAPTION_TEXTCOLOR>
			<CAPTION_BACKCOLOR>0xFF4274FF</CAPTION_BACKCOLOR>
			<DIALOG_BORDERCOLOR>0xFFFFFFFF</DIALOG_BORDERCOLOR>
			<DIALOG_BACKCOLOR>0xFF1E34F2</DIALOG_BACKCOLOR>
			<DIALOG_INNER_BORDERCOLOR>0xFFFFE2B4</DIALOG_INNER_BORDERCOLOR>
			<DIALOG_INNER_BACKCOLOR>0xE1003399</DIALOG_INNER_BACKCOLOR>
			<DIALOG_TEXTCOLOR>0xFFFFFFFF</DIALOG_TEXTCOLOR>
			<DIALOG_DISABLEDTEXT>0x7F0000C0</DIALOG_DISABLEDTEXT>
			<OPTION_TEXTCOLOR>0xFFFFFFFF</OPTION_TEXTCOLOR>
			<OPTION_ACTIVETEXTCOLOR>0xFF40FFFF</OPTION_ACTIVETEXTCOLOR>
			<OPTION_ACTIVEBACKCOLOR>0xFF000080</OPTION_ACTIVEBACKCOLOR>
			<BUTTON_BORDERCOLOR>0xFFFFE2B4</BUTTON_BORDERCOLOR>
			<BUTTON_TEXTCOLOR>0xFF993300</BUTTON_TEXTCOLOR>
			<BUTTON_BACKCOLOR>0xCD1E34F2</BUTTON_BACKCOLOR>
			<BUTTON_ACTIVETEXTCOLOR>0xFFFFFFFF</BUTTON_ACTIVETEXTCOLOR>
			<BUTTON_ACTIVEBACKCOLOR>0xE1003399</BUTTON_ACTIVEBACKCOLOR>
			<KB_KEYBG_HIGHLIGHT>0xcc0000C0</KB_KEYBG_HIGHLIGHT>
			<KB_KEYBG_DISABLED>0xffc0c0c0</KB_KEYBG_DISABLED>
			<KB_KEY_PRESSED>0xff808080</KB_KEY_PRESSED>
			<KB_KEY_NORMAL>0xff000000</KB_KEY_NORMAL>
			<KB_KEY_DISABLED>0xff808080</KB_KEY_DISABLED>
			<KB_KEY_ACTIVEBORDER>0xff0000FF</KB_KEY_ACTIVEBORDER>
			<KB_KEY_TEXTCOLOR>0xff000000</KB_KEY_TEXTCOLOR>
			<KB_KEY_TEXTBACKCOLOR>0xffFFFFFF</KB_KEY_TEXTBACKCOLOR>
			<KB_KEY_TEXTBORDERCOLOR>0xff0000FF</KB_KEY_TEXTBORDERCOLOR>
			<MENU_TEXTCOLOR>0x99FFFFFF</MENU_TEXTCOLOR>
			<MENU_ACTIVETEXTCOLOR>0xFFFBFA8F</MENU_ACTIVETEXTCOLOR>
			<MENU_BORDERCOLOR>0x00000000</MENU_BORDERCOLOR>
			<MENU_BACKCOLOR>0x00000000</MENU_BACKCOLOR>
			<MENU_ACTIVEBACKCOLOR>0x00000000</MENU_ACTIVEBACKCOLOR>
			<MENU_ACTIVEBORDERCOLOR>0x00000000</MENU_ACTIVEBORDERCOLOR>
		</ColorScheme>
</Skin>