<Skin name="Aladdin Extreme GOLD">
	<Information>
	  <Author>Aladdin</Author>
	</Information>
	<Main Globe="True" Orb="True" Fog="True">
	  <Background>fog.png</Background>
	  <Orb>orb_und.png</Orb>
	  <Icon>orb.png</Icon>
	  <Image>bgms.png</Image>
	  <Image Source="GameIcon" />
	  <Image Left="130" Top="118" Width="110" Height="110" Source="GamePreview" />
	  <Image Left="90" Top="83" Width="233" Height="233" Opacity="100"></Image>
	  <Menu Smooth="False" Align="Left" ShowArrows="False" Rotate="False" ShowIcon="False">
	      <Preview EnableAudio="False" Left="148" Top="136" Width="130" Height="136" />
		<font>Crystal_clear_14.xpr</font>
		<itempos left="325" top="96" width="240"></itempos>
		<itempos left="340" top="138" width="240"></itempos>
		<itempos left="345" top="180" width="240"></itempos>
		<itempos left="340" top="222" width="240"></itempos>
		<itempos left="327" top="264" width="240"></itempos>
		<itempos left="294" top="306" width="240"></itempos>
		</Menu>
		<Text Left="20" Top="15" Align="Left" Color="0xFF7171FF" Source="Tray: $DVDTitle$"></Text>
		<Text Left="500" Top="15" Align="Right" Color="0xFF7171FF" Source="$Date$"></Text>
		<Text Left="610" Top="15" Align="Right" Color="0xFF7171FF" Source="$Time$"></Text>
		<Text Left="610" Top="35" Align="Right" Color="0xFF7171FF" Source="$IP$"></Text>
		<Text Left="610" Top="55" Align="Right" Color="0xFF7171FF" Source="NumClient"></Text>
		<Text Left="30" Top="355" Align="Left" Color="0xFF7171FF" Source="CPUTemp"></Text>
		<Text Left="30" Top="375" Align="Left" Color="0xFF7171FF" Source="MBTemp"></Text>		
		<Text Left="240" Top="355" Align="Left" Color="0xFF7171FF" Source="C: $C_FreeMB$"></Text>
		<Text Left="240" Top="375" Align="Left" Color="0xFF7171FF" Source="E: $E_FreeMB$"></Text>
		<Text Left="240" Top="395" Align="Left" Color="0xFF7171FF" Source="F: $F_FreeMB$"></Text>
		<Text Left="630" Top="355" Align="Right" Color="0xFF7171FF" Source="AppVersion"></Text>
                <Text Left="30" Top="425" Align="lrft" Color="0xFF7171FF" Source="$NickName$"></Text>
                <Text Left="30" Top="448" Alight="left" width="600" color="0xFF7171FF" source="Nyheter: $Newsfeed$"></text>
	</Main>
	<LoadingScreen>
	<Background>loading.png</Background>
	</LoadingScreen>
	<ColorScheme >
		<AMBIENT_FOGCOLOR>0xFF010931</AMBIENT_FOGCOLOR>
		<AMBIENT_SKYCOLOR>0x00000000</AMBIENT_SKYCOLOR>
		<AMBIENT_CELLCOLOR>0xFFFFFFFF</AMBIENT_CELLCOLOR>

			<CAPTION_TEXTCOLOR>0xFFFFFFC0</CAPTION_TEXTCOLOR>
			<CAPTION_BACKCOLOR>0xFF000000</CAPTION_BACKCOLOR>
			<DIALOG_BORDERCOLOR>0xFFFFFFFF</DIALOG_BORDERCOLOR>
			<DIALOG_BACKCOLOR>0xCD1E34F2</DIALOG_BACKCOLOR>
			<DIALOG_INNER_BORDERCOLOR>0xFFFFE2B4</DIALOG_INNER_BORDERCOLOR>
			<DIALOG_INNER_BACKCOLOR>0xE1003399</DIALOG_INNER_BACKCOLOR>
			<DIALOG_TEXTCOLOR>0xFFFFFFFF</DIALOG_TEXTCOLOR>
			<DIALOG_DISABLEDTEXT>0x7F0000C0</DIALOG_DISABLEDTEXT>
			<OPTION_TEXTCOLOR>0xFFFFFFFF</OPTION_TEXTCOLOR>
			<OPTION_ACTIVETEXTCOLOR>0xFF40FFFF</OPTION_ACTIVETEXTCOLOR>
			<OPTION_ACTIVEBACKCOLOR>0xFF000080</OPTION_ACTIVEBACKCOLOR>
			<BUTTON_BORDERCOLOR>0xFFFFE2B4</BUTTON_BORDERCOLOR>
			<BUTTON_TEXTCOLOR>0xFF993300</BUTTON_TEXTCOLOR>
			<BUTTON_BACKCOLOR>0xCD1E34F2</BUTTON_BACKCOLOR>
			<BUTTON_ACTIVETEXTCOLOR>0xFFFFFFFF</BUTTON_ACTIVETEXTCOLOR>
			<BUTTON_ACTIVEBACKCOLOR>0xE1003399</BUTTON_ACTIVEBACKCOLOR>
			<KB_KEYBG_HIGHLIGHT>0xcc0000C0</KB_KEYBG_HIGHLIGHT>
			<KB_KEYBG_DISABLED>0xffc0c0c0</KB_KEYBG_DISABLED>
			<KB_KEY_PRESSED>0xff808080</KB_KEY_PRESSED>
			<KB_KEY_NORMAL>0xff000000</KB_KEY_NORMAL>
			<KB_KEY_DISABLED>0xff808080</KB_KEY_DISABLED>
			<KB_KEY_ACTIVEBORDER>0xff0000FF</KB_KEY_ACTIVEBORDER>
			<KB_KEY_TEXTCOLOR>0xff000000</KB_KEY_TEXTCOLOR>
			<KB_KEY_TEXTBACKCOLOR>0xffFFFFFF</KB_KEY_TEXTBACKCOLOR>
			<KB_KEY_TEXTBORDERCOLOR>0xff0000FF</KB_KEY_TEXTBORDERCOLOR>
			
			<MENU_TEXTCOLOR>0xFF7171FF</MENU_TEXTCOLOR>
			<MENU_ACTIVETEXTCOLOR>ffbd8ad7</MENU_ACTIVETEXTCOLOR>
	</ColorScheme>
</Skin>