<Skin name="Riddick Unleashed">
	<Information>
		<Author>dunny</Author>
		<Copyright>2004</Copyright>
		<Version>1</Version>
	</Information>
 
	<IntroMovie>splash.wmv</IntroMovie>

	<Main Globe="True" Orb="False" Fog="False">
	  <Cellwall>Cell.png</Cellwall>
  	  <BackGround>main.png</BackGround>
	  <Image Top="30" Left="455" width="148" Height="130" Source="GameIcon"/>
	  <Image Source="GamePreview"/>
	 <Menu Smooth="False" Align="Middle" ShowIcon="False" Rotate="True" ShowArrows="False">
	  <ItemPos Top="358" Left="0" Width="327" Height="16" Align="Middle"></ItemPos>
	  <ItemPos Top="375" Left="0" Width="327" Height="16" Align="Middle"></ItemPos>
	  <ItemPos Top="391" Left="0" Width="327" Height="16" Align="Middle"></ItemPos>
	  <Font>menufont.xpr</Font>
	  <Preview EnableAudio="True" Top="30" Left="455" width="148" Height="130" />
	</Menu>

	<InfoFont>infofont.xpr</InfoFont>
	<Text Left="14" Top="19" Width="20" Color="0xFFFFFFFF" Source="[C]"></Text>
	<Text Left="36" Top="19" Width="158" Color="0xFF15C6E6" Source="$C_Free$ free"></Text>
	<Text Left="14" Top="36" Width="20" Color="0xFFFFFFFF" Source="[D]"></Text>
	<Text Left="36" Top="36" Width="158" Color="0xFF15C6E6" Source="DvdTitle" Scroll="1"></Text>
	<Text Left="14" Top="52" Width="20" Color="0xFFFFFFFF" Source="[E]"></Text>
	<Text Left="36" Top="52" Width="158" Color="0xFF15C6E6" Source="$E_Free$ free"></Text>
	<Text Left="14" Top="70" Width="20" Color="0xFFFFFFFF" Source="[F]"></Text>
	<Text Left="36" Top="70" Width="158" Color="0xFF15C6E6" Source="$F_Free$ free"></Text>
	<Text Left="14" Top="87" Width="20" Color="0xFFFFFFFF" Source="[G]"></Text>
	<Text Left="36" Top="87" Width="158" Color="0xFF15C6E6" Source="$G_Free$ free"></Text>
	<Text Left="14" Top="117" Width="40" Color="0xFFFFFFFF" Source="[M/B]"></Text>
	<Text Left="53" Top="117" Width="154" Color="0xFF15C6E6" Source="$MBTempC$"></Text>
	<Text Left="14" Top="134" Width="40" Color="0xFFFFFFFF" Source="[CPU]"></Text>
	<Text Left="53" Top="134" Width="154" Color="0xFF15C6E6" Source="$CPUTempC$"></Text>
	<Text Left="14" Top="151" Width="50" Color="0xFFFFFFFF" Source="[Video]"></Text>
	<Text Left="65" Top="151" Width="150" Color="0xFF15C6E6" Source="$VideoMode$"></Text>
	<Text Left="14" Top="182" Width="60" Color="0xFFFFFFFF" Source="[Track]"></Text>
	<Text Left="72" Top="182" Width="118" Color="0xFF15C6E6" Source="SongName" Scroll="1"></Text>
	<Text Left="14" Top="199" Width="50" Color="0xFFFFFFFF" Source="[Album]"></Text>
	<Text Left="66" Top="199" Width="120" Color="0xFF15C6E6" Source="SoundTrack" Scroll="1"></Text>
	<Text Left="634" Top="182 Width="30" Color="0xFFFFFFFF" Source="[IP]" Align="Right"></Text>
	<Text Left="448" Top="182" Width="158" Color="0xFF15C6E6" Source="$IP$" Align="Right"></Text>
	<Text Left="634" Top="199 Width="70" Color="0xFFFFFFFF" Source="[online]" Align="Right"></Text>
	<Text Left="445" Top="199" Width="135" Color="0xFF15C6E6" Source="$NumClient$ User{s}" Align="Right"></Text>
	</Main>

	<ColorScheme>
		<AMBIENT_SKYCOLOR>0xFF000000</AMBIENT_SKYCOLOR>
		<MENU_TEXTCOLOR>0xFFA3A3A3</MENU_TEXTCOLOR>
		<MENU_ACTIVETEXTCOLOR>0xFFFFFFFF</MENU_ACTIVETEXTCOLOR>
	</ColorScheme>
</Skin>