﻿<Skin name="jadeempire">
    <Information>
        <Author>TONBO</Author>
        <Version>1</Version>
        <Copyright>2004</Copyright>
        <Skinner Name="UX Architect" Version="1.0c" />
    </Information>
    <Filemanager SafeBorder="False">
        <Background>filemanager.png</Background>
    </Filemanager>
    <LoadingScreen ShowInfo="False">
        <Background>loading.png</Background>
    </LoadingScreen>
    <Main Globe="False" Orb="False" Fog="False">
        <Background EnableAudio="False">background.png</Background>
        <InfoFont>Square-10.xpr</InfoFont>
        <Text Top="320" Left="262" Width="119" Scroll="2" Color="0xFF006600" Source="DVDTitle" Align="Left" />
        <Text Top="3" Left="485" Width="200" Scroll="0" Color="0xFFFFFFFF" Source="Date" Align="Left" />
        <Text Top="130" Left="453" Width="200" Scroll="0" Color="0xFFFFFFFF" Source="Time" Align="Left" />
        <Text Top="50" Left="555" Width="150" Scroll="0" Color="0xFFFFFFFF" Source="VideoMode" Align="Left" />
        <Text Top="90" Left="445" Width="200" Scroll="0" Color="0xFFFFFFFF" Source="Subnet" Align="Left" />
        <Text Top="110" Left="445" Width="200" Scroll="0" Color="0xFFFFFFFF" Source="Gateway" Align="Left" />
        <Text Top="70" Left="459" Width="200" Scroll="1" Color="0xFFFFFFFF" Source="IP" Align="Left" />
        <Text Top="110" Left="40" Width="200" Scroll="0" Color="0xFFFFFFFF" Source="G_FreeMB" Align="Left" />
        <Text Top="130" Left="45" Width="145" Scroll="0" Color="0xFFFFFFFF" Source="CPUTemp" Align="Left" />
        <Text Top="90" Left="35" Width="200" Scroll="1" Color="0xFFFFFFFF" Source="F_FreeMB" Align="Left" />
        <Text Top="70" Left="30" Width="200" Scroll="1" Color="0xFFFFFFFF" Source="E_FreeMB" Align="Left" />
        <Text Top="50" Left="25" Width="200" Scroll="1" Color="0xFFFFFFFF" Source="C_FreeMB" Align="Left" />
        <Text Top="50" Left="470" Width="200" Scroll="0" Color="0xFFFFFFFF" Source="VideoMode " Align="Left" />
        <Image Top="160" Left="272" Width="95" Height="95" Source="GameIcon" />
        <Image Top="0" Left="1" Width="640" Height="480" Opacity="100">obj.png</Image>
        <Menu Scroll="True" Smooth="True" Align="Middle" ShowIcon="False" ShowArrows="False">
            <Position Top="360" Left="147" Width="355" Height="110" Fixed="False" FixAt="4" MaxItem="4" />
            <Font>Tahoma-12.xpr</Font>
        </Menu>
        <ColorScheme>
            <AMBIENT_FOGCOLOR>0x00FFFFFF</AMBIENT_FOGCOLOR>
            <AMBIENT_SKYCOLOR>0x0000000F</AMBIENT_SKYCOLOR>
            <AMBIENT_CELLCOLOR>0x0000C000</AMBIENT_CELLCOLOR>
            <CAPTION_TEXTCOLOR>0xFFEAEA47</CAPTION_TEXTCOLOR>
            <CAPTION_BACKCOLOR>0xFF9B0000</CAPTION_BACKCOLOR>
            <DIALOG_BORDERCOLOR>0xFF282828</DIALOG_BORDERCOLOR>
            <DIALOG_BACKCOLOR>0xDC000000</DIALOG_BACKCOLOR>
            <DIALOG_INNER_BORDERCOLOR>0xFF0F1E1E</DIALOG_INNER_BORDERCOLOR>
            <DIALOG_INNER_BACKCOLOR>0xFF212D1A</DIALOG_INNER_BACKCOLOR>
            <DIALOG_TEXTCOLOR>0xFFFFFFFF</DIALOG_TEXTCOLOR>
            <DIALOG_DISABLEDTEXT>0xFFB3B3B4</DIALOG_DISABLEDTEXT>
            <OPTION_TEXTCOLOR>0xFFFFFFFF</OPTION_TEXTCOLOR>
            <OPTION_ACTIVETEXTCOLOR>0xFFFFFFFF</OPTION_ACTIVETEXTCOLOR>
            <OPTION_ACTIVEBACKCOLOR>0xC8BB0000</OPTION_ACTIVEBACKCOLOR>
            <BUTTON_BORDERCOLOR>0xDC008080</BUTTON_BORDERCOLOR>
            <BUTTON_TEXTCOLOR>0xFFFFFFFF</BUTTON_TEXTCOLOR>
            <BUTTON_BACKCOLOR>0xFF001500</BUTTON_BACKCOLOR>
            <BUTTON_ACTIVETEXTCOLOR>0xFFFFFFFF</BUTTON_ACTIVETEXTCOLOR>
            <BUTTON_ACTIVEBACKCOLOR>0xFF003E1F</BUTTON_ACTIVEBACKCOLOR>
            <KB_KEYBG_HIGHLIGHT>0xFFD56A00</KB_KEYBG_HIGHLIGHT>
            <KB_KEYBG_DISABLED>0x78C0C0C0</KB_KEYBG_DISABLED>
            <KB_KEY_PRESSED>0xFF008000</KB_KEY_PRESSED>
            <KB_KEY_NORMAL>0xFF000000</KB_KEY_NORMAL>
            <KB_KEY_DISABLED>0xFFFFFFFF</KB_KEY_DISABLED>
            <KB_KEY_ACTIVEBORDER>0xFFB30000</KB_KEY_ACTIVEBORDER>
            <KB_KEY_TEXTCOLOR>0xFF000000</KB_KEY_TEXTCOLOR>
            <KB_KEY_TEXTBACKCOLOR>0xFFFFFFFF</KB_KEY_TEXTBACKCOLOR>
            <KB_KEY_TEXTBORDERCOLOR>0x780000FF</KB_KEY_TEXTBORDERCOLOR>
            <MENU_TEXTCOLOR>0x96FF8000</MENU_TEXTCOLOR>
            <MENU_ACTIVETEXTCOLOR>0xFFFCBA56</MENU_ACTIVETEXTCOLOR>
        </ColorScheme>
    </Main>
</Skin>