<Skin name="wu-tang forever">
         <Information>
                  <Author>MuckSticky</Author>
                  <Copyright></Copyright>
                  <Version> created with ReleashED</Version>
         </Information>
         <IntroMovie></IntroMovie>
         <FileManager>
                  <BackGround></BackGround>
         </FileManager>
         <LoadingScreen ShowInfo="False">
                  <BackGround>loading.jpg</BackGround>
         </LoadingScreen>
         <Main Globe="False" Orb="True" Fog="False">
                  <BackGround EnableAudio="False">main.jpg</BackGround>
                  <Cellwall></Cellwall>
                  <Orb>orb.jpg</Orb>
                  <Icon></Icon>
                  <Menu Smooth="False" Align="Left" ShowIcon="False" Rotate="False" ShowArrows="False">
                           <Position Top="0" Left="0" Width="0" Height="0" Fixed="False" FixAt="0" MaxItem="0"></Position>
                  <Font></Font>
                           <Preview EnableAudio="False" Top="0" Left="0" Width="0" Height="0" />
                  </Menu>
                  <InfoFont></InfoFont>
                  </Main>
         <ColorScheme >
                  <AMBIENT_FOGCOLOR></AMBIENT_FOGCOLOR>
                  <AMBIENT_SKYCOLOR></AMBIENT_SKYCOLOR>
                  <AMBIENT_CELLCOLOR></AMBIENT_CELLCOLOR>
                  <CAPTION_TEXTCOLOR>0xFFFFFF00</CAPTION_TEXTCOLOR>
                  <CAPTION_BACKCOLOR>0xFF80FFFF</CAPTION_BACKCOLOR>
                  <DIALOG_BORDERCOLOR>0xFFFFFF00</DIALOG_BORDERCOLOR>
                  <DIALOG_BACKCOLOR>0xFF00FFFF</DIALOG_BACKCOLOR>
                  <DIALOG_INNER_BORDERCOLOR>0xFFFFFF00</DIALOG_INNER_BORDERCOLOR>
                  <DIALOG_INNER_BACKCOLOR>0xFF00FFFF</DIALOG_INNER_BACKCOLOR>
                  <DIALOG_TEXTCOLOR>0xFFFFFF00</DIALOG_TEXTCOLOR>
                  <DIALOG_DISABLEDTEXT></DIALOG_DISABLEDTEXT>
                  <OPTION_TEXTCOLOR>0xFF00FFFF</OPTION_TEXTCOLOR>
                  <OPTION_ACTIVETEXTCOLOR>0xFFFFFF00</OPTION_ACTIVETEXTCOLOR>
                  <OPTION_ACTIVEBACKCOLOR>0xFF00FFFF</OPTION_ACTIVEBACKCOLOR>
                  <BUTTON_BORDERCOLOR></BUTTON_BORDERCOLOR>
                  <BUTTON_TEXTCOLOR></BUTTON_TEXTCOLOR>
                  <BUTTON_BACKCOLOR></BUTTON_BACKCOLOR>
                  <BUTTON_ACTIVETEXTCOLOR></BUTTON_ACTIVETEXTCOLOR>
                  <BUTTON_ACTIVEBACKCOLOR></BUTTON_ACTIVEBACKCOLOR>
                  <KB_KEYBG_HIGHLIGHT></KB_KEYBG_HIGHLIGHT>
                  <KB_KEYBG_DISABLED></KB_KEYBG_DISABLED>
                  <KB_KEY_PRESSED></KB_KEY_PRESSED>
                  <KB_KEY_NORMAL></KB_KEY_NORMAL>
                  <KB_KEY_DISABLED></KB_KEY_DISABLED>
                  <KB_KEY_ACTIVEBORDER></KB_KEY_ACTIVEBORDER>
                  <KB_KEY_TEXTCOLOR></KB_KEY_TEXTCOLOR>
                  <KB_KEY_TEXTBACKCOLOR></KB_KEY_TEXTBACKCOLOR>
                  <KB_KEY_TEXTBORDERCOLOR></KB_KEY_TEXTBORDERCOLOR>
                  <MENU_TEXTCOLOR>0xFFFFFF00</MENU_TEXTCOLOR>
                  <MENU_ACTIVETEXTCOLOR>0xFF00FFFF</MENU_ACTIVETEXTCOLOR>
                  <MENU_BORDERCOLOR>0xFFFFFF00</MENU_BORDERCOLOR>
                  <MENU_BACKCOLOR>0xFFFFFFFF</MENU_BACKCOLOR>
                  <MENU_ACTIVEBACKCOLOR>0xFFFFFF00</MENU_ACTIVEBACKCOLOR>
                  <MENU_ACTIVEBORDERCOLOR>0xFF00FFFF</MENU_ACTIVEBORDERCOLOR>
         </ColorScheme>
</Skin>
