﻿<Skin name="BoulesOranges">
    <Information>
        <Author>Pier-luc</Author>
        <Version>1</Version>
        <Copyright>2005</Copyright>
        <Skinner Name="UX Architect" Version="1.0c" />
    </Information>
    <Filemanager SafeBorder="False">
        <Background>arch.jpg</Background>
    </Filemanager>
    <LoadingScreen ShowInfo="False">
        <Background>chargement.jpg</Background>
    </LoadingScreen>
    <Main Globe="False" Orb="False" Fog="False">
        <Background EnableAudio="False">orbicularity1-0.jpg</Background>
        <InfoFont>BookAntiqua-10.xpr</InfoFont>
        <Text Top="9" Left="387" Width="241" Scroll="0" Color="0xFF000000" Source="$SongTime$" Align="Middle" />
        <Text Top="27" Left="391" Width="235" Scroll="0" Color="0xFF000000" Source="$SongName$" Align="Middle" />
        <Text Top="31" Left="63" Width="101" Scroll="0" Color="0xFF000000" Source="$F_FreeMB$ libre" Align="Left" />
        <Text Top="13" Left="63" Width="100" Scroll="0" Color="0xFF000000" Source="$E_FreeMB$ libre" Align="Left" />
        <Text Top="107" Left="30" Width="200" Scroll="0" Color="0xFF000000" Source="Video -&gt; $VideoMode$" Align="Middle" />
        <Text Top="94" Left="30" Width="200" Scroll="0" Color="0xFF000000" Source="IP -&gt; $IP$" Align="Middle" />
        <Text Top="82" Left="30" Width="200" Scroll="0" Color="0xFF000000" Source="Dvd -&gt; $DVDTitle$" Align="Middle" />
        <Text Top="68" Left="30" Width="200" Scroll="0" Color="0xFF000000" Source="Date -&gt; $Date$" Align="Middle" />
        <Text Top="55" Left="30" Width="200" Scroll="0" Color="0xFF000000" Source="Heure -&gt; $Time$" Align="Middle" />
        <Image Top="361" Left="257" Width="105" Height="93" Source="GameIcon" />
        <Image Top="9" Left="179" Width="61" Height="44" Opacity="100">unleashx10.png</Image>
        <Image Source="GamePreview" />
        <Menu Align="Left" ShowIcon="False" ShowArrows="False">
            <Preview EnableAudio="False" Top="146" Left="23" Width="211" Height="112" />
            <ItemPos Top="276" Left="24" Width="213"></ItemPos>
            <ItemPos Top="299" Left="24" Width="203"></ItemPos>
            <ItemPos Top="323" Left="24" Width="203"></ItemPos>
            <ItemPos Top="346" Left="25" Width="203"></ItemPos>
            <ItemPos Top="372" Left="24" Width="203"></ItemPos>
            <ItemPos Top="394" Left="24" Width="203"></ItemPos>
            <ItemPos Top="416" Left="24" Width="203"></ItemPos>
            <ItemPos Top="440" Left="24" Width="203"></ItemPos>
            <Font>1979-12.xpr</Font>
        </Menu>
        <ColorScheme>
            <AMBIENT_FOGCOLOR>0x00FFFFFF</AMBIENT_FOGCOLOR>
            <AMBIENT_SKYCOLOR>0x0000000F</AMBIENT_SKYCOLOR>
            <AMBIENT_CELLCOLOR>0x0000C000</AMBIENT_CELLCOLOR>
            <CAPTION_TEXTCOLOR>0xFFFF8000</CAPTION_TEXTCOLOR>
            <CAPTION_BACKCOLOR>0xFF808080</CAPTION_BACKCOLOR>
            <DIALOG_BORDERCOLOR>0xFF000000</DIALOG_BORDERCOLOR>
            <DIALOG_BACKCOLOR>0xFF808080</DIALOG_BACKCOLOR>
            <DIALOG_INNER_BORDERCOLOR>0xFF000000</DIALOG_INNER_BORDERCOLOR>
            <DIALOG_INNER_BACKCOLOR>0xFFC0C0C0</DIALOG_INNER_BACKCOLOR>
            <DIALOG_TEXTCOLOR>0xFF000000</DIALOG_TEXTCOLOR>
            <DIALOG_DISABLEDTEXT>0xFF3A3A3A</DIALOG_DISABLEDTEXT>
            <OPTION_TEXTCOLOR>0xFF000000</OPTION_TEXTCOLOR>
            <OPTION_ACTIVETEXTCOLOR>0xFF000000</OPTION_ACTIVETEXTCOLOR>
            <OPTION_ACTIVEBACKCOLOR>0x00273CF3</OPTION_ACTIVEBACKCOLOR>
            <BUTTON_BORDERCOLOR>0xC8000000</BUTTON_BORDERCOLOR>
            <BUTTON_TEXTCOLOR>0xFFFFFFFF</BUTTON_TEXTCOLOR>
            <BUTTON_BACKCOLOR>0xFF373737</BUTTON_BACKCOLOR>
            <BUTTON_ACTIVETEXTCOLOR>0xFF000000</BUTTON_ACTIVETEXTCOLOR>
            <BUTTON_ACTIVEBACKCOLOR>0xFFD96C00</BUTTON_ACTIVEBACKCOLOR>
            <KB_KEYBG_HIGHLIGHT>0xC8FF8000</KB_KEYBG_HIGHLIGHT>
            <KB_KEYBG_DISABLED>0x78C0C0C0</KB_KEYBG_DISABLED>
            <KB_KEY_PRESSED>0xFF008000</KB_KEY_PRESSED>
            <KB_KEY_NORMAL>0xFF000000</KB_KEY_NORMAL>
            <KB_KEY_DISABLED>0x78808080</KB_KEY_DISABLED>
            <KB_KEY_ACTIVEBORDER>0xFFFF0000</KB_KEY_ACTIVEBORDER>
            <KB_KEY_TEXTCOLOR>0xFF000000</KB_KEY_TEXTCOLOR>
            <KB_KEY_TEXTBACKCOLOR>0xFFFFFFFF</KB_KEY_TEXTBACKCOLOR>
            <KB_KEY_TEXTBORDERCOLOR>0x780000FF</KB_KEY_TEXTBORDERCOLOR>
            <MENU_TEXTCOLOR>0x50000000</MENU_TEXTCOLOR>
            <MENU_ACTIVETEXTCOLOR>0xFF000000</MENU_ACTIVETEXTCOLOR>
        </ColorScheme>
    </Main>
</Skin>