<Skin name="6 Degrees">
	<Information>
		<Author>Raz</Author>
		<Copyright>Copyright 2005</Copyright>
		<Version>1.0</Version>
<ScreenSize Width="591" Height="459" />
	</Information>

	<FileManager>
			<BackGround>filemanager.jpg</BackGround>
	</FileManager>
	<LoadingScreen ShowInfo="False">
		<BackGround>loading.jpg</BackGround>
	</LoadingScreen>

<Main Globe="False" Orb="False" Fog="False">
<BackGround>bg.jpg</BackGround>


<Image Top="0" Left="418" Width="167" Height="159"  Opacity="0" source="GameIcon" />	
		<Image Source="GamePreview" />
<Image Top="0" Left="418" Width="222" Height="159">game-preview.png</Image>

<Menu Smooth="true" Align="left" Rotate="false" ShowIcon="false" ShowArrows="false">
	<Position Top="179" Left="280" Width="265" Height="150" Fixed="False" FixAt="1" MaxItem="4" />
	<Font>Square-10.xpr</Font>
	<Preview EnableAudio="false" Left="73" Top="179" Width="183" Height="150" />
</Menu>

<InfoFont>Square-10.xpr</InfoFont>
<Text Left="115" Top="372" Align="Left" Color="0xFFFFFFFF" Source="Date : $DateTime$"></Text>
<Text Left="115" Top="408" Align="Left" Color="0xFFFFFFFF" Source="IP :"></Text>
<Text Left="140" Top="408" Align="Left" Color="0xFFFFFFFF" Source="$IP$"></Text>
<Text Left="115" Top="448" Align="Left" Color="0xFFFFFFFF" Source="F: "></Text>
<Text Left="140" Top="448" Align="Left" Color="0xFFFFFFFF" Source="$F_FreeMB$"></Text>

<Text Left="495" Top="340" Align="Right" Color="0xFFFFFFFF" Source="SongName"></Text>
</Main>

<ColorScheme >
		<AMBIENT_FOGCOLOR>0xFF000000</AMBIENT_FOGCOLOR>
		<AMBIENT_SKYCOLOR></AMBIENT_SKYCOLOR>
		<AMBIENT_CELLCOLOR>0x00FFFFFF</AMBIENT_CELLCOLOR>

		<CAPTION_TEXTCOLOR>0xFFFFFFFF</CAPTION_TEXTCOLOR>
		<CAPTION_BACKCOLOR>0xFF000000</CAPTION_BACKCOLOR>
		<DIALOG_BORDERCOLOR>0xFFFFFFFF</DIALOG_BORDERCOLOR>
		<DIALOG_BACKCOLOR>0xFF222222</DIALOG_BACKCOLOR>
		<DIALOG_INNER_BORDERCOLOR>0xFFFFFFFF</DIALOG_INNER_BORDERCOLOR>
		<DIALOG_INNER_BACKCOLOR>0xFF222222</DIALOG_INNER_BACKCOLOR>
		<DIALOG_TEXTCOLOR>0xFFFFFFFF</DIALOG_TEXTCOLOR>

		<DIALOG_DISABLEDTEXT>0xFFC0C0C0</DIALOG_DISABLEDTEXT>

		<OPTION_TEXTCOLOR>0xFFFFFFFF</OPTION_TEXTCOLOR>
		<OPTION_ACTIVETEXTCOLOR>0xFF4B662E</OPTION_ACTIVETEXTCOLOR>
		<OPTION_ACTIVEBACKCOLOR>0xFF000000</OPTION_ACTIVEBACKCOLOR>

		<BUTTON_BORDERCOLOR>0xFF000000</BUTTON_BORDERCOLOR>
		<BUTTON_TEXTCOLOR>0xFF02C90C</BUTTON_TEXTCOLOR>
		<BUTTON_BACKCOLOR>0xFF000000</BUTTON_BACKCOLOR>
		<BUTTON_ACTIVETEXTCOLOR>0xFFFFFFFF</BUTTON_ACTIVETEXTCOLOR>
		<BUTTON_ACTIVEBACKCOLOR>0xFF000000</BUTTON_ACTIVEBACKCOLOR>	
		
		<KB_KEYBG_HIGHLIGHT>0xCC00C000</KB_KEYBG_HIGHLIGHT>
		<KB_KEYBG_DISABLED>0xffc0c0c0</KB_KEYBG_DISABLED>
		<KB_KEY_PRESSED>0xff808080</KB_KEY_PRESSED>
		<KB_KEY_NORMAL>0xff000000</KB_KEY_NORMAL>
		<KB_KEY_DISABLED>0xff808080</KB_KEY_DISABLED>
		<KB_KEY_ACTIVEBORDER>0xff008000</KB_KEY_ACTIVEBORDER>
		<KB_KEY_TEXTCOLOR>0xff000000</KB_KEY_TEXTCOLOR>
		<KB_KEY_TEXTBACKCOLOR>0xffFFFFFF</KB_KEY_TEXTBACKCOLOR>
		<KB_KEY_TEXTBORDERCOLOR>0xff0000FF</KB_KEY_TEXTBORDERCOLOR>
		
		<MENU_TEXTCOLOR>0xFFFFFFFF</MENU_TEXTCOLOR>
		<MENU_ACTIVETEXTCOLOR>0xFF4B662E</MENU_ACTIVETEXTCOLOR>
		<MENU_BORDERCOLOR></MENU_BORDERCOLOR>
		<MENU_BACKCOLOR></MENU_BACKCOLOR>
		<MENU_ACTIVEBACKCOLOR>0xFF000000</MENU_ACTIVEBACKCOLOR>
		<MENU_ACTIVEBORDERCOLOR></MENU_ACTIVEBORDERCOLOR>
	</ColorScheme>
</Skin>