﻿<Skin name="Xbox 180 V2 Green">
    <Information>
        <Author>pink_panther</Author>
        <Version>2</Version>
        <Copyright>2005</Copyright>
        <Skinner Name="UX Architect" Version="1.0c" />
    </Information>
    <Filemanager SafeBorder="False">
        <Background>managerv2green.png</Background>
    </Filemanager>
    <LoadingScreen ShowInfo="False">
        <Background>loadingv2green.png</Background>
    </LoadingScreen>
    <Main Globe="False" Orb="False" Fog="False">
        <Background EnableAudio="False">skinv2green.png</Background>
        <InfoFont>Square-10.xpr</InfoFont>
        <Text Top="352" Left="47" Width="216" Scroll="1" Color="0xFFFFFFFF" Source="SongName" Align="Left" />
        <Text Top="34" Left="74" Width="200" Scroll="0" Color="0xFF000000" Source="DateTime" Align="Left" />
        <Text Top="431" Left="47" Width="559" Scroll="1" Color="0xFFFFFFFF" Source="Newsfeed" Align="Left" />
        <Text Top="399" Left="47" Width="200" Scroll="0" Color="0xFFFFFFFF" Source="SongTime" Align="Left" />
        <Text Top="376" Left="47" Width="247" Scroll="0" Color="0xFFFFFFFF" Source="SoundTrack" Align="Left" />
        <Text Top="308" Left="49" Width="159" Scroll="0" Color="0xFFFFFFFF" Source="IP" Align="Left" />
        <Text Top="284" Left="49" Width="154" Scroll="0" Color="0xFFFFFFFF" Source="MBTemp" Align="Left" />
        <Text Top="259" Left="49" Width="158" Scroll="0" Color="0xFFFFFFFF" Source="CPUTemp" Align="Left" />
        <Text Top="235" Left="50" Width="158" Scroll="0" Color="0xFFFFFFFF" Source="Tray" Align="Left" />
        <Text Top="362" Left="330" Width="200" Scroll="0" Color="0xFFFFFFFF" Source="E_FreeMB" Align="Left" />
        <Text Top="386" Left="331" Width="200" Scroll="0" Color="0xFFFFFFFF" Source="F_FreeMB" Align="Left" />
        <Image Top="232" Left="209" Width="98" Height="90" Source="GameIcon" />
        <Image Source="GamePreview" />
        <Menu Scroll="True" Smooth="True" Align="Left" ShowIcon="False" ShowArrows="False">
            <Preview EnableAudio="False" Top="90" Left="339" Width="242" Height="220" />
            <Position Top="68" Left="59" Width="243" Height="157" Fixed="True" FixAt="1" MaxItem="10" />
            <Font>Square-10.xpr</Font>
        </Menu>
        <ColorScheme>
            <AMBIENT_FOGCOLOR>0xFFFF0000</AMBIENT_FOGCOLOR>
            <AMBIENT_SKYCOLOR>0xFF400000</AMBIENT_SKYCOLOR>
            <AMBIENT_CELLCOLOR>0xFFFFFFFF</AMBIENT_CELLCOLOR>
            <CAPTION_TEXTCOLOR>0xFFFFFFFF</CAPTION_TEXTCOLOR>
            <CAPTION_BACKCOLOR>0x00000000</CAPTION_BACKCOLOR>
            <DIALOG_BORDERCOLOR>0xFFFFFFFF</DIALOG_BORDERCOLOR>
            <DIALOG_BACKCOLOR>0xD1233E0C</DIALOG_BACKCOLOR>
            <DIALOG_INNER_BORDERCOLOR>0xFFFFFFFF</DIALOG_INNER_BORDERCOLOR>
            <DIALOG_INNER_BACKCOLOR>0xFF407216</DIALOG_INNER_BACKCOLOR>
            <DIALOG_TEXTCOLOR>0xFFFFFFFF</DIALOG_TEXTCOLOR>
            <DIALOG_DISABLEDTEXT>0xFFB3B3B4</DIALOG_DISABLEDTEXT>
            <OPTION_TEXTCOLOR>0xFFFFFFFF</OPTION_TEXTCOLOR>
            <OPTION_ACTIVETEXTCOLOR>0xFFFFFFFF</OPTION_ACTIVETEXTCOLOR>
            <OPTION_ACTIVEBACKCOLOR>0xFF000000</OPTION_ACTIVEBACKCOLOR>
            <BUTTON_BORDERCOLOR>0xFFFFFFFF</BUTTON_BORDERCOLOR>
            <BUTTON_TEXTCOLOR>0xFFFFFFFF</BUTTON_TEXTCOLOR>
            <BUTTON_BACKCOLOR>0xFF400000</BUTTON_BACKCOLOR>
            <BUTTON_ACTIVETEXTCOLOR>0xFFFFFFFF</BUTTON_ACTIVETEXTCOLOR>
            <BUTTON_ACTIVEBACKCOLOR>0xFF40720C</BUTTON_ACTIVEBACKCOLOR>
            <KB_KEYBG_HIGHLIGHT>0xFF800000</KB_KEYBG_HIGHLIGHT>
            <KB_KEYBG_DISABLED>0xFFC0C0C0</KB_KEYBG_DISABLED>
            <KB_KEY_PRESSED>0xFF008000</KB_KEY_PRESSED>
            <KB_KEY_NORMAL>0xFF000000</KB_KEY_NORMAL>
            <KB_KEY_DISABLED>0xFFFFFFFF</KB_KEY_DISABLED>
            <KB_KEY_ACTIVEBORDER>0xFFFFFFFF</KB_KEY_ACTIVEBORDER>
            <KB_KEY_TEXTCOLOR>0xFF000000</KB_KEY_TEXTCOLOR>
            <KB_KEY_TEXTBACKCOLOR>0xFFFFFFFF</KB_KEY_TEXTBACKCOLOR>
            <KB_KEY_TEXTBORDERCOLOR>0xFFFFFFFF</KB_KEY_TEXTBORDERCOLOR>
            <MENU_TEXTCOLOR>0xFFC0C0C0</MENU_TEXTCOLOR>
            <MENU_ACTIVETEXTCOLOR>0xFFFFFFFF</MENU_ACTIVETEXTCOLOR>
        </ColorScheme>
    </Main>
</Skin>