<Skin name="Anime Heaven">
	<Information>
		<Author>Maggy</Author>
		<Copyright>Note: This skin was based on AdrianaLima by PeNe so copyright seems silly :) and yes the backdrops are from a skin for another dashso ive not really done much XD</Copyright>
		<Version>0.4</Version>
	</Information>
	<Main Globe="True" Orb="False">

		<BackGround>bg.jpg</BackGround>
		<Cellwall>Cell.png</Cellwall>


		<GameIcon Enable="True" Opacity="0" >
			<Position Top="25" Left="420" Width="140" Height="130"/>
		</GameIcon>



		<InfoFont>Morpheus_10.xpr</InfoFont>
		<Menu Smooth="False" Align="left" Rotate="False" ShowIcon="False">
		<Position Top="180" Left="420" Width="310" Height="125" Fixed="False" FixAt="1" MaxItem="8">
		</Position>
		<Font>Morpheus_14.xpr</Font>
		<Preview EnableAudio="True" Left="420" Top="25"  Width="140" Height="130"/>

		</Menu>
		<Text Left="420" Top="310" Align="Left" Color="0xFF000000" Source="$DateTime$" />
		<Text Left="420" Top="338" Align="Left" Color="0xFF000000" Source="IP - $IP$"></Text>
		<Text Left="420" Top="352" Align="Left" Color="0xFF000000" Source="Users - $NumClient$"></Text>
		<Text Left="420" Top="366" Align="Left" Color="0xFF000000" Source="E:\$E_FreeMB$"></Text>
		<Text Left="420" Top="380" Align="Left" Color="0xFF000000" Source="F:\$F_FreeMB$"></Text>
		<Text Left="420" Top="394" Align="Left" Color="0xFF000000" Source="Disc Stat - $DVDType$"></Text>
		<Text Left="420" Top="408" Align="Left" Color="0xFF000000" Source="Disc Title - $DVDTitle$"></Text>
		<Text Left="420" Top="422" Align="Left" Color="0xFF000000" Source="CPU tempC - $CPUTempC$"></Text>
		<Text Left="420" Top="436" Align="Left" Color="0xFF000000" Source="MB tempC - $MBTempC$"></Text>
		<Image Source="GamePreview" />

	</Main>
<FileManager>
 <BackGround>2.jpg</BackGround>
</FileManager>


	
		<ColorScheme Name="Default">
			<AMBIENT_FOGCOLOR>0xFF000040</AMBIENT_FOGCOLOR>
			<AMBIENT_SKYCOLOR>0xFF000040</AMBIENT_SKYCOLOR>
			<AMBIENT_CELLCOLOR>0x065A79CE</AMBIENT_CELLCOLOR>

			<CAPTION_TEXTCOLOR>0xFFFFFFC0</CAPTION_TEXTCOLOR>
			<CAPTION_BACKCOLOR>0xFF4274FF</CAPTION_BACKCOLOR>
			<DIALOG_BORDERCOLOR>0xFFFFFFFF</DIALOG_BORDERCOLOR>
			<DIALOG_BACKCOLOR>0xCD1E34F2</DIALOG_BACKCOLOR>
			<DIALOG_INNER_BORDERCOLOR>0xFFFFE2B4</DIALOG_INNER_BORDERCOLOR>
			<DIALOG_INNER_BACKCOLOR>0xE1003399</DIALOG_INNER_BACKCOLOR>
			<DIALOG_TEXTCOLOR>0xFFFFFFFF</DIALOG_TEXTCOLOR>

			<DIALOG_DISABLEDTEXT>0x7F0000C0</DIALOG_DISABLEDTEXT>

			<OPTION_TEXTCOLOR>0xFFFFFFFF</OPTION_TEXTCOLOR>
			<OPTION_ACTIVETEXTCOLOR>0xFF40FFFF</OPTION_ACTIVETEXTCOLOR>
			<OPTION_ACTIVEBACKCOLOR>0xFF000080</OPTION_ACTIVEBACKCOLOR>

			<BUTTON_BORDERCOLOR>0xFFFFE2B4</BUTTON_BORDERCOLOR>
			<BUTTON_TEXTCOLOR>0xFF993300</BUTTON_TEXTCOLOR>
			<BUTTON_BACKCOLOR>0xCD1E34F2</BUTTON_BACKCOLOR>
			<BUTTON_ACTIVETEXTCOLOR>0xFFFFFFFF</BUTTON_ACTIVETEXTCOLOR>
			<BUTTON_ACTIVEBACKCOLOR>0xE1003399</BUTTON_ACTIVEBACKCOLOR>	
			
			<KB_KEYBG_HIGHLIGHT>0xcc0000C0</KB_KEYBG_HIGHLIGHT>
			<KB_KEYBG_DISABLED>0xffc0c0c0</KB_KEYBG_DISABLED>
			<KB_KEY_PRESSED>0xff808080</KB_KEY_PRESSED>
			<KB_KEY_NORMAL>0xff000000</KB_KEY_NORMAL>
			<KB_KEY_DISABLED>0xff808080</KB_KEY_DISABLED>
			<KB_KEY_ACTIVEBORDER>0xff0000FF</KB_KEY_ACTIVEBORDER>
			<KB_KEY_TEXTCOLOR>0xff000000</KB_KEY_TEXTCOLOR>
			<KB_KEY_TEXTBACKCOLOR>0xffFFFFFF</KB_KEY_TEXTBACKCOLOR>
			<KB_KEY_TEXTBORDERCOLOR>0xff0000FF</KB_KEY_TEXTBORDERCOLOR>
		
			<MENU_TEXTCOLOR>0xFF4F4F4F</MENU_TEXTCOLOR>
			<MENU_ACTIVETEXTCOLOR>0xFFA7C1E9</MENU_ACTIVETEXTCOLOR>
			<MENU_BORDERCOLOR>0x00000000</MENU_BORDERCOLOR>
			<MENU_BACKCOLOR>0x00000000</MENU_BACKCOLOR>
			<MENU_ACTIVEBACKCOLOR>0x00000000</MENU_ACTIVEBACKCOLOR>
			<MENU_ACTIVEBORDERCOLOR>0x00000000</MENU_ACTIVEBORDERCOLOR>


		</ColorScheme>


</Skin>