<Skin Name="DOAX Girls">
<Information>
<Author>51vh50</Author>
<Copyright>2005 Skinned by Sketchy Skinner</Copyright>
<Version>1</Version>
</Information>

<FileManager>
<Background>fmbg.jpg</Background>
</FileManager>

<LoadingScreen ShowInfo="False">
<Background>ls.jpg</Background>
</LoadingScreen>

<Main globe="False" Orb="False">
<Image Top="50" Left="400" width="174" Height="131" Opacity="100">overlay.png</Image>
<GameIcon Enable="True">
  <Position Top="52" Left="402" Width="172" Height="129" />
  </GameIcon>
<Background EnableAudio="True">bg.jpg</background>
<Menu smooth="True" ShowArrows="False" ShowIcon="False" Rotate="True">
<Position Left="56" Top="100" Width="320" Height="90" />
<Preview EnableAudio="False" left="241" Top="197" Width="221" Height="184" />
</Menu>
<Text Left="54" Top="395" Align="Center" Color="0xFFFFFF00" Source="DvdTitle"></Text>
<Text Left="55" Top="21" Align="Center" Color="0xFFFFFF00" Source="SongName"></Text>
<Text Left="410" Top="21" Align="Center" Color="0xFFFFFF00" Source="SongTime"></Text>
<Text Left="395" Top="395" Align="Center" Color="0xFFFFFF00" Source="Date"></Text>
<Text Left="395" Top="426" Align="Center" Color="0xFFFFFF00" Source="Time"></Text>
<Text Left="53" Top="426" Align="Center" Color="0xFFFFFF00" Source="IP"></Text>
</Main>

<ColorScheme>
<AMBIENT_FOGCOLOR>0xFF002000</AMBIENT_FOGCOLOR>
<AMBIENT_SKYCOLOR>0xFF004000</AMBIENT_SKYCOLOR>
<AMBIENT_CELLCOLOR>0x0600C000</AMBIENT_CELLCOLOR>

<CAPTION_TEXTCOLOR>0xFFFFFFC0</CAPTION_TEXTCOLOR>
<CAPTION_BACKCOLOR>0xFF686485</CAPTION_BACKCOLOR>

<DIALOG_BORDERCOLOR>0xFF0C0A18</DIALOG_BORDERCOLOR>
<DIALOG_BACKCOLOR>0xCD636482</DIALOG_BACKCOLOR>
<DIALOG_INNER_BORDERCOLOR>0xFF636482</DIALOG_INNER_BORDERCOLOR>
<DIALOG_INNER_BACKCOLOR>0xE1004100</DIALOG_INNER_BACKCOLOR>
<DIALOG_TEXTCOLOR>0xFFFFFFFF</DIALOG_TEXTCOLOR>
<DIALOG_DISABLEDTEXT>0x7F086820</DIALOG_DISABLEDTEXT>

<OPTION_TEXTCOLOR>0xFF02C90C</OPTION_TEXTCOLOR>
<OPTION_ACTIVETEXTCOLOR>0xFFFFFFFF</OPTION_ACTIVETEXTCOLOR>
<OPTION_ACTIVEBACKCOLOR>0xFF02C90C</OPTION_ACTIVEBACKCOLOR>

<BUTTON_BORDERCOLOR>0xFF0C0A18</BUTTON_BORDERCOLOR>
<BUTTON_TEXTCOLOR>0xFF02C90C</BUTTON_TEXTCOLOR>
<BUTTON_BACKCOLOR>0xCD636482</BUTTON_BACKCOLOR>
<BUTTON_ACTIVETEXTCOLOR>0xFFFFFFFF</BUTTON_ACTIVETEXTCOLOR>
<BUTTON_ACTIVEBACKCOLOR>0xE102C90C</BUTTON_ACTIVEBACKCOLOR>	

<KB_KEYBG_HIGHLIGHT>0xCC00C000</KB_KEYBG_HIGHLIGHT>
<KB_KEYBG_DISABLED>0xffc0c0c0</KB_KEYBG_DISABLED>
<KB_KEY_PRESSED>0xff808080</KB_KEY_PRESSED>
<KB_KEY_NORMAL>0xff000000</KB_KEY_NORMAL>
<KB_KEY_DISABLED>0xff808080</KB_KEY_DISABLED>
<KB_KEY_ACTIVEBORDER>0xff008000</KB_KEY_ACTIVEBORDER>
<KB_KEY_TEXTCOLOR>0xff000000</KB_KEY_TEXTCOLOR>
<KB_KEY_TEXTBACKCOLOR>0xffFFFFFF</KB_KEY_TEXTBACKCOLOR>
<KB_KEY_TEXTBORDERCOLOR>0xff0000FF</KB_KEY_TEXTBORDERCOLOR>

<MENU_TEXTCOLOR>0xFFFF0000</MENU_TEXTCOLOR>
<MENU_ACTIVETEXTCOLOR>0xFFFFFF00</MENU_ACTIVETEXTCOLOR>
</ColorScheme>
</Skin>
