<?xml version="1.0" encoding="utf-8"?>
<UnleashX>
	<Settings>
		<MSDashBoard>C:\Xboxdash.xbe</MSDashBoard>
		<Password MaxTries="3">
		</Password>
		<Network Enable="Yes" Type="DHCP">
			<IP>192.168.0.100</IP>
			<Subnet>255.255.255.0</Subnet>
			<Gateway>192.168.0.1</Gateway>
			<DNS1>192.168.0.1</DNS1>
			<DNS2>192.168.0.7</DNS2>
		</Network>
		<FTP Enable="Yes">
			<User>xbox</User>
			<Password>xbox</Password>
			<Port>21</Port>
			<MaxUsers>2</MaxUsers>
			<AllowAnon>No</AllowAnon>
			<Greeting>Welcome to XBOX FTP Server</Greeting>
		</FTP>
		<Newsfeed Enable="Yes" Interval="15">
			<URL>www.xbox-scene.com/xbox1data/xbox-scene.xml</URL>
			<URL>www.xbins.org/xbins.xml</URL>
			<URL>www.mikeshea.net/newsfeeds/gamespot_xbox.xml</URL>
		</Newsfeed>
		<Preference>
			<Games AutoLaunch="Yes">
			</Games>
			<DVD AutoLaunch="Yes">
			</DVD>
			<AudioCD AutoLaunch="Yes">C:\xboxdash.xbe</AudioCD>
			<Data AutoLaunch="Yes">
			</Data>
			<SoundVolume>55</SoundVolume>
			<MusicVolume>90</MusicVolume>
			<EnableSoundTrack Random="Yes">Xbox</EnableSoundTrack>
			<UseFahrenheit>False</UseFahrenheit>
			<SNTP Synchronize="Yes">216.244.192.3</SNTP>
			<Skin Path="skins\">Kyrus_Mod</Skin>
			<FanSpeed>1</FanSpeed>
			<ScreenSaver Wait="300" Type="1">
				<Text>
				</Text>
			</ScreenSaver>
			<AutoTurnOff>0</AutoTurnOff>
			<EnableDriveF>True</EnableDriveF>
			<EnableDriveG>False</EnableDriveG>
			<AutoVideoMode UsePAL60="Yes" MultiRegion="NTSC M">No</AutoVideoMode>
			<LEDColor>Default</LEDColor>
		</Preference>
	</Settings>
	<Menu>
		<List Text="Games" Sort="On" Auto="On" Preview="c:\skins\kyrus_mod\default.wmv" Icon="c:\skins\kyrus_mod\icon.png">
			<Path>F:\Games</Path>
		</List>
		<List Text="Emulators" Sort="On" Auto="On" Preview="c:\skins\kyrus_mod\default.wmv" Icon="c:\skins\kyrus_mod\icon.png">
			<Path>F:\Emulators</Path>
		</List>
		<Item Action="F:\programs\media centre\default.xbe" Preview="c:\skins\kyrus_mod\default.wmv" Icon="c:\skins\kyrus_mod\icon.png">Media Centre</Item>
		<List Text="System" Sort="Off" Auto="On" Preview="c:\skins\kyrus_mod\default.wmv" Icon="c:\skins\kyrus_mod\icon.png">
			<Item Action="Settings" Preview="c:\skins\kyrus_mod\default.wmv" Icon="c:\skins\kyrus_mod\icon.png">Settings</Item>
			<Item Action="TextEditor" Preview="c:\skins\kyrus_mod\default.wmv" Icon="c:\skins\kyrus_mod\icon.png">Notepad</Item>
			<Item Action="FileManager" Preview="c:\skins\kyrus_mod\default.wmv" Icon="c:\skins\kyrus_mod\icon.png">Explorer</Item>
			<Item Action="C:\xboxdash.xbe" Preview="c:\skins\kyrus_mod\default.wmv" Icon="c:\skins\kyrus_mod\icon.png">MSDash</Item>
			<Item Action="F:\programs\dvd 2 xbox\default.xbe" Preview="c:\skins\kyrus_mod\default.wmv" Icon="c:\skins\kyrus_mod\icon.png">Copy Disc</Item>
			<Item Action="F:\programs\pal 2 ntsc\default.xbe" Preview="c:\skins\kyrus_mod\default.wmv" Icon="c:\skins\kyrus_mod\icon.png">Video Mode</Item>
			<Item Action="TrayClose" Preview="c:\skins\kyrus_mod\default.wmv" Icon="c:\skins\kyrus_mod\icon.png">Close Tray</Item>
			<Item Action="TrayOpen" Preview="c:\skins\kyrus_mod\default.wmv" Icon="c:\skins\kyrus_mod\icon.png">Open Tray</Item>
			<Item Action="Skins" Preview="c:\skins\kyrus_mod\default.wmv" Icon="c:\skins\kyrus_mod\icon.png">Skins</Item>
		</List>
		<Item Action="Restart" Preview="c:\skins\kyrus_mod\default.wmv" Icon="c:\skins\kyrus_mod\restart.png">Restart</Item>
		<Item Action="Shutdown" Preview="c:\skins\kyrus_mod\default.wmv" Icon="c:\skins\kyrus_mod\shutdown.png">Shutdown</Item>
	</Menu>
</UnleashX>
