<Skin name="jarrett">
         <Information>
                  <Author>lee</Author>
                  <Copyright>2004</Copyright>
                  <Version>1.0 created with ReleashED</Version>
         </Information>
         <IntroMovie></IntroMovie>
         <FileManager>
                  <BackGround>file_manager.png</BackGround>
         </FileManager>
         <LoadingScreen ShowInfo="False">
                  <BackGround>outro.wmv</BackGround>
         </LoadingScreen>
         <Main Globe="True" Orb="False" Fog="False">
                  <BackGround EnableAudio="False">bg.png</BackGround>
                  <Image Left="65" Top="75" Width="100" Height="100" Source="GameIcon" />
                  <Image Left="65" Top="75" Width="100" Height="100">icon_mask.png</Image>

                  <Menu Smooth="False" Align="Left" ShowIcon="False" Rotate="False" ShowArrows="True">
                           <Position Top="132" Left="317" Width="126" Height="81" Fixed="False" FixAt="3" MaxItem="4"></Position>
                  <Font>verdana_10.xpr</Font>
                           <Preview EnableAudio="False" Top="289" Left="290" Width="230" Height="135" />
                  </Menu>

                  <InfoFont>Verdana_10.xpr</InfoFont>
	<Text Left="495" Top="70"             Align="Left"   Color="0xFF00CE00" Source="IP:$IP$"></Text>
	<Text Left="461" Top="90" Width="170" Align="Middle" Color="0xFF00CE00" Source="F:\$F_FreeMB$"></Text>
	<Text Left="40" Top="400" Width="150" Align="Left" Color="0xFF00CE00" Source="Soundtrack"></Text>
	<Text Left="20" Top="420" Width="150" Align="Middle" Color="0xFF00CE00" Source="$SongName$"></Text>
	<Text Left="185" Top="3" Align="center" Color="0xFF00CE00" Source="*news* $Newsfeed$" />
	  <Image Source="GamePreview" />
                  <Image Left="268" Top="278" Width="253" Height="164">preview_mask.png</Image>
                  </Main>

         <ColorScheme >
		<AMBIENT_FOGCOLOR>0xFF000000</AMBIENT_FOGCOLOR>
		<AMBIENT_SKYCOLOR></AMBIENT_SKYCOLOR>
		<AMBIENT_CELLCOLOR>0xFF003E1F</AMBIENT_CELLCOLOR>

		<CAPTION_TEXTCOLOR>0xFFFFFFFF</CAPTION_TEXTCOLOR>
		<CAPTION_BACKCOLOR></CAPTION_BACKCOLOR>

		<DIALOG_BORDERCOLOR>0xFFFFFFFF</DIALOG_BORDERCOLOR>
		<DIALOG_BACKCOLOR>0xAA172947</DIALOG_BACKCOLOR>  		
		<DIALOG_TEXTCOLOR>0xFF4A75C6</DIALOG_TEXTCOLOR>
		<DIALOG_DISABLEDTEXT>0xFF000000</DIALOG_DISABLEDTEXT>

		<DIALOG_INNER_BORDERCOLOR>0xFFFFFFFF</DIALOG_INNER_BORDERCOLOR>
		<DIALOG_INNER_BACKCOLOR>0xAA172947</DIALOG_INNER_BACKCOLOR>

		<OPTION_TEXTCOLOR>0xFF4A75C6</OPTION_TEXTCOLOR>
		<OPTION_ACTIVETEXTCOLOR>0xFFFFFFFF</OPTION_ACTIVETEXTCOLOR>
		<OPTION_ACTIVEBACKCOLOR>0xFF004623</OPTION_ACTIVEBACKCOLOR>

		<BUTTON_BORDERCOLOR></BUTTON_BORDERCOLOR>
		<BUTTON_TEXTCOLOR>0xFFFFFFFF</BUTTON_TEXTCOLOR>
		<BUTTON_BACKCOLOR>0xCD636482</BUTTON_BACKCOLOR>
		<BUTTON_ACTIVETEXTCOLOR>0xFFFFFFFF</BUTTON_ACTIVETEXTCOLOR>
		<BUTTON_ACTIVEBACKCOLOR>0xE14A75C6</BUTTON_ACTIVEBACKCOLOR>	
		
		<KB_KEYBG_HIGHLIGHT>0xCC4A75C6</KB_KEYBG_HIGHLIGHT>
		<KB_KEYBG_DISABLED>0xffc0c0c0</KB_KEYBG_DISABLED>
		<KB_KEY_PRESSED>0xff808080</KB_KEY_PRESSED>
		<KB_KEY_NORMAL>0xff000000</KB_KEY_NORMAL>
		<KB_KEY_DISABLED>0xff808080</KB_KEY_DISABLED>
		<KB_KEY_ACTIVEBORDER>0xff000080</KB_KEY_ACTIVEBORDER>
		<KB_KEY_TEXTCOLOR>0xff000000</KB_KEY_TEXTCOLOR>
		<KB_KEY_TEXTBACKCOLOR>0xffFFFFFF</KB_KEY_TEXTBACKCOLOR>
		<KB_KEY_TEXTBORDERCOLOR>0xff0000FF</KB_KEY_TEXTBORDERCOLOR>
		
		<MENU_TEXTCOLOR>0xFF004623</MENU_TEXTCOLOR>
		<MENU_ACTIVETEXTCOLOR>0xFF00CE00</MENU_ACTIVETEXTCOLOR>
		<MENU_BORDERCOLOR></MENU_BORDERCOLOR>
		<MENU_BACKCOLOR></MENU_BACKCOLOR>
		<MENU_ACTIVEBACKCOLOR>0x00000000</MENU_ACTIVEBACKCOLOR>
		<MENU_ACTIVEBORDERCOLOR></MENU_ACTIVEBORDERCOLOR>
         </ColorScheme>
</Skin>















