﻿<Skin name="Iron Maiden">
    <Information>
        <Author>pza</Author>
        <Version>1</Version>
        <Copyright>2004</Copyright>
        <Skinner Name="UX Architect" Version="1.0c" />
    </Information>
    <Filemanager SafeBorder="False">
        <Background>Eddie_Clouds_800.jpg</Background>
    </Filemanager>
    <LoadingScreen ShowInfo="False">
        <Background>LOADING.jpg</Background>
    </LoadingScreen>
    <Main Globe="False" Orb="False" Fog="False">
        <Background EnableAudio="False">BG.jpg</Background>
        <InfoFont>CourierNew-10.xpr</InfoFont>
        <Text Top="29" Left="222" Width="196" Scroll="0" Color="0xFF000000" Source="NickName" Align="Left" />
        <Text Top="276" Left="439" Width="194" Scroll="0" Color="0xFF000000" Source="SongName" Align="Left" />
        <Text Top="287" Left="439" Width="196" Scroll="0" Color="0xFF000000" Source="SoundTrack" Align="Left" />
        <Text Top="298" Left="439" Width="188" Scroll="0" Color="0xFF000000" Source="SongTime" Align="Left" />
        <Text Top="17" Left="439" Width="197" Scroll="0" Color="0xFF000000" Source="VideoMode" Align="Left" />
        <Text Top="58" Left="441" Width="195" Scroll="0" Color="0xFF000000" Source="C_TotalMB" Align="Left" />
        <Text Top="69" Left="441" Width="160" Scroll="0" Color="0xFF000000" Source="C_FreeMB" Align="Left" />
        <Text Top="81" Left="440" Width="178" Scroll="0" Color="0xFF000000" Source="E_TotalMB" Align="Left" />
        <Text Top="105" Left="440" Width="192" Scroll="0" Color="0xFF000000" Source="F_TotalMB" Align="Left" />
        <Text Top="116" Left="440" Width="195" Scroll="0" Color="0xFF000000" Source="F_FreeMB" Align="Left" />
        <Text Top="93" Left="440" Width="188" Scroll="0" Color="0xFF000000" Source="E_FreeMB" Align="Left" />
        <Text Top="127" Left="440" Width="197" Scroll="0" Color="0xFF000000" Source="G_TotalMB" Align="Left" />
        <Text Top="138" Left="440" Width="167" Scroll="0" Color="0xFF000000" Source="G_FreeMB" Align="Left" />
        <Text Top="5" Left="221" Width="192" Scroll="0" Color="0xFF000000" Source="Date" Align="Left" />
        <Text Top="196" Left="437" Width="200" Scroll="0" Color="0xFF000000" Source="Gateway" Align="Left" />
        <Text Top="183" Left="438" Width="196" Scroll="0" Color="0xFF000000" Source="Subnet" Align="Left" />
        <Text Top="108" Left="221" Width="189" Scroll="0" Color="0xFF000000" Source="CPUTempC" Align="Left" />
        <Text Top="121" Left="221" Width="186" Scroll="0" Color="0xFF000000" Source="MBTempC" Align="Left" />
        <Text Top="134" Left="221" Width="200" Scroll="0" Color="0xFF000000" Source="FanSpeed" Align="Left" />
        <Text Top="17" Left="221" Width="200" Scroll="0" Color="0xFF000000" Source="Time" Align="Left" />
        <Text Top="4" Left="436" Width="200" Scroll="0" Color="0xFF000000" Source="Tray" Align="Left" />
        <Text Top="171" Left="438" Width="200" Scroll="0" Color="0xFF000000" Source="IP" Align="Left" />
        <Text Top="316" Left="9" Width="625" Scroll="0" Color="0xFFFFFFFF" Source="Newsfeed" Align="Left" />
        <Text Top="152" Left="5" Width="640" Scroll="0" Color="0xFFFFFFFF" Source="NewsSource" Align="Left" />
        <Image Top="5" Left="3" Width="204" Height="149" Source="GameIcon" />
        <Image Source="GamePreview" />
        <Menu Align="Left" ShowIcon="False" ShowArrows="False">
            <Preview EnableAudio="True" Top="168" Left="2" Width="204" Height="149" />
            <Position Top="166" Left="220" Width="203" Height="150" Fixed="True" FixAt="2" MaxItem="4" />
            <Font>20thCentury-14.xpr</Font>
        </Menu>
        <ColorScheme>
            <AMBIENT_FOGCOLOR>0xFFFFFFFF</AMBIENT_FOGCOLOR>
            <AMBIENT_SKYCOLOR>0xFF000000</AMBIENT_SKYCOLOR>
            <AMBIENT_CELLCOLOR>0xFFFF0000</AMBIENT_CELLCOLOR>
            <CAPTION_TEXTCOLOR>0xFFFFFFFF</CAPTION_TEXTCOLOR>
            <CAPTION_BACKCOLOR>0xB0FF0000</CAPTION_BACKCOLOR>
            <DIALOG_BORDERCOLOR>0xFFFF0000</DIALOG_BORDERCOLOR>
            <DIALOG_BACKCOLOR>0xC3000000</DIALOG_BACKCOLOR>
            <DIALOG_INNER_BORDERCOLOR>0xFFFF0000</DIALOG_INNER_BORDERCOLOR>
            <DIALOG_INNER_BACKCOLOR>0xC3000000</DIALOG_INNER_BACKCOLOR>
            <DIALOG_TEXTCOLOR>0xFFFFFFFF</DIALOG_TEXTCOLOR>
            <DIALOG_DISABLEDTEXT>0xFFFF0000</DIALOG_DISABLEDTEXT>
            <OPTION_TEXTCOLOR>0xFFFFFFFF</OPTION_TEXTCOLOR>
            <OPTION_ACTIVETEXTCOLOR>0xFFFFFFFF</OPTION_ACTIVETEXTCOLOR>
            <OPTION_ACTIVEBACKCOLOR>0x92FF0000</OPTION_ACTIVEBACKCOLOR>
            <BUTTON_BORDERCOLOR>0xFFFF0000</BUTTON_BORDERCOLOR>
            <BUTTON_TEXTCOLOR>0xFFFFFFFF</BUTTON_TEXTCOLOR>
            <BUTTON_BACKCOLOR>0x67000000</BUTTON_BACKCOLOR>
            <BUTTON_ACTIVETEXTCOLOR>0xFFFF0000</BUTTON_ACTIVETEXTCOLOR>
            <BUTTON_ACTIVEBACKCOLOR>0xFF000000</BUTTON_ACTIVEBACKCOLOR>
            <KB_KEYBG_HIGHLIGHT>0xFFFF0000</KB_KEYBG_HIGHLIGHT>
            <KB_KEYBG_DISABLED>0x6DFF0000</KB_KEYBG_DISABLED>
            <KB_KEY_PRESSED>0x6D000000</KB_KEY_PRESSED>
            <KB_KEY_NORMAL>0xFF000000</KB_KEY_NORMAL>
            <KB_KEY_DISABLED>0xFF808080</KB_KEY_DISABLED>
            <KB_KEY_ACTIVEBORDER>0xFF000000</KB_KEY_ACTIVEBORDER>
            <KB_KEY_TEXTCOLOR>0xFFFF0000</KB_KEY_TEXTCOLOR>
            <KB_KEY_TEXTBACKCOLOR>0xFF000000</KB_KEY_TEXTBACKCOLOR>
            <KB_KEY_TEXTBORDERCOLOR>0xFFFF0000</KB_KEY_TEXTBORDERCOLOR>
            <MENU_TEXTCOLOR>0xFF000000</MENU_TEXTCOLOR>
            <MENU_ACTIVETEXTCOLOR>0xFFFFFFFF</MENU_ACTIVETEXTCOLOR>
            <MENU_BORDERCOLOR>0xFFFF0000</MENU_BORDERCOLOR>
            <MENU_BACKCOLOR>0xFFFFFFFF</MENU_BACKCOLOR>
            <MENU_ACTIVEBACKCOLOR>0x21FF0000</MENU_ACTIVEBACKCOLOR>
            <MENU_ACTIVEBORDERCOLOR>0xFFFF0000</MENU_ACTIVEBORDERCOLOR>
        </ColorScheme>
    </Main>
</Skin>