<Skin name="Untitled">
    <Information>
        <Author>db</Author>
        <Version>1</Version>
        <Copyright>2006</Copyright>
        <Skinner Name="MCE 2005" Version="1.0" />
    </Information>
    <Fonts>
		<Font Name="Common10">common-font10.xpr</Font>
		<Font Name="Common14">common-font14.xpr</Font>
		<Font Name="Special">special-normal-pal.xpr</Font>
		<Font Name="SpecialBold">special-bold.xpr</Font>
		<Font Name="Segoe">Segoe_UI_13.xpr</Font>
		
    </Fonts>
    <Filemanager SafeBorder="True">
        <Background>filemanager.png</Background>
    </Filemanager>
    <LoadingScreen ShowInfo="False">
        <Background>splash2.png</Background>
    </LoadingScreen>
    <MusicPlayer Top="1" Left="1" Width="640" Height="480" Relative="True">
		<BackGround>bg.png</BackGround>
		<Image Left="280" Top="315" zIndex="1">mp_panel.png</Image>
		<Image Left="395" Top="30"  zIndex="1">mp_time_panel.png</Image>
		<Image Left="95" Top="340"  zIndex="1">mp_buttons_panel.png</Image>
		<Image Top="85" Left="180" zIndex="1">Stick_Click.png</Image> 
		
		<ButtonMap>mp_Buttons.png</ButtonMap>	
		<Element Type="Prev" Left="90" Top="361" Width="70" Height="50" zIndex="3" />
		<Element Type="Stop" Left="116" Top="358" Width="70" Height="50" zIndex="3" />
		<Element Type="Play" Left="149" Top="350" Width="70" Height="50" zIndex="3" />
		<Element Type="Pause" Left="184" Top="344" Width="70" Height="50" zIndex="3" />
		<Element Type="Next" Left="207" Top="339" Width="70" Height="50" zIndex="3" />
		<Element Type="PrevTrack" Left="128" Top="383" Width="70" Height="50" zIndex="3"/>
		<Element Type="NextTrack" Left="183" Top="369" Width="70" Height="50" zIndex="3"/>
		<Element Type="Mute" Left="290" Top="347" Width="70" Height="25" zIndex="3" />
		<Element Type="Random" Left="415" Top="347" Width="70" Height="25" zIndex="3" />
		
		<Element Type="Meter" Left="440" Top="370" Width="150" Height="50" zIndex="2" Relative="True"/>
		<Element Type="Progress" Left="413" Top="56" Width="160" Height="4" Direction="right" zIndex="3"/>
		<Element Type="Volume" Left="440" Top="420" Width="105" Height="4" Direction="right" zIndex="3"/>

		<Text Left="215" Top="100" Height="30" Color="0xBBBBBBBB" Source="- Click Right Thumbstick to Toggle Playlist" Font="Common10" zIndex="1" />

		<Text Left="483" Top="39" Height="30" Color="0xFFFFFFFF" Source="SongTime" Font="Common14" Align="Right" ScaleX="70" ScaleY="70" zIndex="3" />
		<Text Left="488" Top="37" Height="30" Color="0xaaFFFFFF" Source="/" Font="Common14" Align="Left" ScaleX="80" ScaleY="80" zIndex="3" />
		<Text Left="497" Top="39" Height="30" Color="0xFFFFFFFF" Source="SongLength" Font="Common14" Align="left" ScaleX="70" ScaleY="70" zIndex="3" />
		<Text Left="465" Top="355" Width="80" Height="15" Color="0xFFFFFFFF" Source="Random" Font="Common10" Align="left" ScaleX="100" ScaleY="100" zIndex="3" />
		<Text Left="345" Top="355" Width="80" Height="15" Color="0xFFFFFFFF" Source="Mute" Font="Common10" Align="left" ScaleX="100" ScaleY="100" zIndex="3" />
		<Text Left="325" Top="380" Width="100" Height="30" Color="0xFFFFFFFF" Source="SongBitRate" Font="Common10" Align="left" ScaleX="100" ScaleY="100" zIndex="3" />
		<Text Left="325" Top="400" Width="100" Height="30" Color="0xFFFFFFFF" Source="SongChannel" Font="Common10" Align="left" ScaleX="100" ScaleY="100" zIndex="3" />
		<Text Left="305" Top="330" Width="270" Height="30" Color="0xFFFFFFFF" Source="SongTrack" Scroll="1" Font="Common10" ScaleX="100" ScaleY="120" zIndex="3" />
		<Playlist Top="70" Left="65" Width="530" Height="300" OffsetX="20" OffsetY="40">
			<BackGround>Playlist.png</BackGround>
		</Playlist>

    </MusicPlayer>

    <Main Globe="False" Orb="False" Fog="False">
        <Background EnableAudio="False">mce.png</Background>
        <InfoFont>Square-10.xpr</InfoFont>
        <Text Top="253" Left="82" Width="90" Scroll="0" Color="0xFF6E95C8" Source="$Time$" Align="Left" />
        <Image Top="163" Left="455" Width="128" Height="128" Source="GameIcon" />
        <Menu Scroll="True" Smooth="True" Align="Left" ShowIcon="False" ShowArrows="False">
            <Position Top="143" Left="241" Width="125" Height="171" Fixed="True" FixAt="4" MaxItem="3" />
            <Font>Square-12.xpr</Font>
        </Menu>
        <ColorScheme>
            <AMBIENT_FOGCOLOR>0x00FFFFFF</AMBIENT_FOGCOLOR>
            <AMBIENT_SKYCOLOR>0x0000000F</AMBIENT_SKYCOLOR>
            <AMBIENT_CELLCOLOR>0x0000C000</AMBIENT_CELLCOLOR>
            <CAPTION_TEXTCOLOR>0xFF000000</CAPTION_TEXTCOLOR>
            <CAPTION_BACKCOLOR>0x64808080</CAPTION_BACKCOLOR>
            <DIALOG_BORDERCOLOR>0xFF000000</DIALOG_BORDERCOLOR>
            <DIALOG_BACKCOLOR>0x64808080</DIALOG_BACKCOLOR>
            <DIALOG_INNER_BORDERCOLOR>0xC8000000</DIALOG_INNER_BORDERCOLOR>
            <DIALOG_INNER_BACKCOLOR>0x5A808080</DIALOG_INNER_BACKCOLOR>
            <DIALOG_TEXTCOLOR>0xFFFFFFFF</DIALOG_TEXTCOLOR>
            <DIALOG_DISABLEDTEXT>0xFFB3B3B4</DIALOG_DISABLEDTEXT>
            <OPTION_TEXTCOLOR>0xFFFFFFFF</OPTION_TEXTCOLOR>
            <OPTION_ACTIVETEXTCOLOR>0xFF000000</OPTION_ACTIVETEXTCOLOR>
            <OPTION_ACTIVEBACKCOLOR>0x50808080</OPTION_ACTIVEBACKCOLOR>
            <BUTTON_BORDERCOLOR>0xC8000000</BUTTON_BORDERCOLOR>
            <BUTTON_TEXTCOLOR>0xFFFFFFFF</BUTTON_TEXTCOLOR>
            <BUTTON_BACKCOLOR>0xFF525252</BUTTON_BACKCOLOR>
            <BUTTON_ACTIVETEXTCOLOR>0xFFFFFFFF</BUTTON_ACTIVETEXTCOLOR>
            <BUTTON_ACTIVEBACKCOLOR>0xFF808080</BUTTON_ACTIVEBACKCOLOR>
            <KB_KEYBG_HIGHLIGHT>0x19575757</KB_KEYBG_HIGHLIGHT>
            <KB_KEYBG_DISABLED>0x78C0C0C0</KB_KEYBG_DISABLED>
            <KB_KEY_PRESSED>0xFF800000</KB_KEY_PRESSED>
            <KB_KEY_NORMAL>0xFF000000</KB_KEY_NORMAL>
            <KB_KEY_DISABLED>0x78808080</KB_KEY_DISABLED>
            <KB_KEY_ACTIVEBORDER>0xFFFF0000</KB_KEY_ACTIVEBORDER>
            <KB_KEY_TEXTCOLOR>0xFF000000</KB_KEY_TEXTCOLOR>
            <KB_KEY_TEXTBACKCOLOR>0xFFFFFFFF</KB_KEY_TEXTBACKCOLOR>
            <KB_KEY_TEXTBORDERCOLOR>0x780CAF10</KB_KEY_TEXTBORDERCOLOR>
            <MENU_TEXTCOLOR>0x96FFFFFF</MENU_TEXTCOLOR>
            <MENU_ACTIVETEXTCOLOR>0xFFFFFFFF</MENU_ACTIVETEXTCOLOR>
            <MMActiveForeColor>0xFFB6FF00</MMActiveForeColor>
	    <MMForeColor>0xFFADADAD</MMForeColor>
	    <MMOffForeColor>0xFF808080</MMOffForeColor>
	    <MMDarkBarColor>0xFF9aab01</MMDarkBarColor>
	    <MMLightBarColor>0xFFa9bc00</MMLightBarColor>
	    <MMDarkBackColor>0x99404040</MMDarkBackColor>
	    <WindowBackCOLOR>0xFF000000</WindowBackCOLOR>
	    <WindowForeCOLOR>0xFFFFFFFF</WindowForeCOLOR>
        </ColorScheme>
    </Main>
</Skin>