<Skin name="Simple but Sexy">
	<Information>
		<Author>dunny</Author>
		<Copyright>Copyright 2003</Copyright>
		<Version>1.0</Version>
	</Information>
	<Main Globe="False" Orb="False" Fog="False">
		<InfoFont>Verdana_10.xpr</InfoFont>
		<Image Top="98" Left="365" Width="191" Height="191">orange-i.png</Image>
		<GameIcon Enable="True">
		<Position Top="98" Left="365" Width="191" Height="191" />
		</GameIcon>
		<Background>orange.png</Background>

		<Menu Smooth="True" Align="Middle" ShowIcon="False" Rotate="False">
			<Font>Verdana_10.xpr</Font>
			<Position Top="298" Left="355" Width="214" Height="75" Fixed="True" FixAt="2" MaxItem="4"></Position>
		</Menu>

		<Text Left="158" Top="96" Width="125" Color="0xFF000000" Source="SongName" Scroll="1" />
		<Text Left="158" Top="113" Width="125" Color="0xFF000000" Source="Time: $SongTime$ secs" />
		<Text Left="158" Top="130" Width="125" Color="0xFF000000" Source="$SoundTrack$" Scroll="1" />
		<Text Left="158" Top="173" Color="0xFF000000" Source="C: $C_FreeMB$" />
		<Text Left="158" Top="190" Color="0xFF000000" Source="E: $E_FreeMB$" />
		<Text Left="158" Top="207" Color="0xFF000000" Source="F: $F_FreeMB$" />
		<Text Left="158" Top="251" Color="0xFF000000" Source="CPU: $CPUTemp$" />
		<Text Left="158" Top="268" Color="0xFF000000" Source="M/B: $MBTemp$" />
		<Text Left="158" Top="285" Color="0xFF000000" Source="Tray: $Tray$" Scroll="1" />
		<Text Left="158" Top="330" Color="0xFF000000" Source="IP: $IP$" />
		<Text Left="158" Top="347" Color="0xFF000000" Source="Users: $NumClient$" />
		<Text Left="158" Top="364" Color="0xFF000000" Source="$Time$" />
	</Main>
	<ColorScheme >
		<MENU_TEXTCOLOR>0xFF000000</MENU_TEXTCOLOR>
		<MENU_ACTIVETEXTCOLOR>0xFFFFFF00</MENU_ACTIVETEXTCOLOR>
		<MENU_BACKCOLOR>0xEAD376</MENU_BACKCOLOR>
		<MENU_ACTIVEBACKCOLOR>0xFF000000</MENU_ACTIVEBACKCOLOR>
	</ColorScheme>
</Skin>