<Skin Name="BlueMist">
	<Information>
		<Author>Kthulu</Author>
		<Copyright>9999</Copyright>
		<Version>this one</Version>
	</Information>
	<Main globe="False" Orb="False" Fog="False">
		<Menu Smooth="True" Align="Middle" ShowIcon="False" Rotate="False" ShowArrows="False" Horizontal="False">
			<Position Top="290" Left="315" Height="150" Width="200" Fixed="True" FixAt="1" MaxItem="7"></Position>
			<Preview EnableAudio="False" Left="260" Top="40" Width="320" Height="240" />
			<Font>arial12.xpr</Font>
		</Menu>
		<Image top="0" left="0" width="640" height="480" opacity="100">bluemistbg.png</Image>
		<Image Source="GamePreview"/>
		<Image top="0" left="0" width="640" height="480" opacity="100">bluemistfg.png</Image>
		<Image Top="240" Left="75" width="150" Height="215" Opacity="100" Source="GameIcon"/>
		<InfoFont>arial12.xpr</InfoFont>
		<Text Left="60" Top="30" Align="Left" Color="0xB0FFFFFF" Source="Newsfeed"></Text>
		<Text Left="60" Top="55" Align="Left" Width="160" Color="0xFF2222FF" Source="$SoundTrack$"></Text>
		<Text Left="60" Top="75" Align="Left" Width="160" Color="0xFF2222FF" Source="Song"></Text>
		<Text Left="60" Top="95" Align="Left" Width="160" Color="0xFF2222FF" Source="$SongTime$"></Text>
		<Text Left="250" Top="130" Align="Right" Color="0xB0FFFFFF" Source="$Time$"></Text>
		<Text Left="60" Top="130" Align="Leftt" Color="0xB0FFFFFF" Source="$Date$"></Text>
	</Main>
	<FileManager>
		<Background>bluemistfm.png</Background>
	</FileManager>
	<LoadingScreen ShowInfo="False">
		<Background>bluemistld.png</Background>
	</LoadingScreen>
	<ColorScheme>
		<AMBIENT_FOGCOLOR>0x00000000</AMBIENT_FOGCOLOR>
		<AMBIENT_SKYCOLOR>0x00000000</AMBIENT_SKYCOLOR>
		<AMBIENT_CELLCOLOR>0x00000000</AMBIENT_CELLCOLOR>

		<CAPTION_TEXTCOLOR>0xFFFFFF00</CAPTION_TEXTCOLOR>
		<CAPTION_BACKCOLOR>0xFF000055</CAPTION_BACKCOLOR>

		<DIALOG_BORDERCOLOR>0xFF000000</DIALOG_BORDERCOLOR>
		<DIALOG_BACKCOLOR>0xFF000055</DIALOG_BACKCOLOR>
		<DIALOG_INNER_BORDERCOLOR>0xFF000055</DIALOG_INNER_BORDERCOLOR>
		<DIALOG_INNER_BACKCOLOR>0xFF000000</DIALOG_INNER_BACKCOLOR>
		<DIALOG_TEXTCOLOR>0xFFFFFFFF</DIALOG_TEXTCOLOR>
		<DIALOG_DISABLEDTEXT>0x88FFFFFF</DIALOG_DISABLEDTEXT>

		<OPTION_TEXTCOLOR>0xFFFFFFFF</OPTION_TEXTCOLOR>
		<OPTION_ACTIVETEXTCOLOR>0xFFFFFF00</OPTION_ACTIVETEXTCOLOR>
		<OPTION_ACTIVEBACKCOLOR>0xFF000033</OPTION_ACTIVEBACKCOLOR>

		<BUTTON_BORDERCOLOR>0xFF000000</BUTTON_BORDERCOLOR>
		<BUTTON_TEXTCOLOR>0xFFFFFFFF</BUTTON_TEXTCOLOR>
		<BUTTON_BACKCOLOR>0xFF000055</BUTTON_BACKCOLOR>
		<BUTTON_ACTIVETEXTCOLOR>0xFFFFFF00</BUTTON_ACTIVETEXTCOLOR>
		<BUTTON_ACTIVEBACKCOLOR>0xFF000033</BUTTON_ACTIVEBACKCOLOR>	

		<KB_KEYBG_HIGHLIGHT>0xFF000055</KB_KEYBG_HIGHLIGHT>
		<KB_KEYBG_DISABLED>0xFF808080</KB_KEYBG_DISABLED>
		<KB_KEY_PRESSED>0xFF000030</KB_KEY_PRESSED>
		<KB_KEY_NORMAL>0xFF000000</KB_KEY_NORMAL>
		<KB_KEY_DISABLED>0xFF000030</KB_KEY_DISABLED>
		<KB_KEY_ACTIVEBORDER>0xFFFFFFFF</KB_KEY_ACTIVEBORDER>
		<KB_KEY_TEXTCOLOR>0xFFFFFFFF</KB_KEY_TEXTCOLOR>
		<KB_KEY_TEXTBACKCOLOR>0xFF000000</KB_KEY_TEXTBACKCOLOR>
		<KB_KEY_TEXTBORDERCOLOR>0xFF000000</KB_KEY_TEXTBORDERCOLOR>

		<MENU_BORDERCOLOR></MENU_BORDERCOLOR>
		<MENU_BACKCOLOR></MENU_BACKCOLOR>
		<MENU_ACTIVEBACKCOLOR></MENU_ACTIVEBACKCOLOR>
		<MENU_ACTIVEBORDERCOLOR></MENU_ACTIVEBORDERCOLOR>
		<MENU_TEXTCOLOR>0xB0FFFFFF</MENU_TEXTCOLOR>
		<MENU_ACTIVETEXTCOLOR>0xFFFFFFFF</MENU_ACTIVETEXTCOLOR>
	</ColorScheme>
</Skin>







