<Skin Name="Patricia Ford 2">
<Information>
<Author>51vh50</Author>
<Copyright>2005 Skinned by Sketchy Skinner</Copyright>
<Version>1</Version>

</Information>

<FileManager>
<Background>fmbg.jpg</Background>
</FileManager>

<LoadingScreen ShowInfo="False">
<Background>ls.jpg</Background>
</LoadingScreen>

<InfoFont>Verdana_10.xpr</InfoFont>

<Main globe="False" Orb="False">
<Image Top="50" Left="300" width="302" Height="151" Opacity="100">overlay.png</Image>
<Image Top="80" Left="213" width="81" Height="81" Opacity="100">overlay2.png</Image>
<GameIcon Enable="True">
  <Position Top="82" Left="218" Width="73" Height="73" />
  </GameIcon>

<Background EnableAudio="True">bg.jpg</background>
<Menu smooth="False" ShowArrows="False" ShowIcon="False" Rotate="True">
<Position left="311" Top="49" Width="285" Height="140" />
<Preview EnableAudio="False" left="219" Top="9" Width="63" Height="55" />

<Font>common-font12.xpr</Font>

</Menu>
<Text Left="260" Top="213" Align="Left" Color="0xFFFF0000" Source="DvdTitle"></Text>
<Text Left="260" Top="233" Align="Left" Color="0xFFFF0000" Source="C_TotalMB"></Text>
<Text Left="260" Top="254" Align="Left" Color="0xFFFF0000" Source="E_TotalMB"></Text>
<Text Left="260" Top="274" Align="Left" Color="0xFFFF0000" Source="F_TotalMB"></Text>
<Text Left="260" Top="390" Align="Left" Color="0xFFFF0000" Source="DateTime"></Text>
<Text Left="260" Top="297" Align="Left" Color="0xFFFF0000" Source="SongName"></Text>
<Text Left="300" Top="319" Align="Left" Color="0xFFFF0000" Source="SongTime"></Text>

</Main>

<ColorScheme>
<AMBIENT_FOGCOLOR>0xFF002000</AMBIENT_FOGCOLOR>
<AMBIENT_SKYCOLOR>0xFF004000</AMBIENT_SKYCOLOR>
<AMBIENT_CELLCOLOR>0x0600C000</AMBIENT_CELLCOLOR>

<CAPTION_TEXTCOLOR>0xFFFFFFC0</CAPTION_TEXTCOLOR>
<CAPTION_BACKCOLOR>0xFF686485</CAPTION_BACKCOLOR>

<DIALOG_BORDERCOLOR>0xFF0C0A18</DIALOG_BORDERCOLOR>
<DIALOG_BACKCOLOR>0xCD636482</DIALOG_BACKCOLOR>
<DIALOG_INNER_BORDERCOLOR>0xFF636482</DIALOG_INNER_BORDERCOLOR>
<DIALOG_INNER_BACKCOLOR>0xE1004100</DIALOG_INNER_BACKCOLOR>
<DIALOG_TEXTCOLOR>0xFFFFFFFF</DIALOG_TEXTCOLOR>
<DIALOG_DISABLEDTEXT>0x7F086820</DIALOG_DISABLEDTEXT>

<OPTION_TEXTCOLOR>0xFF02C90C</OPTION_TEXTCOLOR>
<OPTION_ACTIVETEXTCOLOR>0xFFFFFFFF</OPTION_ACTIVETEXTCOLOR>
<OPTION_ACTIVEBACKCOLOR>0xFF02C90C</OPTION_ACTIVEBACKCOLOR>

<BUTTON_BORDERCOLOR>0xFF0C0A18</BUTTON_BORDERCOLOR>
<BUTTON_TEXTCOLOR>0xFF02C90C</BUTTON_TEXTCOLOR>
<BUTTON_BACKCOLOR>0xCD636482</BUTTON_BACKCOLOR>
<BUTTON_ACTIVETEXTCOLOR>0xFFFFFFFF</BUTTON_ACTIVETEXTCOLOR>
<BUTTON_ACTIVEBACKCOLOR>0xE102C90C</BUTTON_ACTIVEBACKCOLOR>	

<KB_KEYBG_HIGHLIGHT>0xCC00C000</KB_KEYBG_HIGHLIGHT>
<KB_KEYBG_DISABLED>0xffc0c0c0</KB_KEYBG_DISABLED>
<KB_KEY_PRESSED>0xff808080</KB_KEY_PRESSED>
<KB_KEY_NORMAL>0xff000000</KB_KEY_NORMAL>
<KB_KEY_DISABLED>0xff808080</KB_KEY_DISABLED>
<KB_KEY_ACTIVEBORDER>0xff008000</KB_KEY_ACTIVEBORDER>
<KB_KEY_TEXTCOLOR>0xff000000</KB_KEY_TEXTCOLOR>
<KB_KEY_TEXTBACKCOLOR>0xffFFFFFF</KB_KEY_TEXTBACKCOLOR>
<KB_KEY_TEXTBORDERCOLOR>0xff0000FF</KB_KEY_TEXTBORDERCOLOR>

<MENU_TEXTCOLOR>0xFF0000FF</MENU_TEXTCOLOR>
<MENU_ACTIVETEXTCOLOR>0xFFEA0000</MENU_ACTIVETEXTCOLOR>
</ColorScheme>
</Skin>
