﻿<Skin name="Taz">
    <Information>
        <Author>Shol'Va</Author>
        <Version>1</Version>
        <Copyright>2004</Copyright>
        <Skinner Name="UX Architect" Version="1.0c" />
    </Information>
    <Filemanager SafeBorder="False">
        <Background>engagez vous.jpg</Background>
    </Filemanager>
    <LoadingScreen ShowInfo="True">
        <Background>taz1.jpg</Background>
    </LoadingScreen>
    <Main Globe="False" Orb="False">
        <Background EnableAudio="False">taz 3.jpg</Background>
        <InfoFont>Square-10.xpr</InfoFont>
        <Text Top="129" Left="26" Width="161" Scroll="0" Color="0xFFFFFFFF" Source="DVDType" Align="Left" />
        <Text Top="24" Left="165" Width="200" Scroll="0" Color="0xFFFFFFFF" Source="MBTempC" Align="Left" />
        <Text Top="3" Left="164" Width="200" Scroll="0" Color="0xFFFFFFFF" Source="CPUTempC" Align="Left" />
        <Text Top="458" Left="3" Width="200" Scroll="0" Color="0xFFFF8040" Source="Newsfeed" Align="Left" />
        <Text Top="457" Left="457" Width="200" Scroll="0" Color="0xFFFF8040" Source="IP" Align="Left" />
        <Text Top="4" Left="431" Width="200" Scroll="0" Color="0xFFFF8040" Source="E_FreeMB" Align="Left" />
        <Text Top="23" Left="432" Width="200" Scroll="0" Color="0xFFFF8040" Source="F_FreeMB" Align="Left" />
        <Image Top="188" Left="84" Width="69" Height="54" Opacity="100">Paw.png</Image>
        <Image Top="51" Left="167" Width="33" Height="38" Source="GameIcon" />
        <Image Source="GamePreview" />
        <Menu Align="Left" ShowIcon="False" ShowArrows="False">
            <Preview EnableAudio="True" Top="234" Left="290" Width="82" Height="69" />
            <Position Top="11" Left="9" Width="149" Height="114" Fixed="False" FixAt="2" MaxItem="4" />
            <Font>Square-10.xpr</Font>
        </Menu>
        <ColorScheme>
            <AMBIENT_FOGCOLOR>0xFFFF0000</AMBIENT_FOGCOLOR>
            <AMBIENT_SKYCOLOR>0xFF400000</AMBIENT_SKYCOLOR>
            <AMBIENT_CELLCOLOR>0xFFFFFFFF</AMBIENT_CELLCOLOR>
            <CAPTION_TEXTCOLOR>0xFFFFFFFF</CAPTION_TEXTCOLOR>
            <CAPTION_BACKCOLOR>0xFF000000</CAPTION_BACKCOLOR>
            <DIALOG_BORDERCOLOR>0xFFFFFFFF</DIALOG_BORDERCOLOR>
            <DIALOG_BACKCOLOR>0x64804000</DIALOG_BACKCOLOR>
            <DIALOG_INNER_BORDERCOLOR>0xFFFFFFFF</DIALOG_INNER_BORDERCOLOR>
            <DIALOG_INNER_BACKCOLOR>0x64000000</DIALOG_INNER_BACKCOLOR>
            <DIALOG_TEXTCOLOR>0xFFFFFFFF</DIALOG_TEXTCOLOR>
            <DIALOG_DISABLEDTEXT>0xFFB3B3B4</DIALOG_DISABLEDTEXT>
            <OPTION_TEXTCOLOR>0xFFFFFFFF</OPTION_TEXTCOLOR>
            <OPTION_ACTIVETEXTCOLOR>0xFFFFFFFF</OPTION_ACTIVETEXTCOLOR>
            <OPTION_ACTIVEBACKCOLOR>0xFF804040</OPTION_ACTIVEBACKCOLOR>
            <BUTTON_BORDERCOLOR>0xFFFFFFFF</BUTTON_BORDERCOLOR>
            <BUTTON_TEXTCOLOR>0xFFFFFFFF</BUTTON_TEXTCOLOR>
            <BUTTON_BACKCOLOR>0xFF400000</BUTTON_BACKCOLOR>
            <BUTTON_ACTIVETEXTCOLOR>0xFFFFFFFF</BUTTON_ACTIVETEXTCOLOR>
            <BUTTON_ACTIVEBACKCOLOR>0xFF800000</BUTTON_ACTIVEBACKCOLOR>
            <KB_KEYBG_HIGHLIGHT>0xFFFF8000</KB_KEYBG_HIGHLIGHT>
            <KB_KEYBG_DISABLED>0xFFFF8000</KB_KEYBG_DISABLED>
            <KB_KEY_PRESSED>0xFFFF8000</KB_KEY_PRESSED>
            <KB_KEY_NORMAL>0xFFFF8000</KB_KEY_NORMAL>
            <KB_KEY_DISABLED>0xFFFFFFFF</KB_KEY_DISABLED>
            <KB_KEY_ACTIVEBORDER>0xFFFFFFFF</KB_KEY_ACTIVEBORDER>
            <KB_KEY_TEXTCOLOR>0xFFFFFFFF</KB_KEY_TEXTCOLOR>
            <KB_KEY_TEXTBACKCOLOR>0x32FFFFFF</KB_KEY_TEXTBACKCOLOR>
            <KB_KEY_TEXTBORDERCOLOR>0xFFFFFFFF</KB_KEY_TEXTBORDERCOLOR>
            <MENU_TEXTCOLOR>0xFFFFFFFF</MENU_TEXTCOLOR>
            <MENU_ACTIVETEXTCOLOR>0xFFFF8040</MENU_ACTIVETEXTCOLOR>
        </ColorScheme>
    </Main>
</Skin>