﻿<Skin name="Halflife2 RET">
	<!-- New feature Alert: 
		Fonts collection and Font Attribute: can be reference by anything that uses font:
		Usage: Font="Lucida"
	-->
	<Fonts>
	<Font Name="MSS10">Microsoft_Sans_Serif_10.xpr</Font>
	<Font Name="MSS12">Microsoft_Sans_Serif_12.xpr</Font>
	<Font Name="MSS14">Microsoft_Sans_Serif_14.xpr</Font>
	</Fonts>
    <Information>
        <Author>Razors Edge Technology</Author>
        <Version>1</Version>
        <Copyright>2005</Copyright>
        <Skinner Name="Animated Screen" Version="6" />
    </Information>
    <IntroMovie>intro.wmv</IntroMovie>
    <Filemanager>
        <Background>filemanager.png</Background>
    </Filemanager>
<!-- New feature Alert: 
		MusicPlayer is now fully skinnable, and Texts, Shapes and Images are acceptable.
	-->
	<MusicPlayer Left="50" Top="52" Width="587" Height="262" Relative="True">
		<Image Left="0" Top="0" Width="587" Height="262" zIndex="3">mp_vol_Overlay.png</Image>
		<BackGround>mp.png</BackGround>
		
		<ButtonMap>mp_Buttons.png</ButtonMap>
		<Element Type="Next" Left="510" Top="13" Width="32" Height="44" zIndex="3" />	
		<Element Type="Play" Left="540" Top="23" Width="32" Height="44" zIndex="3" />
		<Element Type="Prev" Left="540" Top="55" Width="32" Height="44" zIndex="3" />
		<Element Type="Stop" Left="515" Top="38" Width="32" Height="44" zIndex="3" />
	
		<Element Type="Progress" Left="380" Top="108" Width="60" Height="80" Direction="up" zIndex="2"/>
		<Element Type="Volume" Left="465" Top="85" Width="60" Height="105" Direction="up"/>
		<Element Type="Meter" Left="70" Top="65" Width="220" Height="120" zIndex="2" Relative="True"/>	

		<Text Left="425" Top="50" Width="100" Height="20" Color="0xFFFFFFFF" Source="SongTime" Font="MSS12" Align="left" ScaleX="80" ScaleY="80" zIndex="3" />
		<Text Left="390" Top="69" Width="120" Height="20" Color="0xFFFFFFFF" Source="SongTrack" Scroll="2" Font="MSS12" ScaleX="80" ScaleY="80" zIndex="3" />
		<Playlist Top="300" Left="75" Width="451" Height="180" OffsetX="38" OffsetY="15">
			<BackGround>mp_pl.png</BackGround>
		</Playlist>
		
	</MusicPlayer>
    <LoadingScreen ShowInfo="False">
        <Background>loading.png</Background>
    </LoadingScreen>
    <Main Globe="False" Orb="False" Fog="False">
        <Background>background.wmv</Background>
		<Text Top="130" Left="120" Width="200" Scroll="0" Color="0xFFFFFFFF" Source="Time" Align="Left" />
		<Text Top="348" Left="400" Width="200" Scroll="2" Color="0xFFFFFFFF" Source="Newsfeed" Align="Left" />
        <Image Top="113" Left="425" Width="145" Height="140" Source="GameIcon" />
	<Image Source="GamePreview" />
	<Image Top="0" Left="0" Width="640" Height="480" Opacity="100">overlay.png</Image>
        <Menu Align="Left" ShowIcon="False" ShowArrows="False">
            <Preview EnableAudio="False" Top="113" Left="425" Width="145" Height="140" />
            <ItemPos Top="160" Left="75" Width="271"></ItemPos>
            <ItemPos Top="190" Left="75" Width="271"></ItemPos>
            <ItemPos Top="220" Left="75" Width="271"></ItemPos>
            <ItemPos Top="250" Left="75" Width="271"></ItemPos>
            <ItemPos Top="280" Left="75" Width="271"></ItemPos>
            <ItemPos Top="310" Left="75" Width="271"></ItemPos>
            <ItemPos Top="340" Left="75" Width="271"></ItemPos>
        </Menu>
	    <ColorScheme Name="xbox">
 	    <AMBIENT_FOGCOLOR>0xFF153101</AMBIENT_FOGCOLOR>
	    <AMBIENT_SKYCOLOR>0x00000000</AMBIENT_SKYCOLOR>
	    <AMBIENT_CELLCOLOR>0xFFFFFFFF</AMBIENT_CELLCOLOR>
	    <CAPTION_TEXTCOLOR>0xFFFFFFFF</CAPTION_TEXTCOLOR>
	    <CAPTION_BACKCOLOR>0xFF000000</CAPTION_BACKCOLOR>
	    <DIALOG_BORDERCOLOR>0xFFC0C0C0</DIALOG_BORDERCOLOR>
	    <DIALOG_BACKCOLOR>0xFF000000</DIALOG_BACKCOLOR>
	    <DIALOG_INNER_BORDERCOLOR>0xFF808080</DIALOG_INNER_BORDERCOLOR>
	    <DIALOG_INNER_BACKCOLOR>0xFF000000</DIALOG_INNER_BACKCOLOR>
	    <DIALOG_TEXTCOLOR>0xFFFFFFFF</DIALOG_TEXTCOLOR>
	    <DIALOG_DISABLEDTEXT>0xFF000000</DIALOG_DISABLEDTEXT>
	    <OPTION_TEXTCOLOR>0xFFFFFFFF</OPTION_TEXTCOLOR>
	    <OPTION_ACTIVETEXTCOLOR>0xFF000000</OPTION_ACTIVETEXTCOLOR>
	    <OPTION_ACTIVEBACKCOLOR>0xFFFF8000</OPTION_ACTIVEBACKCOLOR>
	    <BUTTON_BORDERCOLOR>0xFF808080</BUTTON_BORDERCOLOR>
	    <BUTTON_TEXTCOLOR>0xFFFFFFFF</BUTTON_TEXTCOLOR>
	    <BUTTON_BACKCOLOR>0xFF000000</BUTTON_BACKCOLOR>
	    <BUTTON_ACTIVETEXTCOLOR>0xFFFFFFFF</BUTTON_ACTIVETEXTCOLOR>
	    <BUTTON_ACTIVEBACKCOLOR>0xFFFF8000</BUTTON_ACTIVEBACKCOLOR>		
	    <KB_KEYBG_HIGHLIGHT>0xCC00C000</KB_KEYBG_HIGHLIGHT>
	    <KB_KEYBG_DISABLED>0xA2FFFF00</KB_KEYBG_DISABLED>
	    <KB_KEY_PRESSED>0xFF000000</KB_KEY_PRESSED>
	    <KB_KEY_NORMAL>0xFF000000</KB_KEY_NORMAL>
	    <KB_KEY_DISABLED>0xA2FFFF00</KB_KEY_DISABLED>
	    <KB_KEY_ACTIVEBORDER>0xFF000000</KB_KEY_ACTIVEBORDER>
	    <KB_KEY_TEXTCOLOR>0xFFFFFFFF</KB_KEY_TEXTCOLOR>
	    <KB_KEY_TEXTBACKCOLOR>0xFF000000</KB_KEY_TEXTBACKCOLOR>
	    <KB_KEY_TEXTBORDERCOLOR>0xFFC0C0C0</KB_KEY_TEXTBORDERCOLOR>		
	    <MENU_TEXTCOLOR>0xFFFFFFFF</MENU_TEXTCOLOR>
	    <MENU_ACTIVETEXTCOLOR>0xA2FFFF00</MENU_ACTIVETEXTCOLOR>
	    <MENU_ACTIVEBACKCOLOR>0x00000000</MENU_ACTIVEBACKCOLOR>
	    <MENU_ACTIVEBORDERCOLOR>0x00000000</MENU_ACTIVEBORDERCOLOR>
		<!-- New feature Alert:
			New colorscheme elements
			MMLightBackColor -Lighter Backcolor of the Soundtrack manager
			MMDarkBackColor -Backcolor of the Soundtrack manager

			MMLightBarColor -Color of high peak meter indicator
			MMDarkBarColor -Color of low peak meter indicator
			MMForeColor -Text, Led color
			MMOffForeColor -Led color
		-->
		
		<!-- LED color-->
		<MMForeColor>0xFFFF8000</MMForeColor>
		<MMOffForeColor>0xFFFFFFFF</MMOffForeColor>

		<!-- Peak meter color-->
		<!-- Here, we just want a uniform color, Dark is low, light is high-->
		<MMDarkBarColor>0xFFFF8000</MMDarkBarColor>
		<MMLightBarColor>0xFFFFFF00</MMLightBarColor>
	</ColorScheme>
    </Main>
</Skin>