<Skin Name="Console U.I. V3">

 <Information>
    <Author>Dunny</Author>
    <Copyright>2004</Copyright>
    <Version>1</Version>
 </Information>

 <LoadingScreen ShowInfo="True">
  <BackGround>load.png</BackGround>
 </LoadingScreen>

 <Main globe="False" Orb="False">
  <Background>bg.png</background>
	<Image Top="75" Left="421" width="94" Height="98" Source="GameIcon"/>
	<Image Source="GamePreview"/>
    <Menu smooth="False" Align="Middle" ShowArrows="False" ShowIcon="False" Rotate="False">
        <Position left="348" Top="192" Width="243" Height="230" />
	<Preview EnableAudio="True" left="421" Top="75" Width="94" Height="98" />
	<Font>menufont.xpr</Font>
    </Menu>

 <InfoFont>Verdana_10.xpr</InfoFont>
 <Text Left="124" Top="58" Color="0xFF80FF80" Source="C:"></Text>
 <Text Left="140" Top="58" Color="0xFFFFFFFF" Source="$C_Free$ free"></Text>
 <Text Left="124" Top="76" Color="0xFF80FF80" Source="D:"></Text>
 <Text Left="140" Top="76" Width="170" Color="0xFFFFFFFF" Source="DvdTitle" Scroll="1"></Text>
 <Text Left="124" Top="94" Color="0xFF80FF80" Source="E:"></Text>
 <Text Left="140" Top="94" Color="0xFFFFFFFF" Source="$E_Free$ free"></Text>
 <Text Left="124" Top="112" Color="0xFF80FF80" Source="F:"></Text>
 <Text Left="140" Top="112" Color="0xFFFFFFFF" Source="$F_Free$ free"></Text>

 <Text Left="124" Top="163" Color="0xFF80FF80" Source="Time:"></Text>
 <Text Left="165" Top="163" Color="0xFFFFFFFF" Source="$Time$"></Text>
 <Text Left="124" Top="181" Color="0xFF80FF80" Source="Date:"></Text>
 <Text Left="166" Top="181" Color="0xFFFFFFFF" Source="$Date$"></Text>
 <Text Left="124" Top="199" Color="0xFF80FF80" Source="M/B:"></Text>
 <Text Left="161" Top="199" Color="0xFFFFFFFF" Source="$MBTempC$"></Text>
 <Text Left="124" Top="217" Color="0xFF80FF80" Source="CPU:"></Text>
 <Text Left="161" Top="217" Color="0xFFFFFFFF" Source="$CPUTempC$"></Text>
 <Text Left="124" Top="235" Color="0xFF80FF80" Source="XBox:"></Text>
 <Text Left="168" Top="235" Color="0xFFFFFFFF" Source="$Version$"></Text>
 <Text Left="124" Top="253" Color="0xFF80FF80" Source="Fan:"></Text>
 <Text Left="160" Top="253" Color="0xFFFFFFFF" Source="$FanSpeed$"></Text>
 <Text Left="124" Top="271" Color="0xFF80FF80" Source="IP:"></Text>
 <Text Left="145" Top="271" Color="0xFFFFFFFF" Source="$IP$"></Text>
 <Text Left="124" Top="289" Color="0xFF80FF80" Source="Users:"></Text>
 <Text Left="171" Top="289" Color="0xFFFFFFFF" Source="$NumClient$"></Text>

 <Text Left="124" Top="337" Color="0xFF80FF80" Source="Track:"></Text>
 <Text Left="124" Top="354" Width="180" Color="0xFFFFFFFF" Source="SongName" Scroll="1"></Text>
 <Text Left="124" Top="371" Color="0xFF80FF80" Source="Album:"></Text>
 <Text Left="124" Top="388"  Width="180" Color="0xFFFFFFFF" Source="SoundTrack" Scroll="1"></Text>
 <Text Left="124" Top="405" Color="0xFF80FF80" Source="Time:"></Text>
 <Text Left="165" Top="405" Color="0xFFFFFFFF" Source="$SongTime$ secs"></Text>
</Main>

 <ColorScheme>
    <MENU_TEXTCOLOR>0xFFFFFFFF</MENU_TEXTCOLOR>
    <MENU_ACTIVETEXTCOLOR>0xFF80FF80</MENU_ACTIVETEXTCOLOR>
 </ColorSceme>
</Skin>










