﻿<Skin name="Buffie v1.0">
    <Information>
        <Author>Tiger-X</Author>
        <Version>1</Version>
        <Copyright>2005</Copyright>
        <Skinner Name="UX Architect" Version="1.0c" />
    </Information>
    <Filemanager SafeBorder="False">
        <Background>xwall5.jpg</Background>
    </Filemanager>
    <LoadingScreen ShowInfo="True">
        <Background>xwall6.jpg</Background>
    </LoadingScreen>
    <Main Globe="False" Orb="False" Fog="False">
        <Background EnableAudio="False">xwall4.jpg</Background>
        <InfoFont>Square-10.xpr</InfoFont>
        <Text Top="454" Left="18" Width="308" Scroll="0" Color="0xFF000000" Source="Newsfeed" Align="Left" />
        <Text Top="4" Left="12" Width="262" Scroll="0" Color="0xFF000000" Source="DateTime" Align="Left" />
        <Text Top="433" Left="2" Width="200" Scroll="0" Color="0xFF000000" Source="NewsSource" Align="Left" />
        <Text Top="49" Left="440" Width="200" Scroll="0" Color="0xFF000000" Source="AppVersion" Align="Left" />
        <Text Top="137" Left="1" Width="200" Scroll="0" Color="0xFF000000" Source="IP" Align="Left" />
        <Text Top="6" Left="433" Width="200" Scroll="0" Color="0xFF000000" Source="NickName" Align="Left" />
        <Text Top="107" Left="0" Width="200" Scroll="0" Color="0xFF000000" Source="F_FreeMB" Align="Left" />
        <Text Top="84" Left="0" Width="200" Scroll="0" Color="0xFF000000" Source="E_FreeMB" Align="Left" />
        <Text Top="63" Left="0" Width="200" Scroll="0" Color="0xFF000000" Source="C_FreeMB" Align="Left" />
        <Text Top="43" Left="0" Width="200" Scroll="0" Color="0xFF000000" Source="DVDTitle" Align="Left" />
        <Text Top="22" Left="0" Width="200" Scroll="0" Color="0xFF000000" Source="DVDType" Align="Left" />
        <Image Top="186" Left="33" Width="115" Height="82" Source="GameIcon" />
        <Menu Scroll="True" Smooth="True" Align="Left" ShowIcon="False" ShowArrows="False">
            <Position Top="207" Left="302" Width="226" Height="131" Fixed="True" FixAt="2" MaxItem="4" />
            <Font>39Smooth-14.xpr</Font>
        </Menu>
        <ColorScheme>
            <AMBIENT_FOGCOLOR>0x00FFFFFF</AMBIENT_FOGCOLOR>
            <AMBIENT_SKYCOLOR>0x0000000F</AMBIENT_SKYCOLOR>
            <AMBIENT_CELLCOLOR>0x0000C000</AMBIENT_CELLCOLOR>
            <CAPTION_TEXTCOLOR>0xFFFF8000</CAPTION_TEXTCOLOR>
            <CAPTION_BACKCOLOR>0x64808080</CAPTION_BACKCOLOR>
            <DIALOG_BORDERCOLOR>0xFF000000</DIALOG_BORDERCOLOR>
            <DIALOG_BACKCOLOR>0x32808080</DIALOG_BACKCOLOR>
            <DIALOG_INNER_BORDERCOLOR>0xC8000000</DIALOG_INNER_BORDERCOLOR>
            <DIALOG_INNER_BACKCOLOR>0x00808080</DIALOG_INNER_BACKCOLOR>
            <DIALOG_TEXTCOLOR>0xFF808080</DIALOG_TEXTCOLOR>
            <DIALOG_DISABLEDTEXT>0xFFB3B3B4</DIALOG_DISABLEDTEXT>
            <OPTION_TEXTCOLOR>0xFF000000</OPTION_TEXTCOLOR>
            <OPTION_ACTIVETEXTCOLOR>0xFFFF8000</OPTION_ACTIVETEXTCOLOR>
            <OPTION_ACTIVEBACKCOLOR>0x96808080</OPTION_ACTIVEBACKCOLOR>
            <BUTTON_BORDERCOLOR>0xC8000000</BUTTON_BORDERCOLOR>
            <BUTTON_TEXTCOLOR>0xFFFFFFFF</BUTTON_TEXTCOLOR>
            <BUTTON_BACKCOLOR>0xFF525252</BUTTON_BACKCOLOR>
            <BUTTON_ACTIVETEXTCOLOR>0xFFFFFFFF</BUTTON_ACTIVETEXTCOLOR>
            <BUTTON_ACTIVEBACKCOLOR>0xFF808080</BUTTON_ACTIVEBACKCOLOR>
            <KB_KEYBG_HIGHLIGHT>0x19575757</KB_KEYBG_HIGHLIGHT>
            <KB_KEYBG_DISABLED>0x78C0C0C0</KB_KEYBG_DISABLED>
            <KB_KEY_PRESSED>0xFF008000</KB_KEY_PRESSED>
            <KB_KEY_NORMAL>0xFF000000</KB_KEY_NORMAL>
            <KB_KEY_DISABLED>0x78808080</KB_KEY_DISABLED>
            <KB_KEY_ACTIVEBORDER>0xFFFF0000</KB_KEY_ACTIVEBORDER>
            <KB_KEY_TEXTCOLOR>0xFF000000</KB_KEY_TEXTCOLOR>
            <KB_KEY_TEXTBACKCOLOR>0xFFFFFFFF</KB_KEY_TEXTBACKCOLOR>
            <KB_KEY_TEXTBORDERCOLOR>0x780000FF</KB_KEY_TEXTBORDERCOLOR>
            <MENU_TEXTCOLOR>0xFF808080</MENU_TEXTCOLOR>
            <MENU_ACTIVETEXTCOLOR>0xFF000000</MENU_ACTIVETEXTCOLOR>
        </ColorScheme>
    </Main>
</Skin>