﻿<Skin name="Peace Through Tyranny">
    <Information>
        <Author>Teletran1</Author>
        <Version>1</Version>
        <Copyright>2004</Copyright>
        <Skinner Name="UX Architect" Version="RC1" />
    </Information>
    <Filemanager>
        <Background>Cobra.jpg</Background>
    </Filemanager>
    <LoadingScreen ShowInfo="False">
        <Background>tfgijoe_holo.jpg</Background>
    </LoadingScreen>
    <Main Globe="False" Orb="False" Fog="False">
        <Background EnableAudio="False">black.JPG</Background>
        <InfoFont>Square-10.xpr</InfoFont>
        <Text Top="369" Left="395" Width="151" Scroll="0" Color="0xFFFF0000" Source="IP" />
        <Text Top="185" Left="339" Width="170" Scroll="0" Color="0xFFFF0000" Source="Date" />
        <Text Top="160" Left="340" Width="170" Scroll="0" Color="0xFFFF0000" Source="Time" />
        <Text Top="234" Left="391" Width="200" Scroll="0" Color="0xFFFF0000" Source="DVDTitle" />
        <Text Top="252" Left="391" Width="154" Scroll="0" Color="0xFFFF0000" Source="E_FreeMB" />
        <Text Top="271" Left="391" Width="154" Scroll="0" Color="0xFFFF0000" Source="F_FreeMB" />
        <Text Top="340" Left="396" Width="168" Scroll="1" Color="0xFFFF0000" Source="Newsfeed" />
        <Text Top="427" Left="399" Width="159" Scroll="1" Color="0xFFFF0000" Source="SongName" />
        <Image Top="0" Left="-2" Width="321" Height="495" Opacity="100">tfgijoe_6.jpg</Image>
        <Image Top="47" Left="513" Width="94" Height="97" Source="GameIcon" />
        <Image Top="203" Left="319" Width="311" Height="106" Opacity="100">Cool 3.png</Image>
        <Image Top="315" Left="320" Width="289" Height="90" Opacity="100">Cool 3.png</Image>
        <Image Top="343" Left="346" Width="42" Height="43" Opacity="100">network.JPG</Image>
        <Image Top="235" Left="344" Width="44" Height="45" Opacity="100">harddrive.jpg</Image>
        <Image Top="397" Left="324" Width="273" Height="74" Opacity="100">Shape2.png</Image>
        <Image Top="420" Left="360" Width="32" Height="32" Opacity="100">221678811.jpg</Image>
        <Menu Align="Middle" ShowIcon="False" ShowArrows="False">
            <Position Top="36" Left="321" Width="165" Height="125" Fixed="False" FixAt="2" MaxItem="4" />
            <Font>CenturyGothic-10.xpr</Font>
        </Menu>
        <ColorScheme>
            <AMBIENT_FOGCOLOR>0x00FFFFFF</AMBIENT_FOGCOLOR>
            <AMBIENT_SKYCOLOR>0x0000000F</AMBIENT_SKYCOLOR>
            <AMBIENT_CELLCOLOR>0x0000C000</AMBIENT_CELLCOLOR>
            <CAPTION_TEXTCOLOR>0xFFFF8000</CAPTION_TEXTCOLOR>
            <CAPTION_BACKCOLOR>0x64808080</CAPTION_BACKCOLOR>
            <DIALOG_BORDERCOLOR>0xFF000000</DIALOG_BORDERCOLOR>
            <DIALOG_BACKCOLOR>0x64808080</DIALOG_BACKCOLOR>
            <DIALOG_INNER_BORDERCOLOR>0xC8000000</DIALOG_INNER_BORDERCOLOR>
            <DIALOG_INNER_BACKCOLOR>0x5A808080</DIALOG_INNER_BACKCOLOR>
            <DIALOG_TEXTCOLOR>0xFFFFFFFF</DIALOG_TEXTCOLOR>
            <DIALOG_DISABLEDTEXT>0xFFB3B3B4</DIALOG_DISABLEDTEXT>
            <OPTION_TEXTCOLOR>0xFFFFFFFF</OPTION_TEXTCOLOR>
            <OPTION_ACTIVETEXTCOLOR>0xFFFF8000</OPTION_ACTIVETEXTCOLOR>
            <OPTION_ACTIVEBACKCOLOR>0x50808080</OPTION_ACTIVEBACKCOLOR>
            <BUTTON_BORDERCOLOR>0xC8000000</BUTTON_BORDERCOLOR>
            <BUTTON_TEXTCOLOR>0xFFFFFFFF</BUTTON_TEXTCOLOR>
            <BUTTON_BACKCOLOR>0xFF525252</BUTTON_BACKCOLOR>
            <BUTTON_ACTIVETEXTCOLOR>0xFFFFFFFF</BUTTON_ACTIVETEXTCOLOR>
            <BUTTON_ACTIVEBACKCOLOR>0xFF808080</BUTTON_ACTIVEBACKCOLOR>
            <KB_KEYBG_HIGHLIGHT>0x19575757</KB_KEYBG_HIGHLIGHT>
            <KB_KEYBG_DISABLED>0x78C0C0C0</KB_KEYBG_DISABLED>
            <KB_KEY_PRESSED>0xFF008000</KB_KEY_PRESSED>
            <KB_KEY_NORMAL>0xFF000000</KB_KEY_NORMAL>
            <KB_KEY_DISABLED>0x78808080</KB_KEY_DISABLED>
            <KB_KEY_ACTIVEBORDER>0xFFFF0000</KB_KEY_ACTIVEBORDER>
            <KB_KEY_TEXTCOLOR>0xFF000000</KB_KEY_TEXTCOLOR>
            <KB_KEY_TEXTBACKCOLOR>0xFFFFFFFF</KB_KEY_TEXTBACKCOLOR>
            <KB_KEY_TEXTBORDERCOLOR>0x780000FF</KB_KEY_TEXTBORDERCOLOR>
            <MENU_TEXTCOLOR>0x96FFFFFF</MENU_TEXTCOLOR>
            <MENU_ACTIVETEXTCOLOR>0xFFFFFFFF</MENU_ACTIVETEXTCOLOR>
        </ColorScheme>
    </Main>
</Skin>