<Skin name="Media Style 1">
 <Information>
    <Author>dunny</Author>
    <Copyright>2004</Copyright>
    <Version>1</Version>
 </Information>

 <LoadingScreen ShowInfo="False">
    <Background>loading.png</Background>
 </LoadingScreen>

 <Main Globe="False" Orb="False">
    <BackGround>bg.png</BackGround>
    <Image Top="189" Left="349" Width="137" Height="126" Source="GameIcon"/>
    <Image Source="GamePreview" />
    <Menu Smooth="false" Align="middle" Rotate="false" ShowArrows="false" ShowIcon="false">
        <Position Top="188" Left="188" Width="133" Height="135"></Position>
        <Preview Top="189" Left="348" Width="137" Height="126" />
        <Font>trebucbd.xpr</Font>
    </Menu>
    <InfoFont>trebucbd.xpr</InfoFont>
     <Text Left="25" Top="194" width="138" align="right" Source="$Time$"></Text>
     <Text Left="25" Top="214" width="138" align="right" Source="$Date$"></Text>
     <Text Left="448" Top="35" width="138" align="right" color="0xFF7C7C7C" Source="UnleashX Dashboard"></Text>
     <Text Left="448" Top="55" width="138" align="right" color="0xFF7C7C7C" Source="v.$AppVersion$"></Text>
</Main>
 <ColorScheme>
    <MENU_TEXTCOLOR>0xFFFFFFFF</MENU_TEXTCOLOR>    <MENU_ACTIVETEXTCOLOR>0xFF54CBDF</MENU_ACTIVETEXTCOLOR>    <MENU_BORDERCOLOR></MENU_BORDERCOLOR>
    <MENU_BACKCOLOR></MENU_BACKCOLOR>
    <MENU_ACTIVEBORDERCOLOR></MENU_ACTIVEBORDERCOLOR>
 </ColorScheme>
</Skin>