﻿<Skin name="elena">
    <Information>
        <Author>DinoPK</Author>
        <Version>1</Version>
        <Copyright>2004</Copyright>
        <Skinner Name="UX Architect" Version="1.0c" />
    </Information>
    <LoadingScreen ShowInfo="False">
        <Background>load.jpg</Background>
    </LoadingScreen>
    <Main Orb="False" Fog="False">
        <Background EnableAudio="False">back.jpg</Background>
        <InfoFont>Square-10.xpr</InfoFont>
        <Text Top="384" Left="485" Width="165" Scroll="0" Color="0xFF000000" Source="IP" Align="Left" />
        <Text Top="152" Left="166" Width="527" Scroll="2" Color="0xFFFFFFFF" Source="Newsfeed" Align="Left" />
        <Text Top="152" Left="5" Width="91" Scroll="1" Color="0xFF000000" Source="NewsSource" Align="Left" />
        <Text Top="112" Left="5" Width="200" Scroll="0" Color="0xFFFFFFFF" Source="DateTime" Align="Left" />
        <Text Top="446" Left="567" Width="67" Scroll="0" Color="0xFFFFFFFF" Source="SongTime" Align="Left" />
        <Text Top="446" Left="347" Width="223" Scroll="1" Color="0xFFFFFFFF" Source="SongName" Align="Left" />
        <Text Top="384" Left="245" Width="200" Scroll="0" Color="0xFF000000" Source="F_Free" Align="Left" />
        <Text Top="446" Left="5" Width="200" Scroll="0" Color="0xFFC0C0C0" Source="AppVersion" Align="Left" />
        <Image Top="240" Left="333" Width="130" Height="120" Source="GameIcon" />
        <Image Source="GamePreview" />
        <Menu Scroll="True" Align="Left" ShowIcon="False">
            <Preview EnableAudio="False" Top="240" Left="495" Width="130" Height="120" />
            <ItemPos Top="205" Left="55" Width="182"></ItemPos>
            <ItemPos Top="236" Left="55" Width="182"></ItemPos>
            <ItemPos Top="267" Left="55" Width="182"></ItemPos>
            <ItemPos Top="298" Left="55" Width="182"></ItemPos>
            <ItemPos Top="329" Left="55" Width="182"></ItemPos>
            <Font>Square-12.xpr</Font>
        </Menu>
        <ColorScheme>
            <AMBIENT_FOGCOLOR>0x00FFFFFF</AMBIENT_FOGCOLOR>
            <AMBIENT_SKYCOLOR>0x0000000F</AMBIENT_SKYCOLOR>
            <AMBIENT_CELLCOLOR>0x0000C000</AMBIENT_CELLCOLOR>
            <CAPTION_TEXTCOLOR>0xFF000000</CAPTION_TEXTCOLOR>
            <CAPTION_BACKCOLOR>0x64808080</CAPTION_BACKCOLOR>
            <DIALOG_BORDERCOLOR>0xFF000000</DIALOG_BORDERCOLOR>
            <DIALOG_BACKCOLOR>0x64808080</DIALOG_BACKCOLOR>
            <DIALOG_INNER_BORDERCOLOR>0xC8000000</DIALOG_INNER_BORDERCOLOR>
            <DIALOG_INNER_BACKCOLOR>0x5A808080</DIALOG_INNER_BACKCOLOR>
            <DIALOG_TEXTCOLOR>0xFFFFFFFF</DIALOG_TEXTCOLOR>
            <DIALOG_DISABLEDTEXT>0xFFB3B3B4</DIALOG_DISABLEDTEXT>
            <OPTION_TEXTCOLOR>0xFFFFFFFF</OPTION_TEXTCOLOR>
            <OPTION_ACTIVETEXTCOLOR>0xFF000000</OPTION_ACTIVETEXTCOLOR>
            <OPTION_ACTIVEBACKCOLOR>0x50808080</OPTION_ACTIVEBACKCOLOR>
            <BUTTON_BORDERCOLOR>0xC8000000</BUTTON_BORDERCOLOR>
            <BUTTON_TEXTCOLOR>0xFFFFFFFF</BUTTON_TEXTCOLOR>
            <BUTTON_BACKCOLOR>0xFF525252</BUTTON_BACKCOLOR>
            <BUTTON_ACTIVETEXTCOLOR>0xFFFFFFFF</BUTTON_ACTIVETEXTCOLOR>
            <BUTTON_ACTIVEBACKCOLOR>0xFF808080</BUTTON_ACTIVEBACKCOLOR>
            <KB_KEYBG_HIGHLIGHT>0x19575757</KB_KEYBG_HIGHLIGHT>
            <KB_KEYBG_DISABLED>0x78C0C0C0</KB_KEYBG_DISABLED>
            <KB_KEY_PRESSED>0xFF008000</KB_KEY_PRESSED>
            <KB_KEY_NORMAL>0xFF000000</KB_KEY_NORMAL>
            <KB_KEY_DISABLED>0x78808080</KB_KEY_DISABLED>
            <KB_KEY_ACTIVEBORDER>0xFFFF8000</KB_KEY_ACTIVEBORDER>
            <KB_KEY_TEXTCOLOR>0xFF000000</KB_KEY_TEXTCOLOR>
            <KB_KEY_TEXTBACKCOLOR>0xFFFFFFFF</KB_KEY_TEXTBACKCOLOR>
            <KB_KEY_TEXTBORDERCOLOR>0x78000000</KB_KEY_TEXTBORDERCOLOR>
            <MENU_TEXTCOLOR>0xC8FFFFFF</MENU_TEXTCOLOR>
            <MENU_ACTIVETEXTCOLOR>0xFF000000</MENU_ACTIVETEXTCOLOR>
            <MENU_ACTIVEBACKCOLOR>0xA6FFFFFF</MENU_ACTIVEBACKCOLOR>
        </ColorScheme>
    </Main>
</Skin>