��<Skin name="GuildwarsFactions">
<Filemanager SafeBorder="False">
<Background></Background>
</Filemanager>
<LoadingScreen ShowInfo="False">
<Background>loading.jpg</Background>
</LoadingScreen>
<Main Globe="False" Orb="False" Fog="False">
<Background EnableAudio="False">menu.jpg</Background>
<InfoFont>Trebuchet-10.xpr</InfoFont>
<Text Top="255" Left="50" Width="260" Scroll="0" Color="0xFFFFFFFF" Source="Tray: $DVDTitle$" Align="Left"/>
<Text Top="275" Left="50" Width="260" Scroll="0" Color="0xFFFFFFFF" Source="IP" Align="Left"/>
<Text Top="295" Left="50" Width="260" Scroll="0" Color="0xFFFFFFFF" Source="C_FreeMB" Align="Left"/>
<Text Top="315" Left="50" Width="260" Scroll="0" Color="0xFFFFFFFF" Source="E_FreeMB" Align="Left"/>
<Text Top="335" Left="50" Width="260" Scroll="0" Color="0xFFFFFFFF" Source="F_FreeMB" Align="Left"/>
<Menu Scroll="True" Align="Left" ShowIcon="False" ShowArrows="False">
<Position Top="25" Left="50" Width="260" Height="215" Fixed="False" FixAt="0" MaxItem="12"/>
<Font>Trebuchet-10.xpr</Font>
</Menu>
<ColorScheme>
<AMBIENT_FOGCOLOR>0xFF8080FF</AMBIENT_FOGCOLOR>
<AMBIENT_SKYCOLOR>0xFF00000F</AMBIENT_SKYCOLOR>
<AMBIENT_CELLCOLOR>0xFF0080FF</AMBIENT_CELLCOLOR>
<CAPTION_TEXTCOLOR>0xFFFFFFFF</CAPTION_TEXTCOLOR>
<CAPTION_BACKCOLOR>0xFF0080FF</CAPTION_BACKCOLOR>
<DIALOG_BORDERCOLOR>0xFF0080FF</DIALOG_BORDERCOLOR>
<DIALOG_BACKCOLOR>0x9F000000</DIALOG_BACKCOLOR>
<DIALOG_INNER_BORDERCOLOR>0xFF0080FF</DIALOG_INNER_BORDERCOLOR>
<DIALOG_INNER_BACKCOLOR>0xFF000000</DIALOG_INNER_BACKCOLOR>
<DIALOG_TEXTCOLOR>0xFFFFFFFF</DIALOG_TEXTCOLOR>
<DIALOG_DISABLEDTEXT>0xFFB3B3B4</DIALOG_DISABLEDTEXT>
<OPTION_TEXTCOLOR>0xFFFFFFFF</OPTION_TEXTCOLOR>
<OPTION_ACTIVETEXTCOLOR>0xFFFFFFFF</OPTION_ACTIVETEXTCOLOR>
<OPTION_ACTIVEBACKCOLOR>0xFF0080FF</OPTION_ACTIVEBACKCOLOR>
<BUTTON_BORDERCOLOR>0xFFFFFFFF</BUTTON_BORDERCOLOR>
<BUTTON_TEXTCOLOR>0xFFFFFFFF</BUTTON_TEXTCOLOR>
<BUTTON_BACKCOLOR>0x980000A0</BUTTON_BACKCOLOR>
<BUTTON_ACTIVETEXTCOLOR>0xFFFFFFFF</BUTTON_ACTIVETEXTCOLOR>
<BUTTON_ACTIVEBACKCOLOR>0xFF0080FF</BUTTON_ACTIVEBACKCOLOR>
<KB_KEYBG_HIGHLIGHT>0xFF0080FF</KB_KEYBG_HIGHLIGHT>
<KB_KEYBG_DISABLED>0xFFC0C0C0</KB_KEYBG_DISABLED>
<KB_KEY_PRESSED>0xFF008000</KB_KEY_PRESSED>
<KB_KEY_NORMAL>0xFF000000</KB_KEY_NORMAL>
<KB_KEY_DISABLED>0xFFFFFFFF</KB_KEY_DISABLED>
<KB_KEY_ACTIVEBORDER>0xFF808080</KB_KEY_ACTIVEBORDER>
<KB_KEY_TEXTCOLOR>0xFF000000</KB_KEY_TEXTCOLOR>
<KB_KEY_TEXTBACKCOLOR>0xFFFFFFFF</KB_KEY_TEXTBACKCOLOR>
<KB_KEY_TEXTBORDERCOLOR>0xFFFFFF00</KB_KEY_TEXTBORDERCOLOR>
<MENU_TEXTCOLOR>0xFFFFFFFF</MENU_TEXTCOLOR>
<MENU_ACTIVETEXTCOLOR>0xFFFFFF00</MENU_ACTIVETEXTCOLOR>
</ColorScheme>
</Main>
</Skin>