﻿<Skin name="Elisha Cuthbert">
    <Information>
        <Author>.:GmM:.</Author>
        <Version>1</Version>
        <Copyright>2004</Copyright>
        <Skinner Name="UX Architect" Version="1.0c" />
    </Information>
    <IntroMovie>intro.wmv</IntroMovie>
    <Filemanager SafeBorder="False">
        <Background>2765-Elisha-Cuthbert.jpg</Background>
    </Filemanager>
    <LoadingScreen ShowInfo="False">
        <Background>Elisha-Cuthbert-2.JPG</Background>
    </LoadingScreen>
    <Main Globe="False" Orb="False" Fog="False">
        <Background EnableAudio="False">Elisha Cuthbert.jpg</Background>
        <InfoFont>CourierNew-12.xpr</InfoFont>
        <Text Top="454" Left="307" Width="223" Scroll="2" Color="0xFFFFFFFF" Source="Newsfeed" Align="Middle" />
        <Text Top="9" Left="234" Width="213" Scroll="0" Color="0xFFFFFFFF" Source="Date" Align="Left" />
        <Text Top="456" Left="11" Width="187" Scroll="0" Color="0xFFFFFFFF" Source="IP" Align="Left" />
        <Text Top="8" Left="484" Width="148" Scroll="0" Color="0xFFFFFFFF" Source="Tray" Align="Left" />
        <Image Top="35" Left="305" Width="100" Height="86" Source="GameIcon" />
        <Image Top="396" Left="13" Width="124" Height="20" Opacity="100">unleashx3.png</Image>
        <Image Top="446" Left="397" Width="250" Height="35" Opacity="100">shadows 2.png</Image>
        <Image Top="448" Left="-2" Width="222" Height="33" Opacity="100">shadows 2.png</Image>
        <Image Top="1" Left="469" Width="178" Height="34" Opacity="100">shadows 2.png</Image>
        <Image Top="1" Left="221" Width="247" Height="35" Opacity="100">shadows 2.png</Image>
        <Image Source="GamePreview" />
        <Menu Scroll="True" Smooth="True" Align="Middle" ShowIcon="False" ShowArrows="False">
            <Preview EnableAudio="True" Top="131" Left="310" Width="92" Height="82" />
            <Position Top="34" Left="413" Width="225" Height="188" Fixed="True" FixAt="2" MaxItem="4" />
            <Font>39Smooth-14.xpr</Font>
        </Menu>
        <ColorScheme>
            <AMBIENT_FOGCOLOR>0x00FFFFFF</AMBIENT_FOGCOLOR>
            <AMBIENT_SKYCOLOR>0x0000000F</AMBIENT_SKYCOLOR>
            <AMBIENT_CELLCOLOR>0x0000C000</AMBIENT_CELLCOLOR>
            <CAPTION_TEXTCOLOR>0xFFFF8000</CAPTION_TEXTCOLOR>
            <CAPTION_BACKCOLOR>0x32868686</CAPTION_BACKCOLOR>
            <DIALOG_BORDERCOLOR>0xC8000000</DIALOG_BORDERCOLOR>
            <DIALOG_BACKCOLOR>0xFA808080</DIALOG_BACKCOLOR>
            <DIALOG_INNER_BORDERCOLOR>0xC8000000</DIALOG_INNER_BORDERCOLOR>
            <DIALOG_INNER_BACKCOLOR>0x5A808080</DIALOG_INNER_BACKCOLOR>
            <DIALOG_TEXTCOLOR>0xFF0000FF</DIALOG_TEXTCOLOR>
            <DIALOG_DISABLEDTEXT>0xFF000000</DIALOG_DISABLEDTEXT>
            <OPTION_TEXTCOLOR>0xFFFFFF00</OPTION_TEXTCOLOR>
            <OPTION_ACTIVETEXTCOLOR>0xFFFF8000</OPTION_ACTIVETEXTCOLOR>
            <OPTION_ACTIVEBACKCOLOR>0x50808080</OPTION_ACTIVEBACKCOLOR>
            <BUTTON_BORDERCOLOR>0xC8000000</BUTTON_BORDERCOLOR>
            <BUTTON_TEXTCOLOR>0xFFFFFFFF</BUTTON_TEXTCOLOR>
            <BUTTON_BACKCOLOR>0xFF525252</BUTTON_BACKCOLOR>
            <BUTTON_ACTIVETEXTCOLOR>0xFFFFFFFF</BUTTON_ACTIVETEXTCOLOR>
            <BUTTON_ACTIVEBACKCOLOR>0xFF808080</BUTTON_ACTIVEBACKCOLOR>
            <KB_KEYBG_HIGHLIGHT>0x19494949</KB_KEYBG_HIGHLIGHT>
            <KB_KEYBG_DISABLED>0x78C0C0C0</KB_KEYBG_DISABLED>
            <KB_KEY_PRESSED>0xFF0000FF</KB_KEY_PRESSED>
            <KB_KEY_NORMAL>0xFF000000</KB_KEY_NORMAL>
            <KB_KEY_DISABLED>0x78000000</KB_KEY_DISABLED>
            <KB_KEY_ACTIVEBORDER>0xFFFF8000</KB_KEY_ACTIVEBORDER>
            <KB_KEY_TEXTCOLOR>0xFFFF0000</KB_KEY_TEXTCOLOR>
            <KB_KEY_TEXTBACKCOLOR>0xFFFFFFFF</KB_KEY_TEXTBACKCOLOR>
            <KB_KEY_TEXTBORDERCOLOR>0x78000000</KB_KEY_TEXTBORDERCOLOR>
            <MENU_TEXTCOLOR>0x96000000</MENU_TEXTCOLOR>
            <MENU_ACTIVETEXTCOLOR>0xFFFF6F28</MENU_ACTIVETEXTCOLOR>
            <MENU_BACKCOLOR>0x32000000</MENU_BACKCOLOR>
        </ColorScheme>
    </Main>
</Skin>