﻿<Skin name="Explosion">
    <Information>
        <Author>Kingswifty33</Author>
        <Version>2</Version>
        <Copyright>2008</Copyright>
        <Skinner Name="UX Architect" Version="1.0c" />
    </Information>

    <LoadingScreen ShowInfo="False">
        <Background>loading.jpg</Background>
    </LoadingScreen>

	<MusicPlayer Top="1" Left="1" Width="640" Height="480" Relative="True">
		<BackGround>background.png</BackGround>
		<Image Left="1" Top="1" zIndex="1">mp_panel.png</Image>
		
		<ButtonMap>mp_Buttons.png</ButtonMap>	
		<Element Type="PrevTrack" Left="64" Top="156" Width="70" Height="75" zIndex="3"/>
		<Element Type="Prev" Left="39" Top="120" Width="70" Height="75" zIndex="3" />
		<Element Type="Pause" Left="58" Top="76" Width="70" Height="75" zIndex="3" />
		<Element Type="Play" Left="83" Top="123" Width="70" Height="75" zIndex="3" />
		<Element Type="Stop" Left="102" Top="75" Width="70" Height="75" zIndex="3" />
		<Element Type="Next" Left="130" Top="120" Width="70" Height="75" zIndex="3" />
		<Element Type="NextTrack" Left="93" Top="154" Width="70" Height="75" zIndex="3"/>
		<Element Type="Mute" Left="187" Top="177" Width="70" Height="40" zIndex="3" />
		<Element Type="Random" Left="287" Top="177" Width="70" Height="40" zIndex="3" />

		<Element Type="Meter" Left="395" Top="223" Width="150" Height="50" zIndex="2" Relative="True"/>
		
		<Text Left="175" Top="203" Width="270" Height="30" Color="0xFF000000" Source="SongTrack" Scroll="1" Font="Common10" ScaleX="100" ScaleY="120" zIndex="3" />
		<Text Left="220" Top="223" Height="30" Color="0xFF000000" Source="SongTime" Font="Common10" Align="Right" ScaleX="100" ScaleY="100" zIndex="3" />
		<Text Left="227" Top="223" Height="30" Color="0xaa000000" Source="/" Font="Common10" Align="Left" ScaleX="110" ScaleY="110" zIndex="3" />
		<Text Left="236" Top="223" Height="30" Color="0xFF000000" Source="SongLength" Font="Common10" Align="left" ScaleX="100" ScaleY="100" zIndex="3" />
		<Text Left="175" Top="243" Width="100" Height="30" Color="0xFF000000" Source="SongBitRate" Font="Common10" Align="left" ScaleX="100" ScaleY="100" zIndex="3" />
		<Text Left="175" Top="263" Width="100" Height="30" Color="0xFF000000" Source="SongChannel" Font="Common10" Align="left" ScaleX="100" ScaleY="100" zIndex="3" />
		<Playlist Top="309" Left="125" Width="428" Height="171" OffsetX="10" OffsetY="10">
			<BackGround>playlist.png</BackGround>
		</Playlist>

	</MusicPlayer>

    <Main Globe="False" Orb="False" Fog="False">
	<BackGround>background.png</BackGround>
	<Image Top="0" Left="0" Width="640" Height="480" zIndex="2" Opacity="100">overlay.png</Image>
	<Image Top="0" Left="0" Width="640" Height="480" zIndex="3" Opacity="100">preview.png</Image>
        <Image Top="380" Left="7" Width="100" Height="100" Source="GameIcon" zIndex="2"/>

        <InfoFont>Square-10.xpr</InfoFont>
        <Text Top="33" Left="97" Width="200" Scroll="1" Color="0xFF000000" Source="DVDTitle" Align="Left"  zIndex="3"/>
        <Text Top="443" Left="163" Width="200" Scroll="1" Color="0xFF000000" Source="SoundTrack" Align="Left"  zIndex="3"/>
        <Text Top="460" Left="163" Width="200" Scroll="1" Color="0xFF000000" Source="SongTime" Align="Left"  zIndex="3"/>
        <Text Top="425" Left="163" Width="200" Scroll="1" Color="0xFF000000" Source="SongName" Align="Left"  zIndex="3"/>
        <Text Top="454" Left="402" Width="237" Scroll="1" Color="0xFF000000" Source="IP" Align="Left"  zIndex="3"/>
        <Text Top="73" Left="121" Width="184" Scroll="1" Color="0xFF000000" Source="F_FreeMB" Align="Left"  zIndex="3"/>
        <Text Top="53" Left="98" Width="217" Scroll="1" Color="0xFF000000" Source="E_FreeMB" Align="Left"  zIndex="3"/>
        <Text Top="45" Left="383" Width="230" Scroll="1" Color="0xFF000000" Source="DateTime" Align="Left"  zIndex="3"/>
        <Text Top="65" Left="383" Width="200" Scroll="0" Color="0xFF000000" Source="CPUTempF" Align="Left"  zIndex="3"/>
        <Text Top="65" Left="510" Width="200" Scroll="0" Color="0xFF000000" Source="MBTempF" Align="Left"  zIndex="3"/>
        <Menu Align="Left" ShowIcon="False" ShowArrows="False">
            <ItemPos Top="104" Left="439" Width="200"></ItemPos>
            <ItemPos Top="144" Left="452" Width="200"></ItemPos>
            <ItemPos Top="184" Left="459" Width="200"></ItemPos>
            <ItemPos Top="224" Left="461" Width="200"></ItemPos>
            <ItemPos Top="264" Left="459" Width="200"></ItemPos>
            <ItemPos Top="304" Left="455" Width="200"></ItemPos>
            <ItemPos Top="344" Left="450" Width="200"></ItemPos>
            <ItemPos Top="384" Left="440" Width="200"></ItemPos>
            <Font>Square-10.xpr</Font>
        </Menu>
        <ColorScheme>
            <AMBIENT_FOGCOLOR>0xFF8080FF</AMBIENT_FOGCOLOR>
            <AMBIENT_SKYCOLOR>0xFF000000</AMBIENT_SKYCOLOR>
            <AMBIENT_CELLCOLOR>0xFF0080FF</AMBIENT_CELLCOLOR>
            <CAPTION_TEXTCOLOR>0xFFFFFFFF</CAPTION_TEXTCOLOR>
            <CAPTION_BACKCOLOR>0xFFFF8040</CAPTION_BACKCOLOR>
            <DIALOG_BORDERCOLOR>0xFFFF8000</DIALOG_BORDERCOLOR>
            <DIALOG_BACKCOLOR>0x3F000000</DIALOG_BACKCOLOR>
            <DIALOG_INNER_BORDERCOLOR>0xFFFF8040</DIALOG_INNER_BORDERCOLOR>
            <DIALOG_INNER_BACKCOLOR>0xFF000000</DIALOG_INNER_BACKCOLOR>
            <DIALOG_TEXTCOLOR>0xFFFFFFFF</DIALOG_TEXTCOLOR>
            <DIALOG_DISABLEDTEXT>0xFFB3B3B4</DIALOG_DISABLEDTEXT>
            <OPTION_TEXTCOLOR>0xFFFFFFFF</OPTION_TEXTCOLOR>
            <OPTION_ACTIVETEXTCOLOR>0xFFFFFFFF</OPTION_ACTIVETEXTCOLOR>
            <OPTION_ACTIVEBACKCOLOR>0xFFFF8040</OPTION_ACTIVEBACKCOLOR>
            <BUTTON_BORDERCOLOR>0xFFFF8040</BUTTON_BORDERCOLOR>
            <BUTTON_TEXTCOLOR>0xFFFFFFFF</BUTTON_TEXTCOLOR>
            <BUTTON_BACKCOLOR>0x4F000000</BUTTON_BACKCOLOR>
            <BUTTON_ACTIVETEXTCOLOR>0xFFFFFFFF</BUTTON_ACTIVETEXTCOLOR>
            <BUTTON_ACTIVEBACKCOLOR>0x8EFF8040</BUTTON_ACTIVEBACKCOLOR>
            <KB_KEYBG_HIGHLIGHT>0xFFFF8040</KB_KEYBG_HIGHLIGHT>
            <KB_KEYBG_DISABLED>0xFFC0C0C0</KB_KEYBG_DISABLED>
            <KB_KEY_PRESSED>0xFF008000</KB_KEY_PRESSED>
            <KB_KEY_NORMAL>0xFF000000</KB_KEY_NORMAL>
            <KB_KEY_DISABLED>0xFFFFFFFF</KB_KEY_DISABLED>
            <KB_KEY_ACTIVEBORDER>0xFF808080</KB_KEY_ACTIVEBORDER>
            <KB_KEY_TEXTCOLOR>0xFF000000</KB_KEY_TEXTCOLOR>
            <KB_KEY_TEXTBACKCOLOR>0xFFFFFFFF</KB_KEY_TEXTBACKCOLOR>
            <KB_KEY_TEXTBORDERCOLOR>0xFFFF8040</KB_KEY_TEXTBORDERCOLOR>
            <MENU_TEXTCOLOR>0xFF000000</MENU_TEXTCOLOR>
            <MENU_ACTIVETEXTCOLOR>0xFFFFFFFF</MENU_ACTIVETEXTCOLOR>
        </ColorScheme>
    </Main>
</Skin>