<Skin name="Zidane">
    <Information>
        <Author>fdp76</Author>
        <Version>1</Version>
        <Copyright>2004</Copyright>
        <ScreenSize Width="640" Height="576" />
        <Skinner Name="UX Architect" Version="1.0c" />
    </Information>
    <Main Globe="False" Orb="False" Fog="False">
        <Background EnableAudio="False">menusz.jpg</Background>
        <InfoFont>Square-12.xpr</InfoFont>
        <Text Top="320" Left="15" Width="240" Scroll="0" Color="0xFF000000" Source="DateTime" Align="Left" />
        <Text Top="350" Left="15" Width="240" Scroll="0" Color="0xFF000000" Source="DVDTitle" Align="Left" />
        <Text Top="380" Left="15" Width="240" Scroll="0" Color="0xFF000000" Source="F_TotalMB" Align="Left" />
        <Text Top="410" Left="15" Width="240" Scroll="0" Color="0xFF000000" Source="F_FreeMB" Align="Left" />
        <Text Top="10" Left="15" Width="240" Scroll="0" Color="0xFF000000" Source="SkinAuthor" Align="Left" />
        <Text Top="440" Left="15" Width="240" Scroll="0" Color="0xFF000000" Source="IP" Align="Left" />
        <Image Source="GamePreview" />
        <Image Top="280" Left="332" Width="75" Height="69" Source="GameIcon" />
        <Image Top="410" Left="390" Width="83" Height="63" Opacity="100">unleashx10.png</Image>
        <Menu Align="Middle" ShowIcon="False" ShowArrows="False">
            <Preview EnableAudio="False" Top="18" Left="225" Width="205" Height="110" />
            <Position Top="145" Left="165" Width="210" Height="120" Fixed="True" FixAt="2" MaxItem="4" />
            <Font>Square-10.xpr</Font>
        </Menu>
        <ColorScheme>
            <AMBIENT_FOGCOLOR>0xFFFFFFFF</AMBIENT_FOGCOLOR>
            <AMBIENT_SKYCOLOR>0xFF400000</AMBIENT_SKYCOLOR>
            <AMBIENT_CELLCOLOR>0xFF8000FF</AMBIENT_CELLCOLOR>
            <CAPTION_TEXTCOLOR>0xFFFFFFFF</CAPTION_TEXTCOLOR>
            <CAPTION_BACKCOLOR>0xFFFFFFFF</CAPTION_BACKCOLOR>
            <DIALOG_BORDERCOLOR>0xFFFFFFFF</DIALOG_BORDERCOLOR>
            <DIALOG_BACKCOLOR>0xC3808040</DIALOG_BACKCOLOR>
            <DIALOG_INNER_BORDERCOLOR>0xFFFFFFFF</DIALOG_INNER_BORDERCOLOR>
            <DIALOG_INNER_BACKCOLOR>0xFF004000</DIALOG_INNER_BACKCOLOR>
            <DIALOG_TEXTCOLOR>0xFFFFFFFF</DIALOG_TEXTCOLOR>
            <DIALOG_DISABLEDTEXT>0xFFB3B3B4</DIALOG_DISABLEDTEXT>
            <OPTION_TEXTCOLOR>0xFFFFFFFF</OPTION_TEXTCOLOR>
            <OPTION_ACTIVETEXTCOLOR>0xFF000000</OPTION_ACTIVETEXTCOLOR>
            <OPTION_ACTIVEBACKCOLOR>0xFFFFFFFF</OPTION_ACTIVEBACKCOLOR>
            <BUTTON_BORDERCOLOR>0xFFFFFFFF</BUTTON_BORDERCOLOR>
            <BUTTON_TEXTCOLOR>0xFFFFFFFF</BUTTON_TEXTCOLOR>
            <BUTTON_BACKCOLOR>0xFF004000</BUTTON_BACKCOLOR>
            <BUTTON_ACTIVETEXTCOLOR>0xFFFFFFFF</BUTTON_ACTIVETEXTCOLOR>
            <BUTTON_ACTIVEBACKCOLOR>0xFF808040</BUTTON_ACTIVEBACKCOLOR>
            <KB_KEYBG_HIGHLIGHT>0xFF808040</KB_KEYBG_HIGHLIGHT>
            <KB_KEYBG_DISABLED>0x78C0C0C0</KB_KEYBG_DISABLED>
            <KB_KEY_PRESSED>0xFF808000</KB_KEY_PRESSED>
            <KB_KEY_NORMAL>0xFF000000</KB_KEY_NORMAL>
            <KB_KEY_DISABLED>0xFFC0C0C0</KB_KEY_DISABLED>
            <KB_KEY_ACTIVEBORDER>0xFFFFFFFF</KB_KEY_ACTIVEBORDER>
            <KB_KEY_TEXTCOLOR>0xFF000000</KB_KEY_TEXTCOLOR>
            <KB_KEY_TEXTBACKCOLOR>0xFFFFFFFF</KB_KEY_TEXTBACKCOLOR>
            <KB_KEY_TEXTBORDERCOLOR>0x78FFFFFF</KB_KEY_TEXTBORDERCOLOR>
            <MENU_TEXTCOLOR>0xFFFFFFFF</MENU_TEXTCOLOR>
            <MENU_ACTIVETEXTCOLOR>0xFFFFFFFF</MENU_ACTIVETEXTCOLOR>
            <MENU_BORDERCOLOR>0xFFFFFFFF</MENU_BORDERCOLOR>
            <MENU_BACKCOLOR>0xFF004000</MENU_BACKCOLOR>
            <MENU_ACTIVEBACKCOLOR>0xFF808040</MENU_ACTIVEBACKCOLOR>
            <MENU_ACTIVEBORDERCOLOR>0xFF004000</MENU_ACTIVEBORDERCOLOR>
        </ColorScheme>
    </Main>
</Skin>