<Skin Name="UX TB Skin">
<Information>
<Author>UX TB Creators</Author>
<Copyright>2006 Skinned by Sketchy Skinner</Copyright>
<Version>1</Version>
</Information>
<Main globe="False" Orb="False">
<InfoFont>info.xpr</InfoFont>
<Background EnableAudio="True">bg.jpg</background>
<Menu smooth="True" ShowArrows="False" ShowIcon="False" Rotate="True">
<Position left="430" Top="90" Width="135" Height="191" />
<Preview EnableAudio="True" left="522" Top="9" Width="87" Height="76" />
<Font>CourierNew-12.xpr</Font>
</Menu>
<Text Left="400" Top="450" Align="Left" Color="0xFFFF0080" Source="Subnet"></Text>
<Text Left="400" Top="430" Align="Left" Color="0xFFFF0080" Source="IP"></Text>
<Text Left="400" Top="410" Align="Left" Color="0xFFFF0080" Source="FanSpeed"></Text>
<Text Left="400" Top="390" Align="Left" Color="0xFFFF0080" Source="Tray"></Text>
<Text Left="400" Top="370" Align="Left" Color="0xFFFF0080" Source="DVDTitle"></Text>
<Text Left="27" Top="11" Align="Left" Color="0xFFFF0080" Source="Date"></Text>
<Text Left="27" Top="31" Align="Left" Color="0xFFFF0080" Source="Time"></Text>
<Text Left="250" Top="11" Align="Left" Color="0xFFFF0080" Source="C_FreeMB"></Text>
<Text Left="250" Top="31" Align="Left" Color="0xFFFF0080" Source="E_FreeMB"></Text>
<Text Left="250" Top="51" Align="Left" Color="0xFFFF0080" Source="CPUTempF"></Text>
<Text Left="250" Top="71" Align="Left" Color="0xFFFF0080" Source="MBTempF"></Text>
<Image Top="9" Left="522" width="87" Height="76" Source="GameIcon"/>
<Image Source="GamePreview"/>
</Main>
<FileManager>
<Background>fmbg.jpg</Background>
</FileManager>
<LoadingScreen ShowInfo="True">
<Background>ls.jpg</Background>
</LoadingScreen>
<ColorScheme>
<MENU_TEXTCOLOR>0xFF1111FF</MENU_TEXTCOLOR>
<MENU_ACTIVETEXTCOLOR>0xFF8BFFFE</MENU_ACTIVETEXTCOLOR>
</ColorScheme>
</Skin>

