<Skin name="BlackBox">
	<Information>
		<Author>Youk Johnson</Author>
		<Copyright>Copyright 2005</Copyright>
	 	<Version>1</Version>
	</Information>
	<intromovie>intro.wmv</intromovie>	
	<Main Globe="true" Orb="False" Fog="true">
		<Cellwall></Cellwall>
		<Orb></Orb>
		<Icon></Icon>
		<BackGround>fog.png</BackGround>

		
		<Menu Smooth="False" Align="left" Rotate="false" ShowIcon="false">
		<Position Top="50" Left="25" Width="370" Height="380" Fixed="False" FixAt="1" MaxItem="20"></Position>
		<Preview EnableAudio="true" Left="362" Top="110" Width="250" Height="185"/>
		<Font>font.xpr</Font>
		
	</Menu>

		<Image Left="366" Top="113" Width="239" Height="178">x.png</Image>
		<Image Left="495" Top="310" Width="110" Height="145" Source="GameIcon" />
		<Image Source="GamePreview"/>
		<Image Left="30" Top="410" Width="240" Height="2">divide.png</Image>
		<Image Left="365" Top="423" Width="125" Height="2">divide.png</Image>
		
		<InfoFont>font.xpr</InfoFont>

	<text Left="320" Top="15" Align="middle" Color="0xFF538117" Source="XBOX SECRET MENU !"/>
    <Text Top="50" Left="528" Align="left" Color="0xFF538117" Source="$Time$"></Text>
    <Text Top="75" Left="505" Align="left" Color="0xFF538117" Source="$Date$"></Text>           
	<Text Top="425" Left="365" Align="Left" Width="210" Scroll="1" Color="0xFF538117" Source="$E_FreeMB$"></Text>
   <Text Top="442" Left="365" Align="Left" Width="210" Scroll="1" Color="0xFF538117" Source="$F_FreeMB$"></Text>
  <Text Top="400" Left="365" Align="Left" Width="250" Scroll="1" Color="0xFF538117" Source="DvdTitle"></Text>

        <image Top="70" Left="25" Align="Left" Width="100" Scroll="1" Color="0xFF538117" Source="Media\image.jpg"></image> 			
		 		
	    <Text Top="410" Left="30" Align="Left" Width="420" Scroll="0" Color="0xBB70BA1F" Source="$SongName$"></Text>			
        <Text Top="427" Left="30" Align="Left" Width="420" Color="0xBB70BA1F" Source="$SoundTrack$"></Text>
        <Text Top="444" Left="30" Align="Left" Color="0xBB70BA1F" Source="$SongTime$"></Text>

	</Main>
	<IntroMovie></IntroMovie>
        <FileManager SafeBorder="False">
		<BackGround>filemanager.png</BackGround>
	</FileManager>
	<LoadingScreen ShowInfo="false">
		<BackGround>wait.png</BackGround>
	</LoadingScreen>
	<MusicPlayer Left="138" Top="20" Width="364" Height="215" >
	<BackGround>main_back.png</BackGround>
		<!-- back image of the peak meter and mask for the volume -->
		<!-- Progress and volume must be under this image, hence zIndex > 0 -->
		<Image Left="277" Top="70" Width="167" Height="115" zIndex="1">vizbg.png</Image>
		<!-- cover image must be drawn on top of everything, zIndex=10 should be fine -->
		<Image Left="253" Top="48" Width="206" Height="152" zIndex="10">viz_cover.png</Image>


		<ButtonMap>ButtonMap.png</ButtonMap>	
		<!-- Buttons -->
		<Element Type="Prev" Left="189" Top="186" Width="30" Height="36" />
		<Element Type="Play" Left="219" Top="186" Width="30" Height="36" />
		<Element Type="Pause" Left="249" Top="186" Width="30" Height="36" />
		<Element Type="Stop" Left="279" Top="186" Width="30" Height="36" />
		<Element Type="Next" Left="309" Top="186" Width="30" Height="36" />
		<Element Type="PrevTrack" Left="339" Top="186" Width="30" Height="36" />
		<Element Type="NextTrack" Left="369" Top="186" Width="30" Height="36" />
		<!-- Random and mute must be drawn on top of vizbg, zIndex = 2 -->
		<Element Type="Random" Left="334" Top="168" Width="30" Height="18" zIndex="2" />
		<Element Type="Mute" Left="372" Top="168" Width="30" Height="18" zIndex="2" />
		<Element Type="Progress" Left="303" Top="89" Width="122" Height="12" />
		<Element Type="Volume" Left="280" Top="148" Width="162" Height="16" />

		<!-- Meter must be drawn on top of vizbg, zIndex = 2 -->
		<Element Type="Meter" Left="298" Top="98" Width="134" Height="58" zIndex="2" />
		<Element Type="SongStatus" Left="288" Top="135" Width="10" Height="10" zIndex="2" />
		<!-- Other possible types:
			PlayStatus, PauseStatus, StopStatus -These are the symbols which are either dimmed or lit
			SongStatus, could be Playing, Paused or Stopped symbol
		 -->

		<!-- Text must be drawn on top of vizbg, zIndex = 2 -->
		<Text Left="180" Top="142" Width="55" Height="20" Color="0xFFf9920f" Source="SongTime" Font="font" zIndex="2" ScaleX="100" ScaleY="100" Align="left" />
		<!-- New feature Alert:
			New Source for Text element
			SongTrack - concat of song and soundtrack 
			SongBitRate - 128KBPS
			SongLength - 5:12
			SongFrequency - 44.1KHz
			SongChannel - Audio CD, Stereo or Mono
		-->
		<Text Left="313" Top="76" Width="108" Height="12" Color="0xFFf9920f" Source="SongTrack" Scroll="2" Align="Bottom" Font="font" zIndex="2"/>

		<Playlist Top="235" Left="205" Width="430" Height="240" OffsetX="30" OffsetY="10">
			<BackGround>pl_back.png</BackGround>
		</Playlist>
		
	</MusicPlayer>

	<ColorScheme Name="Default">
	        <AMBIENT_FOGCOLOR>0x00000000</AMBIENT_FOGCOLOR>
	        <AMBIENT_SKYCOLOR>0x0000000F</AMBIENT_SKYCOLOR>
	        <AMBIENT_CELLCOLOR>0x0000C000</AMBIENT_CELLCOLOR>
	        <CAPTION_TEXTCOLOR>0xFFC0C0C0</CAPTION_TEXTCOLOR>
	        <CAPTION_BACKCOLOR>0x005B5B5B</CAPTION_BACKCOLOR>
	        <DIALOG_BORDERCOLOR>0xBB70BA1F</DIALOG_BORDERCOLOR>
	        <DIALOG_BACKCOLOR>0xFF414141</DIALOG_BACKCOLOR>
	        <DIALOG_INNER_BORDERCOLOR>0xBB70BA1F</DIALOG_INNER_BORDERCOLOR>
	        <DIALOG_INNER_BACKCOLOR>0xFF000000</DIALOG_INNER_BACKCOLOR>
	        <DIALOG_TEXTCOLOR>0xBB70BA1F</DIALOG_TEXTCOLOR>
	        <DIALOG_DISABLEDTEXT>0x55828284</DIALOG_DISABLEDTEXT>
	        <OPTION_TEXTCOLOR>0xBB70BA1F</OPTION_TEXTCOLOR>
	        <OPTION_ACTIVETEXTCOLOR>0xFFFFFF00</OPTION_ACTIVETEXTCOLOR>
	        <OPTION_ACTIVEBACKCOLOR>0x5A414141</OPTION_ACTIVEBACKCOLOR>
	        <BUTTON_BORDERCOLOR>0xFF000000</BUTTON_BORDERCOLOR>
	        <BUTTON_TEXTCOLOR>0xBB70BA1F</BUTTON_TEXTCOLOR>
	        <BUTTON_BACKCOLOR>0xFF525252</BUTTON_BACKCOLOR>
	        <BUTTON_ACTIVETEXTCOLOR>0xFFFFFF00</BUTTON_ACTIVETEXTCOLOR>
	        <BUTTON_ACTIVEBACKCOLOR>0xFF808080</BUTTON_ACTIVEBACKCOLOR>
	        <KB_KEYBG_HIGHLIGHT>0xFF006A00</KB_KEYBG_HIGHLIGHT>
	        <KB_KEYBG_DISABLED>0xFFC0C0C0</KB_KEYBG_DISABLED>
	        <KB_KEY_PRESSED>0xFF00FF00</KB_KEY_PRESSED>
	        <KB_KEY_NORMAL>0xFF000000</KB_KEY_NORMAL>
	        <KB_KEY_DISABLED>0x74000000</KB_KEY_DISABLED>
	        <KB_KEY_ACTIVEBORDER>0xFF000000</KB_KEY_ACTIVEBORDER>
	        <KB_KEY_TEXTCOLOR>0xFF000000</KB_KEY_TEXTCOLOR>
	        <KB_KEY_TEXTBACKCOLOR>0xFFD0D0D0</KB_KEY_TEXTBACKCOLOR>
	        <KB_KEY_TEXTBORDERCOLOR>0xBB70BA1F</KB_KEY_TEXTBORDERCOLOR>
		<MENU_TEXTCOLOR>0xFF538117</MENU_TEXTCOLOR>
		<MENU_ACTIVETEXTCOLOR>0xFFFFF000</MENU_ACTIVETEXTCOLOR>
		<MENU_BORDERCOLOR>0x00000000</MENU_BORDERCOLOR>
		<MENU_BACKCOLOR>0x00000000</MENU_BACKCOLOR>
		<MENU_ACTIVEBACKCOLOR>0x00000000</MENU_ACTIVEBACKCOLOR>
		<MENU_ACTIVEBORDERCOLOR>0x00000000</MENU_ACTIVEBORDERCOLOR>
	</ColorScheme>
</Skin>





























































