<Skin name="PINKnHARD">
               <Information>
	      <Author>COMEDY BoB</Author>
	      <Copyright>Copyright 2003</Copyright>
                           <Version>1.0</Version>
               </Information> 
               <IntroMovie></IntroMovie>
               <FileManager>
               <BackGround>fm.png</BackGround>
               </FileManager>
               <LoadingScreen ShowInfo="True">
                            <Background>loading.png</Background>
               </LoadingScreen>
               <Main Globe="True" Orb="False" Fog="False">
                            <BackGround>bg.png</BackGround>
                            <Image Left="" Top="" Width="640" Height="480" opacity="90">Menu.png</Image>
	       <Cellwall></Cellwall>
	        <Orb></Orb>	    
                            <Menu Smooth="True" Align="Middle" ShowIcon="False" Rotate="False" ShowArrows="True" Horizontal="False">
                            <Font>menufont.xpr</Font>
	                        <Position Top="105" Left="370" Width="220" Height="246" Fixed="False" FixAt="1" MaxItem="8"></Position>
                            <Preview EnableAudio="False" Left="50" Top="226" Width="200" Height="142" />
                            </Menu>
                            <Text Left="400" Top="66" Color="0xFFFFFFFF" Source="$Date$" ScaleX="75" ScaleY="75" />
	                        <Text Left="591" Top="66" Align="Right" Color="0xFFFFFFFF" Source="$Time$" ScaleX="75" ScaleY="75" />
                            <Text Left="376" Top="370" Color="0xFFFFFFFF" ScaleX="75" ScaleY="75" Source="C: $C_FreeMB$" />
                            <Text Left="384" Top="386" Color="0xFFFFFFFF" ScaleX="75" ScaleY="75" Source="E: $E_FreeMB$" />
                            <Text Left="392" Top="402" Color="0xFFFFFFFF" ScaleX="75" ScaleY="75" Source="F: $F_FreeMB$" />
                            <Text Left="580" Top="370" Align="Right" Color="0xFFFFFFFF" Source="Tray" ScaleX="75" ScaleY="75" />
                            <Text Left="409" Top="38" Color="0x99FFFFFF" Source="IP" ScaleX="65" ScaleY="65" />
                            <Image Top="93" Left="85" Width="60" Height="83" Opacity="15" Source="GameIcon" />
                            <Shape Type="RoundedBox" Left="50" Top="226" Width="200" Height="142" BorderColor="0x9B834E55" BackColor="0x60000000" />
                            <Image Source="GamePreview" />   
             </Main>
             <ColorScheme>
	<AMBIENT_FOGCOLOR>0xFF1F0100</AMBIENT_FOGCOLOR>
	<AMBIENT_SKYCOLOR>0xFFFFFFFF</AMBIENT_SKYCOLOR>
	<AMBIENT_CELLCOLOR>0xFFFFFFFF</AMBIENT_CELLCOLOR>
	<CAPTION_TEXTCOLOR>0xFFFFFFC0</CAPTION_TEXTCOLOR>
	<CAPTION_BACKCOLOR>0xFF000000</CAPTION_BACKCOLOR>
	<DIALOG_BORDERCOLOR>0xFFFFFFFF</DIALOG_BORDERCOLOR>
	<DIALOG_BACKCOLOR>0xCD1E34F2</DIALOG_BACKCOLOR>
	<DIALOG_INNER_BORDERCOLOR>0xFFFFE2B4</DIALOG_INNER_BORDERCOLOR>
	<DIALOG_INNER_BACKCOLOR>0xE1003399</DIALOG_INNER_BACKCOLOR>
	<DIALOG_TEXTCOLOR>0xFFFFFFFF</DIALOG_TEXTCOLOR>
	<DIALOG_DISABLEDTEXT>0x7F0000C0</DIALOG_DISABLEDTEXT>
	<OPTION_TEXTCOLOR>0xFFFFFFFF</OPTION_TEXTCOLOR>
	<OPTION_ACTIVETEXTCOLOR>0xFF40FFFF</OPTION_ACTIVETEXTCOLOR>
	<OPTION_ACTIVEBACKCOLOR>0xFF000080</OPTION_ACTIVEBACKCOLOR>
	<BUTTON_BORDERCOLOR>0xFFFFE2B4</BUTTON_BORDERCOLOR>
	<BUTTON_TEXTCOLOR>0xFF993300</BUTTON_TEXTCOLOR>
	<BUTTON_BACKCOLOR>0xCD1E34F2</BUTTON_BACKCOLOR>
	<BUTTON_ACTIVETEXTCOLOR>0xFFFFFFFF</BUTTON_ACTIVETEXTCOLOR>
	<BUTTON_ACTIVEBACKCOLOR>0xE1003399</BUTTON_ACTIVEBACKCOLOR>
	<KB_KEYBG_HIGHLIGHT>0xcc0000C0</KB_KEYBG_HIGHLIGHT>
	<KB_KEYBG_DISABLED>0xffc0c0c0</KB_KEYBG_DISABLED>
	<KB_KEY_PRESSED>0xff808080</KB_KEY_PRESSED>
	<KB_KEY_NORMAL>0xff000000</KB_KEY_NORMAL>
	<KB_KEY_DISABLED>0xff808080</KB_KEY_DISABLED>
	<KB_KEY_ACTIVEBORDER>0xff0000FF</KB_KEY_ACTIVEBORDER>
	<KB_KEY_TEXTCOLOR>0xff000000</KB_KEY_TEXTCOLOR>
	<KB_KEY_TEXTBACKCOLOR>0xffFFFFFF</KB_KEY_TEXTBACKCOLOR>
	<KB_KEY_TEXTBORDERCOLOR>0xff0000FF</KB_KEY_TEXTBORDERCOLOR>
	<MENU_TEXTCOLOR>0xFFFFFFFF</MENU_TEXTCOLOR>
	<MENU_ACTIVETEXTCOLOR>0xFFFFFFFF</MENU_ACTIVETEXTCOLOR>
	<MENU_BORDERCOLOR>0x00000000</MENU_BORDERCOLOR>
	<MENU_BACKCOLOR>0x00000000</MENU_BACKCOLOR>
	<MENU_ACTIVEBACKCOLOR>0x99653D3D</MENU_ACTIVEBACKCOLOR>
	<MENU_ACTIVEBORDERCOLOR>0x99FFFFFF</MENU_ACTIVEBORDERCOLOR>
           </ColorScheme>
</Skin>