<Skin Name="Beautiful Sunset">

<Information>
	<Author>acme-4</Author>
	<Copyright>copyright 2005</Copyright>
	<Version>1.1</Version>
</Information>

<FileManager>
	<Background>bs-fm.jpg</Background>
</FileManager>

<LoadingScreen ShowInfo="False">
	<Background>bs-load.jpg</Background>
</LoadingScreen>

<Main globe="True" Orb="False" Fog="False">

<Image Left="500" Top="360" Width="90" Height="90">acme4.png</Image>
<Image Left="609" Top="114" Width="21" Height="21">dvd.png</Image>
<Image Left="609" Top="164" Width="23" Height="23">hd.png</Image>
<Image Left="609" Top="218" Width="23" Height="23">hd.png</Image>
<Image Left="609" Top="293" Width="25" Height="25">id.png</Image>

<Background EnableAudio="True">bs-bg.jpg</background>

<Menu Scroll="True" Align="Left" ShowArrows="False" ShowIcon="False" Rotate="False">
	<ItemPos left="10" Top="123" Width="400"></ItemPos>
	<ItemPos left="20" Top="163" Width="400"></ItemPos>
	<ItemPos left="30" Top="203" Width="400"></ItemPos>
	<ItemPos left="30" Top="243" Width="400"></ItemPos>
	<ItemPos left="20" Top="283" Width="400"></ItemPos>
	<ItemPos left="10" Top="323" Width="400"></ItemPos>
	<Font>Eight_Track_program_3_16.xpr</Font>
</Menu>

<InfoFont>20th_Century_Font_14.xpr</InfoFont>

<Text Left="12" Top="365" Align="Left" Color="0xFFF54EFA" Source="Video Mode: $VideoMode$"></Text>
<Text Left="21" Top="400" Align="Left" Color="0xFFF54EFA" Source="SongName"></Text>
<Text Left="21" Top="420" Align="Left" Color="0xFFF54EFA" Source="SongTime"></Text>
<Text Left="12" Top="455" Align="Left" Color="0xFFF54EFA" Source="DateTime"></Text>
<Text Left="630" Top="142" Align="Right" Color="0xFFFAEA25" Source="DVDTitle"></Text>
<Text Left="630" Top="194" Align="Right" Color="0xFFFAEA25" Source="E_FreeMB"></Text>
<Text Left="630" Top="248" Align="Right" Color="0xFFFAEA25" Source="F_FreeMB"></Text>
<Text Left="630" Top="325" Align="Right" Color="0xFFFAEA25" Source="ID: $NickName$"></Text>
<Text Left="620" Top="455" Align="Right" Color="0xFFFF0000" Source="IP Address: $IP$"></Text>

<Image Left="80" Top="15" Width="90" Height="90" Source="GameIcon" />

</Main>

<ColorScheme>
    <AMBIENT_FOGCOLOR>0xFFFF0000</AMBIENT_FOGCOLOR>
    <AMBIENT_SKYCOLOR>0xFF000000</AMBIENT_SKYCOLOR>
    <AMBIENT_CELLCOLOR>0xFFFFFFFF</AMBIENT_CELLCOLOR>
    <CAPTION_TEXTCOLOR>0xFF800000</CAPTION_TEXTCOLOR>
    <CAPTION_BACKCOLOR>0xCA25ABFC</CAPTION_BACKCOLOR>
    <DIALOG_BORDERCOLOR>0xFF6C84BB</DIALOG_BORDERCOLOR>
    <DIALOG_BACKCOLOR>0xCAFFFFC4</DIALOG_BACKCOLOR>
    <DIALOG_INNER_BORDERCOLOR>0xC8FFFFFF</DIALOG_INNER_BORDERCOLOR>
    <DIALOG_INNER_BACKCOLOR>0x98FFA74F</DIALOG_INNER_BACKCOLOR>
    <DIALOG_TEXTCOLOR>0xFF000000</DIALOG_TEXTCOLOR>
    <DIALOG_DISABLEDTEXT>0xFFFFFFFF</DIALOG_DISABLEDTEXT>
    <OPTION_TEXTCOLOR>0xFF000000</OPTION_TEXTCOLOR>
    <OPTION_ACTIVETEXTCOLOR>0xFFFFFFFF</OPTION_ACTIVETEXTCOLOR>
    <OPTION_ACTIVEBACKCOLOR>0x50200020</OPTION_ACTIVEBACKCOLOR>
    <BUTTON_BORDERCOLOR>0xC8FF8000</BUTTON_BORDERCOLOR>
    <BUTTON_TEXTCOLOR>0xFFFFFFFF</BUTTON_TEXTCOLOR>
    <BUTTON_BACKCOLOR>0xFF525252</BUTTON_BACKCOLOR>
    <BUTTON_ACTIVETEXTCOLOR>0xFF000000</BUTTON_ACTIVETEXTCOLOR>
    <BUTTON_ACTIVEBACKCOLOR>0xFFFFA74F</BUTTON_ACTIVEBACKCOLOR>
    <KB_KEYBG_HIGHLIGHT>0x19FFBC79</KB_KEYBG_HIGHLIGHT>
    <KB_KEYBG_DISABLED>0x780000FF</KB_KEYBG_DISABLED>
    <KB_KEY_PRESSED>0xFFFFFF0F</KB_KEY_PRESSED>
    <KB_KEY_NORMAL>0xFF800000</KB_KEY_NORMAL>
    <KB_KEY_DISABLED>0x78FFFFFF</KB_KEY_DISABLED>
    <KB_KEY_ACTIVEBORDER>0xFFFF8000</KB_KEY_ACTIVEBORDER>
    <KB_KEY_TEXTCOLOR>0xFF800000</KB_KEY_TEXTCOLOR>
    <KB_KEY_TEXTBACKCOLOR>0xFFD6D6FC</KB_KEY_TEXTBACKCOLOR>
    <KB_KEY_TEXTBORDERCOLOR>0x78400040</KB_KEY_TEXTBORDERCOLOR>
    <MENU_TEXTCOLOR>0xFFFFFFFF</MENU_TEXTCOLOR>
    <MENU_ACTIVETEXTCOLOR>0xFFFAEA25</MENU_ACTIVETEXTCOLOR>
</ColorScheme>

</Skin>