﻿<Skin name="parental advisory">
    <Information>
        <Author>mic-one</Author>
        <Version>1</Version>
        <Copyright>2004</Copyright>
        <ScreenSize Width="640" Height="576" />
        <Skinner Name="UX Architect" Version="1.0c" />
    </Information>
    <IntroMovie>intro.wmv</IntroMovie>
    <Filemanager SafeBorder="False">
        <Background>X-box_24_edited.jpg</Background>
    </Filemanager>
    <LoadingScreen ShowInfo="True">
        <Background>xboxmad.jpg</Background>
    </LoadingScreen>
    <Main Globe="False" Orb="False" Fog="False">
        <Background EnableAudio="False">Copie de Z_15_07_2005.JPG</Background>
        <InfoFont>Square-14.xpr</InfoFont>
        <Text Top="33" Left="26" Width="310" Scroll="0" Color="0xFFFF0000" Source="DateTime" Align="Left" />
        <Text Top="35" Left="333" Width="302" Scroll="0" Color="0xFFFF0000" Source="IP" Align="Left" />
        <Image Top="323" Left="433" Width="128" Height="128" Source="GameIcon" />
        <Menu Smooth="True" Align="Left" ShowIcon="False" Rotate="True" ShowArrows="False">
            <Position Top="322" Left="40" Width="307" Height="132" Fixed="True" FixAt="2" MaxItem="4" />
            <Font>Square-14.xpr</Font>
        </Menu>
        <ColorScheme>
            <AMBIENT_FOGCOLOR>0x00FFFFFF</AMBIENT_FOGCOLOR>
            <AMBIENT_SKYCOLOR>0x0000000F</AMBIENT_SKYCOLOR>
            <AMBIENT_CELLCOLOR>0x0000C000</AMBIENT_CELLCOLOR>
            <CAPTION_TEXTCOLOR>0xFF00EC00</CAPTION_TEXTCOLOR>
            <CAPTION_BACKCOLOR>0x64808080</CAPTION_BACKCOLOR>
            <DIALOG_BORDERCOLOR>0xFF000000</DIALOG_BORDERCOLOR>
            <DIALOG_BACKCOLOR>0x64808080</DIALOG_BACKCOLOR>
            <DIALOG_INNER_BORDERCOLOR>0xC8000000</DIALOG_INNER_BORDERCOLOR>
            <DIALOG_INNER_BACKCOLOR>0x5A808080</DIALOG_INNER_BACKCOLOR>
            <DIALOG_TEXTCOLOR>0xFFFFFFFF</DIALOG_TEXTCOLOR>
            <DIALOG_DISABLEDTEXT>0xFFB3B3B4</DIALOG_DISABLEDTEXT>
            <OPTION_TEXTCOLOR>0xFFFFFFFF</OPTION_TEXTCOLOR>
            <OPTION_ACTIVETEXTCOLOR>0xFFFF8000</OPTION_ACTIVETEXTCOLOR>
            <OPTION_ACTIVEBACKCOLOR>0x50808080</OPTION_ACTIVEBACKCOLOR>
            <BUTTON_BORDERCOLOR>0xC8000000</BUTTON_BORDERCOLOR>
            <BUTTON_TEXTCOLOR>0xFFFFFFFF</BUTTON_TEXTCOLOR>
            <BUTTON_BACKCOLOR>0xFF525252</BUTTON_BACKCOLOR>
            <BUTTON_ACTIVETEXTCOLOR>0xFFFFFFFF</BUTTON_ACTIVETEXTCOLOR>
            <BUTTON_ACTIVEBACKCOLOR>0xFF808080</BUTTON_ACTIVEBACKCOLOR>
            <KB_KEYBG_HIGHLIGHT>0xFFFFFF00</KB_KEYBG_HIGHLIGHT>
            <KB_KEYBG_DISABLED>0x78C0C0C0</KB_KEYBG_DISABLED>
            <KB_KEY_PRESSED>0xFF008000</KB_KEY_PRESSED>
            <KB_KEY_NORMAL>0xFF000000</KB_KEY_NORMAL>
            <KB_KEY_DISABLED>0x78808080</KB_KEY_DISABLED>
            <KB_KEY_ACTIVEBORDER>0xFFFF0000</KB_KEY_ACTIVEBORDER>
            <KB_KEY_TEXTCOLOR>0xFF000000</KB_KEY_TEXTCOLOR>
            <KB_KEY_TEXTBACKCOLOR>0xFFFFFFFF</KB_KEY_TEXTBACKCOLOR>
            <KB_KEY_TEXTBORDERCOLOR>0x780000FF</KB_KEY_TEXTBORDERCOLOR>
            <MENU_TEXTCOLOR>0xFFFF0000</MENU_TEXTCOLOR>
            <MENU_ACTIVETEXTCOLOR>0xFFFFFFFF</MENU_ACTIVETEXTCOLOR>
        </ColorScheme>
    </Main>
</Skin>