<Skin Name="SonsOfLiberty">
<Information>
<Author>Ace331664</Author>
<Copyright>2009 Skinned by Sketchy Skinner</Copyright>
<Version>1</Version>
</Information>
<IntroMovie>C:\xodash\media\live.xmv</IntroMovie>
<Main globe="False" Orb="False">
<Background EnableAudio="True">bg.jpg</background>
<Menu smooth="true" ShowArrows="False" ShowIcon="False" Rotate="false">
<Position left="359" Top="2" Width="261" Height="223" />
<Preview EnableAudio="False" left="506" Top="245" Width="116" Height="107" />
</Menu>
<Text Left="362" Top="195" Align="Left" Color="0xFF808080" Source="DvdTitle"></Text>
<Text Left="362" Top="210" Align="Left" Color="0xFF808080" Source="DateTime"></Text>
<Text Left="362" Top="225" Align="Left" Color="0xFF808080" Source="F_Free"></Text>
<Text Left="362" Top="240" Align="Left" Color="0xFF808080" Source="G_Free"></Text>
<Text Left="362" Top="265" Align="Left" Color="0xFF808080" Source="CPUTemp"></Text>
<Text Left="362" Top="280" Align="Left" Color="0xFF808080" Source="MBTemp"></Text>
<Text Left="362" Top="295" Align="Left" Color="0xFF808080" Source="IP"></Text>
<Text Left="362" Top="320" Align="Left" Color="0xFF808080" Source="SongName"></Text>
<Text Left="362" Top="335" Align="Left" Color="0xFF808080" Source="SoundTrack"></Text>
<Text Left="362" Top="350" Align="Left" Color="0xFF808080" Source="SongTime"></Text>
<Text Left="362" Top="370" Align="Left" width="275" Scroll="3" Color="0xFF808080" Source="NewsFeed"></Text>
<Text Left="17" Top="457" Align="Left" Color="0xFF808080" Source="SkinAuthor"></Text>
<Image Top="280" Left="251" width="110" Height="110" Source="GameIcon"/>
<Image Source="GamePreview"/>
</Main>
<FileManager>
<Background>fmbg.jpg</Background>
</FileManager>
<LoadingScreen ShowInfo="true">
<Background>ls.jpg</Background>
</LoadingScreen>
<ColorScheme>
		<AMBIENT_FOGCOLOR>0xFF200000</AMBIENT_FOGCOLOR>
		<AMBIENT_SKYCOLOR>0xFF400000</AMBIENT_SKYCOLOR>
		<AMBIENT_CELLCOLOR>0x06C4310A</AMBIENT_CELLCOLOR>

		<CAPTION_TEXTCOLOR>0xFFFFFFFF</CAPTION_TEXTCOLOR>
		<CAPTION_BACKCOLOR>0xC7000000</CAPTION_BACKCOLOR>
		<DIALOG_BORDERCOLOR>0x00000000</DIALOG_BORDERCOLOR>
		<DIALOG_BACKCOLOR>0xFF808080</DIALOG_BACKCOLOR>
		<DIALOG_INNER_BORDERCOLOR>0x00000000</DIALOG_INNER_BORDERCOLOR>
		<DIALOG_INNER_BACKCOLOR>0xFF626262</DIALOG_INNER_BACKCOLOR>
		<DIALOG_TEXTCOLOR>0xFFFFFFFF</DIALOG_TEXTCOLOR>

		<DIALOG_DISABLEDTEXT>0x7FC00000</DIALOG_DISABLEDTEXT>

		<OPTION_TEXTCOLOR>0xFFffffff</OPTION_TEXTCOLOR>
		<OPTION_ACTIVETEXTCOLOR>0xFF000000</OPTION_ACTIVETEXTCOLOR>
		<OPTION_ACTIVEBACKCOLOR>0xFFf03333</OPTION_ACTIVEBACKCOLOR>

		<BUTTON_BORDERCOLOR>0xFFFFFFFF</BUTTON_BORDERCOLOR>
		<BUTTON_TEXTCOLOR>0xFFFFFFFF</BUTTON_TEXTCOLOR>
		<BUTTON_BACKCOLOR>0xFF0055EA</BUTTON_BACKCOLOR>
		<BUTTON_ACTIVETEXTCOLOR>0xFF0055EA</BUTTON_ACTIVETEXTCOLOR>
		<BUTTON_ACTIVEBACKCOLOR>0xFFFFFFFF</BUTTON_ACTIVEBACKCOLOR>	
		
		<KB_KEYBG_HIGHLIGHT>0xCC00C000</KB_KEYBG_HIGHLIGHT>
		<KB_KEYBG_DISABLED>0xffc0c0c0</KB_KEYBG_DISABLED>
		<KB_KEY_PRESSED>0xff808080</KB_KEY_PRESSED>
		<KB_KEY_NORMAL>0xff000000</KB_KEY_NORMAL>
		<KB_KEY_DISABLED>0xff808080</KB_KEY_DISABLED>
		<KB_KEY_ACTIVEBORDER>0xff008000</KB_KEY_ACTIVEBORDER>
		<KB_KEY_TEXTCOLOR>0xff000000</KB_KEY_TEXTCOLOR>
		<KB_KEY_TEXTBACKCOLOR>0xffFFFFFF</KB_KEY_TEXTBACKCOLOR>
		<KB_KEY_TEXTBORDERCOLOR>0xff0000FF</KB_KEY_TEXTBORDERCOLOR>
		
		<MENU_TEXTCOLOR>0x99FFFFFF</MENU_TEXTCOLOR>
		<MENU_ACTIVETEXTCOLOR>0xFFFF4040</MENU_ACTIVETEXTCOLOR>
		<MENU_BORDERCOLOR>0x00000000</MENU_BORDERCOLOR>
		<MENU_BACKCOLOR>0x00000000</MENU_BACKCOLOR>
		<MENU_ACTIVEBACKCOLOR>0x00000000</MENU_ACTIVEBACKCOLOR>
		<MENU_ACTIVEBORDERCOLOR>0x00000000</MENU_ACTIVEBORDERCOLOR>
</ColorScheme>
</Skin>

























