﻿<Skin name="ruby">
    <Information>
        <Author>mic-one</Author>
        <Version>1</Version>
        <Copyright>2004</Copyright>
        <ScreenSize Width="720" Height="576" />
        <Skinner Name="UX Architect" Version="1.0c" />
    </Information>
    <IntroMovie>unleash intro.wmv</IntroMovie>
    <Filemanager SafeBorder="False">
        <Background>fm.jpg</Background>
    </Filemanager>
    <LoadingScreen ShowInfo="True">
        <Background>ld.jpg</Background>
    </LoadingScreen>
    <Main Globe="False" Orb="False" Fog="False">
        <Background EnableAudio="False">bg.jpg</Background>
        <InfoFont>Tahoma-12.xpr</InfoFont>
        <Text Top="442" Left="398" Width="315" Scroll="0" Color="0xFFFFFFFF" Source="IP" Align="Left" />
        <Text Top="59" Left="39" Width="272" Scroll="0" Color="0xFFFFFFFF" Source="F_FreeMB" Align="Left" />
        <Text Top="97" Left="38" Width="239" Scroll="0" Color="0xFFFFFFFF" Source="Time" Align="Left" />
        <Text Top="23" Left="39" Width="295" Scroll="0" Color="0xFFFFFFFF" Source="E_FreeMB" Align="Left" />
        <Text Top="138" Left="40" Width="232" Scroll="0" Color="0xFFFFFFFF" Source="Date" Align="Left" />
        <Image Source="GamePreview" />
        <Image Top="25" Left="476" Width="128" Height="128" Source="GameIcon" />
        <Image Top="436" Left="78" Width="239" Height="29" Opacity="100">unleashx9.png</Image>
        <Menu Smooth="True" Align="Left" ShowIcon="False" ShowArrows="False">
            <Preview EnableAudio="True" Top="200" Left="270" Width="20" Height="20" />
            <Position Top="221" Left="151" Width="322" Height="131" Fixed="True" FixAt="2" MaxItem="4" />
            <Font>Tahoma-14.xpr</Font>
        </Menu>
        <ColorScheme>
            <AMBIENT_FOGCOLOR>0x00FFFFFF</AMBIENT_FOGCOLOR>
            <AMBIENT_SKYCOLOR>0x0000000F</AMBIENT_SKYCOLOR>
            <AMBIENT_CELLCOLOR>0x0000C000</AMBIENT_CELLCOLOR>
            <CAPTION_TEXTCOLOR>0xFFFF0000</CAPTION_TEXTCOLOR>
            <CAPTION_BACKCOLOR>0x64808080</CAPTION_BACKCOLOR>
            <DIALOG_BORDERCOLOR>0xFF000000</DIALOG_BORDERCOLOR>
            <DIALOG_BACKCOLOR>0x64808080</DIALOG_BACKCOLOR>
            <DIALOG_INNER_BORDERCOLOR>0xC8000000</DIALOG_INNER_BORDERCOLOR>
            <DIALOG_INNER_BACKCOLOR>0x5A808080</DIALOG_INNER_BACKCOLOR>
            <DIALOG_TEXTCOLOR>0xFFFFFFFF</DIALOG_TEXTCOLOR>
            <DIALOG_DISABLEDTEXT>0xFFB3B3B4</DIALOG_DISABLEDTEXT>
            <OPTION_TEXTCOLOR>0xFFFFFFFF</OPTION_TEXTCOLOR>
            <OPTION_ACTIVETEXTCOLOR>0xFFFF8000</OPTION_ACTIVETEXTCOLOR>
            <OPTION_ACTIVEBACKCOLOR>0x50808080</OPTION_ACTIVEBACKCOLOR>
            <BUTTON_BORDERCOLOR>0xC8000000</BUTTON_BORDERCOLOR>
            <BUTTON_TEXTCOLOR>0xFFFFFFFF</BUTTON_TEXTCOLOR>
            <BUTTON_BACKCOLOR>0xFF525252</BUTTON_BACKCOLOR>
            <BUTTON_ACTIVETEXTCOLOR>0xFFFFFFFF</BUTTON_ACTIVETEXTCOLOR>
            <BUTTON_ACTIVEBACKCOLOR>0xFF808080</BUTTON_ACTIVEBACKCOLOR>
            <KB_KEYBG_HIGHLIGHT>0x1922FF22</KB_KEYBG_HIGHLIGHT>
            <KB_KEYBG_DISABLED>0x78C0C0C0</KB_KEYBG_DISABLED>
            <KB_KEY_PRESSED>0xFF008000</KB_KEY_PRESSED>
            <KB_KEY_NORMAL>0xFF000000</KB_KEY_NORMAL>
            <KB_KEY_DISABLED>0x78808080</KB_KEY_DISABLED>
            <KB_KEY_ACTIVEBORDER>0xFFFF0000</KB_KEY_ACTIVEBORDER>
            <KB_KEY_TEXTCOLOR>0xFF000000</KB_KEY_TEXTCOLOR>
            <KB_KEY_TEXTBACKCOLOR>0xFFFFFFFF</KB_KEY_TEXTBACKCOLOR>
            <KB_KEY_TEXTBORDERCOLOR>0x780000FF</KB_KEY_TEXTBORDERCOLOR>
            <MENU_TEXTCOLOR>0x98C0C0C0</MENU_TEXTCOLOR>
            <MENU_ACTIVETEXTCOLOR>0xFFFFFFFF</MENU_ACTIVETEXTCOLOR>
        </ColorScheme>
    </Main>
</Skin>