<Skin name="Dropping Orbs">
<information>
<author>DarkShadow</author>
<copyright>Copyright 2004</copyright>
<version>2.5</version>
</information>
<main globe="True" Orb="false">
<background>bg.png</background>
<cellwall>cell.png</cellwall>
<orb>orb.png</orb>
<icon>orb.png</icon>
<image left="151" top="337" width="105" height="90">image2.png</image>
<gameicon enable="true" opacity="0">
<position left="158" top="337" width="98" height="90" />
</gameicon>

<menu smooth="false" align="left" rotate="false" showicon="false">

<position top="22" left="65" width="200" height="149" fixed="false" fixat="1" maxitem="8"> </position>
<font>ft68_16.xpr</font>

<Preview EnableAudio="True" opacity="0" Left="271" Top="179" Width="130" Height="158" />
</menu>
<Text Left="436" Top="119" Align="left" Color="0xFFFFFFFF" Source="IP"/>
<Text Left="436" Top="209" Align="left" Color="0xFFFFFFFF" Source="DVD: $DVDTitle$"/>
<Text Left="436" Top="149" Align="left" Color="0xFFFFFFFF" Source="F_FreeMB"/>
<Text Left="436" Top="180" Align="left" Color="0xFFFFFFFF" Source="E_FreeMB"/>
<Text Left="46" Top="429" Align="left" Color="0xFFFFFFFF" Source="SongName"/>
<Text Left="120" Top="429" Align="left" Color="0xFFFFFFFF" Source="SongTime"/>
<Text Left="190" Top="429" Align="left" Color="0xFFFFFFFF" Source="NewsFeed"/>


<infofont>ft53_10.xpr</infofont>

<Image Source="GamePreview" />
<image left="271" top="179" width="130" height="158">image.png</image>
</main>
<filemanager>
<background>filemanager.png</background>
</filemanager>
<loadingscreen showinfo="false">
<background>loading.png</background>
</loadingscreen>
<colorscheme>
<AMBIENT_FOGCOLOR>0xFF000000</AMBIENT_FOGCOLOR>
<AMBIENT_SKYCOLOR/>
<AMBIENT_CELLCOLOR>0xEC4E55</AMBIENT_CELLCOLOR>
<CAPTION_TEXTCOLOR>0xFFFFFFFF</CAPTION_TEXTCOLOR>
<CAPTION_BACKCOLOR>0xFFFF7272</CAPTION_BACKCOLOR>
<DIALOG_BORDERCOLOR>0xFFFFFFFF</DIALOG_BORDERCOLOR>
<DIALOG_BACKCOLOR>0xFF982929</DIALOG_BACKCOLOR>
<DIALOG_INNER_BORDERCOLOR>0xFFFFFFFF</DIALOG_INNER_BORDERCOLOR>
<DIALOG_INNER_BACKCOLOR>0xFFDE5959</DIALOG_INNER_BACKCOLOR>
<DIALOG_TEXTCOLOR>0xFFFFFFFF</DIALOG_TEXTCOLOR>
<DIALOG_DISABLEDTEXT>0xEC4141</DIALOG_DISABLEDTEXT>
<OPTION_TEXTCOLOR>0xFFFFFFFF</OPTION_TEXTCOLOR>
<OPTION_ACTIVETEXTCOLOR>0x8E0F0B</OPTION_ACTIVETEXTCOLOR>
<OPTION_ACTIVEBACKCOLOR/>
<BUTTON_BORDERCOLOR/>
<BUTTON_TEXTCOLOR>0xFF02C90C</BUTTON_TEXTCOLOR>
<BUTTON_BACKCOLOR>0xffD8393A</BUTTON_BACKCOLOR>
<BUTTON_ACTIVETEXTCOLOR>0xff8E0F0B</BUTTON_ACTIVETEXTCOLOR>
<BUTTON_ACTIVEBACKCOLOR>0xffF9A4C0</BUTTON_ACTIVEBACKCOLOR>
<KB_KEYBG_HIGHLIGHT>0xffFDA6A6</KB_KEYBG_HIGHLIGHT>
<KB_KEYBG_DISABLED>0xffc0c0c0</KB_KEYBG_DISABLED>
<KB_KEY_PRESSED>0xff9B0909</KB_KEY_PRESSED>
<KB_KEY_NORMAL>0xffFB6161</KB_KEY_NORMAL>
<KB_KEY_DISABLED>0xff808080</KB_KEY_DISABLED>
<KB_KEY_ACTIVEBORDER>0xff008000</KB_KEY_ACTIVEBORDER>
<KB_KEY_TEXTCOLOR>0xff000000</KB_KEY_TEXTCOLOR>
<KB_KEY_TEXTBACKCOLOR>0xffFFFFFF</KB_KEY_TEXTBACKCOLOR>
<KB_KEY_TEXTBORDERCOLOR>0xff0000FF</KB_KEY_TEXTBORDERCOLOR>
<MENU_TEXTCOLOR>0xFFFFFFFF</MENU_TEXTCOLOR>
<MENU_ACTIVETEXTCOLOR>0xffB11E18</MENU_ACTIVETEXTCOLOR>
<MENU_BORDERCOLOR/>
<MENU_BACKCOLOR/>
<MENU_ACTIVEBACKCOLOR/>
<MENU_ACTIVEBORDERCOLOR/>
</colorscheme>
</Skin>