<Skin Name="krystal">
<Information>
<Author>kernel_panic</Author>
<Copyright>2006</Copyright>
<Version>1</Version>
</Information>
<Main globe="False" Orb="False">
<InfoFont>info.xpr</InfoFont>
<Background EnableAudio="True">bg.png</Background>
<Menu smooth="False" ShowArrows="False" ShowIcon="False" Rotate="True">
<Position left="6" Top="177" Width="272" Height="150" />
<Preview EnableAudio="True" left="0" Top="0" Width="765" Height="1021" />
<Font>menu.xpr</Font>
</Menu>
<Text Left="470" Top="145" Align="Left" Color="0xFF000000" Source="NickName"></Text>
<Text Left="470" Top="190" Align="Left" Color="0xFF000000" Source="$DateTime$"></Text>
<Text Left="470" Top="235" Align="Left" Color="0xFF000000" Source="DVDTitle"></Text>
<Text Left="470" Top="275" Align="Left" Color="0xFF000000" Source="E_FreeMB"></Text>
<Text Left="470" Top="320" Align="Left" Color="0xFF000000" Source="F_FreeMB"></Text>
<Image Top="510" Left="21" width="295" Height="86" Source="GameIcon"/>
<Image Source="GamePreview"/>
</Main>
<FileManager>
<Background>fmbg.png</Background>
</FileManager>
<LoadingScreen ShowInfo="False">
<Background>load.png</Background>
</LoadingScreen>
<ColorScheme>
<MENU_TEXTCOLOR>0xFF000000</MENU_TEXTCOLOR>
<MENU_ACTIVETEXTCOLOR>0xFF80FFFF</MENU_ACTIVETEXTCOLOR>
</ColorScheme>
</Skin>
