<Skin name="StrongbadBeta">
         <Information>
                  <Author>Kayoteq</Author>
                  <Copyright>2006</Copyright>
                  <Version>A remake of the old one</Version>
         </Information>
         <Fonts>
			<Font Name="Verdana8">Verdana8.xpr</Font>
			<Font Name="Verdana10">Verdana10.xpr</Font>
		</Fonts>
	 <!-- <IntroMovie>sb_tinybox.wmv</IntroMovie> -->  
         <FileManager>
            <BackGround>sb_file.jpg</BackGround>
         </FileManager>
         <LoadingScreen ShowInfo="False">
            <BackGround EnableAudio="True">sb_load.jpg</BackGround>
         </LoadingScreen>
    <Main Globe="False" Orb="True" Fog="False">
        <<BackGround EnableAudio="False">sb_m1.png</BackGround>
    	<Cellwall>sb_globe.jpg</Cellwall>
        <Orb zindex="3">sb_orb.png</Orb>
         <Icon>sb_icon.jpg</Icon>
         <Image Left="1" Top="1" Width="640" Height="480" Opacity="50" zindex="1">sb_m1.png</Shape>
        	 <Image Left="1" Top="1" Width="640" Height="480" Opacity="100" zindex="2" source="GamePreview"></Shape>
        	 <Image Left="1" Top="1" Width="640" Height="480" Opacity="100" zindex="3">sb_m2_a.png</Shape>
        	 <Image Left="1" Top="1" Width="640" Height="480" Opacity="80" zindex="4">sb_m3_l.png</Shape>
         <Menu Smooth="True" Align="Right" ShowIcon="False" Rotate="False" ShowArrows="False" zindex="1">
             <Position Top="185" Left="180" Width="350" Height="450" Fixed="False" FixAt="2" MaxItem="10" zindex="1" />
             <Font Name="digi">1979-12.xpr</Font>
             <Preview EnableAudio="False" Top="1" Left="1" Width="640" Height="480" zindex="5" />
         </Menu>
         <InfoFont>1979-12.xpr</InfoFont>
                  <Text zindex="2" Top="30" Left="140" Align="Left" Color="0xFFFFFFFF" Source="$DateTime$"></Text>
                  <Text zindex="2" Top="55" Left="140" Width="535" Align="Middle" Color="0xFFB6FF00" Source="SongName"></Text>
                  <Text zindex="2" Top="75" Left="280" Align="Middle" Color="0xFFB6FF00" Source="SongTime"></Text>
                  <Text zindex="2" Top="75" Left="45" Align="Left" Color="0xFFFFFFFF" Source="$IP$"></Text>
                  <Text zindex="2" Top="75" Left="475" Align="Left" Color="0xFFFFFFFF" Source="Credits $NumClient$"></Text>
                  <Text zindex="2" Top="100" Left="280" Align="Left" Color="0xFFFFFFFF" Source="DvdTitle"></Text>
                  <Text zindex="2" Top="335" Left="45" Align="Left" Color="0xFFFFFFFF" Source="C:$C_FreeMB$"></Text>
                  <Text zindex="2" Top="355" Left="45" Align="Left" Color="0xFFFFFFFF" Source="E:$E_FreeMB$"></Text>
                  <Text zindex="2" Top="375" Left="45" Align="Left" Color="0xFFFFFFFF" Source="F:$F_FreeMB$"></Text>
                  <Text zindex="2" Top="355" Left="445" Align="Left" Color="0xFFFFFFFF" Source="$CPUTemp$"></Text>
                  <Text zindex="2" Top="375" Left="445" Align="Left" Color="0xFFFFFFFF" Source="$MBTemp$"></Text>
                  <Text Top="400" Left="45" Width="560" Height="24" Align="Left" Color="0xFFFFFFFF" zindex="2" Source="Newsfeed"></Text>
                  <Image Left="510" Top="170" Width="155" Height="334" Opacity="100" zindex="5">hs_front.png</Shape>
    </Main>
       <ColorScheme >
            <OPTION_TEXTCOLOR>0xFFFFFFFF</OPTION_TEXTCOLOR>
            <OPTION_ACTIVETEXTCOLOR>0xFFFF8000</OPTION_ACTIVETEXTCOLOR>
            <OPTION_ACTIVEBACKCOLOR>0x50808080</OPTION_ACTIVEBACKCOLOR>
            <MENU_TEXTCOLOR>0xFFFFFFFF</MENU_TEXTCOLOR>
			<MENU_ACTIVETEXTCOLOR>0xFFB6FF00</MENU_ACTIVETEXTCOLOR>
			<MENU_BORDERCOLOR>0x00000001</MENU_BORDERCOLOR>
			<MENU_BACKCOLOR>0x00000000</MENU_BACKCOLOR>
			<MENU_ACTIVEBACKCOLOR>0x00000000</MENU_ACTIVEBACKCOLOR>
			<MENU_ACTIVEBORDERCOLOR>0x00000000</MENU_ACTIVEBORDERCOLOR>
     </ColorScheme>
           <!--   <ColorScheme >
           0xFF404040<gray
           0xFFFFFFFF<white
           0xFFB6FF00<yellow>
		<AMBIENT_FOGCOLOR>0xFF002000</AMBIENT_FOGCOLOR>
		<AMBIENT_SKYCOLOR>0xFF004000</AMBIENT_SKYCOLOR>
		<AMBIENT_CELLCOLOR>0x0600C000</AMBIENT_CELLCOLOR>

		<CAPTION_TEXTCOLOR>0xFF404040</CAPTION_TEXTCOLOR>
		<CAPTION_BACKCOLOR>0xFFd6d6d6</CAPTION_BACKCOLOR>
		<DIALOG_BORDERCOLOR>0xFF404040</DIALOG_BORDERCOLOR>
		<DIALOG_BACKCOLOR>0xFFd6d6d6</DIALOG_BACKCOLOR>
		<DIALOG_INNER_BORDERCOLOR>0xFF404040</DIALOG_INNER_BORDERCOLOR>
		<DIALOG_INNER_BACKCOLOR>0xFFaeb19c</DIALOG_INNER_BACKCOLOR>
		<DIALOG_TEXTCOLOR>0xFF404040</DIALOG_TEXTCOLOR>

		<DIALOG_DISABLEDTEXT>0x7Faeb19c</DIALOG_DISABLEDTEXT>

		<OPTION_TEXTCOLOR>0xFF404040</OPTION_TEXTCOLOR>
		<OPTION_ACTIVETEXTCOLOR>0xFF000000</OPTION_ACTIVETEXTCOLOR>
		<OPTION_ACTIVEBACKCOLOR>0xFFd6d6d6</OPTION_ACTIVEBACKCOLOR>

		<BUTTON_BORDERCOLOR>0xFF404040</BUTTON_BORDERCOLOR>
		<BUTTON_TEXTCOLOR>0xFF404040</BUTTON_TEXTCOLOR>
		<BUTTON_BACKCOLOR>0xFFd6d6d6</BUTTON_BACKCOLOR>
		<BUTTON_ACTIVETEXTCOLOR>0xFF404040</BUTTON_ACTIVETEXTCOLOR>
		<BUTTON_ACTIVEBACKCOLOR>0xFFaeb19c</BUTTON_ACTIVEBACKCOLOR>	
		
		<KB_KEYBG_HIGHLIGHT>0xCCaeb19c</KB_KEYBG_HIGHLIGHT>
		<KB_KEYBG_DISABLED>0xffc0c0c0</KB_KEYBG_DISABLED>
		<KB_KEY_PRESSED>0xff808080</KB_KEY_PRESSED>
		<KB_KEY_NORMAL>0xff000000</KB_KEY_NORMAL>
		<KB_KEY_DISABLED>0xff808080</KB_KEY_DISABLED>
		<KB_KEY_ACTIVEBORDER>0xffd6d6d6</KB_KEY_ACTIVEBORDER>
		<KB_KEY_TEXTCOLOR>0xff404040</KB_KEY_TEXTCOLOR>
		<KB_KEY_TEXTBACKCOLOR>0xffaeb19c</KB_KEY_TEXTBACKCOLOR>
		<KB_KEY_TEXTBORDERCOLOR>0xff404040</KB_KEY_TEXTBORDERCOLOR>
		
		<MENU_TEXTCOLOR>0xFF404040</MENU_TEXTCOLOR>
		<MENU_ACTIVETEXTCOLOR>0xFFB6FF00</MENU_ACTIVETEXTCOLOR>
		<MENU_BORDERCOLOR>0x00000001</MENU_BORDERCOLOR>
		<MENU_BACKCOLOR>0x00000000</MENU_BACKCOLOR>
		<MENU_ACTIVEBACKCOLOR>0x00000000</MENU_ACTIVEBACKCOLOR>
		<MENU_ACTIVEBORDERCOLOR>0x00000000</MENU_ACTIVEBORDERCOLOR>

		<!-- New color scheme -->

		<MMBorderColor>0x00000001</MMBorderColor>
		
		<!-- LED color-->
		<MMForeColor>0xFF404040</MMForeColor>
		<MMOffForeColor>0x00000001</MMOffForeColor>

		<!-- Peak meter color-->
		<!-- Here, we just want a uniform color, Dark is low, light is high-->
		<MMDarkBarColor>0xff404040</MMDarkBarColor>
		<MMLightBarColor>0xff404040</MMLightBarColor>
		<MMBarBackColor>0x00000001</MMBarBackColor>
		<MMDarkBackColor>0xFFd6d6d6</MMDarkBackColor>
		<MMActiveForeColor>0xFF404040</MMActiveForeColor>
	</ColorScheme>
	
      <ColorScheme >
                  <AMBIENT_FOGCOLOR></AMBIENT_FOGCOLOR>
                  <AMBIENT_SKYCOLOR></AMBIENT_SKYCOLOR>
                  <AMBIENT_CELLCOLOR></AMBIENT_CELLCOLOR>
                  <CAPTION_TEXTCOLOR></CAPTION_TEXTCOLOR>
                  <CAPTION_BACKCOLOR></CAPTION_BACKCOLOR>
                  <DIALOG_BORDERCOLOR></DIALOG_BORDERCOLOR>
                  <DIALOG_BACKCOLOR></DIALOG_BACKCOLOR>
                  <DIALOG_INNER_BORDERCOLOR></DIALOG_INNER_BORDERCOLOR>
                  <DIALOG_INNER_BACKCOLOR></DIALOG_INNER_BACKCOLOR>
                  <DIALOG_TEXTCOLOR></DIALOG_TEXTCOLOR>
                  <DIALOG_DISABLEDTEXT></DIALOG_DISABLEDTEXT>
                  <OPTION_TEXTCOLOR></OPTION_TEXTCOLOR>
                  <OPTION_ACTIVETEXTCOLOR></OPTION_ACTIVETEXTCOLOR>
                  <OPTION_ACTIVEBACKCOLOR></OPTION_ACTIVEBACKCOLOR>
                  <BUTTON_BORDERCOLOR></BUTTON_BORDERCOLOR>
                  <BUTTON_TEXTCOLOR></BUTTON_TEXTCOLOR>
                  <BUTTON_BACKCOLOR></BUTTON_BACKCOLOR>
                  <BUTTON_ACTIVETEXTCOLOR></BUTTON_ACTIVETEXTCOLOR>
                  <BUTTON_ACTIVEBACKCOLOR></BUTTON_ACTIVEBACKCOLOR>
                  <KB_KEYBG_HIGHLIGHT></KB_KEYBG_HIGHLIGHT>
                  <KB_KEYBG_DISABLED></KB_KEYBG_DISABLED>
                  <KB_KEY_PRESSED></KB_KEY_PRESSED>
                  <KB_KEY_NORMAL></KB_KEY_NORMAL>
                  <KB_KEY_DISABLED></KB_KEY_DISABLED>
                  <KB_KEY_ACTIVEBORDER></KB_KEY_ACTIVEBORDER>
                  <KB_KEY_TEXTCOLOR></KB_KEY_TEXTCOLOR>
                  <KB_KEY_TEXTBACKCOLOR></KB_KEY_TEXTBACKCOLOR>
                  <KB_KEY_TEXTBORDERCOLOR></KB_KEY_TEXTBORDERCOLOR>
                  <MENU_TEXTCOLOR></MENU_TEXTCOLOR>
                  <MENU_ACTIVETEXTCOLOR></MENU_ACTIVETEXTCOLOR>
                  <MENU_BORDERCOLOR></MENU_BORDERCOLOR>
                  <MENU_BACKCOLOR></MENU_BACKCOLOR>
                  <MENU_ACTIVEBACKCOLOR></MENU_ACTIVEBACKCOLOR>
                  <MENU_ACTIVEBORDERCOLOR></MENU_ACTIVEBORDERCOLOR>
         </ColorScheme> -->
</Skin>
