<Skin name="UX 360 Green II Normal Icons">
	<Information>
		<Author>MICHAEL JOHNSON</Author>
		<Copyright>Copyright 2005 to whenever</Copyright>
	 	<Version>1</Version>
	</Information>
	<Fonts>
		<Font Name="10">common-font10.xpr</Font>
		<Font Name="12">common-font12.xpr</Font>
		<Font Name="14">common-font14.xpr</Font>
		<Font Name="Special">special-normal-pal.xpr</Font>
		<Font Name="SpecialBold">special-bold.xpr</Font>
	</Fonts>	
	<Main Globe="false" Orb="False" Fog="false">
		<Cellwall></Cellwall>
		<Orb></Orb>
		<Icon></Icon>
            <Background EnableAudio="False">uxgreen2.png</Background>
		
		<Menu Smooth="False" Align="left" Rotate="false" ShowIcon="false" Fixed="False" FixAt="0">
            <ItemPos Top="167" Left="18" Width="227"></ItemPos>
            <ItemPos Top="193" Left="18" Width="227"></ItemPos>
            <ItemPos Top="219" Left="18" Width="227"></ItemPos>
            <ItemPos Top="245" Left="18" Width="227"></ItemPos>
		<Preview EnableAudio="False" Left="256" Top="70" Width="213" Height="160"/>
		<Font>10</Font>
		
		</Menu>
		
		<Image Left="156" Top="100" Width="15" Height="15" zIndex="3">rep1.png</Image> 
		<Image Left="172" Top="100" Width="15" Height="15" zIndex="3">rep1.png</Image> 
		<Image Left="188" Top="100" Width="15" Height="15" zIndex="3">rep1.png</Image> 
		<Image Left="204" Top="100" Width="15" Height="15" zIndex="3">rep1.png</Image> 
		<Image Left="220" Top="100" Width="15" Height="15" zIndex="3">rep2.png</Image> 
		<Image Left="25" Top="98" Width="55" Height="54" zIndex="3">avatar.png</Image> 
		<Image Left="487" Top="70" Width="131" Height="131" zIndex="2" Source="GameIcon" />
		<Image zIndex="2" Source="GamePreview"/>
		
		
		<InfoFont>Special</InfoFont>    
			
			<Text Top="23" Left="530" Align="Left" Color="0xFFFFFFFF" zIndex="4" Source="| $Time$"></Text>
                  <Text Top="23" Left="525" Align="Right" Color="0xFFFFFFFF" zIndex="4" Source="Date"></Text>	
        		
			<Text Top="277" Left="260" Width="200" Height="24" Scroll="0" Color="0xFFFFFFFF" zIndex="4" Source="$SongName$" Align="Left"></Text>
        		<Text Top="318" Left="260" Width="200" Scroll="0" Color="0xFFFFFFFF" ScaleX="100" ScaleY="100" zIndex="4" Source="$SongTime$" Align="Left"></Text>
        		<Text Top="301" Left="260" Width="200" Height="25" Scroll="0" Color="0xFFFFFFFF" Font="10" zIndex="4" Source="$SoundTrack$" Align="Left"></Text>
        		
			<Text Top="357" Left="260" Width="200" Height="25" Scroll="0" Color="0xFFFFFFFF" zIndex="4" Source="F_FreeMB" Align="Left"></Text>
        		<Text Top="379" Left="260" Width="200" Height="25" Scroll="0" Color="0xFFFFFFFF" zIndex="4" Source="G_FreeMB" Align="Left"></Text>
        		
			<Text Top="379" Left="33" Width="200" Height="25" Scroll="0" Color="0xFFFFFFFF" zIndex="2" Source="M/B Temp - $MBTemp$" Align="Right"></Text>
        		<Text Top="357" Left="33" Width="200" Height="25" Scroll="0" Color="0xFFFFFFFF" zIndex="2" Source="CPU Temp - $CPUTemp$" Align="Right"></Text>
			
			<Text Top="70" Left="29" Width="200" Scroll="0" Color="0xFFFFFFFF" Source="Your Name Goes Here" Align="Left"></Text>
	            <Text Top="94" Left="83" Width="200" Scroll="0" Font="10" Color="0xFFFFFFFF" Source="Rep" Align="Left"></Text>
			<Text Top="114" Left="83" Width="200" Scroll="0" Font="10" Color="0xFFFFFFFF" Source="Gamerscore" Align="Left"></Text>
			<Text Top="134" Left="83" Width="200" Scroll="0" Font="10" Color="0xFFFFFFFF" Source="Dash" Align="Left"></Text>
			<Text Top="134" Left="32" Width="200" Scroll="0" Font="10" Color="0xFF2E5A4E" Source="UX" Align="Right"></Text>
			<Text Top="114" Left="32" Width="200" Scroll="0" Font="10" Color="0xFF2E5A4E" Source="7285" Align="Right"></Text>

			<Text Top="244" Left="262" Align="Left" Width="208" Height="25" Font="10" ScaleX="100" ScaleY="100" Scroll="2" Color="0xFFFFFFFF" zIndex="4" Source="Newsfeed - $Newsfeed$"></Text>

			<Text Top="239" Left="491" Align="Left" Width="125" Height="25" ScaleX="100" ScaleY="100" Scroll="1" Color="0xFFFFFFFF" zIndex="4" Source="$DVDType$"></Text> 
			<Text Top="214" Left="491" Align="Left" Width="125" Height="25" ScaleX="100" ScaleY="100" Scroll="1" Color="0xFFFFFFFF" zIndex="4" Source="$DVDTitle$"></Text>

 			<Text Top="277" Left="33" Width="200" Height="24" Scroll="0" Color="0xFFFFFFFF" zIndex="2" Source="IP" Align="Right"></Text>
        		<Text Top="301" Left="33" Width="200" Height="25" Scroll="0" Color="0xFFFFFFFF" Font="10" zIndex="2" Source="Subnet" Align="Right"></Text>
			<Text Top="318" Left="33" Width="200" Height="25" Scroll="0" Color="0xFFFFFFFF" zIndex="2" Source="Gateway" Align="Right"></Text>

			<Text Top="277" Left="491" Width="125" Height="24" Scroll="1" Color="0xFFFFFFFF" zIndex="4" Source="LaunchMode" Align="Left"></Text>
        		<Text Top="301" Left="491" Width="125" Height="25" Scroll="1" Color="0xFFFFFFFF" ScaleX="100" Font="10" ScaleY="100" zIndex="4" Source="VideoMode" Align="Left"></Text>
        		<Text Top="318" Left="491" Width="125" Scroll="1" Color="0xFFFFFFFF" zIndex="4" Source="Thread" Align="Left"></Text>

			<Text Top="357" Left="491" Width="125" Height="25" Scroll="1" Color="0xFFFFFFFF" zIndex="4" Source="AppVersion" Align="Left"></Text>
        		<Text Top="379" Left="491" Width="125" Height="25" Scroll="1" Color="0xFFFFFFFF" zIndex="4" Source="FanSpeed" Align="Left"></Text>
	</Main>

	<IntroMovie></IntroMovie>
        <FileManager SafeBorder="true">
		<BackGround>filemanager.png</BackGround>
		
	</FileManager>
	
	<LoadingScreen ShowInfo="False">
		<BackGround>loading.wmv</BackGround>
	</LoadingScreen>
	
	<MusicPlayer Top="1" Left="1" Width="640" Height="480" Relative="False">
		<BackGround>mpbg.png</BackGround>
		<Image Left="0" Top="0" Width="640" Height="480" zIndex="6">mpskin.png</Image>
		<Image Left="29" Top="80" Width="48" Height="48" zIndex="6">music.jpg</Image>

		<ButtonMap>buttons.png</ButtonMap>	
		<Element Type="Prev" Left="23" Top="157" Width="55" Height="35" zIndex="7" />
		<Element Type="Play" Left="78" Top="157" Width="55" Height="35" zIndex="7" />
		<Element Type="Pause" Left="131" Top="157" Width="55" Height="35" zIndex="7" />
		<Element Type="Stop" Left="184" Top="157" Width="55" Height="35" zIndex="7" />
		<Element Type="Next" Left="237" Top="157" Width="55" Height="35" zIndex="7" />

		<Element Type="Progress" Left="31" Top="133" Width="203" Height="18" Direction="right" zIndex="3"/>
		<Element Type="Meter" Left="23" Top="218" Width="273" Height="120" zIndex="7" Relative="True"/>
		<Element Type="Volume" Left="25" Top="382" Width="267" Height="10" Direction="right" zIndex="3"/>
		
		<Text Left="94" Top="127" Width="190" Height="24" Color="0xFF2E5A4E" Source="SongTime" Font="Special" Align="right" zIndex="7" />
		<Text Left="81" Top="80" Width="200" Height="24" Color="0xFF2E5A4E" Source="SongName" Scroll="1" Font="14" Align="left" zIndex="7" />
		<Text Left="81" Top="104" Width="190" Height="24" Color="0xFF2E5A4E" Source="SoundTrack" Font="14" Align="left" zIndex="7" />
		<Text Left="40" Top="25" Width="200" Height="30" Color="0xFFFFFFFF" Source="Now Playing" Font="14" Align="left" zIndex="7" />
		<Text Left="96" Top="337" Width="190" Height="24" Color="0xFF2E5A4E" Source="SongBitRate" Font="12" Align="right" zIndex="7" />
		<Text Left="29" Top="337" Width="200" Height="24" Color="0xFF2E5A4E" Source="SongChannel" Scroll="0" Font="12" Align="left" zIndex="7" />
		<Text Left="25" Top="360" Width="267" Height="24" Color="0xFF2E5A4E" Source="- Volume -" Scroll="0" Font="12" Align="middle" zIndex="7" />
		
		<Playlist Top="60" Left="304" Width="320" Height="360" OffsetX="12" OffsetY="18">
			<BackGround>Playlist.png</BackGround>
		</Playlist>

	</MusicPlayer>
	
	<ColorScheme Name="default">
            <AMBIENT_FOGCOLOR>0x00FFFFFF</AMBIENT_FOGCOLOR>
            <AMBIENT_SKYCOLOR>0x0000000F</AMBIENT_SKYCOLOR>
            <AMBIENT_CELLCOLOR>0x0000C000</AMBIENT_CELLCOLOR>
            <CAPTION_TEXTCOLOR>0xFFFFFFFF</CAPTION_TEXTCOLOR>
            <CAPTION_BACKCOLOR>0x649CB3AA</CAPTION_BACKCOLOR>
            <DIALOG_BORDERCOLOR>0xFFFFFFFF</DIALOG_BORDERCOLOR>
            <DIALOG_BACKCOLOR>0x642C574C</DIALOG_BACKCOLOR>
            <DIALOG_INNER_BORDERCOLOR>0xC8FFFFFF</DIALOG_INNER_BORDERCOLOR>
            <DIALOG_INNER_BACKCOLOR>0x5A2C574C</DIALOG_INNER_BACKCOLOR>
            <DIALOG_TEXTCOLOR>0xFFFFFFFF</DIALOG_TEXTCOLOR>
            <DIALOG_DISABLEDTEXT>0xFFB3B3B4</DIALOG_DISABLEDTEXT>
            <OPTION_TEXTCOLOR>0xFFFFFFFF</OPTION_TEXTCOLOR>
            <OPTION_ACTIVETEXTCOLOR>0xFF000000</OPTION_ACTIVETEXTCOLOR>
            <OPTION_ACTIVEBACKCOLOR>0x642C574C</OPTION_ACTIVEBACKCOLOR>
            <BUTTON_BORDERCOLOR>0xC8000000</BUTTON_BORDERCOLOR>
            <BUTTON_TEXTCOLOR>0xFFFFFFFF</BUTTON_TEXTCOLOR>
            <BUTTON_BACKCOLOR>0xFF9CB3AA</BUTTON_BACKCOLOR>
            <BUTTON_ACTIVETEXTCOLOR>0xFFFFFFFF</BUTTON_ACTIVETEXTCOLOR>
            <BUTTON_ACTIVEBACKCOLOR>0xFF2C574C</BUTTON_ACTIVEBACKCOLOR>
            <KB_KEYBG_HIGHLIGHT>0x199CB3AA</KB_KEYBG_HIGHLIGHT>
            <KB_KEYBG_DISABLED>0x78FFFFFF</KB_KEYBG_DISABLED>
            <KB_KEY_PRESSED>0xFF9CB3AA</KB_KEY_PRESSED>
            <KB_KEY_NORMAL>0xFF000000</KB_KEY_NORMAL>
            <KB_KEY_DISABLED>0xFF000000</KB_KEY_DISABLED>
            <KB_KEY_ACTIVEBORDER>0xFF9CB3AA</KB_KEY_ACTIVEBORDER>
            <KB_KEY_TEXTCOLOR>0xFF000000</KB_KEY_TEXTCOLOR>
            <KB_KEY_TEXTBACKCOLOR>0xFFFFFFFF</KB_KEY_TEXTBACKCOLOR>
            <KB_KEY_TEXTBORDERCOLOR>0x789CB3AA</KB_KEY_TEXTBORDERCOLOR>
            <MENU_TEXTCOLOR>0xFFFFFFFF</MENU_TEXTCOLOR>
		<MENU_ACTIVETEXTCOLOR>0xFFFFFFFF</MENU_ACTIVETEXTCOLOR>
		<MENU_ACTIVEBACKCOLOR>0xFF6E8E84</MENU_ACTIVEBACKCOLOR>
	    <MMActiveForeColor>0xFFFFFFFF</MMActiveForeColor>
	    <MMForeColor>0xFFFFFFFF</MMForeColor>
	    <MMOffForeColor>0xFFFFFFFF</MMOffForeColor>
	    <MMDarkBarColor>0xFFFFFFFF</MMDarkBarColor>
	    <MMLightBarColor>0xFFFFFFFF</MMLightBarColor>
	    <MMDarkBackColor>0xFF2C574C</MMDarkBackColor>
	    <WindowBackCOLOR>0xFF000000</WindowBackCOLOR>
	    <WindowForeCOLOR>0xFFFFFFFF</WindowForeCOLOR>
	</ColorScheme>
</Skin>

















