﻿<Skin name="Akuma v1">
    <Information>
        <Author>Tiger-X</Author>
        <Version>1</Version>
        <Copyright>2005</Copyright>
        <Skinner Name="UX Architect" Version="1.0c" />
    </Information>
    <Filemanager SafeBorder="False">
        <Background>akuma2.jpg</Background>
    </Filemanager>
    <LoadingScreen ShowInfo="True">
        <Background>akuma3.jpg</Background>
    </LoadingScreen>
    <Main Globe="False" Orb="False" Fog="False">
        <Background EnableAudio="False">akuma1.jpg</Background>
        <InfoFont>CenturyGothic-10.xpr</InfoFont>
        <Text Top="434" Left="25" Width="200" Scroll="0" Color="0xFF000000" Source="NewsSource" Align="Left" />
        <Text Top="453" Left="25" Width="303" Scroll="1" Color="0xFF000000" Source="Newsfeed" Align="Left" />
        <Text Top="135" Left="2" Width="200" Scroll="0" Color="0xFF000000" Source="F_FreeMB" Align="Left" />
        <Text Top="113" Left="2" Width="200" Scroll="0" Color="0xFF000000" Source="E_FreeMB" Align="Left" />
        <Text Top="92" Left="1" Width="200" Scroll="0" Color="0xFF000000" Source="C_FreeMB" Align="Left" />
        <Text Top="409" Left="196" Width="189" Scroll="1" Color="0xFF000000" Source="NickName" Align="Left" />
        <Text Top="297" Left="441" Width="191" Scroll="1" Color="0xFF000000" Source="Tray" Align="Left" />
        <Text Top="459" Left="352" Width="280" Scroll="1" Color="0xFF000000" Source="AppVersion" Align="Left" />
        <Text Top="2" Left="326" Width="244" Scroll="1" Color="0xFF000000" Source="DateTime" Align="Left" />
        <Text Top="3" Left="8" Width="229" Scroll="0" Color="0xFF000000" Source="IP" Align="Left" />
        <Text Top="318" Left="441" Width="200" Scroll="1" Color="0xFF000000" Source="DVDTitle" Align="Left" />
        <Image Top="341" Left="506" Width="118" Height="117" Source="GameIcon" />
        <Menu Scroll="True" Align="Left" ShowIcon="False" ShowArrows="False">
            <Position Top="36" Left="369" Width="268" Height="101" Fixed="True" FixAt="2" MaxItem="4" />
            <Font>CenturyGothic-10.xpr</Font>
        </Menu>
        <ColorScheme>
            <AMBIENT_FOGCOLOR>0x00000000</AMBIENT_FOGCOLOR>
            <AMBIENT_SKYCOLOR>0x0000000F</AMBIENT_SKYCOLOR>
            <AMBIENT_CELLCOLOR>0x0000C000</AMBIENT_CELLCOLOR>
            <CAPTION_TEXTCOLOR>0xFFBF0000</CAPTION_TEXTCOLOR>
            <CAPTION_BACKCOLOR>0x64000000</CAPTION_BACKCOLOR>
            <DIALOG_BORDERCOLOR>0xFFFF0000</DIALOG_BORDERCOLOR>
            <DIALOG_BACKCOLOR>0x64000000</DIALOG_BACKCOLOR>
            <DIALOG_INNER_BORDERCOLOR>0xC8FF0000</DIALOG_INNER_BORDERCOLOR>
            <DIALOG_INNER_BACKCOLOR>0x5A000000</DIALOG_INNER_BACKCOLOR>
            <DIALOG_TEXTCOLOR>0xFFFFFFFF</DIALOG_TEXTCOLOR>
            <DIALOG_DISABLEDTEXT>0xFF808080</DIALOG_DISABLEDTEXT>
            <OPTION_TEXTCOLOR>0xFF000000</OPTION_TEXTCOLOR>
            <OPTION_ACTIVETEXTCOLOR>0xFFFF0000</OPTION_ACTIVETEXTCOLOR>
            <OPTION_ACTIVEBACKCOLOR>0x96363636</OPTION_ACTIVEBACKCOLOR>
            <BUTTON_BORDERCOLOR>0xC8FF0000</BUTTON_BORDERCOLOR>
            <BUTTON_TEXTCOLOR>0xFFBB0000</BUTTON_TEXTCOLOR>
            <BUTTON_BACKCOLOR>0xFF363636</BUTTON_BACKCOLOR>
            <BUTTON_ACTIVETEXTCOLOR>0xFFFF0000</BUTTON_ACTIVETEXTCOLOR>
            <BUTTON_ACTIVEBACKCOLOR>0xFF000000</BUTTON_ACTIVEBACKCOLOR>
            <KB_KEYBG_HIGHLIGHT>0xFF000000</KB_KEYBG_HIGHLIGHT>
            <KB_KEYBG_DISABLED>0x78C0C0C0</KB_KEYBG_DISABLED>
            <KB_KEY_PRESSED>0xFFE60000</KB_KEY_PRESSED>
            <KB_KEY_NORMAL>0xFFFF0000</KB_KEY_NORMAL>
            <KB_KEY_DISABLED>0x78808080</KB_KEY_DISABLED>
            <KB_KEY_ACTIVEBORDER>0xFFFF0000</KB_KEY_ACTIVEBORDER>
            <KB_KEY_TEXTCOLOR>0xFFFF0000</KB_KEY_TEXTCOLOR>
            <KB_KEY_TEXTBACKCOLOR>0xFF000000</KB_KEY_TEXTBACKCOLOR>
            <KB_KEY_TEXTBORDERCOLOR>0x78FF0000</KB_KEY_TEXTBORDERCOLOR>
            <MENU_TEXTCOLOR>0x96000000</MENU_TEXTCOLOR>
            <MENU_ACTIVETEXTCOLOR>0xFFFF0000</MENU_ACTIVETEXTCOLOR>
            <MENU_BORDERCOLOR>0xFFFF0000</MENU_BORDERCOLOR>
            <MENU_BACKCOLOR>0x50000000</MENU_BACKCOLOR>
            <MENU_ACTIVEBACKCOLOR>0x3C000000</MENU_ACTIVEBACKCOLOR>
            <MENU_ACTIVEBORDERCOLOR>0x64FF0000</MENU_ACTIVEBORDERCOLOR>
        </ColorScheme>
    </Main>
</Skin>