<Skin name="Danixbox">

	<Information>
		<Author>Danixbox</Author>
		<Copyright>Copyright 2003</Copyright>
		<Version>1</Version>
	</Information>
                <IntroMovie Enableaudio="True">intro.xmv</IntroMovie>
		<FileManager>
			<BackGround>filemanager.png</BackGround>
                </FileManager>

        <LoadingScreen ShowInfo="True">
               <Background>Loading.png</Background>
        </LoadingScreen>
	<Main Globe="False" Orb="False">

		<BackGround>Shaka.png</BackGround>
 		<Menu Smooth="True" Align="Middle" ShowIcon="False">
         		<Font>Font1.xpr</Font>
	        	<Position Top="190" Left="20" Width="228" Height="140" Fixed="False" FixAt="1" MaxItem="5">
		        </Position>
		</menu>

		<GameIcon Enable="True" Opacity="100">
			<Position Top="255" Left="415" Width="158" Height="110" />
		</GameIcon>

		<InfoFont>Font1.xpr</InfoFont>

<Text Left="450" Top="85" Align="Left" Color="0xFFFFFFFF" Source="C:"></Text>
		<Text Left="472" Top="85" Align="Left" Color="0xffffffff" Source="$C_FreeMB$"></Text>
		<Text Left="450" Top="115" Align="Left" Color="0xFFFFFFFF" Source="E:"></Text>
		<Text Left="472" Top="115" Align="Left" Color="0xFFffffff" Source="$E_FreeMB$"></Text>
		<text Left="450" Top="145" Align="Left" Color="0xFFFFFFFF" Source="F:"></text>
		<text Left="472" Top="145" Align="Left" Color="0xFFffffff" Source="$F_FreeMB$"></text>

		<Text Left="88" Top="85" Align="Left" Color="0xFFFFFFFF" Source="CPU:"></Text>
		<Text Left="130" Top="85" Align="Left" Color="0xFFffffff" Source="$CPUTemp$"></Text>
		<Text Left="88" Top="115" Align="Left" Color="0xFFFFFFFF" Source="M/B:"></text>
		<Text Left="130" Top="115" Align="Left" Color="0xFFffffff" Source="$MBTemp$"></text>
		<Text Left="88" Top="145" Align="Left" Color="0xFFFFFFFF" Source="Fan:"></Text>
		<Text Left="130" Top="145" Align="Left" Color="0xFFffffff" Source="$FanSpeed$"></Text>
		
		<text Left="400" Top="375" Align="Left" Color="0xFFFFFFFF" Source="IP"/>
		<Text Left="400" Top="395" Align="Left" Color="0xFFFFFFFF" Source="Users - $NumClient$"></Text>
		
		<Text Left="95" Top="407" Align="Left" Color="0xFFffffff" Source="$Date$"></text>
		<text Left="195" Top="407" Align="Left" Color="0xFFffffff" Source="$Time$"></Text>

		<text Left="90" Top="360" Align="Left" Color="0xFFFFFFFF" Source="DVD:"/>
		<text Left="135" Top="360" Align="Left" Color="0xFFffffff" Source="$Tray$"/>

		<text Left="95" Top="340" Align="Left" Width="90" Scroll="2" Color="0xFFFFFFFF" Source="$NickName$"/>

	  <Text Top="410" Left="400" Width="156" Scroll="2" Color="0xFFffffff" Source="SongName" Align="Left" />
		
	</Main>

	<ColorScheme >

		<AMBIENT_FOGCOLOR>0xFF002000</AMBIENT_FOGCOLOR>
		<AMBIENT_SKYCOLOR>0xFF004000</AMBIENT_SKYCOLOR>
		<AMBIENT_CELLCOLOR>0x0600C000</AMBIENT_CELLCOLOR>

		<CAPTION_TEXTCOLOR>0xFFFFFFC0</CAPTION_TEXTCOLOR>
		<CAPTION_BACKCOLOR>0xFF686485</CAPTION_BACKCOLOR>

		<DIALOG_BORDERCOLOR>0xFF0C0A18</DIALOG_BORDERCOLOR>
		<DIALOG_BACKCOLOR>0xCD636482</DIALOG_BACKCOLOR>
		<DIALOG_INNER_BORDERCOLOR>0xFF636482</DIALOG_INNER_BORDERCOLOR>
		<DIALOG_INNER_BACKCOLOR>0xE1004100</DIALOG_INNER_BACKCOLOR>
		<DIALOG_TEXTCOLOR>0xFFFFFFFF</DIALOG_TEXTCOLOR>
		<DIALOG_DISABLEDTEXT>0x7F086820</DIALOG_DISABLEDTEXT>

		<OPTION_TEXTCOLOR>0xFF02C90C</OPTION_TEXTCOLOR>
		<OPTION_ACTIVETEXTCOLOR>0xFFFFFFFF</OPTION_ACTIVETEXTCOLOR>
		<OPTION_ACTIVEBACKCOLOR>0xFF02C90C</OPTION_ACTIVEBACKCOLOR>

		<BUTTON_BORDERCOLOR>0xFF0C0A18</BUTTON_BORDERCOLOR>
		<BUTTON_TEXTCOLOR>0xFF02C90C</BUTTON_TEXTCOLOR>
		<BUTTON_BACKCOLOR>0xCD636482</BUTTON_BACKCOLOR>
		<BUTTON_ACTIVETEXTCOLOR>0xFFFFFFFF</BUTTON_ACTIVETEXTCOLOR>
		<BUTTON_ACTIVEBACKCOLOR>0xE102C90C</BUTTON_ACTIVEBACKCOLOR>	
		
		<KB_KEYBG_HIGHLIGHT>0xCC00C000</KB_KEYBG_HIGHLIGHT>
		<KB_KEYBG_DISABLED>0xffc0c0c0</KB_KEYBG_DISABLED>
		<KB_KEY_PRESSED>0xff808080</KB_KEY_PRESSED>
		<KB_KEY_NORMAL>0xff000000</KB_KEY_NORMAL>
		<KB_KEY_DISABLED>0xff808080</KB_KEY_DISABLED>
		<KB_KEY_ACTIVEBORDER>0xff008000</KB_KEY_ACTIVEBORDER>
		<KB_KEY_TEXTCOLOR>0xff000000</KB_KEY_TEXTCOLOR>
		<KB_KEY_TEXTBACKCOLOR>0xffFFFFFF</KB_KEY_TEXTBACKCOLOR>
		<KB_KEY_TEXTBORDERCOLOR>0xff0000FF</KB_KEY_TEXTBORDERCOLOR>
		
		<MENU_TEXTCOLOR>0xFFFFFFFF</MENU_TEXTCOLOR>
		<MENU_ACTIVETEXTCOLOR>0xFF000080</MENU_ACTIVETEXTCOLOR>
		MENU_BACKCOLOR>0xEAD376</MENU_BACKCOLOR>
		MENU_ACTIVEBACKCOLOR>0xFF2B5A07</MENU_ACTIVEBACKCOLOR>
		MENU_BORDERCOLOR>0x00000000</MENU_BORDERCOLOR>
		MENU_ACTIVEBORDERCOLOR>0xFF686485</MENU_ACTIVEBORDERCOLOR>

	</ColorScheme>

</Skin>