﻿<Skin name="Sin City Alba">
    <Information>
        <Author>smack ramen</Author>
        <Version>1</Version>
        <Copyright>2005</Copyright>
        <Skinner Name="UX Architect" Version="1.0c" />
    </Information>
    <IntroMovie>intro.wmv</IntroMovie>
    <Filemanager SafeBorder="False">
        <Background>nancy.jpg</Background>
    </Filemanager>
    <LoadingScreen ShowInfo="True">
        <Background>loading.jpg</Background>
    </LoadingScreen>
    <Main Globe="False" Orb="False" Fog="False">
        <Background EnableAudio="True">background.wmv</Background>
        <InfoFont>Square-10.xpr</InfoFont>
        <Text Top="454" Left="429" Width="200" Scroll="0" Color="0xFFFF0000" Source="IP" Align="Left" />
        <Text Top="455" Left="31" Width="200" Scroll="0" Color="0xFFFFFFFF" Source="Newsfeed" Align="Left" />
        <Menu Smooth="True" Align="Left" ShowIcon="False" Rotate="True" ShowArrows="False">
            <Position Top="335" Left="24" Width="198" Height="113" Fixed="True" FixAt="3" MaxItem="5" />
            <Font>Tahoma-14.xpr</Font>
        </Menu>
        <ColorScheme>
            <AMBIENT_FOGCOLOR>0xFFFFFFFF</AMBIENT_FOGCOLOR>
            <AMBIENT_SKYCOLOR>0xFF00000F</AMBIENT_SKYCOLOR>
            <AMBIENT_CELLCOLOR>0x7800C000</AMBIENT_CELLCOLOR>
            <CAPTION_TEXTCOLOR>0xFFC0C0C0</CAPTION_TEXTCOLOR>
            <CAPTION_BACKCOLOR>0xFF000000</CAPTION_BACKCOLOR>
            <DIALOG_BORDERCOLOR>0xFFFFFFFF</DIALOG_BORDERCOLOR>
            <DIALOG_BACKCOLOR>0x92FF0000</DIALOG_BACKCOLOR>
            <DIALOG_INNER_BORDERCOLOR>0xA9BF0000</DIALOG_INNER_BORDERCOLOR>
            <DIALOG_INNER_BACKCOLOR>0x3F000000</DIALOG_INNER_BACKCOLOR>
            <DIALOG_TEXTCOLOR>0xFFFFFFFF</DIALOG_TEXTCOLOR>
            <DIALOG_DISABLEDTEXT>0x4CB3B3B4</DIALOG_DISABLEDTEXT>
            <OPTION_TEXTCOLOR>0xFFFFFF00</OPTION_TEXTCOLOR>
            <OPTION_ACTIVETEXTCOLOR>0xFFFFFF80</OPTION_ACTIVETEXTCOLOR>
            <OPTION_ACTIVEBACKCOLOR>0xFF0080FF</OPTION_ACTIVEBACKCOLOR>
            <BUTTON_BORDERCOLOR>0xFFFFFFFF</BUTTON_BORDERCOLOR>
            <BUTTON_TEXTCOLOR>0xFFFFFFFF</BUTTON_TEXTCOLOR>
            <BUTTON_BACKCOLOR>0xFFFF0000</BUTTON_BACKCOLOR>
            <BUTTON_ACTIVETEXTCOLOR>0xFFFFFFFF</BUTTON_ACTIVETEXTCOLOR>
            <BUTTON_ACTIVEBACKCOLOR>0xFFC0C0C0</BUTTON_ACTIVEBACKCOLOR>
            <KB_KEYBG_HIGHLIGHT>0xFFFFFF80</KB_KEYBG_HIGHLIGHT>
            <KB_KEYBG_DISABLED>0x78C0C0C0</KB_KEYBG_DISABLED>
            <KB_KEY_PRESSED>0xFF008000</KB_KEY_PRESSED>
            <KB_KEY_NORMAL>0xFF000000</KB_KEY_NORMAL>
            <KB_KEY_DISABLED>0xFF808080</KB_KEY_DISABLED>
            <KB_KEY_ACTIVEBORDER>0xFFFF0000</KB_KEY_ACTIVEBORDER>
            <KB_KEY_TEXTCOLOR>0xFFFFFF80</KB_KEY_TEXTCOLOR>
            <KB_KEY_TEXTBACKCOLOR>0xFF000000</KB_KEY_TEXTBACKCOLOR>
            <KB_KEY_TEXTBORDERCOLOR>0x780000FF</KB_KEY_TEXTBORDERCOLOR>
            <MENU_TEXTCOLOR>0xFFFF0000</MENU_TEXTCOLOR>
            <MENU_ACTIVETEXTCOLOR>0xFFFFFF00</MENU_ACTIVETEXTCOLOR>
        </ColorScheme>
    </Main>
</Skin>