﻿<Skin name="Barbarian2">
    <Information>
        <Author>Riprazor</Author>
        <Version>1</Version>
        <Copyright>2004</Copyright>
        <Skinner Name="UX Architect" Version="1.0c" />
    </Information>
    <Main Globe="False" Orb="False" Fog="False">
        <Background EnableAudio="False">back.png</Background>
        <InfoFont>Square-10.xpr</InfoFont>
        <Text Top="390" Left="38" Width="200" Scroll="0" Color="0xFF0000A0" Source="CPUTemp" Align="Left" />
        <Text Top="24" Left="307" Width="200" Scroll="0" Color="0xFF0000A0" Source="DVDType" Align="Left" />
        <Text Top="5" Left="307" Width="200" Scroll="0" Color="0xFF0000A0" Source="DateTime" Align="Left" />
        <Text Top="453" Left="38" Width="200" Scroll="0" Color="0xFF0000A0" Source="IP" Align="Left" />
        <Text Top="409" Left="38" Width="200" Scroll="0" Color="0xFF0000A0" Source="MBTemp" Align="Left" />
        <Text Top="361" Left="38" Width="200" Scroll="0" Color="0xFF0000A0" Source="F_FreeMB" Align="Left" />
        <Text Top="340" Left="38" Width="200" Scroll="0" Color="0xFF0000A0" Source="E_FreeMB" Align="Left" />
        <Text Top="319" Left="38" Width="200" Scroll="0" Color="0xFF0000A0" Source="C_FreeMB" Align="Left" />
        <Image Top="226" Left="90" Width="77" Height="77" Source="GameIcon" />
        <Menu Align="Left" ShowIcon="False" Rotate="True" ShowArrows="False">
            <ItemPos Top="28" Left="47" Width="200"></ItemPos>
            <ItemPos Top="68" Left="67" Width="200"></ItemPos>
            <ItemPos Top="108" Left="87" Width="200"></ItemPos>
            <ItemPos Top="148" Left="67" Width="200"></ItemPos>
            <ItemPos Top="188" Left="47" Width="200"></ItemPos>
            <Font>39Smooth-12.xpr</Font>
        </Menu>
        <ColorScheme>
            <AMBIENT_FOGCOLOR>0x78FFFFFF</AMBIENT_FOGCOLOR>
            <AMBIENT_SKYCOLOR>0xFF00000F</AMBIENT_SKYCOLOR>
            <AMBIENT_CELLCOLOR>0x7800C000</AMBIENT_CELLCOLOR>
            <CAPTION_TEXTCOLOR>0xFFEAEA47</CAPTION_TEXTCOLOR>
            <CAPTION_BACKCOLOR>0xFF4274FF</CAPTION_BACKCOLOR>
            <DIALOG_BORDERCOLOR>0xFFFFFFFF</DIALOG_BORDERCOLOR>
            <DIALOG_BACKCOLOR>0xFF273CF3</DIALOG_BACKCOLOR>
            <DIALOG_INNER_BORDERCOLOR>0xFFFFFFFF</DIALOG_INNER_BORDERCOLOR>
            <DIALOG_INNER_BACKCOLOR>0xFF09389A</DIALOG_INNER_BACKCOLOR>
            <DIALOG_TEXTCOLOR>0xFFFFFFFF</DIALOG_TEXTCOLOR>
            <DIALOG_DISABLEDTEXT>0xFFB3B3B4</DIALOG_DISABLEDTEXT>
            <OPTION_TEXTCOLOR>0xFFFFFFFF</OPTION_TEXTCOLOR>
            <OPTION_ACTIVETEXTCOLOR>0xFF47EAEA</OPTION_ACTIVETEXTCOLOR>
            <OPTION_ACTIVEBACKCOLOR>0xFF273CF3</OPTION_ACTIVEBACKCOLOR>
            <BUTTON_BORDERCOLOR>0xFFFFFFFF</BUTTON_BORDERCOLOR>
            <BUTTON_TEXTCOLOR>0xFFFFFFFF</BUTTON_TEXTCOLOR>
            <BUTTON_BACKCOLOR>0xFF273CF3</BUTTON_BACKCOLOR>
            <BUTTON_ACTIVETEXTCOLOR>0xFFFFFFFF</BUTTON_ACTIVETEXTCOLOR>
            <BUTTON_ACTIVEBACKCOLOR>0xFF003399</BUTTON_ACTIVEBACKCOLOR>
            <KB_KEYBG_HIGHLIGHT>0xFF0000FF</KB_KEYBG_HIGHLIGHT>
            <KB_KEYBG_DISABLED>0x78C0C0C0</KB_KEYBG_DISABLED>
            <KB_KEY_PRESSED>0xFF008000</KB_KEY_PRESSED>
            <KB_KEY_NORMAL>0xFF000000</KB_KEY_NORMAL>
            <KB_KEY_DISABLED>0xFFFFFFFF</KB_KEY_DISABLED>
            <KB_KEY_ACTIVEBORDER>0xFFFF0000</KB_KEY_ACTIVEBORDER>
            <KB_KEY_TEXTCOLOR>0xFF000000</KB_KEY_TEXTCOLOR>
            <KB_KEY_TEXTBACKCOLOR>0xFFFFFFFF</KB_KEY_TEXTBACKCOLOR>
            <KB_KEY_TEXTBORDERCOLOR>0x780000FF</KB_KEY_TEXTBORDERCOLOR>
            <MENU_TEXTCOLOR>0xFF000080</MENU_TEXTCOLOR>
            <MENU_ACTIVETEXTCOLOR>0xFFFFFF00</MENU_ACTIVETEXTCOLOR>
        </ColorScheme>
    </Main>
</Skin>