﻿<Skin name="GREEN SPACE">
    <Information>
        <Author>Pyeman</Author>
        <Version>1</Version>
        <Copyright>2005</Copyright>
        <Skinner Name="nicked code="1.0c" />
    </Information>
    <Filemanager>
        <Background>filemanager.png</Background>
    </Filemanager>
    <Main Globe="True" Orb="False" Fog="False">
        <Background EnableAudio="False">wallpaper.jpg</wallpaper>
        <InfoFont>ft53.xpr</InfoFont>
	<Image Top="60" Left="300" Width="180" Height="140" Opacity="100">overlay.jpg</Image>   
      
        <Text Left="420" Top="0" Align="Right" Source="$DateTime$"></Text>

		<Text Left="430" Top="385" Align="Left" Source="IP Address - $IP$"></Text>
		<Text Left="430" Top="400" Align="Left" Source="Subnet - $Subnet$"></Text>
		<Text Left="430" Top="415" Align="Left" Source="Users Connected - $NumClient$"></Text>

		<Text Left="222" Top="385" Align="Left" Source="Board @ $CPUTemp$"></Text>
		<Text Left="222" Top="400" Align="Left" Source="Chipset @ $MBTemp$"></Text>
		<Text Left="222" Top="415" Align="Left" Source="Fan Speed @ $FanSpeed$"></Text>

		<Text Left="40" Top="385" Align="Left" Source="C:$C_FreeMB$ Free"></Text>
		<Text Left="40" Top="400" Align="Left" Source="E:$E_FreeMB$ Free"></Text>
		<Text Left="40" Top="415" Align="Left" Source="F:$F_FreeMB$ Free"></Text>
		<Text Left="222" Top="350" Align="Left" Source="DVD ROM - $DVDType$"></Text>

        <Image Top="348" Left="371" Width="28" Height="28" Source="GameIcon" />

        <Image Source="GamePreview" />
       
        <Menu Align="Left" ShowIcon="False" ShowArrows="False">
            <Preview EnableAudio="False" Top="65" Left="289" Width="306" Height="215" />
            <Position Top="75" Left="35" Width="225" Height="203" Fixed="False" FixAt="2" MaxItem="6" />
            <Font>customfont.xpr</Font>
        </Menu>
        <ColorScheme>
            <AMBIENT_FOGCOLOR>0x78FFFFFF</AMBIENT_FOGCOLOR>
            <AMBIENT_SKYCOLOR>0xFF00000F</AMBIENT_SKYCOLOR>
            <AMBIENT_CELLCOLOR>0x7800C000</AMBIENT_CELLCOLOR>
            <CAPTION_TEXTCOLOR>0xFFFFFF00</CAPTION_TEXTCOLOR>
            <CAPTION_BACKCOLOR>0xFF4274FF</CAPTION_BACKCOLOR>
            <DIALOG_BORDERCOLOR>0xFFFFFFFF</DIALOG_BORDERCOLOR>
            <DIALOG_BACKCOLOR>0x3F273CF3</DIALOG_BACKCOLOR>
            <DIALOG_INNER_BORDERCOLOR>0xFFFFFFFF</DIALOG_INNER_BORDERCOLOR>
            <DIALOG_INNER_BACKCOLOR>0x3F09389A</DIALOG_INNER_BACKCOLOR>
            <DIALOG_TEXTCOLOR>0xFFFFFFFF</DIALOG_TEXTCOLOR>
            <DIALOG_DISABLEDTEXT>0xFFB3B3B4</DIALOG_DISABLEDTEXT>
            <OPTION_TEXTCOLOR>0xFFFFFFFF</OPTION_TEXTCOLOR>
            <OPTION_ACTIVETEXTCOLOR>0xFFFFFFFF</OPTION_ACTIVETEXTCOLOR>
            <OPTION_ACTIVEBACKCOLOR>0xFF000000</OPTION_ACTIVEBACKCOLOR>
            <BUTTON_BORDERCOLOR>0xFFFFFFFF</BUTTON_BORDERCOLOR>
            <BUTTON_TEXTCOLOR>0xFFFFFFFF</BUTTON_TEXTCOLOR>
            <BUTTON_BACKCOLOR>0xFF273CF3</BUTTON_BACKCOLOR>
            <BUTTON_ACTIVETEXTCOLOR>0xFFFFFFFF</BUTTON_ACTIVETEXTCOLOR>
            <BUTTON_ACTIVEBACKCOLOR>0xB0003399</BUTTON_ACTIVEBACKCOLOR>
            <KB_KEYBG_HIGHLIGHT>0xFF0000FF</KB_KEYBG_HIGHLIGHT>
            <KB_KEYBG_DISABLED>0x78C0C0C0</KB_KEYBG_DISABLED>
            <KB_KEY_PRESSED>0xFF006F6F</KB_KEY_PRESSED>
            <KB_KEY_NORMAL>0xFF000000</KB_KEY_NORMAL>
            <KB_KEY_DISABLED>0xFFFFFFFF</KB_KEY_DISABLED>
            <KB_KEY_ACTIVEBORDER>0xFFFF0000</KB_KEY_ACTIVEBORDER>
            <KB_KEY_TEXTCOLOR>0xFF000000</KB_KEY_TEXTCOLOR>
            <KB_KEY_TEXTBACKCOLOR>0xFFFFFFFF</KB_KEY_TEXTBACKCOLOR>
            <KB_KEY_TEXTBORDERCOLOR>0x780000FF</KB_KEY_TEXTBORDERCOLOR>
            <MENU_TEXTCOLOR>0xFF7E7E7E</MENU_TEXTCOLOR>
            <MENU_ACTIVETEXTCOLOR>0xFFFFFFFF</MENU_ACTIVETEXTCOLOR>
        </ColorScheme>
    </Main>
</Skin>