<Skin Name="MGS2">
	<Information>
		<Author>RNY@2004</Author>
		<Copyright>by RonnyH</Copyright>
		<Version>1.0</Version>
	</Information>
	
	<LoadingScreen ShowInfo="False">
    <BackGround>loadscreen.png</BackGround>
	</LoadingScreen>


<Main Globe="False" Orb="False">
        	<Background>background.png</Background>
		<Menu Smooth="True" Align="middle" ShowArrows="true" Scroll="1" ShowIcon="False" Rotate="False" Horizontal="false">
			<Font>LCD_18.xpr</Font>
			<Position left="25" Top="234" Width="257" Height="105" Fixed="false" />
			<Preview EnableAudio="false" Left="128" Top="96" Width="192" Height="107" />
			</Menu>
		
		<XImage Top="96" Left="128" width="92" Height="198">icon.png</XImage>
		<Image Top="96" Left="128" width="92" Height="98" Source="GameIcon" />
		<Image Source="GamePreview" />
		<Image Opacity="100" Top="0" Left="0" Width="640" Height="480">overlay1.png</Image>
		<InfoFont>cop8.xpr</InfoFont>
		<Text Top="232" Left="390" Align="Left" Color="0xFFAADDFF" Source="E_Free"></Text>
		<Text Top="252" Left="390" Align="Left" Color="0xFFAADDFF" Source="F_Free"></Text>
		<Text Top="285" Left="510" Align="Left" Color="0xFFAADDFF" Source="Tray"></Text>
        <Text Top="10" Left="30" Align="Left" Color="0xFFAADDFF" Source="DateTime"></Text>
		<Text Top="355" Left="390" Width="225" Align="middle" Color="0xFFAADDFF" Source="IP"></Text>	
        <Text Top="285" Left="390" Align="Left" Color="0xFFAADDFF" Source="CPUTemp"></Text>
        <Text Top="305" Left="390" Align="Left" Color="0xFFAADDFF" Source="MB. : $MBTemp$"></Text>
        <Text Top="325" Left="520" Color="0xFFAADDFF" Source="Fanspeed"></Text>
		<Text Top="325" Left="390" Width="120" Scroll="1" Align="Left" Color="0xFFAADDFF" Source="Version"></Text>
        <Text Top="433" Left="48" Width="285" Align="Left" Scroll="1" Color="0xFF53B6A2" Source="SONG : $SongName$"></Text>
		<Text Top="395" Left="48" Width="285" Align="Left" Scroll="1" Color="0xFF53B6A2" Source="ALBUM : $SoundTrack$"></Text>
		<Text Top="433" Left="410" Width="180" Align="Left" Color="0xFF35B6A2" Source=". . . . $Newsfeed$ . . . ."   />
        <Text Top="395" Left="410" Width="180" Algin="Middle" Color="0xFF53B6A2" Source="NewsSource"></Text>
        <Text Top="355" Left="30" Algin="Middle" Color="0xFF53B6A2" Source="AppVersion"></Text>
</Main>

<filemanager>
<background>fmbg.png</background>
</filemanager>

	<ColorScheme>
			<AMBIENT_FOGCOLOR>0xFF000040</AMBIENT_FOGCOLOR>
			<AMBIENT_SKYCOLOR></AMBIENT_SKYCOLOR>
			<AMBIENT_CELLCOLOR>0x00FFFFFF</AMBIENT_CELLCOLOR>

		<CAPTION_TEXTCOLOR>0xFF329682</CAPTION_TEXTCOLOR>
		<CAPTION_BACKCOLOR>0xFF145236</CAPTION_BACKCOLOR>
		<DIALOG_BORDERCOLOR>0xDD65BADC</DIALOG_BORDERCOLOR>
		<DIALOG_BACKCOLOR>0xEF072B1A</DIALOG_BACKCOLOR>
		<DIALOG_INNER_BORDERCOLOR>0xFF329682</DIALOG_INNER_BORDERCOLOR>
		<DIALOG_INNER_BACKCOLOR>0xDD011202</DIALOG_INNER_BACKCOLOR>
		<DIALOG_TEXTCOLOR>0xFFFFFFFF</DIALOG_TEXTCOLOR>
		
		<DIALOG_DISABLEDTEXT>0xFF0A643C</DIALOG_DISABLEDTEXT>

		<OPTION_TEXTCOLOR>0xFFBBBBBB</OPTION_TEXTCOLOR>
		<OPTION_ACTIVETEXTCOLOR>0xFFAADDFF</OPTION_ACTIVETEXTCOLOR>
		<OPTION_ACTIVEBACKCOLOR>0xAA218278</OPTION_ACTIVEBACKCOLOR>

		<BUTTON_BORDERCOLOR>0xFF0A643C</BUTTON_BORDERCOLOR>
		<BUTTON_TEXTCOLOR>0xFF000000</BUTTON_TEXTCOLOR>
		<BUTTON_BACKCOLOR>0xFF146E5A</BUTTON_BACKCOLOR>
		<BUTTON_ACTIVETEXTCOLOR>0xFF003612</BUTTON_ACTIVETEXTCOLOR>
		<BUTTON_ACTIVEBACKCOLOR>0xFF329682</BUTTON_ACTIVEBACKCOLOR>

		<KB_KEYBG_HIGHLIGHT>0xFF329682</KB_KEYBG_HIGHLIGHT>
		<KB_KEYBG_DISABLED>0xFF003612</KB_KEYBG_DISABLED>
		<KB_KEY_PRESSED>0xFF127662</KB_KEY_PRESSED>
		<KB_KEY_NORMAL>0xFF228672</KB_KEY_NORMAL>
		<KB_KEY_DISABLED>0xFF044E2A</KB_KEY_DISABLED>
		<KB_KEY_ACTIVEBORDER>0xFF000000</KB_KEY_ACTIVEBORDER>
			
        <KB_KEY_TEXTCOLOR>0xff000000</KB_KEY_TEXTCOLOR>
		<KB_KEY_TEXTBACKCOLOR>0xFFBBEEFF</KB_KEY_TEXTBACKCOLOR>
		<KB_KEY_TEXTBORDERCOLOR>0xffffffff</KB_KEY_TEXTBORDERCOLOR>

			<MENU_TEXTCOLOR>0xFF53B6A2</MENU_TEXTCOLOR>
			<MENU_ACTIVETEXTCOLOR>0xFFAADDFF</MENU_ACTIVETEXTCOLOR>
			<MENU_BORDERCOLOR>0x00000000</MENU_BORDERCOLOR>
			<MENU_BACKCOLOR>0x00000000</MENU_BACKCOLOR>
			<MENU_ACTIVEBACKCOLOR>0x00000000</MENU_ACTIVEBACKCOLOR>
			<MENU_ACTIVEBORDERCOLOR>0x00000000</MENU_ACTIVEBORDERCOLOR>
		</ColorScheme>
</Skin>


























































































































