﻿<Skin name="DALE putNwide">
    <Information>
        <Author>DeeVinity Angelo</Author>
        <Version>1</Version>
        <Copyright>2005</Copyright>
        <Skinner Name="UX Architect" Version="1.0c" />
    </Information>
    <Filemanager SafeBorder="False">
        <Background>File explorer.png</Background>
    </Filemanager>
    <LoadingScreen ShowInfo="False">
        <Background>Loading.png</Background>
    </LoadingScreen>
    <Main Globe="False" Orb="False" Fog="False">
        <Background EnableAudio="False">Background.png</Background>
        <InfoFont>20thCentury-12.xpr</InfoFont>
        <Text Top="404" Left="25" Width="588" Scroll="2" Color="0xFFFFFFFF" Source="dateNtime - $DateTime$" Align="Left" />
        <Text Top="29" Left="315" Width="110" Scroll="1" Color="0xFFEBEBEB" Source="$DVDTitle$" Align="Left" />
        <Text Top="29" Left="230" Width="90" Scroll="0" Color="0xFFEBEBEB" Source="(D) Tray -" Align="Left" />
        <Text Top="29" Left="25" Width="200" Scroll="0" Color="0xFFEBEBEB" Source="(F) Saves - $F_FreeMB$" Align="Left" />
        <Text Top="440" Left="392" Width="220" Scroll="0" Color="0xFFEBEBEB" Source="IP address - $IP$" Align="Right" />
        <Text Top="65" Left="25" Width="460" Scroll="2" Color="0xFFFFFFFF" Source="$NickName$" Align="Left" />
        <Image Top="90" Left="487" Width="125" Height="125" Source="GameIcon" />
        <Menu Smooth="True" Align="Left" ShowIcon="True" ShowArrows="False" Horizontal="True">
            <ItemPos Top="428" Left="25" Width="110"></ItemPos>
            <ItemPos Top="428" Left="145" Width="110"></ItemPos>
            <ItemPos Top="428" Left="265" Width="110"></ItemPos>
            <Font>20thCentury-10.xpr</Font>
        </Menu>
        <ColorScheme>
            <AMBIENT_FOGCOLOR>0x00FFFFFF</AMBIENT_FOGCOLOR>
            <AMBIENT_SKYCOLOR>0x0000000F</AMBIENT_SKYCOLOR>
            <AMBIENT_CELLCOLOR>0x0000C000</AMBIENT_CELLCOLOR>
            <CAPTION_TEXTCOLOR>0xFFFFFFFF</CAPTION_TEXTCOLOR>
            <CAPTION_BACKCOLOR>0x00FFFFFF</CAPTION_BACKCOLOR>
            <DIALOG_BORDERCOLOR>0xFFFFFFFF</DIALOG_BORDERCOLOR>
            <DIALOG_BACKCOLOR>0x96808080</DIALOG_BACKCOLOR>
            <DIALOG_INNER_BORDERCOLOR>0xC8FFFFFF</DIALOG_INNER_BORDERCOLOR>
            <DIALOG_INNER_BACKCOLOR>0xDC808080</DIALOG_INNER_BACKCOLOR>
            <DIALOG_TEXTCOLOR>0xFF000000</DIALOG_TEXTCOLOR>
            <DIALOG_DISABLEDTEXT>0xFFC0C0C0</DIALOG_DISABLEDTEXT>
            <OPTION_TEXTCOLOR>0xFF000000</OPTION_TEXTCOLOR>
            <OPTION_ACTIVETEXTCOLOR>0xFFFF00FF</OPTION_ACTIVETEXTCOLOR>
            <OPTION_ACTIVEBACKCOLOR>0x50FFFFFF</OPTION_ACTIVEBACKCOLOR>
            <BUTTON_BORDERCOLOR>0xC8FFFFFF</BUTTON_BORDERCOLOR>
            <BUTTON_TEXTCOLOR>0xFFFFFFFF</BUTTON_TEXTCOLOR>
            <BUTTON_BACKCOLOR>0xFF525252</BUTTON_BACKCOLOR>
            <BUTTON_ACTIVETEXTCOLOR>0xFFFFFFFF</BUTTON_ACTIVETEXTCOLOR>
            <BUTTON_ACTIVEBACKCOLOR>0xFF808080</BUTTON_ACTIVEBACKCOLOR>
            <KB_KEYBG_HIGHLIGHT>0x19575757</KB_KEYBG_HIGHLIGHT>
            <KB_KEYBG_DISABLED>0x78C0C0C0</KB_KEYBG_DISABLED>
            <KB_KEY_PRESSED>0xFF008000</KB_KEY_PRESSED>
            <KB_KEY_NORMAL>0xFF000000</KB_KEY_NORMAL>
            <KB_KEY_DISABLED>0x78808080</KB_KEY_DISABLED>
            <KB_KEY_ACTIVEBORDER>0xFFFF0000</KB_KEY_ACTIVEBORDER>
            <KB_KEY_TEXTCOLOR>0xFF000000</KB_KEY_TEXTCOLOR>
            <KB_KEY_TEXTBACKCOLOR>0xFFFFFFFF</KB_KEY_TEXTBACKCOLOR>
            <KB_KEY_TEXTBORDERCOLOR>0x780000FF</KB_KEY_TEXTBORDERCOLOR>
            <MENU_TEXTCOLOR>0xFFEBEBEB</MENU_TEXTCOLOR>
            <MENU_ACTIVETEXTCOLOR>0xFF808080</MENU_ACTIVETEXTCOLOR>
        </ColorScheme>
    </Main>
</Skin>