<Skin name="Linda Project">
	<Information>
		<Author>xxManiacxx</Author>
		<Copyright>Notes: Pics from lindaoneil.com .Would also like to thank 'Maggy' for XML</Copyright>
		<Version>0.1</Version>
	</Information>
	<Main Globe="True" Orb="False">

		<BackGround>bg.jpg</BackGround>



		<GameIcon Enable="True" Opacity="50" >
			<Position Top="100" Left="25" Width="100" Height="90"/>
		</GameIcon>



		<InfoFont>comicsans10.xpr</InfoFont>
		<Menu Smooth="False" Align="left" Rotate="False" ShowIcon="False">
		<Position Top="10" Left="25" Width="310" Height="75" Fixed="False" FixAt="1" MaxItem="8">
		</Position>
		<Font>comicsans14.xpr</Font>

		<Preview EnableAudio="True" Left="315" Top="25"  Width="100" Height="90"/>

		</Menu>
		<Text Left="25" Top="324" Align="Left" Color="0xFFFF0000" Source="$DateTime$" />
		<Text Left="25" Top="336" Align="Left" Color="0xFFFF0000" Source="IP - $IP$"></Text>
		<Text Left="485" Top="435" Width="125" Scroll= "2" Color="0xFFFFFFFF" Source="NickName" Align="Right"></Text>
		<Text Left="25" Top="300" Align="Left" Color="0xFF49066f" Source="C:\$C_FreeMB$"></Text>
		<Text Left="25" Top="312" Align="Left" Color="0xFF49066f" Source="E:\$E_FreeMB$"></Text>
		<Text Left="460" Top="245" Align="Left" Color="0xFF49066f" Source="Disc Stat - $DVDType$"></Text>
		<Text Left="460" Top="257" Align="Left" Color="0xFF49066f" Source="Disc Title - $DVDTitle$"></Text>
		<Text Left="460" Top="269" Align="Left" Color="0xFFFF0000" Source="CPU tempC - $CPUTempC$"></Text>
		<Text Left="460" Top="281" Align="Left" Color="0xFFFF0000" Source="MB tempC - $MBTempC$"></Text>
		<Image Source="GamePreview" />




	</Main>
<LoadingScreen ShowInfo="False">
 <BackGround>loading.jpg</BackGround>
</LoadingScreen>
<FileManager>
 <BackGround>fileback.jpg</BackGround>
</FileManager>




	
		<ColorScheme Name="Default">
			<AMBIENT_FOGCOLOR>0xFF000040</AMBIENT_FOGCOLOR>
			<AMBIENT_SKYCOLOR>0xFF000040</AMBIENT_SKYCOLOR>
			<AMBIENT_CELLCOLOR>0x065A79CE</AMBIENT_CELLCOLOR>

			<CAPTION_TEXTCOLOR>0xFFFFFFC0</CAPTION_TEXTCOLOR>
			<CAPTION_BACKCOLOR>0xFF4274FF</CAPTION_BACKCOLOR>
			<DIALOG_BORDERCOLOR>0xFFFFFFFF</DIALOG_BORDERCOLOR>
			<DIALOG_BACKCOLOR>0xCD1E34F2</DIALOG_BACKCOLOR>
			<DIALOG_INNER_BORDERCOLOR>0xFFFFE2B4</DIALOG_INNER_BORDERCOLOR>
			<DIALOG_INNER_BACKCOLOR>0xE1003399</DIALOG_INNER_BACKCOLOR>
			<DIALOG_TEXTCOLOR>0xFFFFFFFF</DIALOG_TEXTCOLOR>

			<DIALOG_DISABLEDTEXT>0x7F0000C0</DIALOG_DISABLEDTEXT>

			<OPTION_TEXTCOLOR>0xFFFFFFFF</OPTION_TEXTCOLOR>
			<OPTION_ACTIVETEXTCOLOR>0xFF40FFFF</OPTION_ACTIVETEXTCOLOR>
			<OPTION_ACTIVEBACKCOLOR>0xFF000080</OPTION_ACTIVEBACKCOLOR>

			<BUTTON_BORDERCOLOR>0xFFFFE2B4</BUTTON_BORDERCOLOR>
			<BUTTON_TEXTCOLOR>0xFF993300</BUTTON_TEXTCOLOR>
			<BUTTON_BACKCOLOR>0xCD1E34F2</BUTTON_BACKCOLOR>
			<BUTTON_ACTIVETEXTCOLOR>0xFFFFFFFF</BUTTON_ACTIVETEXTCOLOR>
			<BUTTON_ACTIVEBACKCOLOR>0xE1003399</BUTTON_ACTIVEBACKCOLOR>	
			
			<KB_KEYBG_HIGHLIGHT>0xcc0000C0</KB_KEYBG_HIGHLIGHT>
			<KB_KEYBG_DISABLED>0xffc0c0c0</KB_KEYBG_DISABLED>
			<KB_KEY_PRESSED>0xff808080</KB_KEY_PRESSED>
			<KB_KEY_NORMAL>0xff000000</KB_KEY_NORMAL>
			<KB_KEY_DISABLED>0xff808080</KB_KEY_DISABLED>
			<KB_KEY_ACTIVEBORDER>0xff0000FF</KB_KEY_ACTIVEBORDER>
			<KB_KEY_TEXTCOLOR>0xff000000</KB_KEY_TEXTCOLOR>
			<KB_KEY_TEXTBACKCOLOR>0xffFFFFFF</KB_KEY_TEXTBACKCOLOR>
			<KB_KEY_TEXTBORDERCOLOR>0xff0000FF</KB_KEY_TEXTBORDERCOLOR>
		
			<MENU_TEXTCOLOR>0xFF49066f</MENU_TEXTCOLOR>
			<MENU_ACTIVETEXTCOLOR>0xFFA7C1E9</MENU_ACTIVETEXTCOLOR>
			<MENU_BORDERCOLOR>0x00000000</MENU_BORDERCOLOR>
			<MENU_BACKCOLOR>0x00000000</MENU_BACKCOLOR>
			<MENU_ACTIVEBACKCOLOR>0x00000000</MENU_ACTIVEBACKCOLOR>
			<MENU_ACTIVEBORDERCOLOR>0x00000000</MENU_ACTIVEBORDERCOLOR>


		</ColorScheme>


</Skin>