<Skin Name="Marrbelized">
	<Information>
		<Author>puddwakkr</Author>
		<Copyright>nope</Copyright>
		<Version>1</Version>
	</Information>
	
	<LoadingScreen ShowInfo="False">
        	<BackGround>loadscreen.png</BackGround>
	</LoadingScreen>
	<FileManager>
		<BackGround>filemanager.png</BackGround>
	</FileManager>

	<Main Globe="False" Orb="False">
		<Background>background.png</Background>
        	<Menu Smooth="True" Align="Left" ShowArrows="False" ShowIcon="False" Rotate="False">
			<ItemPos Left="291" Top="64" Width="191" ></ItemPos>
			<ItemPos Left="324" Top="108" Width="191"></ItemPos>
			<ItemPos Left="334" Top="155" Width="191"></ItemPos>
			<ItemPos Left="324" Top="200" Width="191"></ItemPos>
			<ItemPos Left="299" Top="245" Width="191"></ItemPos>		
			<Font>XBox_Book_11.xpr</Font>
			<Preview EnableAudio="true" Left="93" Top="67" Width="203" Height="200" />
		</Menu>
		
		<XImage Top="67" Left="93" width="203" Height="200">icon.png</XImage>
		<Image Top="67" Left="93" width="203" Height="200" Source="GameIcon" />
		<Image Source="GamePreview" />

		<Image Opacity="100" Top="0" Left="0" Width="640" Height="480">overlay1.png</Image>
		<InfoFont>XBox_Book_11.xpr</InfoFont>
		<Text Top="301" Left="471" Align="Middle" Color="0xFF333332" Source="IP"></Text>
		<Text Top="321" Left="471" Align="Middle" Color="0xFF333332" Source="DateTime"></Text>
		<Text Top="341" Left="471" Align="Middle" Color="0xFF333332" Source="C_FreeMB"></Text>
		<Text Top="361" Left="471" Align="Middle" Color="0xFF333332" Source="F_FreeMB"></Text>
	</Main>
	<ColorScheme>

		<CAPTION_TEXTCOLOR>0xFFFFFFFF</CAPTION_TEXTCOLOR>
		<CAPTION_BACKCOLOR>0xFF787878</CAPTION_BACKCOLOR>
		<DIALOG_BORDERCOLOR>0xFFFFFFFF</DIALOG_BORDERCOLOR>
		<DIALOG_BACKCOLOR>0xFF787878</DIALOG_BACKCOLOR>
		<DIALOG_INNER_BORDERCOLOR>0xFFc2c2c3</DIALOG_INNER_BORDERCOLOR>
		<DIALOG_INNER_BACKCOLOR>0xFF333332</DIALOG_INNER_BACKCOLOR>
		<DIALOG_TEXTCOLOR>0xFFFFFFFF</DIALOG_TEXTCOLOR>

		<MENU_TEXTCOLOR>0xFF333332</MENU_TEXTCOLOR>
		<MENU_ACTIVETEXTCOLOR>0xFFEAE6E7</MENU_ACTIVETEXTCOLOR>
		<MENU_BORDERCOLOR></MENU_BORDERCOLOR>
		<MENU_BACKCOLOR></MENU_BACKCOLOR>
		<MENU_ACTIVEBACKCOLOR>0xFF333332</MENU_ACTIVEBACKCOLOR>
		<MENU_ACTIVEBORDERCOLOR></MENU_ACTIVEBORDERCOLOR>
	</ColorScheme>
</Skin>