<Skin name="Blink-Unleashed">
	<Information>
		<Author>JohnCrichton</Author>
		<Copyright>Copyright 2004</Copyright>
		<Version>1.0</Version>
	</Information>
<LoadingScreen ShowInfo="True">
        <Background>GameIcon</Background>
    </LoadingScreen>
	<Main Globe="False" Orb="False">
   <InfoFont>text.xpr</InfoFont>
<Image Left="0" Top="0" Width="640" Height="480" Opacity="100">main.png</ Shape >


<Image Left="497" Top="338" Width="143" Height="142" Source="GameIcon" />
<Image Top="106" Left="385" Width="257" Height="228" Source="GamePreview" />

<Image Left="496" Top="335" Width="144" Height="145" Opacity="100">mon.png</ Shape >
<Image Left="379" Top="101" Width="261" Height="233" Opacity="100">mong.png</ Shape >

<Text Left="188" Top="447" Width="111" Color="0xFF000000" Source="$SoundTrack$"></Text>
<Text Left="307" Top="447" Width="179" Color="0xFF000000" Source="$SongName$"></Text>

<Text Left="11" Top="360" Width="143" Color="0xFFffffff" Source="DVD: $DVDTitle$"></Text>
<*Text Left="11" Top="360" Width="143" Color="0xFFffffff" Source="DVD: $Tray$"></Text>

<Text Left="11" Top="175" Width="130" Color="0xFFffffff" Source="$Time$"></Text>

<Text Left="188" Top="388" Align="Left" Color="0xFF000000" Source="Mode: $VideoMode$"></Text>
<Text Left="188" Top="403" Align="Left" Color="0xFF000000" Source="CPUTemp"></Text>
<Text Left="188" Top="418" Align="Left" Color="0xFF000000" Source="MBTemp"></Text>
<Text Left="188" Top="373" Align="Left" Color="0xFF000000" Source="$NickName$"></Text>


<Text Left="307" Top="373" Align="left" Color="0xFF000000" Source="E_FreeMB"></Text>
<Text Left="307" Top="388" Align="left" Color="0xFF000000" Source="F_FreeMB"></Text>
<Text Left="307" Top="403" Align="left" Color="0xFF000000" Source="G_FreeMB"></Text>
<Text Left="307" Top="418" Align="left" Color="0xFF000000" Source="IP"></Text>

		<Menu Smooth="False" ShowIcon="false" Rotate="false"> 
<Preview EnableAudio="True" Top="106" Left="385" Width="257" Height="228" />       
<font>menu.xpr</font>
		 	<ItemPos Left="26" Top="197"></ItemPos>
			<ItemPos Left="27" Top="225"></ItemPos>
			<ItemPos Left="27" Top="251"></ItemPos>
			<ItemPos Left="26" Top="275"></ItemPos>
			<ItemPos Left="27" Top="302"></ItemPos>
			<ItemPos Left="26" Top="325"></ItemPos>
		</Menu>
	

	</Main>
<FileManager>
<Background>hdxplore.png</Background>
</FileManager>
	
	<ColorScheme Name="Default">
		<AMBIENT_FOGCOLOR>0x00000000</AMBIENT_FOGCOLOR>
		<AMBIENT_SKYCOLOR>0x00000000</AMBIENT_SKYCOLOR>
		<AMBIENT_CELLCOLOR>0x00000000</AMBIENT_CELLCOLOR>

		<CAPTION_TEXTCOLOR>0xFFffffff</CAPTION_TEXTCOLOR>
		<CAPTION_BACKCOLOR>0xFF000000</CAPTION_BACKCOLOR>
		<DIALOG_BORDERCOLOR>0xFFFFFFFF</DIALOG_BORDERCOLOR>
		<DIALOG_BACKCOLOR>0xff004040</DIALOG_BACKCOLOR>
		<DIALOG_INNER_BORDERCOLOR>0xFFFFE2B4</DIALOG_INNER_BORDERCOLOR>
		<DIALOG_INNER_BACKCOLOR>0xff000000</DIALOG_INNER_BACKCOLOR>
		<DIALOG_TEXTCOLOR>0xFFFFFFFF</DIALOG_TEXTCOLOR>

		<DIALOG_DISABLEDTEXT>0xffF9F6B1</DIALOG_DISABLEDTEXT>

		<OPTION_TEXTCOLOR>0xFFFFFFFF</OPTION_TEXTCOLOR>
		<OPTION_ACTIVETEXTCOLOR>0xFFEDF337</OPTION_ACTIVETEXTCOLOR>
		<OPTION_ACTIVEBACKCOLOR>0xFF000000</OPTION_ACTIVEBACKCOLOR>

		<BUTTON_BORDERCOLOR>0xFF008000</BUTTON_BORDERCOLOR>
		<BUTTON_TEXTCOLOR>0xFF77AB99</BUTTON_TEXTCOLOR>
		<BUTTON_BACKCOLOR>0xCD93AF00</BUTTON_BACKCOLOR>
		<BUTTON_ACTIVETEXTCOLOR>0xFFFFFFFF</BUTTON_ACTIVETEXTCOLOR>
		<BUTTON_ACTIVEBACKCOLOR>0xE1072700</BUTTON_ACTIVEBACKCOLOR>	
		
		<KB_KEYBG_HIGHLIGHT>0xCC00C000</KB_KEYBG_HIGHLIGHT>
		<KB_KEYBG_DISABLED>0xffc0c0c0</KB_KEYBG_DISABLED>
		<KB_KEY_PRESSED>0xff808080</KB_KEY_PRESSED>
		<KB_KEY_NORMAL>0xff000000</KB_KEY_NORMAL>
		<KB_KEY_DISABLED>0xff808080</KB_KEY_DISABLED>
		<KB_KEY_ACTIVEBORDER>0xffFF0000</KB_KEY_ACTIVEBORDER>
		<KB_KEY_TEXTCOLOR>0xff000000</KB_KEY_TEXTCOLOR>
		<KB_KEY_TEXTBACKCOLOR>0xffFFFFFF</KB_KEY_TEXTBACKCOLOR>
		<KB_KEY_TEXTBORDERCOLOR>0xffFF0000</KB_KEY_TEXTBORDERCOLOR>
		
		<MENU_TEXTCOLOR>0xffffffff</MENU_TEXTCOLOR>
		<MENU_ACTIVETEXTCOLOR>0xffEDF337</MENU_ACTIVETEXTCOLOR>
		
	</ColorScheme>
</Skin>