<Skin name="Login (Widescreen)">

	<Information>
		<Author>sr_sparky</Author>
		<Copyright>Copyright 2004</Copyright>
		<Version>2</Version>
	</Information>
	<Main Globe="False" Orb="False" Fog="False">
		<InfoFont>square-10.xpr</InfoFont>
		<BackGround>uxicon.wmv</BackGround>
		
		<Menu Scroll="True" Smooth="True" Align="Left" ShowArrows="False" Rotate="False" ShowIcon="False">
			<Font>square-14.xpr</Font>
			<Position Top="240" Left="75" Width="200" Height="200" Fixed="False" FixAt="3" MaxItem="5"></Position>
		</Menu>

        <Image Top="20" Left="20" Width="300" Height="150" Opacity="100">uxlogo.jpg</Image>

		<Text Top="220" Left="75" Color="0xFF000000" Source="Please select a user profile..." />

		<Text Left="330" Top="40" Width="200" Align="Left" Color="0xFF000000" Source="Song Name:"></Text>
		<Text Left="340" Top="60" Width="200" Align="Left" Color="0xFF000000" Source="SongName"></Text>
		<Text Left="330" Top="80" Width="200" Align="Left" Color="0xFF000000" Source="Sound Track:"></Text>
		<Text Left="340" Top="100" Width="200" Align="Left" Color="0xFF000000" Source="SoundTrack"></Text>
		<Text Left="330" Top="120" Align="Left" Color="0xFF000000" Source="Track Time:"></Text>
		<Text Left="340" Top="140" Align="Left" Color="0xFF000000" Source="$SongTime$"></Text>
	</Main>

	<ColorScheme >
		<AMBIENT_FOGCOLOR>0xFF000000</AMBIENT_FOGCOLOR>
		<AMBIENT_SKYCOLOR></AMBIENT_SKYCOLOR>
		<AMBIENT_CELLCOLOR>0x00FFFFFF</AMBIENT_CELLCOLOR>
		<CAPTION_TEXTCOLOR>0xFFFFFFFF</CAPTION_TEXTCOLOR>
		<CAPTION_BACKCOLOR>0x202E438D</CAPTION_BACKCOLOR>
		<DIALOG_BORDERCOLOR>0xFFFFFFFF</DIALOG_BORDERCOLOR>
		<DIALOG_BACKCOLOR>0x99162043</DIALOG_BACKCOLOR>
		<DIALOG_INNER_BORDERCOLOR>0xFFFFFFFF</DIALOG_INNER_BORDERCOLOR>
		<DIALOG_INNER_BACKCOLOR>0x802E438D</DIALOG_INNER_BACKCOLOR>
		<DIALOG_TEXTCOLOR>0xFFFFFFFF</DIALOG_TEXTCOLOR>
		<DIALOG_DISABLEDTEXT>0xFFC0C0C0</DIALOG_DISABLEDTEXT>
		<OPTION_TEXTCOLOR>0xFFFFFFFF</OPTION_TEXTCOLOR>
		<OPTION_ACTIVETEXTCOLOR>0xFFFFFFFF</OPTION_ACTIVETEXTCOLOR>
		<OPTION_ACTIVEBACKCOLOR></OPTION_ACTIVEBACKCOLOR>
		<BUTTON_BORDERCOLOR></BUTTON_BORDERCOLOR>
		<BUTTON_TEXTCOLOR>0xFF02C90C</BUTTON_TEXTCOLOR>
		<BUTTON_BACKCOLOR>0xCD636482</BUTTON_BACKCOLOR>
		<BUTTON_ACTIVETEXTCOLOR>0xFFFFFFFF</BUTTON_ACTIVETEXTCOLOR>
		<BUTTON_ACTIVEBACKCOLOR>0xE102C90C</BUTTON_ACTIVEBACKCOLOR>	
		<KB_KEYBG_HIGHLIGHT>0xCC00C000</KB_KEYBG_HIGHLIGHT>
		<KB_KEYBG_DISABLED>0xffc0c0c0</KB_KEYBG_DISABLED>
		<KB_KEY_PRESSED>0xff808080</KB_KEY_PRESSED>
		<KB_KEY_NORMAL>0xff000000</KB_KEY_NORMAL>
		<KB_KEY_DISABLED>0xff808080</KB_KEY_DISABLED>
		<KB_KEY_ACTIVEBORDER>0xff008000</KB_KEY_ACTIVEBORDER>
		<KB_KEY_TEXTCOLOR>0xff000000</KB_KEY_TEXTCOLOR>
		<KB_KEY_TEXTBACKCOLOR>0xffFFFFFF</KB_KEY_TEXTBACKCOLOR>
		<KB_KEY_TEXTBORDERCOLOR>0xff0000FF</KB_KEY_TEXTBORDERCOLOR>
		<MENU_TEXTCOLOR>0xFF000000</MENU_TEXTCOLOR>
		<MENU_ACTIVETEXTCOLOR>0xFF4060B5</MENU_ACTIVETEXTCOLOR>
		<MENU_BORDERCOLOR>0x00000000</MENU_BORDERCOLOR>
		<MENU_BACKCOLOR>0x00000000</MENU_BACKCOLOR>
		<MENU_ACTIVEBACKCOLOR></MENU_ACTIVEBACKCOLOR>
		<MENU_ACTIVEBORDERCOLOR></MENU_ACTIVEBORDERCOLOR>
	</ColorScheme>

</Skin>