<Skin Name="Amy Lee">
<Information>
<Author>HellBait</Author>
<Copyright>2004 Skinned by Sketchy Skinner</Copyright>
<Version>19</Version>
</Information>
<Main globe="False" Orb="False">
<Background EnableAudio="True">bg.png</background>
<Menu smooth="True" ShowArrows="False" ShowIcon="False" Rotate="False">
<Position left="31" Top="20" Width="261" Height="230" />
<Preview EnableAudio="False" left="70" Top="323" Width="129" Height="141" />
</Menu>
<Image Top="323" Left="70" width="129" Height="141" Source="GameIcon"/>
<Image Source="GamePreview"/>
</Main>
<FileManager>
<Background>fmbg.png</Background>
</FileManager>
<LoadingScreen ShowInfo="False">
<Backgroung>load.png</Background>
</LoadingScreen>
<ColorScheme>
<MENU_TEXTCOLOR>0xFFC0C0C0</MENU_TEXTCOLOR>
<MENU_ACTIVETEXTCOLOR>0xFFFFFFFF</MENU_ACTIVETEXTCOLOR>
</ColorSceme>
</Skin>
