<Skin name="MOHEA">
         <Information>
                  <Author>Trickboarder247 + Newsboytko</Author>
                  <Copyright>Copyright 2005</Copyright>
                  <Version>1.5</Version>
         </Information>
         <IntroMovie>intro.wmv</IntroMovie>
         <FileManager>
                  <BackGround></BackGround>
         </FileManager>
         <LoadingScreen ShowInfo="False">
                  <BackGround>loading.jpg</BackGround>
         </LoadingScreen>
         <Main Globe="False" Orb="False" Fog="False">
                  <BackGround EnableAudio="False">unleashx.jpg</BackGround>
                  <Cellwall>unleashx.jpg</Cellwall>
                  <Orb></Orb>
                  <Icon></Icon>
                  <Menu Smooth="True" Align="Left" ShowIcon="False" Rotate="False" ShowArrows="True">
                           <Position Top="150" Left="30" Width="25" Height="300" Fixed="False" FixAt="1" MaxItem="9"></Position>
                  <Font>Square-12.xpr</Font>
                           <Preview EnableAudio="False" Top="0" Left="0" Width="0" Height="0" />
                  </Menu>
                  <InfoFont>Square-12.xpr</InfoFont>
                  <Text Top="430" Left="30" Align="Left" Color="0x99009999" Source="$Time$"></Text>
                  <Text Top="450" Left="30" Align="Left" Color="0x99009999" Source="DVD: $Tray$"></Text>
                  </Main>
         <ColorScheme >
                  <AMBIENT_FOGCOLOR>0xFF000000</AMBIENT_FOGCOLOR>
                  <AMBIENT_SKYCOLOR></AMBIENT_SKYCOLOR>
                  <AMBIENT_CELLCOLOR>0x00FFFFFF</AMBIENT_CELLCOLOR>
                  <CAPTION_TEXTCOLOR>0xFF336699</CAPTION_TEXTCOLOR>
                  <CAPTION_BACKCOLOR>0xFF000066</CAPTION_BACKCOLOR>
                  <DIALOG_BORDERCOLOR>0xFFFFFFFF</DIALOG_BORDERCOLOR>
                  <DIALOG_BACKCOLOR>0xFF162043</DIALOG_BACKCOLOR>
                  <DIALOG_INNER_BORDERCOLOR>0xFFFFFFFF</DIALOG_INNER_BORDERCOLOR>
                  <DIALOG_INNER_BACKCOLOR>0xFF2E438D</DIALOG_INNER_BACKCOLOR>
                  <DIALOG_TEXTCOLOR>0xFFFFFFFF</DIALOG_TEXTCOLOR>
                  <DIALOG_DISABLEDTEXT>0xFF000000</DIALOG_DISABLEDTEXT>
                  <OPTION_TEXTCOLOR>0xFFFFFFFF</OPTION_TEXTCOLOR>
                  <OPTION_ACTIVETEXTCOLOR>0xFFFFFFFF</OPTION_ACTIVETEXTCOLOR>
                  <OPTION_ACTIVEBACKCOLOR></OPTION_ACTIVEBACKCOLOR>
                  <BUTTON_BORDERCOLOR></BUTTON_BORDERCOLOR>
                  <BUTTON_TEXTCOLOR>0xFF02C90C</BUTTON_TEXTCOLOR>
                  <BUTTON_BACKCOLOR>0xCD636482</BUTTON_BACKCOLOR>
                  <BUTTON_ACTIVETEXTCOLOR>0xFFFFFFFF</BUTTON_ACTIVETEXTCOLOR>
                  <BUTTON_ACTIVEBACKCOLOR>0xE102C90C</BUTTON_ACTIVEBACKCOLOR>
                  <KB_KEYBG_HIGHLIGHT>0xCC0000C0</KB_KEYBG_HIGHLIGHT>
                  <KB_KEYBG_DISABLED>0xFF000000</KB_KEYBG_DISABLED>
                  <KB_KEY_PRESSED>0xff808080</KB_KEY_PRESSED>
                  <KB_KEY_NORMAL>0xff000000</KB_KEY_NORMAL>
                  <KB_KEY_DISABLED>0xff808080</KB_KEY_DISABLED>
                  <KB_KEY_ACTIVEBORDER>0xff008000</KB_KEY_ACTIVEBORDER>
                  <KB_KEY_TEXTCOLOR>0xff000000</KB_KEY_TEXTCOLOR>
                  <KB_KEY_TEXTBACKCOLOR>0xffFFFFFF</KB_KEY_TEXTBACKCOLOR>
                  <KB_KEY_TEXTBORDERCOLOR>0xff0000FF</KB_KEY_TEXTBORDERCOLOR>
                  <MENU_TEXTCOLOR>0x99009999</MENU_TEXTCOLOR>
                  <MENU_ACTIVETEXTCOLOR>0xFF00FFFF</MENU_ACTIVETEXTCOLOR>
                  <MENU_BORDERCOLOR>0x00000000</MENU_BORDERCOLOR>
                  <MENU_BACKCOLOR>0x00000000</MENU_BACKCOLOR>
                  <MENU_ACTIVEBACKCOLOR></MENU_ACTIVEBACKCOLOR>
                  <MENU_ACTIVEBORDERCOLOR></MENU_ACTIVEBORDERCOLOR>
         </ColorScheme>
</Skin>
