﻿<Skin name="Tuxers">
    <Information>
        <Author>Cyfun</Author>
        <Version>1</Version>
        <Copyright>2005</Copyright>
        <Skinner Name="UX Architect" Version="1.0c" />
    </Information>
    <Main Globe="False" Orb="False">
        <Background EnableAudio="False">background.jpg</Background>
        <InfoFont>Tahoma-10.xpr</InfoFont>
        <Text Top="20" Left="565" Width="70" Scroll="0" Color="0xFF808080" Source="$Date$" Align="Left" />
        <Text Top="5" Left="550" Width="90" Scroll="0" Color="0xFF808080" Source="$Time$" Align="Left" />
        <Text Top="430" Left="10" Width="125" Scroll="0" Color="0xFF808080" Source="G_Free" Align="Left" />
        <Text Top="410" Left="10" Width="125" Scroll="0" Color="0xFF808080" Source="F_FreeMB" Align="Left" />
        <Text Top="390" Left="10" Width="125" Scroll="0" Color="0xFF808080" Source="E_FreeMB" Align="Left" />
        <Text Top="370" Left="10" Width="125" Scroll="0" Color="0xFF808080" Source="C_FreeMB" Align="Left" />
        <Text Top="185" Left="500" Width="100" Scroll="0" Color="0xFF808080" Source="CPUTemp" Align="Left" />
        <Text Top="205" Left="535" Width="100" Scroll="0" Color="0xFF808080" Source="MBTemp" Align="Left" />
        <Text Top="375" Left="210" Width="300" Scroll="2" Color="0xFFF9F900" Source="SongName" Align="Left" />
        <Text Top="10" Left="200" Width="215" Scroll="0" Color="0xFF808080" Source="AppVersion" Align="Left" />
        <Text Top="10" Left="15" Width="161" Scroll="0" Color="0xFF808080" Source="$IP$" Align="Left" />
        <Text Top="445" Left="280" Width="350" Scroll="1" Color="0xFFFFFFFF" Source="Newsfeed" Align="Left" />
        <Image Top="438" Left="265" Width="385" Height="33" Opacity="100">shadows 2.png</Image>
        <Image Top="250" Left="125" Width="100" Height="100" Source="GameIcon" />
        <Menu Smooth="True" Align="Left" ShowIcon="False" ShowArrows="False">
            <ItemPos Top="55" Left="15" Width="200"></ItemPos>
            <ItemPos Top="75" Left="15" Width="200"></ItemPos>
            <ItemPos Top="95" Left="15" Width="200"></ItemPos>
            <ItemPos Top="115" Left="15" Width="200"></ItemPos>
            <ItemPos Top="135" Left="15" Width="200"></ItemPos>
            <ItemPos Top="155" Left="15" Width="200"></ItemPos>
            <ItemPos Top="175" Left="15" Width="200"></ItemPos>
            <ItemPos Top="195" Left="15" Width="200"></ItemPos>
            <ItemPos Top="215" Left="15" Width="200"></ItemPos>
            <Font>Tahoma-10.xpr</Font>
        </Menu>
        <ColorScheme>
            <AMBIENT_FOGCOLOR>0xFFFF0000</AMBIENT_FOGCOLOR>
            <AMBIENT_SKYCOLOR>0xFF400000</AMBIENT_SKYCOLOR>
            <AMBIENT_CELLCOLOR>0xFFFFFFFF</AMBIENT_CELLCOLOR>
            <CAPTION_TEXTCOLOR>0xFFFFFFFF</CAPTION_TEXTCOLOR>
            <CAPTION_BACKCOLOR>0xFF000000</CAPTION_BACKCOLOR>
            <DIALOG_BORDERCOLOR>0xFFFFFFFF</DIALOG_BORDERCOLOR>
            <DIALOG_BACKCOLOR>0xD1804000</DIALOG_BACKCOLOR>
            <DIALOG_INNER_BORDERCOLOR>0xFFFFFFFF</DIALOG_INNER_BORDERCOLOR>
            <DIALOG_INNER_BACKCOLOR>0xFF000000</DIALOG_INNER_BACKCOLOR>
            <DIALOG_TEXTCOLOR>0xFFFFFFFF</DIALOG_TEXTCOLOR>
            <DIALOG_DISABLEDTEXT>0xFFB3B3B4</DIALOG_DISABLEDTEXT>
            <OPTION_TEXTCOLOR>0xFFFFFFFF</OPTION_TEXTCOLOR>
            <OPTION_ACTIVETEXTCOLOR>0xFFFFFFFF</OPTION_ACTIVETEXTCOLOR>
            <OPTION_ACTIVEBACKCOLOR>0xFF804040</OPTION_ACTIVEBACKCOLOR>
            <BUTTON_BORDERCOLOR>0xFFFFFFFF</BUTTON_BORDERCOLOR>
            <BUTTON_TEXTCOLOR>0xFFFFFFFF</BUTTON_TEXTCOLOR>
            <BUTTON_BACKCOLOR>0xFF400000</BUTTON_BACKCOLOR>
            <BUTTON_ACTIVETEXTCOLOR>0xFFFFFFFF</BUTTON_ACTIVETEXTCOLOR>
            <BUTTON_ACTIVEBACKCOLOR>0xFF800000</BUTTON_ACTIVEBACKCOLOR>
            <KB_KEYBG_HIGHLIGHT>0xFF800000</KB_KEYBG_HIGHLIGHT>
            <KB_KEYBG_DISABLED>0xFFC0C0C0</KB_KEYBG_DISABLED>
            <KB_KEY_PRESSED>0xFF008000</KB_KEY_PRESSED>
            <KB_KEY_NORMAL>0xFF000000</KB_KEY_NORMAL>
            <KB_KEY_DISABLED>0xFFFFFFFF</KB_KEY_DISABLED>
            <KB_KEY_ACTIVEBORDER>0xFFFFFFFF</KB_KEY_ACTIVEBORDER>
            <KB_KEY_TEXTCOLOR>0xFF000000</KB_KEY_TEXTCOLOR>
            <KB_KEY_TEXTBACKCOLOR>0xFFFFFFFF</KB_KEY_TEXTBACKCOLOR>
            <KB_KEY_TEXTBORDERCOLOR>0xFFFFFFFF</KB_KEY_TEXTBORDERCOLOR>
            <MENU_TEXTCOLOR>0x96FFFFFF</MENU_TEXTCOLOR>
            <MENU_ACTIVETEXTCOLOR>0xFFFFFFFF</MENU_ACTIVETEXTCOLOR>
        </ColorScheme>
    </Main>
</Skin>