<Skin Name="Hotties">

<Information>
    <Author>RTD</Author>
    <Copyright>2005</Copyright>
    <Version>1.0</Version>
</Information>

<LoadingScreen ShowInfo="False">
<BackGround>loading.png</BackGround>
</LoadingScreen>


<Main Globe="False" Orb="false" Fog="False">

<Image Source="GamePreview" />
<Image Top="378" Left="0" Width="108" Height="100" Source="GameIcon" />

<Image Left="3" Top="0" Opacity="100">overlay.png</ Shape>

<Background EnableAudio="False">background.png</background>






<InfoFont>Verdana_10.xpr</InfoFont>

		<Text Left="130" Top="7"   Color="0xFFFFFFFF" Source="C:" />
		<Text Left="145" Top="7"   Color="0xFFFFFFFF" Source="$C_Free$ free" />
		<Text Left="130" Top="27"  Color="0xFFFFFFFF" Source="F:" />
		<Text Left="145" Top="27"  Color="0xFFFFFFFF" Source="$F_Free$ free" />
		<Text Left="330" Top="7"   Color="0xFFFFFFFF" Source="IP:" />
		<Text Left="359" Top="7"   Color="0xFFFFFFFF" Source="$IP$" />
		<Text Left="330"  Top="27" Color="0xFFFFFFFF" Source="Users:" />
		<Text Left="390"  Top="27" Color="0xFFFFFFFF" Source="$NumClient$" />

		<Text Left="470" Top="7"  Color="0xFFFFFFFF" Source="Time:" />
		<Text Left="527" Top="7"  Color="0xFFFFFFFF" Source="$Time$" />
		<Text Left="470" Top="27" Color="0xFFFFFFFF" Source="Date:" />
		<Text Left="527" Top="27" Color="0xFFFFFFFF" Source="$Date$" />
	




 
<Menu Align="left" ShowArrows="false" ShowIcon="false">

            <ItemPos Top="380"  Left="150" ></ItemPos>
            <ItemPos Top="400"  Left="150" ></ItemPos>
            <ItemPos Top="420"  Left="150" ></ItemPos>
            <ItemPos Top="440"  Left="150" ></ItemPos>
	    <ItemPos Top="460"  Left="150" ></ItemPos>
	
<Font>Verdana_10.xpr</Font>

<Preview EnableAudio="true" Top="51" Left="0" Width="700" Height="324" />

</Menu> <InfoFont>Verdana_10.xpr</InfoFont>	

</Main>

 <ColorScheme>
    <MENU_TEXTCOLOR>0xFFFFFFFF</MENU_TEXTCOLOR>
    <MENU_ACTIVETEXTCOLOR>0xFFFF8040</MENU_ACTIVETEXTCOLOR>
 </ColorSceme>

       
</Skin>
