﻿<Skin name="MOONSCAPE">
    <Information>
        <Author>LIKUID123</Author>
        <Version>1</Version>
        <Copyright>2004</Copyright>
        <Skinner Name="UX Architect" Version="1.0c" />
    </Information>
    <Main Orb="False" Fog="False">
        <Background EnableAudio="False">Discovery in Orbit with Moonscape.png</Background>
        <Cellwall>TILE.PNG</Cellwall>
        <InfoFont>Square-10.xpr</InfoFont>
        <Text Top="3" Left="430" Width="200" Scroll="0" Color="0xFFFFFFFF" Source="DateTime" Align="Left" />
        <Text Top="362" Left="4" Width="200" Scroll="0" Color="0xFFFFFFFF" Source="Tray" Align="Left" />
        <Text Top="386" Left="4" Width="200" Scroll="0" Color="0xFFFFFFFF" Source="F_Free" Align="Left" />
        <Text Top="408" Left="5" Width="200" Scroll="0" Color="0xFFFFFFFF" Source="IP" Align="Left" />
        <Text Top="431" Left="4" Width="200" Scroll="0" Color="0xFFFFFFFF" Source="CPUTempF" Align="Left" />
        <Text Top="456" Left="4" Width="200" Scroll="0" Color="0xFFFFFFFF" Source="MBTempF" Align="Left" />
        <Menu Align="Left" ShowIcon="False" ShowArrows="False">
            <Position Top="256" Left="438" Width="199" Height="91" Fixed="True" FixAt="2" MaxItem="4" />
            <Font>Square-10.xpr</Font>
        </Menu>
        <ColorScheme>
            <AMBIENT_FOGCOLOR>0xFF000D56</AMBIENT_FOGCOLOR>
            <AMBIENT_SKYCOLOR>0xFF000200</AMBIENT_SKYCOLOR>
            <AMBIENT_CELLCOLOR>0xFFFFFFFF</AMBIENT_CELLCOLOR>
            <CAPTION_TEXTCOLOR>0xFFFFFFFF</CAPTION_TEXTCOLOR>
            <CAPTION_BACKCOLOR>0xFF000000</CAPTION_BACKCOLOR>
            <DIALOG_BORDERCOLOR>0xFFFFFFFF</DIALOG_BORDERCOLOR>
            <DIALOG_BACKCOLOR>0xCD1E34F2</DIALOG_BACKCOLOR>
            <DIALOG_INNER_BORDERCOLOR>0xFFFFE2B4</DIALOG_INNER_BORDERCOLOR>
            <DIALOG_INNER_BACKCOLOR>0xE1003399</DIALOG_INNER_BACKCOLOR>
            <DIALOG_TEXTCOLOR>0xFF4249FF</DIALOG_TEXTCOLOR>
            <DIALOG_DISABLEDTEXT>0x7F0000C0</DIALOG_DISABLEDTEXT>
            <OPTION_TEXTCOLOR>0xFFFFFFFF</OPTION_TEXTCOLOR>
            <OPTION_ACTIVETEXTCOLOR>0xFF40FFFF</OPTION_ACTIVETEXTCOLOR>
            <OPTION_ACTIVEBACKCOLOR>0xFF000080</OPTION_ACTIVEBACKCOLOR>
            <BUTTON_BORDERCOLOR>0xFFFFE2B4</BUTTON_BORDERCOLOR>
            <BUTTON_TEXTCOLOR>0xFF993300</BUTTON_TEXTCOLOR>
            <BUTTON_BACKCOLOR>0xCD1E34F2</BUTTON_BACKCOLOR>
            <BUTTON_ACTIVETEXTCOLOR>0xFFFFFFFF</BUTTON_ACTIVETEXTCOLOR>
            <BUTTON_ACTIVEBACKCOLOR>0xE1003399</BUTTON_ACTIVEBACKCOLOR>
            <KB_KEYBG_HIGHLIGHT>0xCC0000C0</KB_KEYBG_HIGHLIGHT>
            <KB_KEYBG_DISABLED>0xFFC0C0C0</KB_KEYBG_DISABLED>
            <KB_KEY_PRESSED>0xFF808080</KB_KEY_PRESSED>
            <KB_KEY_NORMAL>0xFF000000</KB_KEY_NORMAL>
            <KB_KEY_DISABLED>0xFF808080</KB_KEY_DISABLED>
            <KB_KEY_ACTIVEBORDER>0xFF0000FF</KB_KEY_ACTIVEBORDER>
            <KB_KEY_TEXTCOLOR>0xFF000000</KB_KEY_TEXTCOLOR>
            <KB_KEY_TEXTBACKCOLOR>0xFFFFFFFF</KB_KEY_TEXTBACKCOLOR>
            <KB_KEY_TEXTBORDERCOLOR>0xFF0000FF</KB_KEY_TEXTBORDERCOLOR>
            <MENU_TEXTCOLOR>0xFF7FC9FF</MENU_TEXTCOLOR>
            <MENU_ACTIVETEXTCOLOR>0xFFFFFFFF</MENU_ACTIVETEXTCOLOR>
        </ColorScheme>
    </Main>
</Skin>