��<Skin name="Chamelea">
    <Information>
        <Author>selyb</Author>
        <Version>1</Version>
        <Copyright>2005</Copyright>
        <Skinner Name="UX Architect" Version="1.0c" />
    </Information>
    <LoadingScreen ShowInfo="True">
        <Background>GamePreview</Background>
    </LoadingScreen>
    <Main Globe="False" Orb="False" Fog="False">
        <Background EnableAudio="False">chamelea.jpg</Background>
        <InfoFont>1979-12.xpr</InfoFont>
        <Text Top="142" Left="10" Width="290" Scroll="0" Color="0xFFFFFFFF" Source="E_FreeMB" Align="Left" />
        <Text Top="164" Left="10" Width="290" Scroll="0" Color="0xFFFFFFFF" Source="F_FreeMB" Align="Left" />
        <Text Top="66" Left="10" Width="290" Scroll="1" Color="0xFFFFFFFF" Source="DateTime" Align="Left" />
        <Text Top="118" Left="10" Width="290" Scroll="1" Color="0xFFFFFFFF" Source="DVDTitle" Align="Left" />
        <Text Top="92" Left="10" Width="290" Scroll="0" Color="0xFFFFFFFF" Source="IP" Align="Left" />
        <Text Top="446" Left="170" Width="300" Scroll="1" Color="0xFFFFFFFF" Source="SongName" Align="Left" />
		<Text Top="446" Left="485" Width="100" Scroll="0" Color="0xFFFFFFFF" Source="SongTime" Aligh="Left" />
        <Image Top="250" Left="0" Width="374" Height="187" Opacity="100">Cham-Menu.png</Image>
        <Image Top="273" Left="440" Width="195" Height="145" Opacity="100">Rectangle.png</Image>
        <Image Top="372" Left="6" Width="100" Height="100" Opacity="100">Rectangle.png</Image>
        <Image Source="GamePreview" />
        <Image Top="390" Left="24" Width="64" Height="64" Source="GameIcon" />
        <Image Top="10" Left="150" Width="205" Height="41" Opacity="100">Cham-Logo.png</Image>
        <Image Top="445" Left="168" Width="400" Height="14" Opacity="100">Cham-Song.png</Image>
        <Image Top="62" Left="0" Width="300" Height="122" Opacity="100">Cham-Info.png</Image>
        <Menu Scroll="True" Smooth="True" Align="Left" ShowIcon="False" Rotate="True" ShowArrows="False" Horizontal="True">
            <Preview EnableAudio="True" Top="298" Left="474" Width="128" Height="96" />
            <ItemPos Top="250" Left="14" Width="200"></ItemPos>
            <ItemPos Top="290" Left="54" Width="200"></ItemPos>
            <ItemPos Top="330" Left="94" Width="200"></ItemPos>
            <ItemPos Top="370" Left="134" Width="200"></ItemPos>
            <ItemPos Top="410" Left="174" Width="200"></ItemPos>
            <Font>1979-12.xpr</Font>
        </Menu>
        <ColorScheme>
            <AMBIENT_FOGCOLOR>0x00FFFFFF</AMBIENT_FOGCOLOR>
            <AMBIENT_SKYCOLOR>0x0000000F</AMBIENT_SKYCOLOR>
            <AMBIENT_CELLCOLOR>0x0000C000</AMBIENT_CELLCOLOR>
            <CAPTION_TEXTCOLOR>0xFFFFFFFF</CAPTION_TEXTCOLOR>
            <CAPTION_BACKCOLOR>0x64808080</CAPTION_BACKCOLOR>
            <DIALOG_BORDERCOLOR>0xFF000000</DIALOG_BORDERCOLOR>
            <DIALOG_BACKCOLOR>0x64808080</DIALOG_BACKCOLOR>
            <DIALOG_INNER_BORDERCOLOR>0xC8000000</DIALOG_INNER_BORDERCOLOR>
            <DIALOG_INNER_BACKCOLOR>0x5A808080</DIALOG_INNER_BACKCOLOR>
            <DIALOG_TEXTCOLOR>0xFFFFFFFF</DIALOG_TEXTCOLOR>
            <DIALOG_DISABLEDTEXT>0xFFB3B3B4</DIALOG_DISABLEDTEXT>
            <OPTION_TEXTCOLOR>0xFFFFFFFF</OPTION_TEXTCOLOR>
            <OPTION_ACTIVETEXTCOLOR>0xFFFFFF00</OPTION_ACTIVETEXTCOLOR>
            <OPTION_ACTIVEBACKCOLOR>0x50000000</OPTION_ACTIVEBACKCOLOR>
            <BUTTON_BORDERCOLOR>0xC8000000</BUTTON_BORDERCOLOR>
            <BUTTON_TEXTCOLOR>0xFFFFFFFF</BUTTON_TEXTCOLOR>
            <BUTTON_BACKCOLOR>0xFF525252</BUTTON_BACKCOLOR>
            <BUTTON_ACTIVETEXTCOLOR>0xFFFFFFFF</BUTTON_ACTIVETEXTCOLOR>
            <BUTTON_ACTIVEBACKCOLOR>0xFF808080</BUTTON_ACTIVEBACKCOLOR>
            <KB_KEYBG_HIGHLIGHT>0x19575757</KB_KEYBG_HIGHLIGHT>
            <KB_KEYBG_DISABLED>0x78C0C0C0</KB_KEYBG_DISABLED>
            <KB_KEY_PRESSED>0xFF008000</KB_KEY_PRESSED>
            <KB_KEY_NORMAL>0xFF000000</KB_KEY_NORMAL>
            <KB_KEY_DISABLED>0x78808080</KB_KEY_DISABLED>
            <KB_KEY_ACTIVEBORDER>0xFFFF0000</KB_KEY_ACTIVEBORDER>
            <KB_KEY_TEXTCOLOR>0xFF000000</KB_KEY_TEXTCOLOR>
            <KB_KEY_TEXTBACKCOLOR>0xC8FFFFFF</KB_KEY_TEXTBACKCOLOR>
            <KB_KEY_TEXTBORDERCOLOR>0x780000FF</KB_KEY_TEXTBORDERCOLOR>
            <MENU_TEXTCOLOR>0xFFFFFFFF</MENU_TEXTCOLOR>
            <MENU_ACTIVETEXTCOLOR>0xFFFFFFFF</MENU_ACTIVETEXTCOLOR>
            <MENU_BACKCOLOR>0xB4000000</MENU_BACKCOLOR>
            <MENU_ACTIVEBORDERCOLOR>0xC8FFFFFF</MENU_ACTIVEBORDERCOLOR>
        </ColorScheme>
    </Main>
</Skin>