<Skin name="Black-N-White">
	<Information>
		<Author>Tweaqr</Author>
		<Copyright>Copyright 2003</Copyright>
		<Version>1.0</Version>
	</Information>
	<LoadingScreen ShowInfo="True">
  		<BackGround>loading.jpe</BackGround>
	</LoadingScreen>
	<Main RetainDefault="True" Globe="True" Orb="False">
		<BackGround>Background.png</BackGround>
		<Cellwall>Cell.png</Cellwall>
		<Orb>Orb.jpg</Orb>
		<GameIcon Enable="True" Opacity="90">
			<Position Top="25" Left="360" Width="215" Height="215" />
		</GameIcon>
		<Menu Smooth="True" Align="Middle" ShowIcon="False" Rotate="False" ShowArrows="False">
			<BackColor>0x808080</BackColor>
			<Font>Arial_Black_14.xpr</Font>
			<BorderColor Width="2">0xFFFFFFFF</BorderColor>
			<Font WidthFactor="1.5" HeightFactor="1.5"></Font>
			<Position Top="80" Left="45" Width="270" Height="270" Fixed="False" FixAt="0" MaxItem="7"></Position>
		</Menu>


		<Text Left="35" Top="410" Align="Left" Color="0xFFFFFFFF" Source="CPUTemp"></Text>
		<Text Left="35" Top="430" Align="Left" Color="0xFFFFFFFF" Source="MBTemp"></Text>

		<Text Left="200" Top="390" Align="Left" Color="0xFFFFFFFF" Source="C_FreeMB"></Text>
		<Text Left="200" Top="410" Align="Left" Color="0xFFFFFFFF" Source="E_FreeMB"></Text>
		<Text Left="200" Top="430" Align="Left" Color="0xFFFFFFFF" Source="F_FreeMB"></Text>
		
		<Text Left="390" Top="270" Color="0xFFFFFFFF" Source="SongName"></Text>
		<Text Left="390" Top="290" Color="0xFFFFFFFF" Source="SongTime"></Text>
		<Text Left="390" Top="310" Align="Left" Color="0xFFFFFFFF" Source="Tray"></Text>

		<Text Left="390" Top="350" Align="Left" Color="0xFFFFFFFF" Source="DateTime"></Text>

		<Text Left="390" Top="390" Align="Left" Color="0xFFFFFFFF" Source="IP"></Text>
		<Text Left="390" Top="410" Align="Left" Color="0xFFFFFFFF" Source="NickName"></Text>
		<Text Left="390" Top="430" Align="Left" Color="0xFFFFFFFF" Source="Users"></Text>
	</Main>
	
	<ColorScheme >
		<AMBIENT_FOGCOLOR>0x00C0C0C0</AMBIENT_FOGCOLOR>
		<AMBIENT_SKYCOLOR>0x00FFFFFF</AMBIENT_SKYCOLOR>
		<AMBIENT_CELLCOLOR>0x00FFFFFF</AMBIENT_CELLCOLOR>

		<CAPTION_TEXTCOLOR>0xFFffffff</CAPTION_TEXTCOLOR>
		<CAPTION_BACKCOLOR>0xFFFFFFF</CAPTION_BACKCOLOR>
		<DIALOG_BORDERCOLOR>0xFFFFFFFF</DIALOG_BORDERCOLOR>
		<DIALOG_BACKCOLOR>0xFF000000</DIALOG_BACKCOLOR>
		<DIALOG_INNER_BORDERCOLOR>0xFFFFFFFF</DIALOG_INNER_BORDERCOLOR>
		<DIALOG_INNER_BACKCOLOR>0xFF808080</DIALOG_INNER_BACKCOLOR>
		<DIALOG_TEXTCOLOR>0xFF000000</DIALOG_TEXTCOLOR>

		<DIALOG_DISABLEDTEXT>0xFFC0C0C0</DIALOG_DISABLEDTEXT>

		<OPTION_TEXTCOLOR>0xFF000000</OPTION_TEXTCOLOR>
		<OPTION_ACTIVETEXTCOLOR>0xFFFFFFFF</OPTION_ACTIVETEXTCOLOR>
		<OPTION_ACTIVEBACKCOLOR>0xFFB4A7B1</OPTION_ACTIVEBACKCOLOR>

		<BUTTON_BORDERCOLOR></BUTTON_BORDERCOLOR>
		<BUTTON_TEXTCOLOR>0xFFC1C6C1</BUTTON_TEXTCOLOR>
		<BUTTON_BACKCOLOR>0xCD636482</BUTTON_BACKCOLOR>
		<BUTTON_ACTIVETEXTCOLOR>0xFFFFFFFF</BUTTON_ACTIVETEXTCOLOR>
		<BUTTON_ACTIVEBACKCOLOR>0xFFB4A7B1</BUTTON_ACTIVEBACKCOLOR>	
		
		<KB_KEYBG_HIGHLIGHT>0xCCC1C1C1</KB_KEYBG_HIGHLIGHT>
		<KB_KEYBG_DISABLED>0xffc0c0c0</KB_KEYBG_DISABLED>
		<KB_KEY_PRESSED>0xff808080</KB_KEY_PRESSED>
		<KB_KEY_NORMAL>0xff000000</KB_KEY_NORMAL>
		<KB_KEY_DISABLED>0xff808080</KB_KEY_DISABLED>
		<KB_KEY_ACTIVEBORDER>0xff007C7C7C</KB_KEY_ACTIVEBORDER>
		<KB_KEY_TEXTCOLOR>0xff000000</KB_KEY_TEXTCOLOR>
		<KB_KEY_TEXTBACKCOLOR>0xffFFFFFF</KB_KEY_TEXTBACKCOLOR>
		<KB_KEY_TEXTBORDERCOLOR>0xff0000FF</KB_KEY_TEXTBORDERCOLOR>
		
		<MENU_TEXTCOLOR>0xFFB4A7B1</MENU_TEXTCOLOR>
		<MENU_ACTIVETEXTCOLOR>0xFFFFFFFF</MENU_ACTIVETEXTCOLOR>
		<MENU_BORDERCOLOR>0x00000000</MENU_BORDERCOLOR>
		<MENU_BACKCOLOR>0x00000000</MENU_BACKCOLOR>
		<MENU_ACTIVEBACKCOLOR></MENU_ACTIVEBACKCOLOR>
		<MENU_ACTIVEBORDERCOLOR></MENU_ACTIVEBORDERCOLOR>
	</ColorScheme>
</Skin>