<Skin Name="UX TB Skin">
<Information>
<Author>Paul ziegler</Author>
<Copyright>2004 Skinned by Sketchy Skinner</Copyright>
<Version>1.2</Version>
</Information>
<Main globe="False" Orb="False">
<Background EnableAudio="True">bg.png</background>
<Menu smooth="True" Align="Center" ShowArrows="False" ShowIcon="False" Rotate="False">
<Position left="40" Top="97" Width="535" Height="100" FixAt="1" />
</Menu>
<Text Left="194" Top="332" Align="Right" Color="0xFFFF0000" Source="$DVDType$"></Text>
<Text Left="194" Top="359" Align="Right" Color="0xFFFF0000" Source="$F_FreeMB$"></Text>
<Text Left="194" Top="385" Align="Right" Color="0xFFFF0000" Source="$G_FreeMB$"></Text>
<Text Left="30" Top="439" Align="Left" Color="0xFFFF0000" Source="SongName"></Text>
<Text Left="205" Top="238" Align="Left" Color="0xFFFF0000" Source="$IP$"></Text>
<Text Left="220" Top="265" Align="Left" Color="0xFFFF0000" Source="$Time$"></Text>

<Text Left="557" Top="240" Align="Center" Color="0xFFFF0000" Source="$CPUTempF$"></Text>
<Text Left="549" Top="178" Align="Center" Color="0xFFFF0000" Source="$MBTempF$"></Text>
<Image Top="189" Left="35" width="150" Height="128" Source="GameIcon"/>
<Image Source="GamePreview"/>
</Main>
<FileManager>
<Background>fmbg.png</Background>
</FileManager>
<LoadingScreen ShowInfo="False">
<Background>ls.jpg</Background>
</LoadingScreen>
<ColorScheme>
            <AMBIENT_FOGCOLOR>0x00FFFFFF</AMBIENT_FOGCOLOR>
            <AMBIENT_SKYCOLOR>0xFF00000F</AMBIENT_SKYCOLOR>
            <AMBIENT_CELLCOLOR>0x7800C000</AMBIENT_CELLCOLOR>
            <CAPTION_TEXTCOLOR>0xFF808080</CAPTION_TEXTCOLOR>
            <CAPTION_BACKCOLOR>0xFF000000</CAPTION_BACKCOLOR>
            <DIALOG_BORDERCOLOR>0xFFFFFFFF</DIALOG_BORDERCOLOR>
            <DIALOG_BACKCOLOR>0xD1FF0000</DIALOG_BACKCOLOR>
            <DIALOG_INNER_BORDERCOLOR>0xFFFFFFFF</DIALOG_INNER_BORDERCOLOR>
            <DIALOG_INNER_BACKCOLOR>0xFF000000</DIALOG_INNER_BACKCOLOR>
            <DIALOG_TEXTCOLOR>0xFFFFFFFF</DIALOG_TEXTCOLOR>
            <DIALOG_DISABLEDTEXT>0xFFB3B3B4</DIALOG_DISABLEDTEXT>
            <OPTION_TEXTCOLOR>0xFFFFFFFF</OPTION_TEXTCOLOR>
            <OPTION_ACTIVETEXTCOLOR>0xFFFFFFFF</OPTION_ACTIVETEXTCOLOR>
            <OPTION_ACTIVEBACKCOLOR>0xFFFF0000</OPTION_ACTIVEBACKCOLOR>
            <BUTTON_BORDERCOLOR>0xFFFFFFFF</BUTTON_BORDERCOLOR>
            <BUTTON_TEXTCOLOR>0xFFFFFFFF</BUTTON_TEXTCOLOR>
            <BUTTON_BACKCOLOR>0xFFFF0000</BUTTON_BACKCOLOR>
            <BUTTON_ACTIVETEXTCOLOR>0xFFFFFFFF</BUTTON_ACTIVETEXTCOLOR>
            <BUTTON_ACTIVEBACKCOLOR>0xFFC0C0C0</BUTTON_ACTIVEBACKCOLOR>
            <KB_KEYBG_HIGHLIGHT>0xFFFF0000</KB_KEYBG_HIGHLIGHT>
            <KB_KEYBG_DISABLED>0x78C0C0C0</KB_KEYBG_DISABLED>
            <KB_KEY_PRESSED>0xFFA81AE6</KB_KEY_PRESSED>
            <KB_KEY_NORMAL>0xFF000000</KB_KEY_NORMAL>
            <KB_KEY_DISABLED>0xFF808080</KB_KEY_DISABLED>
            <KB_KEY_ACTIVEBORDER>0xFFFF0000</KB_KEY_ACTIVEBORDER>
            <KB_KEY_TEXTCOLOR>0xFF000000</KB_KEY_TEXTCOLOR>
            <KB_KEY_TEXTBACKCOLOR>0xFFFFFFFF</KB_KEY_TEXTBACKCOLOR>
            <KB_KEY_TEXTBORDERCOLOR>0x78FFFFFF</KB_KEY_TEXTBORDERCOLOR>
            <MENU_TEXTCOLOR>0xFF808080</MENU_TEXTCOLOR>
            <MENU_ACTIVETEXTCOLOR>0xFFFF0000</MENU_ACTIVETEXTCOLOR>
        </ColorScheme>
</Skin>
