<Skin name="Halo 2 v2">
	<Information>
		<Author>Jayxter</Author>
		<Copyright>Copyright 2003</Copyright>
		<Version>2.0</Version>
	</Information>
	<FileManager>
	<BackGround>menu.png</BackGround>
	</FileManager>
	<LoadingScreen ShowInfo="False">
	<BackGround>loading.wmv</BackGround>
	</LoadingScreen>
	<Main Globe="True" Orb="False" Fog="True">		
		<BackGround>background.png</BackGround>
		<Cellwall>tile.png</Cellwall>
		<Menu Smooth="True" Align="Left" ShowIcon="False" Rotate="False" ShowArrows="False">
			<BackColor>0xFFFFFFFF</BackColor>
			<BorderColor Width="2">0xFFFFFFFF</BorderColor>
			<Position Top="300" Left="45" Width="480" Height="50" Fixed="False" FixAt="1" 							MaxItem="1"/>
		<Preview EnableAudio="False" left="130" Top="140" Width="140" Height="115" />
		<Font>BankGothic_Md_BT_20.xpr</Font>
		</Menu>

<InfoFont>Times_New_Roman_16.xpr</InfoFont>
		
		<Text Left="45" Top="30" Align="Left" Color="0xFFFFFFFF" Source="Newsfeed"></Text>
		
		<Text Left="45" Top="340" Align="Left" Color="0xFFFFFFFF" Source="Soundtrack: $SoundTrack$"></Text>
		<Text Left="45" Top="360" Align="Left" Color="0xFFFFFFFF" Source="Song Name: $SongName$"></Text>
		<Text Left="45" Top="380" Align="Left" Color="0xFFFFFFFF" Source="Song Time: $SongTime$"></Text>
		
		<Text Left="45" Top="430" Align="Left" Color="0xFFFFFFFF" Source="Xbox Time: $Time$"></Text>
	
	        <Text Left="590" Top="430" Align="Right" Color="0xFFFFFFFF" Source="F_FreeMB"></Text>
		<Image Left="100" Top="95"  width="200" Height="200" Opacity="90">orb.png</ Shape>
		<Image Top="140" Left="130" width="140" Height="115" Source="GameIcon"/>
		<Image Source="GamePreview"/>
	</Main>
	
	<ColorScheme >
                        <AMBIENT_FOGCOLOR>0xFF000020</AMBIENT_FOGCOLOR>
			<AMBIENT_SKYCOLOR>0xFF000020</AMBIENT_SKYCOLOR>
			<AMBIENT_CELLCOLOR>0xFFFFFFFF</AMBIENT_CELLCOLOR>		                        			
		<CAPTION_TEXTCOLOR>0xFFFFCC33</CAPTION_TEXTCOLOR>
		<CAPTION_BACKCOLOR>0x00000000</CAPTION_BACKCOLOR>
		<DIALOG_BORDERCOLOR>0xFFFFCC33</DIALOG_BORDERCOLOR>
		<DIALOG_BACKCOLOR>0x00000000</DIALOG_BACKCOLOR>
		<DIALOG_INNER_BORDERCOLOR>0xFFFFCC33</DIALOG_INNER_BORDERCOLOR>
		<DIALOG_INNER_BACKCOLOR>0xFFA0A0A0</DIALOG_INNER_BACKCOLOR>
		<DIALOG_TEXTCOLOR>0xFFFFCC33</DIALOG_TEXTCOLOR>

		<DIALOG_DISABLEDTEXT>0xff808080</DIALOG_DISABLEDTEXT>

		<OPTION_TEXTCOLOR>0xff808080</OPTION_TEXTCOLOR>
		<OPTION_ACTIVETEXTCOLOR>0x00000000</OPTION_ACTIVETEXTCOLOR>
		<OPTION_ACTIVEBACKCOLOR>0xFF000000</OPTION_ACTIVEBACKCOLOR>

		<BUTTON_BORDERCOLOR></BUTTON_BORDERCOLOR>
		<BUTTON_TEXTCOLOR>0xFF000000</BUTTON_TEXTCOLOR>
		<BUTTON_BACKCOLOR>0xFFA0A0A0</BUTTON_BACKCOLOR>
		<BUTTON_ACTIVETEXTCOLOR>0xFFA0A0A0</BUTTON_ACTIVETEXTCOLOR>
		<BUTTON_ACTIVEBACKCOLOR>0x00000000</BUTTON_ACTIVEBACKCOLOR>	
		
		<KB_KEYBG_HIGHLIGHT>0xCC00C000</KB_KEYBG_HIGHLIGHT>
		<KB_KEYBG_DISABLED>0xffc0c0c0</KB_KEYBG_DISABLED>
		<KB_KEY_PRESSED>0xff808080</KB_KEY_PRESSED>
		<KB_KEY_NORMAL>0xff000000</KB_KEY_NORMAL>
		<KB_KEY_DISABLED>0xff808080</KB_KEY_DISABLED>
		<KB_KEY_ACTIVEBORDER>0xff000000</KB_KEY_ACTIVEBORDER>
		<KB_KEY_TEXTCOLOR>0xff000000</KB_KEY_TEXTCOLOR>
		<KB_KEY_TEXTBACKCOLOR>0xffFFFFFF</KB_KEY_TEXTBACKCOLOR>
		<KB_KEY_TEXTBORDERCOLOR>0xff000000</KB_KEY_TEXTBORDERCOLOR>
		
		<MENU_TEXTCOLOR>0xFFFFFFFF</MENU_TEXTCOLOR>
		<MENU_ACTIVETEXTCOLOR>0xFFFFCC33</MENU_ACTIVETEXTCOLOR>
		<MENU_BORDERCOLOR></MENU_BORDERCOLOR>
		<MENU_BACKCOLOR></MENU_BACKCOLOR>
		<MENU_ACTIVEBACKCOLOR></MENU_ACTIVEBACKCOLOR>
		<MENU_ACTIVEBORDERCOLOR></MENU_ACTIVEBORDERCOLOR>

	</ColorScheme>
</skin>