﻿<Skin name="Abbey Diaz 2">
    <Information>
        <Author>Alejandro A.N.</Author>
        <Version>1</Version>
        <Copyright>2008</Copyright>
        <Skinner Name="UX Architect" Version="1.0c" />
    </Information>
    <Filemanager SafeBorder="False">
        <Background>Sec 03 (4).jpg</Background>
    </Filemanager>
    <LoadingScreen ShowInfo="True">
        <Background>LOADING.wmv</Background>
    </LoadingScreen>
    <Main Globe="False" Orb="False">
        <Background EnableAudio="False">Sec 03 (4).jpg</Background>
        <Cellwall>Sec 04 (7).jpg</Cellwall>
        <InfoFont>Square-10.xpr</InfoFont>
        <Image Top="78" Left="-11" Width="200" Height="63" Opacity="100">Shape2.png</Image>
        <Image Top="138" Left="10" Width="197" Height="60" Opacity="100">Shape2.png</Image>
        <Image Top="203" Left="31" Width="200" Height="57" Opacity="100">Shape2.png</Image>
        <Image Top="257" Left="11" Width="205" Height="58" Opacity="100">Shape2.png</Image>
        <Image Top="317" Left="-10" Width="203" Height="51" Opacity="100">Shape2.png</Image>
        <Image Top="58" Left="469" Width="128" Height="128" Source="GameIcon" />
        <Image Top="25" Left="426" Width="212" Height="191" Opacity="100">Icon.png</Image>
        <Image Top="235" Left="394" Width="249" Height="190" Opacity="100">Icon.png</Image>
        <Image Source="GamePreview" />
        <Menu Scroll="True" Smooth="True" Align="Left" ShowIcon="True" Rotate="True" ShowArrows="False">
            <Preview EnableAudio="True" Top="270" Left="444" Width="153" Height="123" />
            <ItemPos Top="103" Left="11" Width="161"></ItemPos>
            <ItemPos Top="161" Left="32" Width="160"></ItemPos>
            <ItemPos Top="223" Left="53" Width="162"></ItemPos>
            <ItemPos Top="278" Left="35" Width="165"></ItemPos>
            <ItemPos Top="335" Left="15" Width="162"></ItemPos>
            <Font>ParkAvenue-14.xpr</Font>
        </Menu>
        <ColorScheme>
            <AMBIENT_FOGCOLOR>0xFF8080FF</AMBIENT_FOGCOLOR>
            <AMBIENT_SKYCOLOR>0xFF00000F</AMBIENT_SKYCOLOR>
            <AMBIENT_CELLCOLOR>0xFF0080FF</AMBIENT_CELLCOLOR>
            <CAPTION_TEXTCOLOR>0xFFFFFFFF</CAPTION_TEXTCOLOR>
            <CAPTION_BACKCOLOR>0xFF0080FF</CAPTION_BACKCOLOR>
            <DIALOG_BORDERCOLOR>0xFF0080FF</DIALOG_BORDERCOLOR>
            <DIALOG_BACKCOLOR>0x9F000000</DIALOG_BACKCOLOR>
            <DIALOG_INNER_BORDERCOLOR>0xFF0080FF</DIALOG_INNER_BORDERCOLOR>
            <DIALOG_INNER_BACKCOLOR>0xFF000000</DIALOG_INNER_BACKCOLOR>
            <DIALOG_TEXTCOLOR>0xFFFFFFFF</DIALOG_TEXTCOLOR>
            <DIALOG_DISABLEDTEXT>0xFFB3B3B4</DIALOG_DISABLEDTEXT>
            <OPTION_TEXTCOLOR>0xFFFFFFFF</OPTION_TEXTCOLOR>
            <OPTION_ACTIVETEXTCOLOR>0xFFFFFFFF</OPTION_ACTIVETEXTCOLOR>
            <OPTION_ACTIVEBACKCOLOR>0xFF0080FF</OPTION_ACTIVEBACKCOLOR>
            <BUTTON_BORDERCOLOR>0xFFFFFFFF</BUTTON_BORDERCOLOR>
            <BUTTON_TEXTCOLOR>0xFFFFFFFF</BUTTON_TEXTCOLOR>
            <BUTTON_BACKCOLOR>0x980000A0</BUTTON_BACKCOLOR>
            <BUTTON_ACTIVETEXTCOLOR>0xFFFFFFFF</BUTTON_ACTIVETEXTCOLOR>
            <BUTTON_ACTIVEBACKCOLOR>0xFF0080FF</BUTTON_ACTIVEBACKCOLOR>
            <KB_KEYBG_HIGHLIGHT>0xFF0080FF</KB_KEYBG_HIGHLIGHT>
            <KB_KEYBG_DISABLED>0xFFC0C0C0</KB_KEYBG_DISABLED>
            <KB_KEY_PRESSED>0xFF008000</KB_KEY_PRESSED>
            <KB_KEY_NORMAL>0xFF000000</KB_KEY_NORMAL>
            <KB_KEY_DISABLED>0xFFFFFFFF</KB_KEY_DISABLED>
            <KB_KEY_ACTIVEBORDER>0xFF808080</KB_KEY_ACTIVEBORDER>
            <KB_KEY_TEXTCOLOR>0xFF000000</KB_KEY_TEXTCOLOR>
            <KB_KEY_TEXTBACKCOLOR>0xFFFFFFFF</KB_KEY_TEXTBACKCOLOR>
            <KB_KEY_TEXTBORDERCOLOR>0xFFFFFF00</KB_KEY_TEXTBORDERCOLOR>
            <MENU_TEXTCOLOR>0xFFFFFFFF</MENU_TEXTCOLOR>
            <MENU_ACTIVETEXTCOLOR>0xFFFFFFFF</MENU_ACTIVETEXTCOLOR>
            <MENU_BORDERCOLOR>0xFF0080FF</MENU_BORDERCOLOR>
            <MENU_BACKCOLOR>0xFF000000</MENU_BACKCOLOR>
            <MENU_ACTIVEBACKCOLOR>0xFF0080FF</MENU_ACTIVEBACKCOLOR>
            <MENU_ACTIVEBORDERCOLOR>0xFFFFFFFF</MENU_ACTIVEBORDERCOLOR>
        </ColorScheme>
    </Main>
</Skin>