﻿<Skin name="Megatron1.1">
    <Information>
        <Author>Teletran1</Author>
        <Version>1</Version>
        <Copyright>2004</Copyright>
        <Skinner Name="UX Architect" Version="RC1" />
    </Information>
    <Filemanager SafeBorder="False">
        <Background>tfgijoe_holo.jpg</Background>
    </Filemanager>
    <LoadingScreen ShowInfo="False">
        <Background>tfgijoe_pat.jpg</Background>
    </LoadingScreen>
    <Main Globe="False" Orb="False" Fog="False">
        <Background EnableAudio="False">transformers_00000004.JPG</Background>
        <Cellwall>tfvsgijoe_logo.png</Cellwall>
        <InfoFont>Square-10.xpr</InfoFont>
        <Text Top="81" Left="26" Width="200" Scroll="0" Color="0xFF000000" Source="SongName" />
        <Text Top="107" Left="26" Width="200" Scroll="0" Color="0xFF000000" Source="E_FreeMB" />
        <Text Top="3" Left="506" Width="129" Scroll="0" Color="0xFF000000" Source="NickName" />
        <Text Top="50" Left="166" Width="204" Scroll="0" Color="0xFF000000" Source="MBTempF" />
        <Text Top="22" Left="26" Width="127" Scroll="0" Color="0xFF000000" Source="Time" />
        <Text Top="22" Left="168" Width="204" Scroll="0" Color="0xFF000000" Source="CPUTempF" />
        <Text Top="50" Left="26" Width="127" Scroll="0" Color="0xFF000000" Source="Date" />
        <Text Top="126" Left="26" Width="200" Scroll="0" Color="0xFF000000" Source="F_FreeMB" />
        <Text Top="143" Left="26" Width="220" Scroll="0" Color="0xFF000000" Source="DVDTitle" />
        <Text Top="448" Left="26" Width="211" Scroll="0" Color="0xFF000000" Source="IP" />
        <Image Top="318" Left="49" Width="128" Height="128" Source="GameIcon" />
        <Menu Smooth="True" Align="Left" ShowIcon="False" ShowArrows="False">
            <Position Top="176" Left="26" Width="178" Height="131" Fixed="False" FixAt="2" MaxItem="4" />
            <Font>Square-14.xpr</Font>
        </Menu>
        <ColorScheme>
            <AMBIENT_FOGCOLOR>0x78FFFFFF</AMBIENT_FOGCOLOR>
            <AMBIENT_SKYCOLOR>0xFF00000F</AMBIENT_SKYCOLOR>
            <AMBIENT_CELLCOLOR>0x7800C000</AMBIENT_CELLCOLOR>
            <CAPTION_TEXTCOLOR>0xFFFF0000</CAPTION_TEXTCOLOR>
            <CAPTION_BACKCOLOR>0x004274FF</CAPTION_BACKCOLOR>
            <DIALOG_BORDERCOLOR>0xFFFFFFFF</DIALOG_BORDERCOLOR>
            <DIALOG_BACKCOLOR>0x4C804040</DIALOG_BACKCOLOR>
            <DIALOG_INNER_BORDERCOLOR>0xFFFFFFFF</DIALOG_INNER_BORDERCOLOR>
            <DIALOG_INNER_BACKCOLOR>0x60000000</DIALOG_INNER_BACKCOLOR>
            <DIALOG_TEXTCOLOR>0xFF00FF00</DIALOG_TEXTCOLOR>
            <DIALOG_DISABLEDTEXT>0xFFB3B3B4</DIALOG_DISABLEDTEXT>
            <OPTION_TEXTCOLOR>0xFFFFFFFF</OPTION_TEXTCOLOR>
            <OPTION_ACTIVETEXTCOLOR>0xFF47EAEA</OPTION_ACTIVETEXTCOLOR>
            <OPTION_ACTIVEBACKCOLOR>0x4F273CF3</OPTION_ACTIVEBACKCOLOR>
            <BUTTON_BORDERCOLOR>0xFFFFFFFF</BUTTON_BORDERCOLOR>
            <BUTTON_TEXTCOLOR>0xFFFFFFFF</BUTTON_TEXTCOLOR>
            <BUTTON_BACKCOLOR>0xFF273CF3</BUTTON_BACKCOLOR>
            <BUTTON_ACTIVETEXTCOLOR>0xFFFFFFFF</BUTTON_ACTIVETEXTCOLOR>
            <BUTTON_ACTIVEBACKCOLOR>0xFF003399</BUTTON_ACTIVEBACKCOLOR>
            <KB_KEYBG_HIGHLIGHT>0xFF0000FF</KB_KEYBG_HIGHLIGHT>
            <KB_KEYBG_DISABLED>0x78C0C0C0</KB_KEYBG_DISABLED>
            <KB_KEY_PRESSED>0xFF008000</KB_KEY_PRESSED>
            <KB_KEY_NORMAL>0xFF000000</KB_KEY_NORMAL>
            <KB_KEY_DISABLED>0xFFFFFFFF</KB_KEY_DISABLED>
            <KB_KEY_ACTIVEBORDER>0xFFFF0000</KB_KEY_ACTIVEBORDER>
            <KB_KEY_TEXTCOLOR>0xFF000000</KB_KEY_TEXTCOLOR>
            <KB_KEY_TEXTBACKCOLOR>0xFFFFFFFF</KB_KEY_TEXTBACKCOLOR>
            <KB_KEY_TEXTBORDERCOLOR>0x780000FF</KB_KEY_TEXTBORDERCOLOR>
            <MENU_TEXTCOLOR>0xFF804040</MENU_TEXTCOLOR>
            <MENU_ACTIVETEXTCOLOR>0xFFFF0000</MENU_ACTIVETEXTCOLOR>
            <MENU_BORDERCOLOR>0xFF8000FF</MENU_BORDERCOLOR>
        </ColorScheme>
    </Main>
</Skin>