<Skin Name="milkyX_MAX_Blue">
<Information>
<Author>_n3o_</Author>
<Copyright>mushroOm L@bs 2004</Copyright>
<Version>1.2 blue</Version>
</Information>
<IntroMovie>C:\skins\milkyX_MAX_Blue\milkyxintro_blue.wmv</IntroMovie>
<Main globe="False" Orb="False">
<InfoFont>square9.xpr</InfoFont>
<Background EnableAudio="True">bgmovie_blue.wmv</background>
<Image Top="19" Left="440" width="160" Height="151" Source="GameIcon"/>
<Image Source="GamePreview"/>
<Menu smooth="False" ShowArrows="False" ShowIcon="False" Rotate="False">
<Position left="64" Top="253" Width="220" Height="178" />
<Preview EnableAudio="True" left="309" Top="175" Width="283" Height="174" />
<Font>square12.xpr</Font>
</Menu>
<Text Left="115" Top="79" Align="Left" Color="0xFFE3E0DC" Source="Playing: $SongName$"></Text>
<Text Left="137" Top="132" Align="Left" Color="0xFFE3E0DC" Source="Date and time : $DateTime$"></Text>
<Text Left="148" Top="160" Align="Left" Color="0xFFE3E0DC" Source="DVD Tray: $Tray$"></Text>
<Text Left="142" Top="186" Align="Left" Color="0xFFE3E0DC" Source="IP: $IP$"></Text>
<Text Left="392" Top="364" Align="Left" Color="0xFFE3E0DC" Source="C: $C_Free$ free"></Text>
<Text Left="392" Top="392" Align="Left" Color="0xFFE3E0DC" Source="E: $E_Free$ free"></Text>
<Text Left="394" Top="420" Align="Left" Color="0xFFE3E0DC" Source="F: $F_Free$ free"></Text>
<Image Opacity="100" Top="0" Left="0" Width="640" Height="480">image.png</Image>
<Image Opacity="100" Top="19" Left="440" Width="160" Height="151">image1.png</Image>
<Image Opacity="100" Top="170" Left="306" Width="297" Height="183">image2.png</Image>
</Main>
<FileManager>
<Background>fmbg_blue.png</Background>
</FileManager>
<LoadingScreen ShowInfo="true">
<Background>outro.wmv</Background>
</LoadingScreen>
<ColorScheme>
<AMBIENT_FOGCOLOR></AMBIENT_FOGCOLOR>
<AMBIENT_SKYCOLOR></AMBIENT_SKYCOLOR>
<AMBIENT_CELLCOLOR></AMBIENT_CELLCOLOR>

<CAPTION_TEXTCOLOR>0xFF000000</CAPTION_TEXTCOLOR>
<CAPTION_BACKCOLOR>0xFFE0E0DF</CAPTION_BACKCOLOR>

<DIALOG_BORDERCOLOR>0xFFFFFFFF</DIALOG_BORDERCOLOR>
<DIALOG_BACKCOLOR>0xCDE0E0DF</DIALOG_BACKCOLOR>
<DIALOG_INNER_BORDERCOLOR>0xFF7F7F7F</DIALOG_INNER_BORDERCOLOR>
<DIALOG_INNER_BACKCOLOR>0xE1ACD5F1</DIALOG_INNER_BACKCOLOR>
<DIALOG_TEXTCOLOR>0xFF000000</DIALOG_TEXTCOLOR>
<DIALOG_DISABLEDTEXT>0x7FD1CDC6</DIALOG_DISABLEDTEXT>

<OPTION_TEXTCOLOR>0xFF000000</OPTION_TEXTCOLOR>
<OPTION_ACTIVETEXTCOLOR>0xFF5F594F</OPTION_ACTIVETEXTCOLOR>
<OPTION_ACTIVEBACKCOLOR>0xFF58A7DD</OPTION_ACTIVEBACKCOLOR>

<BUTTON_BORDERCOLOR>0xFF000000</BUTTON_BORDERCOLOR>
<BUTTON_TEXTCOLOR>0xFF000000</BUTTON_TEXTCOLOR>
<BUTTON_BACKCOLOR>0xCDACD5F1</BUTTON_BACKCOLOR>
<BUTTON_ACTIVETEXTCOLOR>0xFFFFFFFF</BUTTON_ACTIVETEXTCOLOR>
<BUTTON_ACTIVEBACKCOLOR>0xE157AAE3</BUTTON_ACTIVEBACKCOLOR>	

<KB_KEYBG_HIGHLIGHT>0xCCACD5F1</KB_KEYBG_HIGHLIGHT>
<KB_KEYBG_DISABLED>0xff868484</KB_KEYBG_DISABLED>
<KB_KEY_PRESSED>0xff808080</KB_KEY_PRESSED>
<KB_KEY_NORMAL>0xff000000</KB_KEY_NORMAL>
<KB_KEY_DISABLED>0xff808080</KB_KEY_DISABLED>
<KB_KEY_ACTIVEBORDER>0xffACD5F1</KB_KEY_ACTIVEBORDER>
<KB_KEY_TEXTCOLOR>0xff000000</KB_KEY_TEXTCOLOR>
<KB_KEY_TEXTBACKCOLOR>0xff88C4ED</KB_KEY_TEXTBACKCOLOR>
<KB_KEY_TEXTBORDERCOLOR>0xffffffff</KB_KEY_TEXTBORDERCOLOR>

<MENU_BORDERCOLOR></MENU_BORDERCOLOR>
<MENU_BACKCOLOR></MENU_BACKCOLOR>
<MENU_ACTIVEBACKCOLOR></MENU_ACTIVEBACKCOLOR>
<MENU_ACTIVEBORDERCOLOR></MENU_ACTIVEBORDERCOLOR>
<MENU_TEXTCOLOR>0xFFACAAA9</MENU_TEXTCOLOR>
<MENU_ACTIVETEXTCOLOR>0xFFFFFFFF</MENU_ACTIVETEXTCOLOR>
</ColorScheme>
</Skin>




