<Skin name="Flux">
	<Information>
		<Author>Sigwood</Author>
		<Copyright>Copyright 2004</Copyright>
		<Version>5</Version>
	</Information>
		<IntroMovie></IntroMovie>
		<FileManager>
			<BackGround></BackGround>
		</FileManager>
	<LoadingScreen ShowInfo="False">
		<BackGround></BackGround>
	</LoadingScreen>
	<Main Globe="False" Orb="False" Fog="False">
		<BackGround>bg.wmv</BackGround>
		<Cellwall></Cellwall>
		<Orb></Orb>
		<Icon></Icon>
		<Menu Smooth="False" ShowIcon="False" Rotate="False" ShowArrows="False" Scroll="True" Align="Left">
			<ItemPos Left="70" Top="130" Width="156" Height="26"></ItemPos>
			<ItemPos Left="38" Top="180" Width="156" Height="26"></ItemPos>
			<ItemPos Left="27" Top="230" Width="156" Height="26"></ItemPos>
			<ItemPos Left="38" Top="280" Width="156" Height="26"></ItemPos>
			<ItemPos Left="70" Top="330" Width="156" Height="26"></ItemPos>
			<Font>menufont.xpr</Font>
			<Preview EnableAudio="False" Left="255" Top="175" Width="130" Height="130" />
		</Menu>
		<InfoFont></InfoFont>
		<Text Left="210" Top="409" Width="415" Height="25" Align="Middle" Color="0xFF000000" Source="$DVDTitle$"></Text>
		
		<Text Left="42" Top="446" Width="415" Height="25" Scroll="2" Color="0xFF000000" Source="Newsfeed"></Text>
		
		<Text Left="420" Top="128" Width="160" Height="26" Align="Middle" Color="0xFF000000" Source="$C_FreeMB$"></Text>
		
		<Text Left="472" Top="178" Width="160" Height="25" Color="0xFF000000" Source="$E_FreeMB$"></Text>

		<Text Left="473" Top="228" Width="160" Height="25" Color="0xFF000000" Source="$IP$"></Text>
		
		<Text Left="34" Top="46" Width="270" Height="25" Align="Middle" Color="0xFF000000" Source="$DateTime$"></Text>
		
		<Text Left="375" Top="11" Width="270" Height="25" Align="Middle" Color="0xFF000000" Source="$NickName$"></Text>
		
		<Text Left="445" Top="277" Width="160" Height="25" Align="Left" Scroll="2" Color="0xFF000000" Source="$SongName$"></Text>
		
		<Text Left="420" Top="328" Width="160" Height="26" Align="Middle" Color="0xFF000000" Source="$SongTime$"></Text>
		
		<Image Left="0" Top="0" Width="640" Height="480">overlay.png</Image>
	    	<Image Source="GamePreview" />
		<Image Left="0" Top="0" Width="640" Height="480">icon.png</Image>
	</Main>

	<ColorScheme >
		<AMBIENT_FOGCOLOR></AMBIENT_FOGCOLOR>
		<AMBIENT_SKYCOLOR></AMBIENT_SKYCOLOR>
		<AMBIENT_CELLCOLOR></AMBIENT_CELLCOLOR>
		
		<MENU_TEXTCOLOR>0xFF000000</MENU_TEXTCOLOR>
		<MENU_ACTIVETEXTCOLOR>0xFFFFFFFF</MENU_ACTIVETEXTCOLOR>
		<MENU_BORDERCOLOR></MENU_BORDERCOLOR>
		<MENU_BACKCOLOR></MENU_BACKCOLOR>
		<MENU_ACTIVEBACKCOLOR></MENU_ACTIVEBACKCOLOR>
		<MENU_ACTIVEBORDERCOLOR></MENU_ACTIVEBORDERCOLOR>
	</ColorScheme>
</Skin>