<Skin Name="xbox experience BOXER">

<Information>
	<Author>xbox experience</Author>
	<Copyright>2004</Copyright>
	<Version>1.0</Version>
</Information>

<Main globe="False" Orb="False">
	<Background EnableAudio="True">menu.png</background>
	<Menu smooth="True" ShowArrows="False" ShowIcon="False" Rotate="True">
	<Position left="41" Top="200" Width="264" Height="200" />
	<Preview EnableAudio="True" left="300" Top="190" Width="300" Height="230" />
	
	</Menu>
	<Text Left="600" Top="30" Align="Right" Color="0xFF4A4A4A" Source="NickName"></Text>
	<Text Left="600" Top="50" Align="Right" Color="0xFF4A4A4A" Source="C_FreeMB"></Text>
	<Text Left="600" Top="70" Align="Right" Color="0xFF4A4A4A" Source="E_FreeMB"></Text>
	<Text Left="600" Top="90" Align="Right" Color="0xFF4A4A4A" Source="G_FreeMB"></Text>
	<Text Left="600" Top="110" Align="Right" Color="0xFF4A4A4A" Source="F_FreeMB"></Text>
        <Text Left="600" Top="130" Align="Right" Color="0xFF4A4A4A" Source="MBTemp"></Text>
	<Text Left="600" Top="150" Align="Right" Color="0xFF4A4A4A" Source="CPUTempC"></Text>
	<Text Left="600" Top="170" Align="Right" Color="0xFF4A4A4A" Source="FanSpeed"></Text>
	<Text Left="580" Top="420" Align="Right" Color="0xFF4A4A4A" Source="IP"></Text>
	<Text Left="600" Top="440" Align="Right" Color="0xFF4A4A4A" Source="NumClient"></Text>
	<Text Left="50"  Top="410" Color="0xFF4A4A4A" Source="SoundTrack"></Text>
	<Text Left="50"  Top="430" Color="0xFF4A4A4A" Source="SongName"></Text>
        <Text Left="150" Top="430" Color="0xFF4A4A4A" Source="SongTime"></Text>

	<Image Top="60" Left="65" width="118" Height="130" Source="GameIcon"/>
	<Image Source="GamePreview"/>
</Main>

<FileManager>
<Background>fons.png</Background>
</FileManager>

<LoadingScreen ShowInfo="True">
 <BackGround>loading.png</BackGround>
</LoadingScreen>

<ColorScheme>
<MENU_TEXTCOLOR>0xFF4A4A4A</MENU_TEXTCOLOR>
<MENU_ACTIVETEXTCOLOR>0xFFFFFFFF</MENU_ACTIVETEXTCOLOR>
</ColorSceme>
</Skin>
