<Skin name="Half Life X">

    <Information>
        <Author>Ken Ciro</Author>
        <Version>1.2</Version>
        <Copyright>2004</Copyright>
    </Information>
    
    <Filemanager SafeBorder="False">
        <Background>FILEMANAGER.PNG</Background>
    </Filemanager>
    
    <LoadingScreen ShowInfo="False">
        <Background>LOADING.PNG</Background>
    </LoadingScreen>
    
    <Main Orb="False">
    
        <Background EnableAudio="False">BACKGROUND.PNG</Background>
    
        <Cellwall>CELL.PNG</Cellwall>
    
        <InfoFont>VERDANA_10.XPR</InfoFont>
    
        <Text Top="75"  Left="95" Width="163" Color="0x7DFFFFFF" Source="$Date$" Align="Middle"></Text>
        <Text Top="243" Left="95" Width="163" Color="0x7DFFFFFF" Source="$Time$" Align="Middle"></Text>
 
        <Text Top="290" Left="285" Color="0xFFFF8800" Source="C:" Align="Left"></Text>
        <Text Top="290" Left="305" Color="0xFFFFFFFF" Source="$C_Free$" Align="Left"></Text>

        <Text Top="300" Left="285" Color="0xFFFF8800" Source="D:" Align="Left"></Text>
        <Text Top="300" Left="305" Width="115" Scroll="1" Color="0xFFFFFFFF" Source="DVDTITLE" Align="Left"></Text>

        <Text Top="310" Left="285" Color="0xFFFF8800" Source="E:" Align="Left"></Text>
        <Text Top="310" Left="305" Color="0xFFFFFFFF" Source="$E_Free$" Align="Left"></Text>

        <Text Top="320" Left="285" Color="0xFFFF8800" Source="F:" Align="Left"></Text>
        <Text Top="320" Left="305" Color="0xFFFFFFFF" Source="$F_Free$" Align="Left"></Text>

        <Text Top="290" Left="430" Color="0xFFFF8800" Source="Video:" Align="Left"></Text>
        <Text Top="290" Left="495" Color="0xFFFFFFFF" Source="VIDEOMODE" Align="Left"></Text>

        <Text Top="340" Left="285" Color="0xFFFF8800" Source="IP:" Align="Left"></Text>
        <Text Top="340" Left="315" Color="0xFFFFFFFF" Source="$IP$" Align="Left"></Text>

        <Text Top="360" Left="285" Color="0xFFFF8800" Source="M/B:" Align="Left"></Text>
        <Text Top="360" Left="330" Color="0xFFFFFFFF" Source="$MBTemp$" Align="Left"></Text>

        <Text Top="360" Left="430" Color="0xFFFF8800" Source="CPU:" Align="Left"></Text>
        <Text Top="360" Left="475" Color="0xFFFFFFFF" Source="$CPUTemp$" Align="Left"></Text>

        <Text Top="380" Left="285" Color="0xFFFF8800" Source="Title:" Align="Left"></Text>
        <Text Top="380" Left="328" Width="205" Scroll="1" Color="0xFFFFFFFF" Source="$SongName$" Align="Left"></Text>

        <Text Top="390" Left="285" Color="0xFFFF8800" Source="Album:" Align="Left"></Text>
        <Text Top="390" Left="345" Width="145" Scroll="1" Color="0xFFFFFFFF" Source="$SoundTrack$" Align="Left"></Text>

        <Text Top="390" Left="495" Color="0xFFFF8800" Source="SongTime" Align="Left"></Text>
       
        <Image Top="85" Left="342" Width="121" Height="121" Source="GameIcon" />
        <Image Top="83" Left="340" Width="125" Height="125" Opacity="100">MASK.PNG</Image>
        
        <Menu Align="Middle" ShowIcon="False" ShowArrows="False" Smooth="True" Rotate="False">
            <Position Top="97" Left="95" Width="163" Height="145" Fixed="False" FixAt="2" MaxItem="4" />
            <Font>VERDANA_10.XPR</Font>
        </Menu>
        
        <ColorScheme>
            <AMBIENT_FOGCOLOR>0xFF002000</AMBIENT_FOGCOLOR>
            <AMBIENT_SKYCOLOR>0xFF004000</AMBIENT_SKYCOLOR>
            <AMBIENT_CELLCOLOR>0x061A520A</AMBIENT_CELLCOLOR>

            <CAPTION_TEXTCOLOR>0xFF000000</CAPTION_TEXTCOLOR>
            <CAPTION_BACKCOLOR>0xFFFF8800</CAPTION_BACKCOLOR>

            <DIALOG_BORDERCOLOR>0xFF000000</DIALOG_BORDERCOLOR>
            <DIALOG_BACKCOLOR>0xFFFF8800</DIALOG_BACKCOLOR>
            <DIALOG_INNER_BORDERCOLOR>0xFF000000</DIALOG_INNER_BORDERCOLOR>
            <DIALOG_INNER_BACKCOLOR>0x7DFFFFFF</DIALOG_INNER_BACKCOLOR>
            <DIALOG_TEXTCOLOR>0xFF000000</DIALOG_TEXTCOLOR>
            <DIALOG_DISABLEDTEXT>0xFFC0C0C0</DIALOG_DISABLEDTEXT>

            <OPTION_TEXTCOLOR>0xFF000000</OPTION_TEXTCOLOR>
            <OPTION_ACTIVETEXTCOLOR>0xFF7D0000</OPTION_ACTIVETEXTCOLOR>
            <OPTION_ACTIVEBACKCOLOR>0x7DFFFFFF</OPTION_ACTIVEBACKCOLOR>

            <BUTTON_BORDERCOLOR>0xFF000000</BUTTON_BORDERCOLOR>
            <BUTTON_TEXTCOLOR>0xFF000000</BUTTON_TEXTCOLOR>
            <BUTTON_BACKCOLOR>0xFFFF8800</BUTTON_BACKCOLOR>
            <BUTTON_ACTIVETEXTCOLOR>0xFF000000</BUTTON_ACTIVETEXTCOLOR>
            <BUTTON_ACTIVEBACKCOLOR>0x7DFFFFFF</BUTTON_ACTIVEBACKCOLOR>

            <KB_KEYBG_HIGHLIGHT>0xFFFF8800</KB_KEYBG_HIGHLIGHT>
            <KB_KEYBG_DISABLED>0xFF808080</KB_KEYBG_DISABLED>
            <KB_KEY_PRESSED>0x7DFF8800</KB_KEY_PRESSED>
            <KB_KEY_NORMAL>0xFF000000</KB_KEY_NORMAL>
            <KB_KEY_DISABLED>0xFFC0C0C0</KB_KEY_DISABLED>
            <KB_KEY_ACTIVEBORDER>0xFF000000</KB_KEY_ACTIVEBORDER>
            <KB_KEY_TEXTCOLOR>0xFF000000</KB_KEY_TEXTCOLOR>
            <KB_KEY_TEXTBACKCOLOR>0x7DFFFFFF</KB_KEY_TEXTBACKCOLOR>
            <KB_KEY_TEXTBORDERCOLOR>0xFF000000</KB_KEY_TEXTBORDERCOLOR>

            <MENU_TEXTCOLOR>0xFFFFFFFF</MENU_TEXTCOLOR>
            <MENU_ACTIVETEXTCOLOR>0xFFFF8000</MENU_ACTIVETEXTCOLOR>
        </ColorScheme>
    
    </Main>

</Skin>