<Skin name="Media Style">
	<Information>
		<Author>dunny</Author>
		<Copyright>Copyright 2003</Copyright>
		<Version>1</Version>
	</Information>

	<FileManager>
		<Background>fmbg.png</Background>
	</FileManager>

	<LoadingScreen ShowInfo="False">
		<Background>loading.png</Background>
	</LoadingScreen>

	<Main Globe="False" Orb="False">
	<BackGround>bg.png</BackGround>

	<GameIcon Enable="True">
		<Position Top="189" Left="349" Width="137" Height="126" />
	</GameIcon>
		
	<Menu Smooth="false" Align="middle" Rotate="false" ShowArrows="false" ShowIcon="false">
	  <Position Top="188" Left="208" Width="95" Height="135"></Position>
	  <Font>trebucbd.xpr</Font>
	</Menu>
		
	<InfoFont>trebucbd.xpr</InfoFont>
 	<Text Left="25" Top="194" width="138" align="right" Source="$Time$"></Text>
	<Text Left="25" Top="214" width="138" align="right" Source="$Date$"></Text>
	<Text Left="448" Top="35" width="138" align="right" color="0xFF7C7C7C" Source="UnleashX Dashboard"></Text>
	<Text Left="448" Top="55" width="138" align="right" color="0xFF7C7C7C" Source="v.$AppVersion$"></Text>
</Main>

	<ColorScheme >
		<MENU_TEXTCOLOR>0xFFFFFFFF</MENU_TEXTCOLOR>
		<MENU_ACTIVETEXTCOLOR>0xFF54CBDF</MENU_ACTIVETEXTCOLOR>
		<MENU_BORDERCOLOR></MENU_BORDERCOLOR>
		<MENU_BACKCOLOR></MENU_BACKCOLOR>
		<MENU_ACTIVEBORDERCOLOR></MENU_ACTIVEBORDERCOLOR>
	</ColorScheme>
</Skin>