﻿<Skin name="WINDOWS 64 BIT IAGM v 15.0.4">
    <Information>
        <Author>IAGM CORP.</Author>
        <Version>15</Version>
        <Copyright>2006</Copyright>
        <Skinner Name="UX Architect" Version="1.0c" />
    </Information>
    <IntroMovie>Intro.wmv</IntroMovie>
    <Filemanager SafeBorder="False">
        <Background>filemanager.png</Background>
    </Filemanager>
    <LoadingScreen ShowInfo="True">
        <Background>xbox 1 -360 V0.2.PNG</Background>
    </LoadingScreen>
    <Main Globe="False" Orb="False" Fog="False">
        <Background EnableAudio="False">WINDOWS  64 BIT.JPG</Background>
        <InfoFont>BookAntiqua-14.xpr</InfoFont>
        <Text Top="130" Left="1" Width="199" Scroll="1" Color="0xFF00FF00" Source="Presiona X para ver la lista reciente de juegos  .......presiona  Y para ver el info del sistema  IAGM Corporation  que buenas  consolas ." Align="Left" />
        <Text Top="109" Left="2" Width="198" Scroll="0" Color="0xFF000000" Source="LAUNCHMODE" Align="Left" />
        <Text Top="86" Left="2" Width="197" Scroll="1" Color="0xFF000000" Source="NICKNAME" Align="Left" />
        <Text Top="64" Left="5" Width="192" Scroll="0" Color="0xFF000000" Source="F_FREEMB" Align="Left" />
        <Text Top="384" Left="415" Width="223" Scroll="1" Color="0xFF000000" Source="DVDTYPE" Align="Left" />
        <Text Top="260" Left="0" Width="200" Scroll="1" Color="0xFF000000" Source="DVDTITLE" Align="Left" />
        <Text Top="280" Left="3" Width="205" Scroll="1" Color="0xFF000000" Source="TRAY" Align="Left" />
        <Text Top="286" Left="216" Width="308" Scroll="1" Color="0xFFFFFFFF" Source="HDDKey" Align="Left" />
        <Text Top="2" Left="438" Width="193" Scroll="0" Color="0xFFFFFFFF" Source="TIME" Align="Left" />
        <Text Top="42" Left="4" Width="192" Scroll="0" Color="0xFF000000" Source="E_FREEMB" Align="Left" />
        <Text Top="241" Left="2" Width="126" Scroll="1" Color="0xFF000000" Source="NUMCLIENT" Align="Left" />
        <Text Top="221" Left="2" Width="197" Scroll="1" Color="0xFF000000" Source="NEWSFEED" Align="Left" />
        <Text Top="198" Left="4" Width="195" Scroll="0" Color="0xFF000000" Source="SONGTIME" Align="Left" />
        <Text Top="151" Left="3" Width="186" Scroll="1" Color="0xFF000000" Source="SONGNAME" Align="Left" />
        <Text Top="447" Left="419" Width="200" Scroll="0" Color="0xFF000000" Source="MBTEMP" Align="Left" />
        <Text Top="428" Left="417" Width="200" Scroll="0" Color="0xFF000000" Source="CPUTEMP" Align="Left" />
        <Text Top="407" Left="416" Width="195" Scroll="0" Color="0xFF000000" Source="FANSPEED" Align="Left" />
        <Text Top="362" Left="415" Width="221" Scroll="0" Color="0xFF000000" Source="IP" Align="Left" />
        <Text Top="19" Left="4" Width="200" Scroll="0" Color="0xFF000000" Source="C_FREEMB" Align="Left" />
        <Text Top="1" Left="3" Width="232" Scroll="1" Color="0xFF000000" Source="APPVERSION" Align="Left" />
        <Text Top="1" Left="241" Width="163" Scroll="0" Color="0xFFFFFFFF" Source="DATE" Align="Left" />
        <Text Top="175" Left="3" Width="195" Scroll="1" Color="0xFF000000" Source="SOUNDTRACK" Align="Left" />
        <Text Top="266" Left="216" Width="154" Scroll="0" Color="0xFFFFFFFF" Source="ChipID" Align="Left" />
        <Text Top="265" Left="372" Width="197" Scroll="0" Color="0xFFFFFFFF" Source="VideoMode" Align="Left" />
        <Image Top="26" Left="205" Width="436" Height="240" Source="GameIcon" />
        <Image Source="GamePreview" />
        <Menu Scroll="True" Smooth="True" Align="Middle" ShowIcon="True" ShowArrows="False">
            <Preview EnableAudio="False" Top="26" Left="200" Width="440" Height="239" />
            <ItemPos Top="311" Left="40" Width="310"></ItemPos>
            <ItemPos Top="346" Left="63" Width="321"></ItemPos>
            <ItemPos Top="379" Left="78" Width="289"></ItemPos>
            <ItemPos Top="413" Left="70" Width="286"></ItemPos>
            <ItemPos Top="448" Left="54" Width="277"></ItemPos>
            <Font>Tahoma-14.xpr</Font>
        </Menu>
        <ColorScheme>
            <AMBIENT_FOGCOLOR>0x7880FF00</AMBIENT_FOGCOLOR>
            <AMBIENT_SKYCOLOR>0xFF00000F</AMBIENT_SKYCOLOR>
            <AMBIENT_CELLCOLOR>0x7800C000</AMBIENT_CELLCOLOR>
            <CAPTION_TEXTCOLOR>0xFFFFFFFF</CAPTION_TEXTCOLOR>
            <CAPTION_BACKCOLOR>0xFF4274FF</CAPTION_BACKCOLOR>
            <DIALOG_BORDERCOLOR>0xFFFFFFFF</DIALOG_BORDERCOLOR>
            <DIALOG_BACKCOLOR>0xFF0000A0</DIALOG_BACKCOLOR>
            <DIALOG_INNER_BORDERCOLOR>0xFFFF0000</DIALOG_INNER_BORDERCOLOR>
            <DIALOG_INNER_BACKCOLOR>0xFF000000</DIALOG_INNER_BACKCOLOR>
            <DIALOG_TEXTCOLOR>0xFFFFFFFF</DIALOG_TEXTCOLOR>
            <DIALOG_DISABLEDTEXT>0xFFB3B3B4</DIALOG_DISABLEDTEXT>
            <OPTION_TEXTCOLOR>0xFFFFFFFF</OPTION_TEXTCOLOR>
            <OPTION_ACTIVETEXTCOLOR>0xFF00FF00</OPTION_ACTIVETEXTCOLOR>
            <OPTION_ACTIVEBACKCOLOR>0xFF408080</OPTION_ACTIVEBACKCOLOR>
            <BUTTON_BORDERCOLOR>0xFFFF0000</BUTTON_BORDERCOLOR>
            <BUTTON_TEXTCOLOR>0xFFFFFFFF</BUTTON_TEXTCOLOR>
            <BUTTON_BACKCOLOR>0xFF273CF3</BUTTON_BACKCOLOR>
            <BUTTON_ACTIVETEXTCOLOR>0xFFFFFFFF</BUTTON_ACTIVETEXTCOLOR>
            <BUTTON_ACTIVEBACKCOLOR>0xFF003399</BUTTON_ACTIVEBACKCOLOR>
            <KB_KEYBG_HIGHLIGHT>0xFF0000FF</KB_KEYBG_HIGHLIGHT>
            <KB_KEYBG_DISABLED>0x78C0C0C0</KB_KEYBG_DISABLED>
            <KB_KEY_PRESSED>0xFF008000</KB_KEY_PRESSED>
            <KB_KEY_NORMAL>0xFF000000</KB_KEY_NORMAL>
            <KB_KEY_DISABLED>0xFFFFFFFF</KB_KEY_DISABLED>
            <KB_KEY_ACTIVEBORDER>0xFFFF0000</KB_KEY_ACTIVEBORDER>
            <KB_KEY_TEXTCOLOR>0xFF000000</KB_KEY_TEXTCOLOR>
            <KB_KEY_TEXTBACKCOLOR>0xFFFFFFFF</KB_KEY_TEXTBACKCOLOR>
            <KB_KEY_TEXTBORDERCOLOR>0x780000FF</KB_KEY_TEXTBORDERCOLOR>
            <MENU_TEXTCOLOR>0xFF00FF40</MENU_TEXTCOLOR>
            <MENU_ACTIVETEXTCOLOR>0xFFFFFFFF</MENU_ACTIVETEXTCOLOR>
            <MENU_BORDERCOLOR>0xFFFF0000</MENU_BORDERCOLOR>
            <MENU_BACKCOLOR>0xFF000000</MENU_BACKCOLOR>
            <MENU_ACTIVEBACKCOLOR>0xFF0000FF</MENU_ACTIVEBACKCOLOR>
            <MENU_ACTIVEBORDERCOLOR>0xFF80FFFF</MENU_ACTIVEBORDERCOLOR>
        </ColorScheme>
    </Main>
</Skin>