<Skin Name="vida">

 <Information>
    <Author>Yonder Ant</Author>
    <Copyright>2005</Copyright>
    <Version>1</Version>
 </Information>

 <FileManager>
  <BackGround>8.png</BackGround>
 </FileManager>

 <LoadingScreen ShowInfo="False">
  <BackGround>a.xmv</BackGround>
 </LoadingScreen>

 <Main globe="False" Orb="False">
  <GameIcon Enable="True">
    <Position Top="230" Left="395" Width="156" Height="156" />
  </GameIcon>
  <Background EnableAudio="false">8.png</background>
    <Menu smooth="False" Align="Middle" ShowArrows="yes" ShowIcon="false" Rotate="False">
        <Position left="335" Top="40" Width="280" Height="115" />
	<Font>10.xpr</Font>
    </Menu>
		<Text Left="385" Top="178" Align="Left" Color="0xFFFFFFFF" Source="E_Free">E:</Text>
		<Text Left="333" Top="422" Align="Left" Color="0xFFFFFFFF" Source="DateTime"></Text>		
		<Text Left="375" Top="198" Align="Left" Color="0xFFFFFFFF" Source="IP">IP:</Text>	
		<text left="323" top="395" width="330" scroll="2" color="0xFFFFFFFF" source="NewsFeed"/>
 </Main>
 <ColorScheme>
    <MENU_TEXTCOLOR>0xFFFFFFFF</MENU_TEXTCOLOR>
    <MENU_ACTIVETEXTCOLOR>0xFF000000</MENU_ACTIVETEXTCOLOR>
    <MENU_ACTIVEBACKCOLOR>0xFFB9B9B9</MENU_ACTIVEBACKCOLOR>
 </ColorSceme>
</Skin>

















































































