<Skin name="Riddick Unleashed">
	<Information>
		<Author>dunny</Author>
		<Copyright>2004</Copyright>
		<Version>1</Version>
	</Information>
 
	<IntroMovie>splash.wmv</IntroMovie>

	<Main Globe="True" Orb="False" Fog="False">
	  <Cellwall>Cell.png</Cellwall>
  	  <BackGround>main.png</BackGround>
	  <Image Top="30" Left="455" width="148" Height="130" Source="GameIcon"/>
	  <Image Source="GamePreview"/>
	 <Menu Smooth="False" Align="Middle" ShowIcon="False" Rotate="True" ShowArrows="False">
	  <ItemPos Top="358" Left="0" Width="327" Height="16" Align="Middle"></ItemPos>
	  <ItemPos Top="375" Left="0" Width="327" Height="16" Align="Middle"></ItemPos>
	  <ItemPos Top="391" Left="0" Width="327" Height="16" Align="Middle"></ItemPos>
	  <Font>menufont.xpr</Font>
	  <Preview EnableAudio="True" Top="30" Left="455" width="148" Height="130" />
	</Menu>

	<InfoFont>infofont.xpr</InfoFont>
	<Text Left="36" Top="17" Width="158" Color="0xFF15C6E6" Source="$C_Free$ free"></Text>
	<Text Left="36" Top="34" Width="158" Color="0xFF15C6E6" Source="DvdTitle"></Text>
	<Text Left="36" Top="50" Width="158" Color="0xFF15C6E6" Source="$E_Free$ free"></Text>
	<Text Left="36" Top="68" Width="158" Color="0xFF15C6E6" Source="$F_Free$ free"></Text>
	<Text Left="36" Top="85" Width="158" Color="0xFF15C6E6" Source="$G_Free$ free"></Text>
	<Text Left="53" Top="115" Width="154" Color="0xFF15C6E6" Source="$MBTempC$"></Text>
	<Text Left="53" Top="132" Width="154" Color="0xFF15C6E6" Source="$CPUTempC$"></Text>
	<Text Left="64" Top="149" Width="150" Color="0xFF15C6E6" Source="$Version$"></Text>
	<Text Left="72" Top="180" Width="118" Color="0xFF15C6E6" Source="SongName"></Text>
	<Text Left="67" Top="197" Width="120" Color="0xFF15C6E6" Source="SoundTrack"></Text>
	<Text Left="448" Top="180" Width="158" Color="0xFF15C6E6" Source="$IP$" Align="Right"></Text>
	<Text Left="444" Top="197" Width="135" Color="0xFF15C6E6" Source="$NumClient$ User{s}" Align="Right"></Text>
	</Main>

	<ColorScheme>
		<MENU_TEXTCOLOR>0xFFA3A3A3</MENU_TEXTCOLOR>
		<MENU_ACTIVETEXTCOLOR>0xFFFFFFFF</MENU_ACTIVETEXTCOLOR>
	</ColorScheme>
</Skin>