<Skin name="UnleashX Blue">
	<Information>
	  <Author>Athloni</Author>
	</Information>
	<Main Globe="True" Orb="True" Fog="True">
	  <Background>fog.png</Background>
	  <Orb>orb_und.png</Orb>
	  <Cellwall>Cell.png</Cellwall>
	  <Image>bgms.png</Image>
	  <Image Source="GameIcon" />
	  <Image Left="130" Top="118" Width="110" Height="110" Source="GamePreview" />
	  <Image Left="90" Top="83" Width="233" Height="233" Opacity="100">orb_up.png</Image>
	  <Menu Smooth="False" Align="Left" ShowArrows="True" Rotate="False" ShowIcon="False">
	      <Preview EnableAudio="False" Left="148" Top="136" Width="130" Height="136" />
		<font>Crystal_clear_14.xpr</font>
		<Position Left="365" Top="75" Width="250" Height="254" Fixed="False" FixAt="1" MaxItem="8">
		</Position>
		</Menu>
		<Text Left="380" Top="27" Align="Left" Color="0xFF034D7C" Source="$Time$"></Text>
		<Text Left="500" top="27" Align="Left" color="0xFF034D7C" source="$Date$"></Text>
		<Text Left="500" Top="340" Align="Left" Color="0xFF034D7C" Source="CPUTemp"></Text>
		<Text Left="500" Top="358" Align="Left" Color="0xFF034D7C" Source="MBTemp"></Text>
		<Text Left="345" Top="344" Align="Left" Color="0xFF034D7C" Source="Tray"></Text>


	</Main>
	<LoadingScreen>
	<Background>loading.png</Background>
	</LoadingScreen>
	<ColorScheme >
		<AMBIENT_FOGCOLOR>0xFF010931</AMBIENT_FOGCOLOR>
		<AMBIENT_SKYCOLOR>0x00000000</AMBIENT_SKYCOLOR>
		<AMBIENT_CELLCOLOR>0xFFFFFFFF</AMBIENT_CELLCOLOR>

			<CAPTION_TEXTCOLOR>0xFFFFFFC0</CAPTION_TEXTCOLOR>
			<CAPTION_BACKCOLOR>0xFF000000</CAPTION_BACKCOLOR>
			<DIALOG_BORDERCOLOR>0xFFFFFFFF</DIALOG_BORDERCOLOR>
			<DIALOG_BACKCOLOR>0xCD1E34F2</DIALOG_BACKCOLOR>
			<DIALOG_INNER_BORDERCOLOR>0xFFFFE2B4</DIALOG_INNER_BORDERCOLOR>
			<DIALOG_INNER_BACKCOLOR>0xE1003399</DIALOG_INNER_BACKCOLOR>
			<DIALOG_TEXTCOLOR>0xFFFFFFFF</DIALOG_TEXTCOLOR>
			<DIALOG_DISABLEDTEXT>0x7F0000C0</DIALOG_DISABLEDTEXT>
			<OPTION_TEXTCOLOR>0xFFFFFFFF</OPTION_TEXTCOLOR>
			<OPTION_ACTIVETEXTCOLOR>0xFF40FFFF</OPTION_ACTIVETEXTCOLOR>
			<OPTION_ACTIVEBACKCOLOR>0xFF000080</OPTION_ACTIVEBACKCOLOR>
			<BUTTON_BORDERCOLOR>0xFFFFE2B4</BUTTON_BORDERCOLOR>
			<BUTTON_TEXTCOLOR>0xFF993300</BUTTON_TEXTCOLOR>
			<BUTTON_BACKCOLOR>0xCD1E34F2</BUTTON_BACKCOLOR>
			<BUTTON_ACTIVETEXTCOLOR>0xFFFFFFFF</BUTTON_ACTIVETEXTCOLOR>
			<BUTTON_ACTIVEBACKCOLOR>0xE1003399</BUTTON_ACTIVEBACKCOLOR>
			<KB_KEYBG_HIGHLIGHT>0xcc0000C0</KB_KEYBG_HIGHLIGHT>
			<KB_KEYBG_DISABLED>0xffc0c0c0</KB_KEYBG_DISABLED>
			<KB_KEY_PRESSED>0xff808080</KB_KEY_PRESSED>
			<KB_KEY_NORMAL>0xff000000</KB_KEY_NORMAL>
			<KB_KEY_DISABLED>0xff808080</KB_KEY_DISABLED>
			<KB_KEY_ACTIVEBORDER>0xff0000FF</KB_KEY_ACTIVEBORDER>
			<KB_KEY_TEXTCOLOR>0xff000000</KB_KEY_TEXTCOLOR>
			<KB_KEY_TEXTBACKCOLOR>0xffFFFFFF</KB_KEY_TEXTBACKCOLOR>
			<KB_KEY_TEXTBORDERCOLOR>0xff0000FF</KB_KEY_TEXTBORDERCOLOR>
			
		<MENU_TEXTCOLOR>0xFF3170CE</MENU_TEXTCOLOR>
		<MENU_ACTIVETEXTCOLOR>0xFF72BCFF</MENU_ACTIVETEXTCOLOR>
		<MENU_ACTIVEBACKCOLOR>0x00000000</MENU_ACTIVEBACKCOLOR>
		<MENU_ACTIVEBORDERCOLOR>0x00000000</MENU_ACTIVEBORDERCOLOR>
		<MENU_BORDERCOLOR>0xFF058E93</MENU_BORDERCOLOR>
		<MENU_BACKCOLOR>0xFF058E93</MENU_BACKCOLOR>
	</ColorScheme>
</Skin>