﻿<Skin name="Project Mayhem">
    
	<Information>
        <Author>Chokemaniac</Author>
        <Version>1</Version>
        <Copyright>2004</Copyright>
        <ScreenSize Width="640" Height="480" />
        <Skinner Name="UX Architect" Version="1.0c" />
        </Information>
 	
	<FileManager>
  	<BackGround SafeBorder="False" DrawBorder="True">background3.png</BackGround>
 	</FileManager>

 	<LoadingScreen ShowInfo="False">
  	<BackGround>loading.png</BackGround>
 	</LoadingScreen>
        
    	<Main Globe="False" Orb="False" Fog="False">
        <Background EnableAudio="False">background.xmv</Background>

	<Image Left="" Top="" Width="640" Height="480">background2.png</Image>

        <Image Source="GamePreview" />

	<Image Top="308" Left="485" Width="108" Height="109" Source="GameIcon" />        

	<Image Left="" Top="" Width="640" Height="480">background.png</Image>

	<Menu Smooth="False" Align="Left" Rotate="False" ShowIcon="False">
	<Preview EnableAudio="True" Top="67" Left="290" Width="272" Height="214" />	
	<Position Top="330" Left="40" Width="300" Height="136" Fixed="False" FixAt="3" MaxItem="6" />
        <Font>common-font14.xpr</Font>
        </Menu>
		<InfoFont>common-font12.xpr</InfoFont>
		<*Text Left="40" Top="20" Align="Left" Color="0xFF4B6284" Source="$DateTime$"><*/Text>
                <*Text Left="600" Top="20" Align="Right" Color="0xFF4B6284" Source="NewsFeed"><*/Text>
		<*Text Left="40" Top="50" Align="Left" Color="0xFF4B6284" Source="SongName"><*/Text>
		     
	<ColorScheme>
	<CAPTION_TEXTCOLOR>0xFFFFFFFF</CAPTION_TEXTCOLOR>
        <CAPTION_BACKCOLOR>0xD1000000</CAPTION_BACKCOLOR>
	<DIALOG_BORDERCOLOR>0xE1000000</DIALOG_BORDERCOLOR>
        <DIALOG_BACKCOLOR>0xD11C404A</DIALOG_BACKCOLOR>
        <DIALOG_INNER_BORDERCOLOR>0xFF000000</DIALOG_INNER_BORDERCOLOR>
        <DIALOG_INNER_BACKCOLOR>0x415A909E</DIALOG_INNER_BACKCOLOR>
        <DIALOG_TEXTCOLOR>0xFFFFFFFF</DIALOG_TEXTCOLOR>
        <DIALOG_DISABLEDTEXT>0x6BFFFFFF</DIALOG_DISABLEDTEXT>
        
	<OPTION_TEXTCOLOR>0xDDFFFFFF</OPTION_TEXTCOLOR>
        <OPTION_ACTIVETEXTCOLOR>0xFFFFFFFF</OPTION_ACTIVETEXTCOLOR>
        <OPTION_ACTIVEBACKCOLOR>0xD1031C23</OPTION_ACTIVEBACKCOLOR>
        
	<BUTTON_BORDERCOLOR>0xFF000000</BUTTON_BORDERCOLOR>
        <BUTTON_TEXTCOLOR>0xFFFFFFFF</BUTTON_TEXTCOLOR>
        <BUTTON_BACKCOLOR>0xB61C404A</BUTTON_BACKCOLOR>
        <BUTTON_ACTIVETEXTCOLOR>0xFFFFFFFF</BUTTON_ACTIVETEXTCOLOR>
        <BUTTON_ACTIVEBACKCOLOR>0x605A909E</BUTTON_ACTIVEBACKCOLOR>
        
	<KB_KEYBG_HIGHLIGHT>0xCC5A909E</KB_KEYBG_HIGHLIGHT>
        <KB_KEYBG_DISABLED>0x28000000</KB_KEYBG_DISABLED>
        <KB_KEY_PRESSED>0xFF000000</KB_KEY_PRESSED>
        <KB_KEY_NORMAL>0xFF000000</KB_KEY_NORMAL>
        <KB_KEY_DISABLED>0x9BFFFFFF</KB_KEY_DISABLED>
        <KB_KEY_ACTIVEBORDER>0xFFFFFFFF</KB_KEY_ACTIVEBORDER>
        <KB_KEY_TEXTCOLOR>0xFFFFFFFF</KB_KEY_TEXTCOLOR>
        <KB_KEY_TEXTBACKCOLOR>0x34000000</KB_KEY_TEXTBACKCOLOR>
        <KB_KEY_TEXTBORDERCOLOR>0xFF000000</KB_KEY_TEXTBORDERCOLOR>
        
	<MENU_TEXTCOLOR>0x9BFFFFFF</MENU_TEXTCOLOR>
        <MENU_ACTIVETEXTCOLOR>0xFFFFFFFF</MENU_ACTIVETEXTCOLOR>
	</ColorScheme>

</Main>
</Skin>