<Skin Name="Neo Genesis Evangelion">
<Information>
<author>Morfeus1279</Author>
<Copyright>2004</Copyright>
<Version>10</Version>
</Information>
	<Main globe="True" Orb="False">
	<Background EnableAudio="True">bg.png</background>
	<Image Left="378" Top="207" Width="160" Height="160">round.png</Image>
	<GameIcon Enable="True" Opacity="0">
			<Position Top="230" Left="400" Width="120" Height="120" />
		</GameIcon>
		<Menu Smooth="False" Align="Left" Rotate="False" ShowIcon="False">
		<Position Top="370" Left="220" Width="310" Height="90" Fixed="False" FixAt="1" MaxItem="8">
		</Position>
		</menu>
		<text Left="280" Top="17" Align="Left" Color="0xFF000000" Source="$DateTime$" />
		<Text Left="445" Top="415" Align="Left" Color="0xFF000000" Source="IP:$IP$"></Text>
		<Text Left="445" Top="435" Align="Left" Color="0xFF000000" Source="User: $NumClient$"></Text>
		<text Left="445" Top="130" Align="Left" Color="0xFF000000" Source="DVD: $Tray$"></Text>
		<Text Left="445" Top="150" Align="Left" Color="0xFF000000" Source="CPU Temp: $CPUTempC$"></Text>
		<Text Left="445" Top="170" Align="Left" Color="0xFF000000" Source="E:\$E_FreeMB$"></Text>
		<Text Left="445" Top="190" Align="Left" Color="0xFF000000" Source="F:\$F_FreeMB$"></Text>
</Main>
<FileManager>
 <BackGround>fmbg.png</BackGround>
</FileManager>
<LoadingScreen ShowInfo="False">
<Backgroung>load.png</Background>
</LoadingScreen>
		<ColorScheme Name="Default">
			<AMBIENT_FOGCOLOR>0xFF000020</AMBIENT_FOGCOLOR>
			<AMBIENT_SKYCOLOR>0xFF004E98</AMBIENT_SKYCOLOR>
			<AMBIENT_CELLCOLOR>0x06F7FAFD</AMBIENT_CELLCOLOR>

			<CAPTION_TEXTCOLOR>0xFFFFFFFF</CAPTION_TEXTCOLOR>	<!-- titolo finestra -->        
			<CAPTION_BACKCOLOR>0x00000000</CAPTION_BACKCOLOR>	<!-- sfondo titolo finestra --> 
			<DIALOG_BORDERCOLOR>0xFF2B90FF</DIALOG_BORDERCOLOR> 	<!-- Bordo finestra -->    
			<DIALOG_BACKCOLOR>0xFF0055EA</DIALOG_BACKCOLOR>
			<DIALOG_INNER_BORDERCOLOR>0xFF0048F1</DIALOG_INNER_BORDERCOLOR>
			<DIALOG_INNER_BACKCOLOR>0xFFFFFFFF</DIALOG_INNER_BACKCOLOR>
			<DIALOG_TEXTCOLOR>0xFF000000</DIALOG_TEXTCOLOR>

			<DIALOG_DISABLEDTEXT>0x7FC0C0C0</DIALOG_DISABLEDTEXT>

			<OPTION_TEXTCOLOR>0xFF000000</OPTION_TEXTCOLOR>
			<OPTION_ACTIVETEXTCOLOR>0xFFFFFFFF</OPTION_ACTIVETEXTCOLOR>
			<OPTION_ACTIVEBACKCOLOR>0xFF0048F1</OPTION_ACTIVEBACKCOLOR>

			<BUTTON_BORDERCOLOR>0xFFFFFFFF</BUTTON_BORDERCOLOR>
			<BUTTON_TEXTCOLOR>0xFFFFFFFF</BUTTON_TEXTCOLOR>
			<BUTTON_BACKCOLOR>0xFF0055EA</BUTTON_BACKCOLOR>
			<BUTTON_ACTIVETEXTCOLOR>0xFF0055EA</BUTTON_ACTIVETEXTCOLOR>
			<BUTTON_ACTIVEBACKCOLOR>0xFFFFFFFF</BUTTON_ACTIVEBACKCOLOR>
		
			<AMBIENT_FOGCOLOR>0x00000000</AMBIENT_FOGCOLOR>
			<AMBIENT_SKYCOLOR>0x00000000</AMBIENT_SKYCOLOR>
			<AMBIENT_CELLCOLOR>0x00000000</AMBIENT_CELLCOLOR>

			<KB_KEYBG_HIGHLIGHT>0xCC00C000</KB_KEYBG_HIGHLIGHT>  		<!-- Inizio colori tastiera -->
			<KB_KEYBG_DISABLED>0xffc0c0c0</KB_KEYBG_DISABLED>
			<KB_KEY_PRESSED>0xff808080</KB_KEY_PRESSED>
			<KB_KEY_NORMAL>0xff000000</KB_KEY_NORMAL>
			<KB_KEY_DISABLED>0xff808080</KB_KEY_DISABLED>
			<KB_KEY_ACTIVEBORDER>0xff008000</KB_KEY_ACTIVEBORDER>
			<KB_KEY_TEXTCOLOR>0xff000000</KB_KEY_TEXTCOLOR>
			<KB_KEY_TEXTBACKCOLOR>0xffFFFFFF</KB_KEY_TEXTBACKCOLOR>
			<KB_KEY_TEXTBORDERCOLOR>0xff0000FF</KB_KEY_TEXTBORDERCOLOR>	<!-- Fine colori tastiera -->
				
			<MENU_TEXTCOLOR>0x460066CC</MENU_TEXTCOLOR> 			<!-- colore testo menu principale -->
			<MENU_ACTIVETEXTCOLOR>0xFFFFFFFF</MENU_ACTIVETEXTCOLOR> 	<!-- colore testo attivo menu principale -->
			<MENU_BORDERCOLOR>0x000000</MENU_BORDERCOLOR> 			<!-- colore bordo menu principale -->
			<MENU_BACKCOLOR>0x00000000</MENU_BACKCOLOR> 			<!-- colore background menu principale -->
			<MENU_ACTIVEBACKCOLOR>0x00000000</MENU_ACTIVEBACKCOLOR> 	<!-- colore background barra menu principale -->
			<MENU_ACTIVEBORDERCOLOR>0x00000000</MENU_ACTIVEBORDERCOLOR> 	<!-- colore bordo barra menu principale -->
		</ColorScheme>

</Skin>
