<Skin name="community">
	<Information>
		<Author>Tweaqr</Author>
		<Copyright>Tweaqr the background was done by an UNK auther</Copyright>
	</Information>
	<Main Globe="True" Orb="False" Fog="False">
		<Cellwall>Cell.png</Cellwall>
		<Menu Smooth="True" Align="Middle" ShowIcon="False" Rotate="False" ShowArrows="False" >
			<Position Top="100" Left="50" Width="220" Height="275" Fixed="False" FixAt="1" MaxItem="8"></Position>
			<Preview EnableAudio="True" Left="280" Top="204" Width="75" Height="75" />
		</Menu>
		<Text Left="500" Top="57" Align="Middle" Color="0xFFB4A7B1" Source="Time"></Text>
		<Text Left="500" Top="77" Align="Middle" Color="0xFFB4A7B1" Source="Tray"></Text>
		<Image Top="310" Left="495" Width="50" Height="50" Opacity="100" Source="GameIcon" />
		<Image Source="GamePreview" />
		<Image Top="0" Left="0" Width="640" Height="480" Opacity="90">overlay.png</Image>
	</Main>
	<ColorScheme >
		<AMBIENT_FOGCOLOR>0x00C0C0C0</AMBIENT_FOGCOLOR>
		<AMBIENT_SKYCOLOR>0x00FFFFFF</AMBIENT_SKYCOLOR>
		<AMBIENT_CELLCOLOR>0x00FFFFFF</AMBIENT_CELLCOLOR>

		<CAPTION_TEXTCOLOR>0xFFffffff</CAPTION_TEXTCOLOR>
		<CAPTION_BACKCOLOR>0xFFFFFFF</CAPTION_BACKCOLOR>
		<DIALOG_BORDERCOLOR>0xFFFFFFFF</DIALOG_BORDERCOLOR>
		<DIALOG_BACKCOLOR>0xFF000000</DIALOG_BACKCOLOR>
		<DIALOG_INNER_BORDERCOLOR>0xFFFFFFFF</DIALOG_INNER_BORDERCOLOR>
		<DIALOG_INNER_BACKCOLOR>0xFF808080</DIALOG_INNER_BACKCOLOR>
		<DIALOG_TEXTCOLOR>0xFF000000</DIALOG_TEXTCOLOR>

		<DIALOG_DISABLEDTEXT>0xFFC0C0C0</DIALOG_DISABLEDTEXT>

		<OPTION_TEXTCOLOR>0xFF000000</OPTION_TEXTCOLOR>
		<OPTION_ACTIVETEXTCOLOR>0xFFFFFFFF</OPTION_ACTIVETEXTCOLOR>
		<OPTION_ACTIVEBACKCOLOR>0xFFB4A7B1</OPTION_ACTIVEBACKCOLOR>

		<BUTTON_BORDERCOLOR></BUTTON_BORDERCOLOR>
		<BUTTON_TEXTCOLOR>0xFFC1C6C1</BUTTON_TEXTCOLOR>
		<BUTTON_BACKCOLOR>0xCD636482</BUTTON_BACKCOLOR>
		<BUTTON_ACTIVETEXTCOLOR>0xFFFFFFFF</BUTTON_ACTIVETEXTCOLOR>
		<BUTTON_ACTIVEBACKCOLOR>0xFFB4A7B1</BUTTON_ACTIVEBACKCOLOR>	
		
		<KB_KEYBG_HIGHLIGHT>0xCCC1C1C1</KB_KEYBG_HIGHLIGHT>
		<KB_KEYBG_DISABLED>0xffc0c0c0</KB_KEYBG_DISABLED>
		<KB_KEY_PRESSED>0xff808080</KB_KEY_PRESSED>
		<KB_KEY_NORMAL>0xff000000</KB_KEY_NORMAL>
		<KB_KEY_DISABLED>0xff808080</KB_KEY_DISABLED>
		<KB_KEY_ACTIVEBORDER>0xff007C7C7C</KB_KEY_ACTIVEBORDER>
		<KB_KEY_TEXTCOLOR>0xff000000</KB_KEY_TEXTCOLOR>
		<KB_KEY_TEXTBACKCOLOR>0xffFFFFFF</KB_KEY_TEXTBACKCOLOR>
		<KB_KEY_TEXTBORDERCOLOR>0xff0000FF</KB_KEY_TEXTBORDERCOLOR>
		
		<MENU_TEXTCOLOR>0xFFB4A7B1</MENU_TEXTCOLOR>
		<MENU_ACTIVETEXTCOLOR>0xFFFFFFFF</MENU_ACTIVETEXTCOLOR>
		<MENU_BORDERCOLOR>0x00000000</MENU_BORDERCOLOR>
		<MENU_BACKCOLOR>0x00000000</MENU_BACKCOLOR>
		<MENU_ACTIVEBACKCOLOR></MENU_ACTIVEBACKCOLOR>
		<MENU_ACTIVEBORDERCOLOR></MENU_ACTIVEBORDERCOLOR>
	</ColorScheme>
</Skin>