<Skin name="blumoshun">
	<Information>
		<Author>hydraulix</Author>
		<Copyright>Copyright 2003</Copyright>
		<Version>4.2</Version>
	</Information>
	<Main Globe="True" Orb="False">
		<BackGround>bg.png</BackGround>
		<Cellwall>Cell.png</Cellwall>
		<Orb>orb.png</Orb>
		<Icon>orb.png</Icon>
		<GameIcon Enable="True" Opacity="40">
			<Position Top="218" Left="457" Width="120" Height="100" />
		</GameIcon>
		<Menu Smooth="True" Align="Middle" Rotate="False" ShowIcon="False">
		<Position Top="30" Left="305" Width="25" Height="120" Fixed="True" FixAt="3" MaxItem="6">
		</Position>
		</Menu>
		<Text Left="35" Top="250" Align="Left" Color="0xFFFFFFFF" Source="CPUTemp"></Text>
		<Text Left="35" Top="270" Align="Left" Color="0xFFFFFFFF" Source="MBTemp"></Text>
		<Text Left="35" Top="370" Align="Left" Color="0xFFFFFFFF" Source="C_FreeMB"></Text>
		<Text Left="35" Top="390" Align="Left" Color="0xFFFFFFFF" Source="E_FreeMB"></Text>
		<Text Left="35" Top="410" Align="Left" Color="0xFFFFFFFF" Source="F_FreeMB"></Text>
		<Text Left="35" Top="430" Align="Left" Color="0xFFFFFFFF" Source="G_FreeMB"></Text>
		<Text Left="605" Top="390" Align="Right" Color="0xFFFFFFFF" Source="Time"></Text>
		<Text Left="605" Top="410" Align="Right" Color="0xFFFFFFFF" Source="Date"></Text>
		<Text Left="605" Top="430" Align="Right" Color="0xFFFFFFFF" Source="Newsfeed"></Text>
	</Main>

	
	<ColorScheme >
		<AMBIENT_FOGCOLOR>0xFF000000</AMBIENT_FOGCOLOR>
		<AMBIENT_SKYCOLOR></AMBIENT_SKYCOLOR>
		<AMBIENT_CELLCOLOR>0xFFFFFFFF</AMBIENT_CELLCOLOR>

		<CAPTION_TEXTCOLOR>0xFFFFFFC0</CAPTION_TEXTCOLOR>
		<CAPTION_BACKCOLOR>0xFF686485</CAPTION_BACKCOLOR>
		<DIALOG_BORDERCOLOR>0xFF0C0A18</DIALOG_BORDERCOLOR>
		<DIALOG_BACKCOLOR>0xCD636482</DIALOG_BACKCOLOR>
		<DIALOG_INNER_BORDERCOLOR>0xFF636482</DIALOG_INNER_BORDERCOLOR>
		<DIALOG_INNER_BACKCOLOR>0xE1004100</DIALOG_INNER_BACKCOLOR>
		<DIALOG_TEXTCOLOR>0xFFFFFFFF</DIALOG_TEXTCOLOR>

		<DIALOG_DISABLEDTEXT>0x7F086820</DIALOG_DISABLEDTEXT>

		<OPTION_TEXTCOLOR>0xFF02C90C</OPTION_TEXTCOLOR>
		<OPTION_ACTIVETEXTCOLOR>0xFFFFFFFF</OPTION_ACTIVETEXTCOLOR>
		<OPTION_ACTIVEBACKCOLOR>0xFF02C90C</OPTION_ACTIVEBACKCOLOR>

		<BUTTON_BORDERCOLOR>0xFF0C0A18</BUTTON_BORDERCOLOR>
		<BUTTON_TEXTCOLOR>0xFF02C90C</BUTTON_TEXTCOLOR>
		<BUTTON_BACKCOLOR>0xCD636482</BUTTON_BACKCOLOR>
		<BUTTON_ACTIVETEXTCOLOR>0xFFFFFFFF</BUTTON_ACTIVETEXTCOLOR>
		<BUTTON_ACTIVEBACKCOLOR>0xE102C90C</BUTTON_ACTIVEBACKCOLOR>	
		
		<KB_KEYBG_HIGHLIGHT>0xCC00C000</KB_KEYBG_HIGHLIGHT>
		<KB_KEYBG_DISABLED>0xffc0c0c0</KB_KEYBG_DISABLED>
		<KB_KEY_PRESSED>0xff808080</KB_KEY_PRESSED>
		<KB_KEY_NORMAL>0xff000000</KB_KEY_NORMAL>
		<KB_KEY_DISABLED>0xff808080</KB_KEY_DISABLED>
		<KB_KEY_ACTIVEBORDER>0xff008000</KB_KEY_ACTIVEBORDER>
		<KB_KEY_TEXTCOLOR>0xff000000</KB_KEY_TEXTCOLOR>
		<KB_KEY_TEXTBACKCOLOR>0xffFFFFFF</KB_KEY_TEXTBACKCOLOR>
		<KB_KEY_TEXTBORDERCOLOR>0xff0000FF</KB_KEY_TEXTBORDERCOLOR>
		
		<MENU_TEXTCOLOR>0xFFFFFFFF</MENU_TEXTCOLOR>
		<MENU_ACTIVETEXTCOLOR>0xFF40FF40</MENU_ACTIVETEXTCOLOR>
		<MENU_BORDERCOLOR>0x00000000</MENU_BORDERCOLOR>
		<MENU_BACKCOLOR>0x00000000</MENU_BACKCOLOR>
		<MENU_ACTIVEBACKCOLOR></MENU_ACTIVEBACKCOLOR>
		<MENU_ACTIVEBORDERCOLOR></MENU_ACTIVEBORDERCOLOR>
	</ColorScheme>
</Skin>