<Skin name="keneda">
	<Information>
		<Author>keneda</Author>
		<Copyright>Copyright 2003</Copyright>
		<Version>1.0</Version>
	</Information>

<FileManager>
  	<BackGround>Background.png</BackGround>
</FileManager>


<LoadingScreen ShowInfo="True">
  	<BackGround>Background.png</BackGround>
</LoadingScreen>


<Main Globe="True" Orb="False">

<BackGround>Background.png</BackGround>

<Menu Smooth="True" Align="Middle" Rotate="False" ShowIcon="False">
<Font>aston.xpr</Info>
<Position Top="260" Left="70" Width="110" Height="100" Fixed="False" FixAt="5" MaxItem="5">

</Position>

<Preview Left="390" Top="30" Width="225" Height="170" />

</Menu>

                               
		<Text Left="45" Top="40" Align="Left" Color="0xFFFFFFFF" Source="C_FreeMB"></Text>
		<Text Left="45" Top="55" Align="Left" Color="0xFFFFFFFF" Source="E_FreeMB"></Text>
		
		
		<Text Left="620" Top="400" Align="Right" Color="0xFFFFFFFF" Source="Tray"></Text>
		<Text Left="400" Top="10" Align="Right" Color="0xFFFFFFFF" Source="NickName"></Text>
		
		<Text Left="65" Top="70" Color="0xFFFFFFFF" Source="FanSpeed"></Text>
                               
		<Text Left="65" Top="85" Align="Left" Color="0xFFFFFFFF" Source="CPUTemp"></Text>
		<Text Left="65" Top="100" Align="Left" Color="0xFFFFFFFF" Source="MBTemp"></Text>
		
                               
		<Text Left="450" Top="260" Align="Left" Color="0xFFFFFFFF" Source="IP"></Text>
		<Text Left="380" Top="280" Align="Left" Color="0xFFFFFFFF" Source="AppVersion"></Text>
                <Image Top="30" Left="390" Width="225" Height="170" Source="GameIcon" />
                <Image Source="GamePreview" />

</Main>

             <ColorScheme Name="keneda">
			<AMBIENT_FOGCOLOR>0xFF000040</AMBIENT_FOGCOLOR>
			<AMBIENT_SKYCOLOR>0xFF000040</AMBIENT_SKYCOLOR>
			<AMBIENT_CELLCOLOR>0x065A79CE</AMBIENT_CELLCOLOR>
			<CAPTION_TEXTCOLOR>0xFFFFFFC0</CAPTION_TEXTCOLOR>
			<CAPTION_BACKCOLOR>0xFF4274FF</CAPTION_BACKCOLOR>
			<DIALOG_BORDERCOLOR>0xFFFFFFFF</DIALOG_BORDERCOLOR>
			<DIALOG_BACKCOLOR>0xFF1E34F2</DIALOG_BACKCOLOR>
			<DIALOG_INNER_BORDERCOLOR>0xFFFFE2B4</DIALOG_INNER_BORDERCOLOR>
			<DIALOG_INNER_BACKCOLOR>0xE1003399</DIALOG_INNER_BACKCOLOR>
			<DIALOG_TEXTCOLOR>0xFFFFFFFF</DIALOG_TEXTCOLOR>
			<DIALOG_DISABLEDTEXT>0x7F0000C0</DIALOG_DISABLEDTEXT>
			<OPTION_TEXTCOLOR>0xFFFFFFFF</OPTION_TEXTCOLOR>
			<OPTION_ACTIVETEXTCOLOR>0xFF40FFFF</OPTION_ACTIVETEXTCOLOR>
			<OPTION_ACTIVEBACKCOLOR>0xFF000080</OPTION_ACTIVEBACKCOLOR>
			<BUTTON_BORDERCOLOR>0xFFFFE2B4</BUTTON_BORDERCOLOR>
			<BUTTON_TEXTCOLOR>0xFF993300</BUTTON_TEXTCOLOR>
			<BUTTON_BACKCOLOR>0xCD1E34F2</BUTTON_BACKCOLOR>
			<BUTTON_ACTIVETEXTCOLOR>0xFFFFFFFF</BUTTON_ACTIVETEXTCOLOR>
			<BUTTON_ACTIVEBACKCOLOR>0xE1003399</BUTTON_ACTIVEBACKCOLOR>
			<KB_KEYBG_HIGHLIGHT>0xcc0000C0</KB_KEYBG_HIGHLIGHT>
			<KB_KEYBG_DISABLED>0xffc0c0c0</KB_KEYBG_DISABLED>
			<KB_KEY_PRESSED>0xff808080</KB_KEY_PRESSED>
			<KB_KEY_NORMAL>0xff000000</KB_KEY_NORMAL>
			<KB_KEY_DISABLED>0xff808080</KB_KEY_DISABLED>
			<KB_KEY_ACTIVEBORDER>0xff0000FF</KB_KEY_ACTIVEBORDER>
			<KB_KEY_TEXTCOLOR>0xff000000</KB_KEY_TEXTCOLOR>
			<KB_KEY_TEXTBACKCOLOR>0xffFFFFFF</KB_KEY_TEXTBACKCOLOR>
			<KB_KEY_TEXTBORDERCOLOR>0xff0000FF</KB_KEY_TEXTBORDERCOLOR>
			<MENU_TEXTCOLOR>0x99FFFFFF</MENU_TEXTCOLOR>
			<MENU_ACTIVETEXTCOLOR>0xFFAEDDDA</MENU_ACTIVETEXTCOLOR>
			<MENU_BORDERCOLOR>0x00000000</MENU_BORDERCOLOR>
			<MENU_BACKCOLOR>0x00000000</MENU_BACKCOLOR>
			<MENU_ACTIVEBACKCOLOR>0x00000000</MENU_ACTIVEBACKCOLOR>
			<MENU_ACTIVEBORDERCOLOR>0x00000000</MENU_ACTIVEBORDERCOLOR>
		</ColorScheme>


