<Skin name="Ammo-X">
	<Information>
		<Author>Tweaqr</Author>
		<Copyright>Copyright 2004</Copyright>
		<Version>1.0</Version>
	</Information>
	<IntroMovie>intro.wmv</IntroMovie>
	<Main Globe="True" Orb="False">
		<BackGround EnableAudio="True">bg.png</BackGround>
		<Cellwall>cell.png</cellwall>
		<Menu Smooth="True" ShowArrows="False" ShowIcon="True" Rotate="True" Horizontal="True">
			<BackColor>0x000000</BackColor>
			<Position Top="430" Left="85" Width="470" Height="240" />
			<Preview EnableAudio="True" Left="249" Top="242" Width="141" Height="141" />
		</Menu>
		<InfoFont>Arial_Black_14.xpr</InfoFont>

		<Text Left="95" Top="45"  Color="0xFFD8A963" Source="DateTime" />
		<Text Left="95" Top="65" Color="0xFFD8A963" Source="IP" />
		<Text Left="95" Top="85" Color="0xFFD8A963" Source="NumClient" />
		<Text Left="95" Top="105" Color="0xFFD8A963" Source="DVDTitle" />
		<Text Left="95" Top="125" Width="190" Color="0xFFD8A963" Source="SongName"></Text>
		<Text Left="95" Top="145" Width="104" Color="0xFFD8A963" Source="Total Time: $SongTime$"></Text>

		<Text Left="335" Top="65" Align="Right" Color="0xFFD8A963" Source="C_FreeMB" />
		<Text Left="335" Top="85" Align="Right" Color="0xFFD8A963" Source="E_FreeMB" />
		<Text Left="335" Top="105" Align="Right" Color="0xFFD8A963" Source="F_FreeMB" />
		<Text Left="335" Top="125" Align="Right" Color="0xFFD8A963" Source="CPUTemp"  />
		<Text Left="335" Top="145" Align="Right" Color="0xFFD8A963" Source="MBTemp"  />
		
		<Image Top="240" Left="249" Width="142" Height="141" Source="GameIcon" />
		<Image Source="GamePreview" />
		<Image Top="0" Left="0" Width="640" Height="480" opacity="100">Overlay.png</Image>
	</Main>
	<FileManager>
		<BackGround>filemanager.png</BackGround>
	</FileManager>
	<LoadingScreen ShowInfo="False">
		<BackGround>loading.png</BackGround>
	</LoadingScreen>
	
	<ColorScheme >
		<AMBIENT_FOGCOLOR>0x00C0C0C0</AMBIENT_FOGCOLOR>
		<AMBIENT_SKYCOLOR>0x00FFFFFF</AMBIENT_SKYCOLOR>
		<AMBIENT_CELLCOLOR>0x00FFFFFF</AMBIENT_CELLCOLOR>

		<CAPTION_TEXTCOLOR>0xFF000000</CAPTION_TEXTCOLOR>
		<CAPTION_BACKCOLOR>0xFFD8A963</CAPTION_BACKCOLOR>
		<DIALOG_BORDERCOLOR>0xFF000000</DIALOG_BORDERCOLOR>
		<DIALOG_BACKCOLOR>0xFFD8A963</DIALOG_BACKCOLOR>
		<DIALOG_INNER_BORDERCOLOR>0xFFFFFFFF</DIALOG_INNER_BORDERCOLOR>
		<DIALOG_INNER_BACKCOLOR>0xFF808080</DIALOG_INNER_BACKCOLOR>
		<DIALOG_TEXTCOLOR>0xFF000000</DIALOG_TEXTCOLOR>
		<DIALOG_DISABLEDTEXT>0xFFC0C0C0</DIALOG_DISABLEDTEXT>

		<OPTION_TEXTCOLOR>0xFF000000</OPTION_TEXTCOLOR>
		<OPTION_ACTIVETEXTCOLOR>0xFFFFFFFF</OPTION_ACTIVETEXTCOLOR>
		<OPTION_ACTIVEBACKCOLOR>0xFFD8A963</OPTION_ACTIVEBACKCOLOR>

		<BUTTON_BORDERCOLOR>0xFFFFFFFF</BUTTON_BORDERCOLOR>
		<BUTTON_TEXTCOLOR>0xFFFFFFFF</BUTTON_TEXTCOLOR>
		<BUTTON_BACKCOLOR>0xFFD8A963</BUTTON_BACKCOLOR>
		<BUTTON_ACTIVETEXTCOLOR>0xFFFFFFFF</BUTTON_ACTIVETEXTCOLOR>
		<BUTTON_ACTIVEBACKCOLOR>0xFFB4A7B1</BUTTON_ACTIVEBACKCOLOR>	
		
		<KB_KEYBG_HIGHLIGHT>0xCCC1C1C1</KB_KEYBG_HIGHLIGHT>
		<KB_KEYBG_DISABLED>0xffc0c0c0</KB_KEYBG_DISABLED>
		<KB_KEY_PRESSED>0xff808080</KB_KEY_PRESSED>
		<KB_KEY_NORMAL>0xff000000</KB_KEY_NORMAL>
		<KB_KEY_DISABLED>0xff808080</KB_KEY_DISABLED>
		<KB_KEY_ACTIVEBORDER>0xff007C7C7C</KB_KEY_ACTIVEBORDER>
		<KB_KEY_TEXTCOLOR>0xff000000</KB_KEY_TEXTCOLOR>
		<KB_KEY_TEXTBACKCOLOR>0xffFFFFFF</KB_KEY_TEXTBACKCOLOR>
		<KB_KEY_TEXTBORDERCOLOR>0xff0000FF</KB_KEY_TEXTBORDERCOLOR>
		
		<MENU_TEXTCOLOR>0xFFD8A963</MENU_TEXTCOLOR>
		<MENU_ACTIVETEXTCOLOR>0xFFFFFFFF</MENU_ACTIVETEXTCOLOR>
		<MENU_BORDERCOLOR>0x00000000</MENU_BORDERCOLOR>
		<MENU_BACKCOLOR>0x00000000</MENU_BACKCOLOR>
		<MENU_ACTIVEBACKCOLOR></MENU_ACTIVEBACKCOLOR>
		<MENU_ACTIVEBORDERCOLOR></MENU_ACTIVEBORDERCOLOR>
	</ColorScheme>
</Skin>