﻿<Skin name="Dragon">
    <Information>
        <Author>TweaQr</Author>
        <Version>1</Version>
        <Copyright>2005</Copyright>
    </Information>
    <IntroMovie>StartScreen.WMV</IntroMovie>
    <Filemanager SafeBorder="False">
        <Background>FileManager.jpg</Background>
    </Filemanager>
    <LoadingScreen ShowInfo="True">
        <Background>Loading.wmv</Background>
    </LoadingScreen>
    <Main Globe="False" Orb="False" Fog="False">
        <InfoFont></InfoFont>
        <Image Top="169" Left="266" Width="107" Height="107" Opacity="100">Icon.png</Image>
        <Image Top="173" Left="268" Width="104" Height="103" Source="GameIcon" />
        <Image Source="GamePreview" />
        <Image Top="0" Left="0" Width="640" Height="480" Opacity="100">Overlay.png</Image>
        <Menu Smooth="True" Align="Left" ShowIcon="True" ShowArrows="False">
            <Preview EnableAudio="True" Top="172" Left="268" Width="104" Height="103" />
            <ItemPos Top="210" Left="14" Width="200"></ItemPos>
            <ItemPos Top="250" Left="34" Width="200"></ItemPos>
            <ItemPos Top="293" Left="55" Width="200"></ItemPos>
            <ItemPos Top="334" Left="77" Width="200"></ItemPos>
            <ItemPos Top="376" Left="98" Width="200"></ItemPos>
            <ItemPos Top="420" Left="119" Width="200"></ItemPos>
            <Font></Font>
        </Menu>
        <ColorScheme>
            <AMBIENT_FOGCOLOR>0xFF8080FF</AMBIENT_FOGCOLOR>
            <AMBIENT_SKYCOLOR>0xFF00000F</AMBIENT_SKYCOLOR>
            <AMBIENT_CELLCOLOR>0xFF0080FF</AMBIENT_CELLCOLOR>
            <CAPTION_TEXTCOLOR>0xFFBB0000</CAPTION_TEXTCOLOR>
            <CAPTION_BACKCOLOR>0xFF0080FF</CAPTION_BACKCOLOR>
            <DIALOG_BORDERCOLOR>0xFF0080FF</DIALOG_BORDERCOLOR>
            <DIALOG_BACKCOLOR>0x9F000000</DIALOG_BACKCOLOR>
            <DIALOG_INNER_BORDERCOLOR>0xFF0080FF</DIALOG_INNER_BORDERCOLOR>
            <DIALOG_INNER_BACKCOLOR>0xFF000000</DIALOG_INNER_BACKCOLOR>
            <DIALOG_TEXTCOLOR>0xFFC60000</DIALOG_TEXTCOLOR>
            <DIALOG_DISABLEDTEXT>0xFFB3B3B4</DIALOG_DISABLEDTEXT>
            <OPTION_TEXTCOLOR>0xFFFFFFFF</OPTION_TEXTCOLOR>
            <OPTION_ACTIVETEXTCOLOR>0xFFD90000</OPTION_ACTIVETEXTCOLOR>
            <OPTION_ACTIVEBACKCOLOR>0xC40080FF</OPTION_ACTIVEBACKCOLOR>
            <BUTTON_BORDERCOLOR>0xFF0080FF</BUTTON_BORDERCOLOR>
            <BUTTON_TEXTCOLOR>0xFF151515</BUTTON_TEXTCOLOR>
            <BUTTON_BACKCOLOR>0x980000A0</BUTTON_BACKCOLOR>
            <BUTTON_ACTIVETEXTCOLOR>0xFFDD0000</BUTTON_ACTIVETEXTCOLOR>
            <BUTTON_ACTIVEBACKCOLOR>0xFF0080FF</BUTTON_ACTIVEBACKCOLOR>
            <KB_KEYBG_HIGHLIGHT>0x00F00000</KB_KEYBG_HIGHLIGHT>
            <KB_KEYBG_DISABLED>0xFFC0C0C0</KB_KEYBG_DISABLED>
            <KB_KEY_PRESSED>0xFFCC0000</KB_KEY_PRESSED>
            <KB_KEY_NORMAL>0xFF000080</KB_KEY_NORMAL>
            <KB_KEY_DISABLED>0xFF313131</KB_KEY_DISABLED>
            <KB_KEY_ACTIVEBORDER>0xFFDD0000</KB_KEY_ACTIVEBORDER>
            <KB_KEY_TEXTCOLOR>0xFFD70000</KB_KEY_TEXTCOLOR>
            <KB_KEY_TEXTBACKCOLOR>0x32000000</KB_KEY_TEXTBACKCOLOR>
            <KB_KEY_TEXTBORDERCOLOR>0xFFBB0000</KB_KEY_TEXTBORDERCOLOR>
            <MENU_TEXTCOLOR>0xFF313131</MENU_TEXTCOLOR>
            <MENU_ACTIVETEXTCOLOR>0xFFCA0000</MENU_ACTIVETEXTCOLOR>
        </ColorScheme>
    </Main>
</Skin>