<Skin name="Rainbow Six 3 - CheapAs">
	<Information>
		<Author>CheapAs</Author>
		<Copyright>.:Copyright 2003:.</Copyright>
		<Version>1.0</Version>
	</Information>
	<Main Globe="True" Orb="False" Fog="True">
		<BackGround>rainbow.png</BackGround>
		<Cellwall>Cell.png</Cellwall>
		<GameIcon Enable="True" Opacity="10">
			<Position Top="113" Left="325" Width="97" Height="83" />
		</GameIcon>
		<Menu Smooth="False" ShowIcon="True" Rotate="True">
		<Position Top="85" Left="51" Width="540" Height="150" Fixed="true" FixAt="1" MaxItem="5">
		</Position>
		</Menu>
		<Text Left="55" Top="40" Align="Left" Color="0xFF072025" Source="Time"></Text>
		<Text Left="250" Top="40" Align="Left" Color="0xFF072025" Source="IP"></Text>
		<Text Left="545" Top="40" Align="Right" Color="0xFF072025" Source="NumClient"></Text>

		<Text Left="57" Top="237" Color="0xFF000000" Source="SongName"></Text>
		<Text Left="57" Top="255" Color="0xFFffffff" Source="SongTime"></Text>
		<Text Left="120" Top="255" Color="0xFF000000" Source="SoundTrack"></Text>

		<Text Left="51" Top="310" Align="Left" Color="0xFF000000" Source="C_FreeMB"></Text>
		<Text Left="51" Top="330" Align="Left" Color="0xFF000000" Source="E_FreeMB"></Text>
		<Text Left="51" Top="350" Align="Left" Color="0xFF000000" Source="F_FreeMB"></Text>

		<Text Left="240" Top="350" Align="Left" Color="0xFF000000" Source="Tray"></Text>

		<Text Left="250" Top="310" Align="Left" Color="0xFF9D1C02" Source="CPUTemp"></Text>
		<Text Left="250" Top="330" Align="Left" Color="0xFF9D1C02" Source="MBTemp"></Text>
		<Text Left="180" Top="395" Align="Left" Color="0xFF000000" Source="Nickname"></Text>

		<Text Left="56" Top="420" Width="350" Height="150" Align="Left" Color="0xFFFFFFFFFF" Source="Newsfeed"></Text>
		
		
	</Main>

	
	<ColorScheme >
		<AMBIENT_FOGCOLOR>0xFF7E9CB5</AMBIENT_FOGCOLOR>
		<AMBIENT_SKYCOLOR>0xFFffffff</AMBIENT_SKYCOLOR>
		<AMBIENT_CELLCOLOR>0xFFBDA02E</AMBIENT_CELLCOLOR>

		<CAPTION_TEXTCOLOR>0xFF181919</CAPTION_TEXTCOLOR>
		<CAPTION_BACKCOLOR>0xFFB8BBBC</CAPTION_BACKCOLOR>
		<DIALOG_BORDERCOLOR>0xFF000000</DIALOG_BORDERCOLOR>
		<DIALOG_BACKCOLOR>0xFF646464</DIALOG_BACKCOLOR>
		<DIALOG_INNER_BORDERCOLOR>0xFF000000</DIALOG_INNER_BORDERCOLOR>
		<DIALOG_INNER_BACKCOLOR>0xFF9C9FA5</DIALOG_INNER_BACKCOLOR>
		<DIALOG_TEXTCOLOR>0xFF000000</DIALOG_TEXTCOLOR>

		<DIALOG_DISABLEDTEXT>0xFF410D12</DIALOG_DISABLEDTEXT>

		<OPTION_TEXTCOLOR>0xFF000000</OPTION_TEXTCOLOR>
		<OPTION_ACTIVETEXTCOLOR>0xFF000000</OPTION_ACTIVETEXTCOLOR>
		<OPTION_ACTIVEBACKCOLOR>0xFF3B95A8</OPTION_ACTIVEBACKCOLOR>

		<BUTTON_BORDERCOLOR></BUTTON_BORDERCOLOR>
		<BUTTON_TEXTCOLOR>0xFF000000</BUTTON_TEXTCOLOR>
		<BUTTON_BACKCOLOR>0xFF181919</BUTTON_BACKCOLOR>
		<BUTTON_ACTIVETEXTCOLOR>0xFF181919</BUTTON_ACTIVETEXTCOLOR>
		<BUTTON_ACTIVEBACKCOLOR>0xFFFFFFFF</BUTTON_ACTIVEBACKCOLOR>	
		
		<KB_KEYBG_HIGHLIGHT>0xCCC00000</KB_KEYBG_HIGHLIGHT>
		<KB_KEYBG_DISABLED>0xffc0c0c0</KB_KEYBG_DISABLED>
		<KB_KEY_PRESSED>0xff808080</KB_KEY_PRESSED>
		<KB_KEY_NORMAL>0xff000000</KB_KEY_NORMAL>
		<KB_KEY_DISABLED>0xff808080</KB_KEY_DISABLED>
		<KB_KEY_ACTIVEBORDER>0xffFF0000</KB_KEY_ACTIVEBORDER>
		<KB_KEY_TEXTCOLOR>0xff000000</KB_KEY_TEXTCOLOR>
		<KB_KEY_TEXTBACKCOLOR>0xffFFFFFF</KB_KEY_TEXTBACKCOLOR>
		<KB_KEY_TEXTBORDERCOLOR>0xffFF0000</KB_KEY_TEXTBORDERCOLOR>
		
		<MENU_TEXTCOLOR>0xffD0EEF4</MENU_TEXTCOLOR>
		<MENU_ACTIVETEXTCOLOR>0xFF5B848D</MENU_ACTIVETEXTCOLOR>
		<MENU_BORDERCOLOR></MENU_BORDERCOLOR>
		<MENU_BACKCOLOR></MENU_BACKCOLOR>
		<MENU_ACTIVEBACKCOLOR></MENU_ACTIVEBACKCOLOR>
		<MENU_ACTIVEBORDERCOLOR></MENU_ACTIVEBORDERCOLOR>
	</ColorScheme>
</Skin>