<Skin name="DaGUIX">
    <Information>
        <Author>JohnCrichton</Author>
        <Version>1</Version>
        <Copyright>2004</Copyright>
        </Information>
    <LoadingScreen ShowInfo="True">
        <Background>GameIcon</Background>
    </LoadingScreen>
<Main Globe="True" Orb="False" Fog="False">
<Cellwall>Cell.png</Cellwall>
<InfoFont>text.xpr</InfoFont>

<Image Left="0" Top="0" Width="640" Height="480" Opacity="35">bg2.png</ Shape >
<Image Left="0" Top="0" Width="640" Height="480" Opacity="100">main.png</ Shape >

<Image Left="99" Top="153" Width="248" Height="207" Source="GameIcon" />
<Image Top="153" Left="99" Width="248" Height="207" Source="GamePreview" />

<Image Left="77" Top="139" Width="287" Height="260" Opacity="100">mon.png</ Shape >


<Text Left="481" Top="115" Align="left" Width="76" Color="0xFFffffff" Source="$Time$"></Text>
<Text Left="127" Top="115" Width="130" Color="0xFFffffff" Source="$DVDTitle$"></Text>
<*Text Left="127" Top="115" Width="130" Color="0xFFffffff" Source="$Tray$"></Text>
<Text Left="289" Top="115" Width="156" Color="0xFFffffff" Source="$SongName$"></Text>


<Text Left="347" Top="78" Align="Left" Width="127"Color="0xFF000000" Source="IP"></Text>
<Text Left="347" Top="63" Align="Left" Color="0xFF000000" Source="CPUTemp"></Text>
<Text Left="270" Top="408" Align="Left" Color="0xFFffffff" Source="Xbox: $NickName$"></Text>
<Text Left="270" Top="425" Align="Left" Color="0xFFffffff" Source="Mode: $VideoMode$"></Text>


<Text Left="210" Top="63" Align="left" Color="0xFF000000" Source="E_FreeMB"></Text>
<Text Left="210" Top="78" Align="left" Color="0xFF000000" Source="F_FreeMB"></Text>
		

<Text Left="83" Top="7" Width="475" Align="left" Scroll="2" Color="0xffffffff" Source="$Newsfeed$" />

        <Menu Scroll="True" Smooth="True" Align="Left" ShowIcon="True" Rotate="False" ShowArrows="True" MaxItem="10">
            <Preview EnableAudio="False" Top="153" Left="99" Width="248" Height="207" />
            <Position Top="165" Left="370" Width="177" Height="217" Fixed="False" FixAt="5" />
            <Font>menu.xpr</Font>
        </Menu>
        <ColorScheme>
            <AMBIENT_FOGCOLOR>0xffD8DFE2</AMBIENT_FOGCOLOR>
            <AMBIENT_SKYCOLOR>0xFF000000</AMBIENT_SKYCOLOR>
            <AMBIENT_CELLCOLOR>0xffffffff</AMBIENT_CELLCOLOR>


            <CAPTION_TEXTCOLOR>0xFFffffff</CAPTION_TEXTCOLOR>
            <CAPTION_BACKCOLOR>0xFF1364A3</CAPTION_BACKCOLOR>


            <DIALOG_BORDERCOLOR>0xFFD0CCCC</DIALOG_BORDERCOLOR>
            <DIALOG_BACKCOLOR>0xFF1364A3</DIALOG_BACKCOLOR>
            <DIALOG_INNER_BORDERCOLOR>0xffD0CCCC</DIALOG_INNER_BORDERCOLOR>
            <DIALOG_INNER_BACKCOLOR>0xFF000000</DIALOG_INNER_BACKCOLOR>
            <DIALOG_TEXTCOLOR>0xFFffffff</DIALOG_TEXTCOLOR>
            <DIALOG_DISABLEDTEXT>0xFFc0c0c0</DIALOG_DISABLEDTEXT>


            <OPTION_TEXTCOLOR>0xFFffffff</OPTION_TEXTCOLOR>
            <OPTION_ACTIVETEXTCOLOR>0xFF000000</OPTION_ACTIVETEXTCOLOR>
            <OPTION_ACTIVEBACKCOLOR>0xff95B9F5</OPTION_ACTIVEBACKCOLOR>


            <BUTTON_BORDERCOLOR>0xFF5D79AD</BUTTON_BORDERCOLOR>
            <BUTTON_TEXTCOLOR>0xFFffffff</BUTTON_TEXTCOLOR>
            <BUTTON_BACKCOLOR>0xFF5D79AD</BUTTON_BACKCOLOR>
            <BUTTON_ACTIVETEXTCOLOR>0xFFffffff</BUTTON_ACTIVETEXTCOLOR>
            <BUTTON_ACTIVEBACKCOLOR>0xFF000000</BUTTON_ACTIVEBACKCOLOR>


            <KB_KEYBG_HIGHLIGHT>0xFF000000</KB_KEYBG_HIGHLIGHT>
            <KB_KEYBG_DISABLED>0xffD0CCCC</KB_KEYBG_DISABLED>
            <KB_KEY_PRESSED>0xFF06719E</KB_KEY_PRESSED>
            <KB_KEY_NORMAL>0xFF000000</KB_KEY_NORMAL>
            <KB_KEY_DISABLED>0xffD0CCCC</KB_KEY_DISABLED>
            <KB_KEY_ACTIVEBORDER>0xff5D79AD</KB_KEY_ACTIVEBORDER>
            <KB_KEY_TEXTCOLOR>0xFFffffff</KB_KEY_TEXTCOLOR>
            <KB_KEY_TEXTBACKCOLOR>0xFF65778B</KB_KEY_TEXTBACKCOLOR>
            <KB_KEY_TEXTBORDERCOLOR>0xffffffff</KB_KEY_TEXTBORDERCOLOR>


            <MENU_TEXTCOLOR>0xFF000000</MENU_TEXTCOLOR>
            <MENU_ACTIVETEXTCOLOR>0xffffffff</MENU_ACTIVETEXTCOLOR>
	<MENU_ACTIVEBORDERCOLOR>0xFF000000</MENU_ACTIVEBORDERCOLOR>
	<MENU_ACTIVEBACKCOLOR>0xFF61686E</MENU_ACTIVEBACKCOLOR>
                    </ColorScheme>
    </Main>
</Skin>