<Skin name="Media Style 2">
 <Information>
    <Author>dunny</Author>
    <Copyright>Copyright 2004</Copyright>
    <Version>1</Version>
 </Information>

<Main Globe="False" Orb="False">
 <BackGround>bg.png</BackGround>
 <Image Top="165" Left="107" Width="186" Height="178" Source="GameIcon"/>
 <Image Source="GamePreview" />
 <Image Top="143" Left="84" Width="224" Height="223">overlay.png</Image>
 <Menu Smooth="false" Rotate="false" ShowArrows="false" ShowIcon="false">
    <ItemPos Left="317" Top="180"></ItemPos>
    <ItemPos Left="334" Top="224"></ItemPos>
    <ItemPos Left="334" Top="269"></ItemPos>
    <ItemPos Left="317" Top="314"></ItemPos>
    <Preview Top="165" Left="107" Width="186" Height="178" />
    <Font>menu.xpr</Font>
 </Menu>	
</Main>
 <ColorScheme >
    <MENU_TEXTCOLOR>0xFF587AAD</MENU_TEXTCOLOR>
    <MENU_ACTIVETEXTCOLOR>0xFFB6CDF0</MENU_ACTIVETEXTCOLOR>
 </ColorScheme>
</Skin>