﻿<Skin name="BlueCopel">
    <Information>
        <Author>CoPeL</Author>
        <Version>1</Version>
        <Copyright>2004</Copyright>
        <Skinner Name="UX Architect" Version="1.0c" />
    </Information>
    <Filemanager SafeBorder="False">
        <Background>back.png</Background>
    </Filemanager>
    <LoadingScreen ShowInfo="False">
        <Background>GameIcon</Background>
    </LoadingScreen>
    <Main>
        <Background EnableAudio="True">back.png</Background>
        <Cellwall>Cell white.png</Cellwall>
        <Orb>orb_und.png</Orb>
        <InfoFont>20thCentury-14.xpr</InfoFont>
        <Text Top="27" Left="16" Width="259" Scroll="0" Color="0xFFFFFFFF" Source="Tray" Align="Left" />
        <Text Top="9" Left="17" Width="314" Scroll="0" Color="0xFFFFFFFF" Source="DateTime" Align="Left" />
        <Text Top="29" Left="376" Width="250" Scroll="0" Color="0xFFFFFFFF" Source="NickName" Align="Left" />
        <Text Top="9" Left="375" Width="243" Scroll="0" Color="0xFFFFFFFF" Source="IP" Align="Left" />
        <Text Top="428" Left="199" Width="250" Scroll="0" Color="0xFFFFFFFF" Source="F_FreeMB" Align="Middle" />
        <Text Top="409" Left="207" Width="237" Scroll="0" Color="0xFFFFFFFF" Source="E_FreeMB" Align="Middle" />
        <Text Top="388" Left="197" Width="255" Scroll="0" Color="0xFFFFFFFF" Source="C_FreeMB" Align="Middle" />
        <Image Top="-3" Left="-1" Width="643" Height="485" Opacity="10">bgms.png</Image>
        <Image Source="GamePreview" />
        <Menu Scroll="True" Smooth="True" Align="Left" ShowIcon="True" ShowArrows="False">
            <Preview EnableAudio="True" Top="392" Left="493" Width="115" Height="74" />
            <ItemPos Top="73" Left="343" Width="200"></ItemPos>
            <ItemPos Top="121" Left="363" Width="200"></ItemPos>
            <ItemPos Top="178" Left="374" Width="200"></ItemPos>
            <ItemPos Top="233" Left="364" Width="200"></ItemPos>
            <ItemPos Top="281" Left="348" Width="200"></ItemPos>
            <Font>20thCentury-14.xpr</Font>
        </Menu>
        <ColorScheme>
            <AMBIENT_FOGCOLOR>0x820080FF</AMBIENT_FOGCOLOR>
            <AMBIENT_SKYCOLOR>0x640000A0</AMBIENT_SKYCOLOR>
            <AMBIENT_CELLCOLOR>0xFFFFFFFF</AMBIENT_CELLCOLOR>
            <CAPTION_TEXTCOLOR>0xFFFFFFFF</CAPTION_TEXTCOLOR>
            <CAPTION_BACKCOLOR>0xFF000000</CAPTION_BACKCOLOR>
            <DIALOG_BORDERCOLOR>0xFFFFFFFF</DIALOG_BORDERCOLOR>
            <DIALOG_BACKCOLOR>0xD10080FF</DIALOG_BACKCOLOR>
            <DIALOG_INNER_BORDERCOLOR>0xFFFFFFFF</DIALOG_INNER_BORDERCOLOR>
            <DIALOG_INNER_BACKCOLOR>0xFF000000</DIALOG_INNER_BACKCOLOR>
            <DIALOG_TEXTCOLOR>0xFFFFFFFF</DIALOG_TEXTCOLOR>
            <DIALOG_DISABLEDTEXT>0xFFB3B3B4</DIALOG_DISABLEDTEXT>
            <OPTION_TEXTCOLOR>0xFFFFFFFF</OPTION_TEXTCOLOR>
            <OPTION_ACTIVETEXTCOLOR>0xFFFFFFFF</OPTION_ACTIVETEXTCOLOR>
            <OPTION_ACTIVEBACKCOLOR>0xFF0080FF</OPTION_ACTIVEBACKCOLOR>
            <BUTTON_BORDERCOLOR>0xFFFFFFFF</BUTTON_BORDERCOLOR>
            <BUTTON_TEXTCOLOR>0xFFFFFFFF</BUTTON_TEXTCOLOR>
            <BUTTON_BACKCOLOR>0xFF0080FF</BUTTON_BACKCOLOR>
            <BUTTON_ACTIVETEXTCOLOR>0xFF000000</BUTTON_ACTIVETEXTCOLOR>
            <BUTTON_ACTIVEBACKCOLOR>0xFFC0C0C0</BUTTON_ACTIVEBACKCOLOR>
            <KB_KEYBG_HIGHLIGHT>0xFF0080FF</KB_KEYBG_HIGHLIGHT>
            <KB_KEYBG_DISABLED>0xFFC0C0C0</KB_KEYBG_DISABLED>
            <KB_KEY_PRESSED>0xFF008000</KB_KEY_PRESSED>
            <KB_KEY_NORMAL>0xFF000000</KB_KEY_NORMAL>
            <KB_KEY_DISABLED>0xFFFFFFFF</KB_KEY_DISABLED>
            <KB_KEY_ACTIVEBORDER>0xFF808080</KB_KEY_ACTIVEBORDER>
            <KB_KEY_TEXTCOLOR>0xFF000000</KB_KEY_TEXTCOLOR>
            <KB_KEY_TEXTBACKCOLOR>0xFFFFFFFF</KB_KEY_TEXTBACKCOLOR>
            <KB_KEY_TEXTBORDERCOLOR>0xFF8080FF</KB_KEY_TEXTBORDERCOLOR>
            <MENU_TEXTCOLOR>0xFFFFFFFF</MENU_TEXTCOLOR>
            <MENU_ACTIVETEXTCOLOR>0xFFFFFFFF</MENU_ACTIVETEXTCOLOR>
            <MENU_BORDERCOLOR>0xFFFFFFFF</MENU_BORDERCOLOR>
            <MENU_BACKCOLOR>0xFF000000</MENU_BACKCOLOR>
            <MENU_ACTIVEBACKCOLOR>0xFF0080FF</MENU_ACTIVEBACKCOLOR>
            <MENU_ACTIVEBORDERCOLOR>0xFFFFFFFF</MENU_ACTIVEBORDERCOLOR>
        </ColorScheme>
    </Main>
</Skin>