<Skin name="C-UnleashX">
         <Information>
                  <Author>C-Perception</Author>
                  <Copyright>2004</Copyright>
                  <Version>1.1</Version>
         </Information>
         <IntroMovie>bg.png</IntroMovie>
         <FileManager>
                  <BackGround></BackGround>
         </FileManager>
         <LoadingScreen ShowInfo="False">
                  <BackGround>load.png</BackGround>
         </LoadingScreen>
         <Main Globe="False" Orb="False" Fog="False">
                  <BackGround EnableAudio="True">bg.png</BackGround>
                  <Cellwall></Cellwall>
                  <Orb></Orb>
                  <Icon></Icon>

<Menu Smooth="TRUE" Align="MIDDLE" Rotate="False" ShowIcon="false">
<Position Top="47" Left="21" Width="275" Height="268" Fixed="False" FixAt="1" MaxItem="8">
</Position>

                  <Font>font.xpr</Font>
                           <Preview EnableAudio="True" Top="16" Left="306" Width="320" Height="240" />
                  </Menu>
                  <InfoFont>font.xpr</InfoFont>
                  <Text Top="346" Left="183" Align="Left" Color="0xFF808080" Source="AppVersion"></Text>
                  <Text Top="362" Left="183" Align="Left" Color="0xFF808080" Source="DateTime"></Text>
                  <Text Top="380" Left="183" Align="Left" Color="0xFF808080" Source="ChipID"></Text>

                  <Text Top="440" Left="403" Align="Middle" Color="0xFF808080" Source="Newsfeed"></Text>
                  <Text Top="422" Left="403" Align="Middle" Color="0xFF808080" Source="SongName"></Text>

                  <Text Top="406" Left="403" Align="Middle" Color="0xFF808080" Source="SongTime"></Text>
                  <Text Top="406" Left="183" Align="Left" Color="0xFF808080" Source="IP"></Text>
                  <Text Top="406" Left="618" Align="Right" Color="0xFF808080" Source="DvdTitle"></Text>

                  <Text Top="346" Left="408" Align="Left" Color="0xFF808080" Source="C_Free"></Text>
                  <Text Top="362" Left="408" Align="Left" Color="0xFF808080" Source="E_Free"></Text>
                  <Text Top="380" Left="408" Align="Left" Color="0xFF808080" Source="F_Free"></Text>

                  <Image Top="316" Left="16" Width="160" Height="151" Opacity="100" Source="GameIcon"></Image>
                  <Image Source="GamePreview" />
                  <Image Top="0" Left="0" Width="640" Height="480" Opacity="100">bord.png</Image>
                  </Main>
         <ColorScheme >
                  <AMBIENT_FOGCOLOR></AMBIENT_FOGCOLOR>
                  <AMBIENT_SKYCOLOR></AMBIENT_SKYCOLOR>
                  <AMBIENT_CELLCOLOR></AMBIENT_CELLCOLOR>
                  <CAPTION_TEXTCOLOR>0xFF000000</CAPTION_TEXTCOLOR>
                  <CAPTION_BACKCOLOR>0xFFE0E0DF</CAPTION_BACKCOLOR>
                  <DIALOG_BORDERCOLOR>0xFFFFFFFF</DIALOG_BORDERCOLOR>
                  <DIALOG_BACKCOLOR>0xCDE0E0DF</DIALOG_BACKCOLOR>
                  <DIALOG_INNER_BORDERCOLOR>0xFF7F7F7F</DIALOG_INNER_BORDERCOLOR>
                  <DIALOG_INNER_BACKCOLOR>0xE1ACD5F1</DIALOG_INNER_BACKCOLOR>
                  <DIALOG_TEXTCOLOR>0xFF000000</DIALOG_TEXTCOLOR>
                  <DIALOG_DISABLEDTEXT>0x7FD1CDC6</DIALOG_DISABLEDTEXT>
                  <OPTION_TEXTCOLOR>0xFF000000</OPTION_TEXTCOLOR>
                  <OPTION_ACTIVETEXTCOLOR>0xFF5F594F</OPTION_ACTIVETEXTCOLOR>
                  <OPTION_ACTIVEBACKCOLOR>0xFF58A7DD</OPTION_ACTIVEBACKCOLOR>
                  <BUTTON_BORDERCOLOR>0xFF000000</BUTTON_BORDERCOLOR>
                  <BUTTON_TEXTCOLOR>0xFF000000</BUTTON_TEXTCOLOR>
                  <BUTTON_BACKCOLOR>0xCDACD5F1</BUTTON_BACKCOLOR>
                  <BUTTON_ACTIVETEXTCOLOR>0xFFFFFFFF</BUTTON_ACTIVETEXTCOLOR>
                  <BUTTON_ACTIVEBACKCOLOR>0xE157AAE3</BUTTON_ACTIVEBACKCOLOR>
                  <KB_KEYBG_HIGHLIGHT>0xCCACD5F1</KB_KEYBG_HIGHLIGHT>
                  <KB_KEYBG_DISABLED>0xff868484</KB_KEYBG_DISABLED>
                  <KB_KEY_PRESSED>0xff808080</KB_KEY_PRESSED>
                  <KB_KEY_NORMAL>0xff000000</KB_KEY_NORMAL>
                  <KB_KEY_DISABLED>0xff808080</KB_KEY_DISABLED>
                  <KB_KEY_ACTIVEBORDER>0xffACD5F1</KB_KEY_ACTIVEBORDER>
                  <KB_KEY_TEXTCOLOR>0xff000000</KB_KEY_TEXTCOLOR>
                  <KB_KEY_TEXTBACKCOLOR>0xff88C4ED</KB_KEY_TEXTBACKCOLOR>
                  <KB_KEY_TEXTBORDERCOLOR>0xffffffff</KB_KEY_TEXTBORDERCOLOR>
                  <MENU_TEXTCOLOR>0xFFACAAA9</MENU_TEXTCOLOR>
                  <MENU_ACTIVETEXTCOLOR>0xFF5D5D5D</MENU_ACTIVETEXTCOLOR>
                  <MENU_BORDERCOLOR></MENU_BORDERCOLOR>
                  <MENU_BACKCOLOR></MENU_BACKCOLOR>
                  <MENU_ACTIVEBACKCOLOR></MENU_ACTIVEBACKCOLOR>
                  <MENU_ACTIVEBORDERCOLOR></MENU_ACTIVEBORDERCOLOR>
         </ColorScheme>
</Skin>




