<Skin name="Just add AI">
	<Information>
		<Author>Darkfall</Author>
		<Copyright>2006</Copyright>
		<Version>1.0</Version>
	</Information>
	<IntroMovie EnableAudio="No"></IntroMovie>
	<LoadingScreen ShowInfo="No">
		<BackGround EnableAudio="No"></BackGround>
	</LoadingScreen>
	<FileManager SafeBorder="Yes">
		<BackGround></BackGround>
	</FileManager>
	<Main Globe="No" Orb="No" Fog="No">
		<Cellwall></Cellwall>
		<BackGround EnableAudio="No">BG.jpg</BackGround>
		<Image Top="28" Left="28" Width="127" Height="127" Source="GameIcon"/>
		<Image Source="GamePreview"/>
		<Menu Scroll="No" Smooth="Yes" Align="Left" ShowIcon="No" ShowArrows="Yes" Rotate="No">
			<Position Top="192" Left="31" Width="582" Height="167" Fixed="No" FixAt="3" MaxItem="5"/>
			<Font>Lucida_18.xpr</Font>
			<Preview EnableAudio="No" Top="27" Left="173" width="169" Height="127"/>
		</Menu>
		<InfoFont>Comic_12.xpr</InfoFont>
		<Text Left="31" Top="370" Width="" Align="Left" Color="" Source="$DateTime$"></Text>
		<Text Left="608" Top="370" Width="" Align="Right" Color="" Source="DVD: $DVDTitle$"></Text>
		<Text Left="31" Top="385" Width="" Align="Left" Color="0xFF80FF80" Source="F: $F_FreeMB$"></Text>
		<Text Left="320" Top="385" Width="" Align="Center" Color="0xFF80FF80" Source="E: $E_FreeMB$"></Text>
		<Text Left="608" Top="385" Width="" Align="Right" Color="0xFF80FF80" Source="C: $C_FreeMB$"></Text>
		<Text Left="608" Top="400" Width="" Align="Right" Color="0xFF0080FF" Source="$SoundTrack$"></Text>
		<Text Left="608" Top="415" Width="" Align="Right" Color="0xFF0080FF" Source="$SongName$"></Text>
		<Text Left="608" Top="430" Width="" Align="Right" Color="0xFF0080FF" Source="$SongTime$"></Text>
		<Text Left="31" Top="400" Width="" Align="Left" Color="" Source="CPU Temp: $CPUTemp$"></Text>
		<Text Left="31" Top="415" Width="" Align="Left" Color="" Source="Video Mode: $VideoMode$"></Text>
		<Text Left="31" Top="430" Width="" Align="Left" Color="" Source="IP: $IP$"></Text>
		<Text Left="320" Top="430" Width="" Align="Center" Color="" Source="UnleashX: v$AppVersion$"></Text>
	</Main>
</Skin>
