﻿<Skin name="ALaundry">
    <Information>
        <Author>superdeimos</Author>
        <Version>1</Version>
        <Copyright>2005</Copyright>
        <Skinner Name="UX Architect" Version="1.0c" />
    </Information>
    <LoadingScreen ShowInfo="True">
        <Background>ali561024x768.jpg</Background>
    </LoadingScreen>
    <Main Orb="False">
        <Background EnableAudio="False">ali511024x768.jpg</Background>
        <InfoFont>Square-10.xpr</InfoFont>
        <Text Top="450" Left="460" Width="200" Scroll="0" Color="0xFF000000" Source="SkinAuthor" Align="Left" />
        <Text Top="430" Left="460" Width="200" Scroll="0" Color="0xFFFFFF00" Source="F_FreeMB" Align="Left" />
        <Text Top="410" Left="460" Width="200" Scroll="0" Color="0xFFFFFF00" Source="E_FreeMB" Align="Left" />
        <Text Top="390" Left="460" Width="200" Scroll="0" Color="0xFFFFFF00" Source="C_FreeMB" Align="Left" />
        <Text Top="35" Left="400" Width="200" Scroll="0" Color="0xFF0000A0" Source="NickName" Align="Left" />
        <Text Top="15" Left="400" Width="200" Scroll="0" Color="0xFF0000A0" Source="DateTime" Align="Left" />
        <Text Top="290" Left="20" Width="200" Scroll="0" Color="0xFF0000A0" Source="Tray" Align="Left" />
        <Text Top="270" Left="20" Width="200" Scroll="0" Color="0xFF0000A0" Source="DVDTitle" Align="Left" />
        <Text Top="270" Left="400" Width="200" Scroll="0" Color="0xFF0000A0" Source="SongTime" Align="Left" />
        <Text Top="250" Left="400" Width="200" Scroll="0" Color="0xFF0000A0" Source="SoundTrack" Align="Left" />
        <Text Top="230" Left="400" Width="200" Scroll="0" Color="0xFF0000A0" Source="SongName" Align="Left" />
        <Text Top="410" Left="20" Width="200" Scroll="0" Color="0xFF0000A0" Source="CPUTempC" Align="Left" />
        <Text Top="430" Left="20" Width="200" Scroll="0" Color="0xFF0000A0" Source="MBTempC" Align="Left" />
        <Text Top="450" Left="20" Width="200" Scroll="0" Color="0xFF0000A0" Source="IP" Align="Left" />
        <Text Top="311" Left="668" Width="200" Scroll="0" Color="0xFF0000A0" Source="SongTime" Align="Left" />
        <Image Top="15" Left="15" Width="128" Height="128" Source="GameIcon" />
        <Menu Align="Left" ShowIcon="False" ShowArrows="False">
            <ItemPos Top="70" Left="400" Width="200"></ItemPos>
            <ItemPos Top="100" Left="420" Width="200"></ItemPos>
            <ItemPos Top="130" Left="440" Width="200"></ItemPos>
            <ItemPos Top="160" Left="420" Width="200"></ItemPos>
            <ItemPos Top="190" Left="400" Width="200"></ItemPos>
            <Font>Tahoma-12.xpr</Font>
        </Menu>
        <ColorScheme>
            <AMBIENT_FOGCOLOR>0xFFFF0000</AMBIENT_FOGCOLOR>
            <AMBIENT_SKYCOLOR>0xFF400000</AMBIENT_SKYCOLOR>
            <AMBIENT_CELLCOLOR>0xFFFFFFFF</AMBIENT_CELLCOLOR>
            <CAPTION_TEXTCOLOR>0xFFFFFFFF</CAPTION_TEXTCOLOR>
            <CAPTION_BACKCOLOR>0xFF000000</CAPTION_BACKCOLOR>
            <DIALOG_BORDERCOLOR>0xFFFFFFFF</DIALOG_BORDERCOLOR>
            <DIALOG_BACKCOLOR>0xD1804000</DIALOG_BACKCOLOR>
            <DIALOG_INNER_BORDERCOLOR>0xFFFFFFFF</DIALOG_INNER_BORDERCOLOR>
            <DIALOG_INNER_BACKCOLOR>0xFF000000</DIALOG_INNER_BACKCOLOR>
            <DIALOG_TEXTCOLOR>0xFFFFFFFF</DIALOG_TEXTCOLOR>
            <DIALOG_DISABLEDTEXT>0xFFB3B3B4</DIALOG_DISABLEDTEXT>
            <OPTION_TEXTCOLOR>0xFFFFFFFF</OPTION_TEXTCOLOR>
            <OPTION_ACTIVETEXTCOLOR>0xFFFFFFFF</OPTION_ACTIVETEXTCOLOR>
            <OPTION_ACTIVEBACKCOLOR>0xFF804040</OPTION_ACTIVEBACKCOLOR>
            <BUTTON_BORDERCOLOR>0xFFFFFFFF</BUTTON_BORDERCOLOR>
            <BUTTON_TEXTCOLOR>0xFFFFFFFF</BUTTON_TEXTCOLOR>
            <BUTTON_BACKCOLOR>0xFF400000</BUTTON_BACKCOLOR>
            <BUTTON_ACTIVETEXTCOLOR>0xFFFFFFFF</BUTTON_ACTIVETEXTCOLOR>
            <BUTTON_ACTIVEBACKCOLOR>0xFF800000</BUTTON_ACTIVEBACKCOLOR>
            <KB_KEYBG_HIGHLIGHT>0xFF800000</KB_KEYBG_HIGHLIGHT>
            <KB_KEYBG_DISABLED>0xFFC0C0C0</KB_KEYBG_DISABLED>
            <KB_KEY_PRESSED>0xFF008000</KB_KEY_PRESSED>
            <KB_KEY_NORMAL>0xFF000000</KB_KEY_NORMAL>
            <KB_KEY_DISABLED>0xFFFFFFFF</KB_KEY_DISABLED>
            <KB_KEY_ACTIVEBORDER>0xFFFFFFFF</KB_KEY_ACTIVEBORDER>
            <KB_KEY_TEXTCOLOR>0xFF000000</KB_KEY_TEXTCOLOR>
            <KB_KEY_TEXTBACKCOLOR>0xFFFFFFFF</KB_KEY_TEXTBACKCOLOR>
            <KB_KEY_TEXTBORDERCOLOR>0xFFFFFFFF</KB_KEY_TEXTBORDERCOLOR>
            <MENU_TEXTCOLOR>0xFF000000</MENU_TEXTCOLOR>
            <MENU_ACTIVETEXTCOLOR>0xFFFF0000</MENU_ACTIVETEXTCOLOR>
        </ColorScheme>
    </Main>
</Skin>