<Skin name="Transformers Unleashed">
	<Information>
		<Author>FaMiNe</Author>
		<Copyright>Dec 03</Copyright>
		<Version>0.1</Version>
	</Information>
	<Main Globe="True" Fog="False" Orb="False">
		<BackGround>main.png</BackGround>
		<Cellwall>cell.png</Cellwall>
		<Image Top="208" Left="268" Width="112" Height="112">icon.png</Image>
		<Image Top="200" Left="260" Width="128" Height="128" Source="GameIcon" />
		<Menu Smooth="False" Align="Middle" Rotate="False" ShowIcon="False">
		<Position Top="40" Left="250" Width="160" Height="160" Fixed="False" FixAt="0" MaxItem="1">
		</Position>
		</Menu>
		<Text Left="35" Top="35" Align="Left" Color="0xFFFFFFFF" Source="$Date$"></Text>
		<Text Left="145" Top="35" Align="Left" Color="0xFFFFFFFF" Source="$Time$"></Text>
		<Text Left="35" Top="55" Align="Left" Color="0xFFFFFFFF" Source="E: $E_FreeMB$"></Text>
		<Text Left="35" Top="75" Align="Left" Color="0xFFFFFFFF" Source="F: $F_FreeMB$"></Text>
		<Text Left="35" Top="95" Align="center" Color="0xFFFFFFFF" Source="IP: $IP$"></Text>
	</Main>

	<LoadingScreen ShowInfo="False">
		<BackGround>loading.png</BackGround>
	</LoadingScreen>
	
	<ColorScheme Name="Default">
		<AMBIENT_FOGCOLOR>0xFFFFFFFF</AMBIENT_FOGCOLOR>
		<AMBIENT_SKYCOLOR>0xFFFFFFFF</AMBIENT_SKYCOLOR>
		<AMBIENT_CELLCOLOR>0x88888888</AMBIENT_CELLCOLOR>

		<CAPTION_TEXTCOLOR>0xFF808080</CAPTION_TEXTCOLOR>
		<CAPTION_BACKCOLOR>0xFFFFFFFF</CAPTION_BACKCOLOR>

		<DIALOG_BORDERCOLOR>0xFF222222</DIALOG_BORDERCOLOR>
		<DIALOG_BACKCOLOR>0xCD555555</DIALOG_BACKCOLOR>
		<DIALOG_INNER_BORDERCOLOR>0xFF000000</DIALOG_INNER_BORDERCOLOR>
		<DIALOG_INNER_BACKCOLOR>0xEE222222</DIALOG_INNER_BACKCOLOR>
		<DIALOG_TEXTCOLOR>0xFFCCCCCC</DIALOG_TEXTCOLOR>
		<DIALOG_DISABLEDTEXT>0x80551111</DIALOG_DISABLEDTEXT>

		<OPTION_TEXTCOLOR>0xFFFFFFFF</OPTION_TEXTCOLOR>
		<OPTION_ACTIVETEXTCOLOR>0xFFFFFFFF</OPTION_ACTIVETEXTCOLOR>
		<OPTION_ACTIVEBACKCOLOR>0xFFA03030</OPTION_ACTIVEBACKCOLOR>

		<BUTTON_BORDERCOLOR>0xFFFF0000</BUTTON_BORDERCOLOR>
		<BUTTON_TEXTCOLOR>0xFFE21D22</BUTTON_TEXTCOLOR>
		<BUTTON_BACKCOLOR>0xCD555555</BUTTON_BACKCOLOR>
		<BUTTON_ACTIVETEXTCOLOR>0xFFFFFFFF</BUTTON_ACTIVETEXTCOLOR>
		<BUTTON_ACTIVEBACKCOLOR>0xFF800000</BUTTON_ACTIVEBACKCOLOR>	
		
		<KB_KEYBG_HIGHLIGHT>0xCCC00000</KB_KEYBG_HIGHLIGHT>
		<KB_KEYBG_DISABLED>0xffc0c0c0</KB_KEYBG_DISABLED>
		<KB_KEY_PRESSED>0xff808080</KB_KEY_PRESSED>
		<KB_KEY_NORMAL>0xff000000</KB_KEY_NORMAL>
		<KB_KEY_DISABLED>0xff808080</KB_KEY_DISABLED>
		<KB_KEY_ACTIVEBORDER>0xffFF0000</KB_KEY_ACTIVEBORDER>
		<KB_KEY_TEXTCOLOR>0xff000000</KB_KEY_TEXTCOLOR>
		<KB_KEY_TEXTBACKCOLOR>0xffFFFFFF</KB_KEY_TEXTBACKCOLOR>
		<KB_KEY_TEXTBORDERCOLOR>0xffFF0000</KB_KEY_TEXTBORDERCOLOR>
		
		<MENU_TEXTCOLOR>0xAAFFFFFF</MENU_TEXTCOLOR>
		<MENU_ACTIVETEXTCOLOR>0xFF991010</MENU_ACTIVETEXTCOLOR>
		<MENU_BORDERCOLOR>0x00000000</MENU_BORDERCOLOR>
		<MENU_BACKCOLOR>0x00000000</MENU_BACKCOLOR>
		<MENU_ACTIVEBACKCOLOR>0x00000000</MENU_ACTIVEBACKCOLOR>
		<MENU_ACTIVEBORDERCOLOR>0x00000000</MENU_ACTIVEBORDERCOLOR>
	</ColorScheme>
</Skin>