<Skin name="blumoshun">
	<Information>
		<Author>hydraulix</Author>
		<Copyright>Copyright 2003</Copyright>
		<Version>4.2</Version>
	</Information>
	<Main Globe="True" Orb="False">
		<BackGround>bg.png</BackGround>
		<Cellwall>Cell.png</Cellwall>
		<Orb>orb.png</Orb>
		<Icon>orb.png</Icon>
		<Image Left="39" Top="23" Width="250" Height="260">image.png</Image>
		<GameIcon Enable="True" Opacity="0">
			<Position Top="47" Left="56" Width="215" Height="215" />
		</GameIcon>
		<InfoFont>ft53_10.XPR</InfoFont>
		<Menu Smooth="False" Align="Left" Rotate="False" ShowIcon="False">
		<Position Top="293" Left="65" Width="200" Height="172" Fixed="False" FixAt="1" MaxItem="8">
		</Position>
		<Font>ft68_16.xpr</Font>
		</Menu>
		<Text Left="600" Top="70" Align="Right" Source="$DateTime$"></Text>
		<Text Left="600" Top="85" Align="Right" Source="Unit ID - $NickName$"></Text>
		<Text Left="600" Top="100" Align="Right" Source="$ChipID$"></Text>
		<Text Left="600" Top="115" Align="Right" Source="XBox $Version$"></Text>

		<Text Left="600" Top="162" Align="Right" Source="IP - $IP$"></Text>
		<Text Left="600" Top="177" Align="Right" Source="Subnet - $Subnet$"></Text>
		<Text Left="600" Top="192" Align="Right" Source="Gateway - $Gateway$"></Text>
		<Text Left="600" Top="207" Align="Right" Source="DNS1 - $DNS1$"></Text>
		<Text Left="600" Top="222" Align="Right" Source="Users Connected - $NumClient$"></Text>

		<Text Left="600" Top="270" Align="Right" Source="Intel 733Mhz @ $CPUTemp$"></Text>
		<Text Left="600" Top="285" Align="Right" Source="Intel Chipset @ $MBTemp$"></Text>
		<Text Left="600" Top="300" Align="Right" Source="Fan Rotation @ $FanSpeed$"></Text>

		<Text Left="600" Top="345" Align="Right" Source="C:\$C_FreeMB$ Free"></Text>
		<Text Left="600" Top="360" Align="Right" Source="E:\$E_FreeMB$ Free"></Text>
		<Text Left="600" Top="375" Align="Right" Source="F:\$F_FreeMB$ Free"></Text>
		<Text Left="600" Top="390" Align="Right" Source="G:\$G_FreeMB$ Free"></Text>
		<Text Left="600" Top="405" Align="Right" Source="Optical Unit - $DVDType$"></Text>
	</Main>

	
	<ColorScheme >
		<AMBIENT_FOGCOLOR>0xFF000000</AMBIENT_FOGCOLOR>
		<AMBIENT_SKYCOLOR></AMBIENT_SKYCOLOR>
		<AMBIENT_CELLCOLOR>0x00FFFFFF</AMBIENT_CELLCOLOR>

		<CAPTION_TEXTCOLOR>0xFFFFFFFF</CAPTION_TEXTCOLOR>
		<CAPTION_BACKCOLOR>0xFF2E438D</CAPTION_BACKCOLOR>
		<DIALOG_BORDERCOLOR>0xFFFFFFFF</DIALOG_BORDERCOLOR>
		<DIALOG_BACKCOLOR>0xFF162043</DIALOG_BACKCOLOR>
		<DIALOG_INNER_BORDERCOLOR>0xFFFFFFFF</DIALOG_INNER_BORDERCOLOR>
		<DIALOG_INNER_BACKCOLOR>0xFF2E438D</DIALOG_INNER_BACKCOLOR>
		<DIALOG_TEXTCOLOR>0xFFFFFFFF</DIALOG_TEXTCOLOR>

		<DIALOG_DISABLEDTEXT>0xFFC0C0C0</DIALOG_DISABLEDTEXT>

		<OPTION_TEXTCOLOR>0xFFFFFFFF</OPTION_TEXTCOLOR>
		<OPTION_ACTIVETEXTCOLOR>0xFFFFFFFF</OPTION_ACTIVETEXTCOLOR>
		<OPTION_ACTIVEBACKCOLOR></OPTION_ACTIVEBACKCOLOR>

		<BUTTON_BORDERCOLOR></BUTTON_BORDERCOLOR>
		<BUTTON_TEXTCOLOR>0xFF02C90C</BUTTON_TEXTCOLOR>
		<BUTTON_BACKCOLOR>0xCD636482</BUTTON_BACKCOLOR>
		<BUTTON_ACTIVETEXTCOLOR>0xFFFFFFFF</BUTTON_ACTIVETEXTCOLOR>
		<BUTTON_ACTIVEBACKCOLOR>0xE102C90C</BUTTON_ACTIVEBACKCOLOR>	
		
		<KB_KEYBG_HIGHLIGHT>0xCC00C000</KB_KEYBG_HIGHLIGHT>
		<KB_KEYBG_DISABLED>0xffc0c0c0</KB_KEYBG_DISABLED>
		<KB_KEY_PRESSED>0xff808080</KB_KEY_PRESSED>
		<KB_KEY_NORMAL>0xff000000</KB_KEY_NORMAL>
		<KB_KEY_DISABLED>0xff808080</KB_KEY_DISABLED>
		<KB_KEY_ACTIVEBORDER>0xff008000</KB_KEY_ACTIVEBORDER>
		<KB_KEY_TEXTCOLOR>0xff000000</KB_KEY_TEXTCOLOR>
		<KB_KEY_TEXTBACKCOLOR>0xffFFFFFF</KB_KEY_TEXTBACKCOLOR>
		<KB_KEY_TEXTBORDERCOLOR>0xff0000FF</KB_KEY_TEXTBORDERCOLOR>
		
		<MENU_TEXTCOLOR>0xFFFFFFFF</MENU_TEXTCOLOR>
		<MENU_ACTIVETEXTCOLOR>0xFF4060B5</MENU_ACTIVETEXTCOLOR>
		<MENU_BORDERCOLOR></MENU_BORDERCOLOR>
		<MENU_BACKCOLOR></MENU_BACKCOLOR>
		<MENU_ACTIVEBACKCOLOR></MENU_ACTIVEBACKCOLOR>
		<MENU_ACTIVEBORDERCOLOR></MENU_ACTIVEBORDERCOLOR>
	</ColorScheme>
</Skin>