<Skin name="Kaiser Rugal">
	<Information>
		<Author>David de la Torre Torres.</Author>
		<Copyright>Copyright 2006</Copyright>
		<Version>1.0</Version>
	</Information>
		<FileManager>
			<BackGround>Rugal '98.png</BackGround>
		</FileManager>
		<LoadingScreen ShowInfo="False">
			<BackGround>Rugal sonriente.png</BackGround>
		</LoadingScreen>
		<Main Globe="False" Orb="False">
		<BackGround>Kaiser Rugal.png</BackGround>

		<Image Top="120" Left="260" width="120" Height="120" Source="GameIcon"/>
		<Image Source="GamePreview" />

		<Menu Align="left" ShowArrows="false" ShowIcon="false" Horizontal="True" Rotate="True">
		<ItemPos Left="273" Top="220" Width="100"></ItemPos>
        <ItemPos Left="399" Top="250" Width="100"></ItemPos>
        <ItemPos Left="408" Top="290" Width="100"></ItemPos>
        <ItemPos Left="422" Top="340" Width="100"></ItemPos>
        <ItemPos Left="411" Top="380" Width="100"></ItemPos>
        <ItemPos Left="273" Top="410" Width="100"></ItemPos>
        <ItemPos Left="130" Top="380" Width="100"></ItemPos>
        <ItemPos Left="122" Top="340" Width="100"></ItemPos>
        <ItemPos Left="135" Top="290" Width="100"></ItemPos>
        <ItemPos Left="146" Top="250" Width="100"></ItemPos>
		<Preview EnableAudio="false" Left="355" Top="159" Width="205" Height="185" />
		<Font>XBox_Book_11.xpr</Font>
		</Menu>
		
		

		<InfoFont>Font_Arial_10.xpr</InfoFont>
		<Text Left="606" Top="445" Align="Right" Color="0xFFFF0000" Source="Hora: $Time$"></Text>
		<Text Left="275" Top="20" Align="Right" Color="0xFFFF0000" Source="Usuarios: $NumClient$"></Text>
		<Text Left="20" Top="433" Width="160" Align="Left"  Scroll="2" Color="0xFFFF0000" Source="Album: $SoundTrack$"></Text>
		<Text Left="20" Top="445" Width="160" Align="Left" Scroll="2" Color="0xFFFF0000" Source="Cancion:$SongName$"></Text>
		<Text Left="540" Top="56" Align="Left" Color="0xFFFF0000" Source="F:$F_FreeMB$"></Text>
        <Text Left="525" Top="44" Align="Left" Color="0xFFFF0000" Source="E:$E_FreeMB$"></Text>
		<Text Left="225" Top="32" Align="Left" Color="0xFFFF0000" Source="IP: $IP$"></Text>
		<Text Left="505" Top="20" Align="Left" Color="0xFFFF0000" Source="CPU: $CPUTemp$"></Text>
		<Text Left="514" Top="32" Align="Left" Color="0xFFFF0000" Source="MB: $MBTemp$"></Text>
		<Text Left="298" Top="445" Align="Left" Color="0xFFFF0000" Source="Charola: "></Text>
		<Text Left="606" Top="433" Align="Right" Color="0xFFFF0000" Source="Fecha: $Date$"></Text>
        <Text Left="278" Top="457" Align="Left" Color="0xFFFF0000" Source="DvdTitle"></Text>
        <Text Left="20" Top="20" Align="Left" Width="50" Scroll="2" Color="0xFFFF0000" Source ="Hecho por: David de la Torre (Davis)"></Text>
        <Text Left="380" Top="20" Align="Left" Color="0xFFFF0000" Source="Ventilador:"></Text>
        <Text Left="400" Top="32" Align="Left" Color="0xFFFF0000" Source="$FanSpeed$"></Text>
        <Image Left="267" Top="215" Width="110" Height="29" Source="Atras.png"></Image>
        <Image Left="393" Top="245" Width="110" Height="29" Source="Atras.png"></Image>
        <Image Left="402" Top="285" Width="110" Height="29" Source="Atras.png"></Image>
        <Image Left="416" Top="335" Width="110" Height="29" Source="Atras.png"></Image>
        <Image Left="405" Top="375" Width="110" Height="29" Source="Atras.png"></Image>
        <Image Left="267" Top="405" Width="110" Heigth="29" Source="Atras.png"></Image>
        <Image Left="124" Top="375" Width="110" Heigth="29" Source="Atras.png"></Image>
        <Image Left="116" Top="335" Width="110" Heigth="29" Source="Atras.png"></Image>
        <Image Left="129" Top="285" Width="110" Heigth="29" Source="Atras.png"></Image>
        <Image Left="140" Top="245" Width="110" Heigth="29" Source="Atras.png"></Image>
		</Main>

	<ColorScheme >
<AMBIENT_FOGCOLOR></AMBIENT_FOGCOLOR>
<AMBIENT_SKYCOLOR></AMBIENT_SKYCOLOR>
<AMBIENT_CELLCOLOR></AMBIENT_CELLCOLOR>

<CAPTION_TEXTCOLOR>0xFFBE7201</CAPTION_TEXTCOLOR>
<CAPTION_BACKCOLOR>0xFFFF0000</CAPTION_BACKCOLOR>

<DIALOG_BORDERCOLOR>0xFFFF0000</DIALOG_BORDERCOLOR>
<DIALOG_BACKCOLOR>0x5C000000</DIALOG_BACKCOLOR>
<DIALOG_INNER_BORDERCOLOR>0xFFBE7201</DIALOG_INNER_BORDERCOLOR>
<DIALOG_INNER_BACKCOLOR>0xAC000000</DIALOG_INNER_BACKCOLOR>
<DIALOG_TEXTCOLOR>0xFFFF0000</DIALOG_TEXTCOLOR>
<DIALOG_DISABLEDTEXT>0xFFBE7201</DIALOG_DISABLEDTEXT>

<OPTION_TEXTCOLOR>0xB7FFFFFF</OPTION_TEXTCOLOR>
<OPTION_ACTIVETEXTCOLOR>0xFF00FF00</OPTION_ACTIVETEXTCOLOR>
<OPTION_ACTIVEBACKCOLOR>0xFF000000</OPTION_ACTIVEBACKCOLOR>

<BUTTON_BORDERCOLOR>0xFFBE7201</BUTTON_BORDERCOLOR>
<BUTTON_TEXTCOLOR>0xFFBE7201</BUTTON_TEXTCOLOR>
<BUTTON_BACKCOLOR>0xA0000000</BUTTON_BACKCOLOR>
<BUTTON_ACTIVETEXTCOLOR>0xFF00FF00</BUTTON_ACTIVETEXTCOLOR>
<BUTTON_ACTIVEBACKCOLOR>0xFF000000</BUTTON_ACTIVEBACKCOLOR>	

<KB_KEYBG_HIGHLIGHT>0xFFBE7201</KB_KEYBG_HIGHLIGHT>
<KB_KEYBG_DISABLED>0xA0000000</KB_KEYBG_DISABLED>
<KB_KEY_PRESSED>0xFFFF0000</KB_KEY_PRESSED>
<KB_KEY_NORMAL>0xff000000</KB_KEY_NORMAL>
<KB_KEY_DISABLED>0xA0000000</KB_KEY_DISABLED>
<KB_KEY_ACTIVEBORDER>0xFFFF0000</KB_KEY_ACTIVEBORDER>
<KB_KEY_TEXTCOLOR>0xFFFF0000</KB_KEY_TEXTCOLOR>
<KB_KEY_TEXTBACKCOLOR>FF000000</KB_KEY_TEXTBACKCOLOR>
<KB_KEY_TEXTBORDERCOLOR>0xFFFF0000</KB_KEY_TEXTBORDERCOLOR>
		
		<MENU_TEXTCOLOR>0xFFBE7201</MENU_TEXTCOLOR>
		<MENU_ACTIVETEXTCOLOR>FF00FF00</MENU_ACTIVETEXTCOLOR>
		<MENU_BORDERCOLOR></MENU_BORDERCOLOR>
		<MENU_BACKCOLOR></MENU_BACKCOLOR>
		<MENU_ACTIVEBACKCOLOR></MENU_ACTIVEBACKCOLOR>
		<MENU_ACTIVEBORDERCOLOR>0xFFFF0000</MENU_ACTIVEBORDERCOLOR>
	</ColorScheme>
</Skin>