<Skin name="Prince of Tennis">
         <Information>
                  <Author>Mr Dejavu</Author>
                  <Copyright>Copyright 2003</Copyright>
                  <Version>1.0 Final created with ReleashED</Version>
         </Information>
         <IntroMovie></IntroMovie>
         <FileManager>
                  <BackGround></BackGround>
         </FileManager>
         <LoadingScreen ShowInfo="false">
                  <BackGround>Loading.wmv</BackGround>
         </LoadingScreen>
         <Main Globe="True" Orb="False" Fog="True">
                  <BackGround EnableAudio="False">POT01.png</BackGround>
                  <Cellwall></Cellwall>
                  <Orb></Orb>
                  <Icon></Icon>
                  <Menu Smooth="True" Align="Left" ShowIcon="False" Rotate="False" ShowArrows="True">
                           <Position Top="140" Left="50" Width="25" Height="250" Fixed="False" FixAt="1" MaxItem="4"></Position>
                  <Font>NS14.XPR</Font>
                           <Preview EnableAudio="False" Top="0" Left="0" Width="0" Height="0" />
                  </Menu>
                  <InfoFont>NS12.XPR</InfoFont>
                  <Text Top="50" Left="465" Align="Left" Color="0xFF0000A0" Source="$Date$"></Text>
                  <Text Top="70" Left="465" Align="Left" Color="0xFF0000A0" Source="$Time$"></Text>
                  <Text Top="390" Left="50" Align="Left" Color="0xFFC10000" Source="E:$E_FreeMB$"></Text>
                  <Text Top="410" Left="50" Align="Left" Color="0xFFC10000" Source="F:$F_FreeMB$"></Text>
                  <Text Top="440" Left="50" Align="Left" Color="0xFF0000A0" Source="IP"></Text>
                  </Main>
         <ColorScheme >
                  <AMBIENT_FOGCOLOR>0xFF000000</AMBIENT_FOGCOLOR>
                  <AMBIENT_SKYCOLOR></AMBIENT_SKYCOLOR>
                  <AMBIENT_CELLCOLOR>0x00FFFFFF</AMBIENT_CELLCOLOR>
                  <CAPTION_TEXTCOLOR>0xFF336699</CAPTION_TEXTCOLOR>
                  <CAPTION_BACKCOLOR>0xFF000066</CAPTION_BACKCOLOR>
                  <DIALOG_BORDERCOLOR>0xFFFFFFFF</DIALOG_BORDERCOLOR>
                  <DIALOG_BACKCOLOR>0xFF162043</DIALOG_BACKCOLOR>
                  <DIALOG_INNER_BORDERCOLOR>0xFFFFFFFF</DIALOG_INNER_BORDERCOLOR>
                  <DIALOG_INNER_BACKCOLOR>0xFF2E438D</DIALOG_INNER_BACKCOLOR>
                  <DIALOG_TEXTCOLOR>0xFFFFFF00</DIALOG_TEXTCOLOR>
                  <DIALOG_DISABLEDTEXT>0xFF000000</DIALOG_DISABLEDTEXT>
                  <OPTION_TEXTCOLOR>0xFFFFFFFF</OPTION_TEXTCOLOR>
                  <OPTION_ACTIVETEXTCOLOR>0xFFFFFFFF</OPTION_ACTIVETEXTCOLOR>
                  <OPTION_ACTIVEBACKCOLOR></OPTION_ACTIVEBACKCOLOR>
                  <BUTTON_BORDERCOLOR></BUTTON_BORDERCOLOR>
                  <BUTTON_TEXTCOLOR>0xFF02C90C</BUTTON_TEXTCOLOR>
                  <BUTTON_BACKCOLOR>0xCD636482</BUTTON_BACKCOLOR>
                  <BUTTON_ACTIVETEXTCOLOR>0xFFFFFFFF</BUTTON_ACTIVETEXTCOLOR>
                  <BUTTON_ACTIVEBACKCOLOR>0xE102C90C</BUTTON_ACTIVEBACKCOLOR>
                  <KB_KEYBG_HIGHLIGHT>0xCC0000C0</KB_KEYBG_HIGHLIGHT>
                  <KB_KEYBG_DISABLED>0xFF000000</KB_KEYBG_DISABLED>
                  <KB_KEY_PRESSED>0xff808080</KB_KEY_PRESSED>
                  <KB_KEY_NORMAL>0xff000000</KB_KEY_NORMAL>
                  <KB_KEY_DISABLED>0xff808080</KB_KEY_DISABLED>
                  <KB_KEY_ACTIVEBORDER>0xff008000</KB_KEY_ACTIVEBORDER>
                  <KB_KEY_TEXTCOLOR>0xff000000</KB_KEY_TEXTCOLOR>
                  <KB_KEY_TEXTBACKCOLOR>0xffFFFFFF</KB_KEY_TEXTBACKCOLOR>
                  <KB_KEY_TEXTBORDERCOLOR>0xff0000FF</KB_KEY_TEXTBORDERCOLOR>
                  <MENU_TEXTCOLOR>0xFF0000FF</MENU_TEXTCOLOR>
                  <MENU_ACTIVETEXTCOLOR>0xFF00FFFF</MENU_ACTIVETEXTCOLOR>
                  <MENU_BORDERCOLOR>0x00000000</MENU_BORDERCOLOR>
                  <MENU_BACKCOLOR>0x00000000</MENU_BACKCOLOR>
                  <MENU_ACTIVEBACKCOLOR></MENU_ACTIVEBACKCOLOR>
                  <MENU_ACTIVEBORDERCOLOR></MENU_ACTIVEBORDERCOLOR>
         </ColorScheme>
</Skin>
