<Skin name="RedSpot">
	<Information>
		<Author>camora</Author>
		<Copyright>camora inc. 2004</Copyright>
		<Version>0.1</Version>
	</Information>	
		<LoadingScreen ShowInfo="true">
		<BackGround></BackGround>
		</LoadingScreen>		
		<Main Globe="true" Orb="false">		
		<BackGround></BackGround>		
		<Image Top="128" Left="513" width="85" Height="84" Source="GameIcon"/>
		<Image Source="GamePreview" />		
		<Menu Smooth="True" Align="middle" Rotate="true" ShowArrows="false" ShowIcon="false" Horizontal="true" MaxItem="5">
		<Position Top="342" Left="55" Width="430" Height="600" />		
		<Preview EnableAudio="false" Left="448" Top="219" Width="150" Height="116" />		
		<Font>cam14.xpr</Font>
	</Menu>
        <Shape Type="RoundedBox" Left="50" Top="311" Width="393" Height="24" BorderColor="0xFFFFFFFF" BackColor="0x00000000" />
        <Shape Type="RoundedBox" Left="50" Top="342" Width="445" Height="24" BorderColor="0xFFFFFFFF" BackColor="0x00000000" />
        <Shape Type="RoundedBox" Left="153" Top="372" Width="445" Height="24" BorderColor="0xFFFFFFFF" BackColor="0x00000000" />	
        <Shape Type="RoundedBox" Left="50" Top="403" Width="445" Height="24" BorderColor="0xFFFFFFFF" BackColor="0x00000000" />
        <Shape Type="RoundedBox" Left="500" Top="403" Width="98" Height="24" BorderColor="0xFFFFFFFF" BackColor="0x00000000" />
        <Shape Type="RoundedBox" Left="500" Top="342" Width="98" Height="24" BorderColor="0xFFFFFFFF" BackColor="0x00000000" />
        <Shape Type="RoundedBox" Left="50" Top="372" Width="98" Height="24" BorderColor="0xFFFFFFFF" BackColor="0x00000000" />
        <Shape Type="RoundedBox" Left="448" Top="219" Width="150" Height="116" BorderColor="0xFFFFFFFF" BackColor="0x00000000" />
        <Shape Type="RoundedBox" Left="513" Top="128" Width="85" Height="84" BorderColor="0xFFFFFFFF" BackColor="0x00000000" />
        <Shape Type="RoundedBox" Left="50" Top="38" Width="550" Height="24" BorderColor="0xFFFFFFFF" BackColor="0x00000000" />
        <Shape Type="RoundedBox" Left="50" Top="68" Width="550" Height="24" BorderColor="0xFFFFFFFF" BackColor="0x00000000" />        
        <Shape Type="RoundedBox" Left="50" Top="98" Width="550" Height="24" BorderColor="0xFFFFFFFF" BackColor="0x00000000" />
        <Shape Type="RoundedBox" Left="336" Top="128" Width="172" Height="24" BorderColor="0xFFFFFFFF" BackColor="0x00000000" />
        <Shape Type="RoundedBox" Left="386" Top="158" Width="122" Height="24" BorderColor="0xFFFFFFFF" BackColor="0x00000000" />
        <Shape Type="RoundedBox" Left="386" Top="188" Width="122" Height="24" BorderColor="0xFFFFFFFF" BackColor="0x00000000" />

        <Text Left="55" Top="38" Align="Left" Color="0xFFFFFFFF" Source="Playing: $SongName$"></Text>
        <Text Left="55" Top="69" Align="Left" Color="0xFFFFFFFF" Source="Album: $SoundTrack$"></Text>
        <Text Left="430" Top="69" Align="Left" Color="0xFFFFFFFF" Source="Play Time: $SongTime$"></Text>       
        <Text Left="55" Top="99" Align="Left" Color="0xFFFFFFFF" Source="Newswire: $Newsfeed$"></Text>          
        <Text Left="504" Top="344" Align="Left" Color="0xFFFFFFFF" Source="$Date$"></Text>
        <Text Left="518" Top="405" Align="Left" Color="0xFFFFFFFF" Source="$Time$"></Text>
        <Text Left="55" Top="374" Align="Left" Color="0xFFFFFFFF" Source="XBox $Version$"></Text>
        <Text Left="55" Top="405" Align="Left" Color="0xFFFFFFFF" Source="E:$E_FreeMB$"></Text>
        <Text Left="190" Top="405" Align="Left" Color="0xFFFFFFFF" Source="F:$F_FreeMB$"></Text>
        <Text Left="340" Top="405" Align="Left" Color="0xFFFFFFFF" Source="G:$G_FreeMB$"></Text>
        <Text Left="168" Top="374" Align="Left" Color="0xFFFFFFFF" Source="IP: $IP$"></Text>
        <Text Left="340" Top="374" Align="Left" Color="0xFFFFFFFF" Source="Subnet: $Subnet$"></Text>
        <Text Left="338" Top="130" Align="Left" Color="0xFFFFFFFF" Source="Video Mode:$VideoMode$"></Text>
        <Text Left="390" Top="160" Align="Left" Color="0xFFFFFFFF" Source="CPU:$CPUTemp$"></Text>
        <Text Left="390" Top="190" Align="Left" Color="0xFFFFFFFF" Source="MB:$MBTemp$"></Text>
        <Text Left="55" Top="312" Align="Left" Color="0xFFFFFFFF" Source="DVD:$Tray$"></Text>
        <InfoFont>cam14.xpr</InfoFont>
	</Main>		

	<ColorScheme >
        <AMBIENT_FOGCOLOR>0xFF000000</AMBIENT_FOGCOLOR>
        <AMBIENT_SKYCOLOR>FF000000</AMBIENT_SKYCOLOR>
        <AMBIENT_CELLCOLOR>0xFFFFFFFF</AMBIENT_CELLCOLOR>

        <CAPTION_TEXTCOLOR>0xFFFFFFFF</CAPTION_TEXTCOLOR>
        <CAPTION_BACKCOLOR>0xFF000000</CAPTION_BACKCOLOR>

        <DIALOG_BORDERCOLOR>0xFFFFFFFF</DIALOG_BORDERCOLOR>
        <DIALOG_BACKCOLOR>0xFF000000</DIALOG_BACKCOLOR>
        <DIALOG_INNER_BORDERCOLOR>0xFFFFFFFF</DIALOG_INNER_BORDERCOLOR>
        <DIALOG_INNER_BACKCOLOR>0xFF000000</DIALOG_INNER_BACKCOLOR>
        <DIALOG_TEXTCOLOR>0xFFFFFFFF</DIALOG_TEXTCOLOR>
        <DIALOG_DISABLEDTEXT>0xFFFFFFFF</DIALOG_DISABLEDTEXT>

        <OPTION_TEXTCOLOR>0xFFFFFFFF</OPTION_TEXTCOLOR>
        <OPTION_ACTIVETEXTCOLOR>0xFF000000</OPTION_ACTIVETEXTCOLOR>
        <OPTION_ACTIVEBACKCOLOR>0xFFA1A1A1</OPTION_ACTIVEBACKCOLOR>
        
        <BUTTON_BORDERCOLOR>0xFF000000</BUTTON_BORDERCOLOR>
        <BUTTON_TEXTCOLOR>0xFFFFFFFF</BUTTON_TEXTCOLOR>
        <BUTTON_BACKCOLOR>0xFF000000</BUTTON_BACKCOLOR>
        <BUTTON_ACTIVETEXTCOLOR>0xFF000000</BUTTON_ACTIVETEXTCOLOR>
        <BUTTON_ACTIVEBACKCOLOR>0xFF000000</BUTTON_ACTIVEBACKCOLOR>	

        <KB_KEYBG_HIGHLIGHT>0xFF000000</KB_KEYBG_HIGHLIGHT>
        <KB_KEYBG_DISABLED>0xFFA1A1A1</KB_KEYBG_DISABLED>
        <KB_KEY_PRESSED>0xFFA1A1A1</KB_KEY_PRESSED>
        <KB_KEY_NORMAL>0xFF000000</KB_KEY_NORMAL>
        <KB_KEY_DISABLED>0xFFA1A1A1</KB_KEY_DISABLED>
        <KB_KEY_ACTIVEBORDER>0xFFFFFFFF</KB_KEY_ACTIVEBORDER>
        <KB_KEY_TEXTCOLOR>0xFFFFFFFF</KB_KEY_TEXTCOLOR>
        <KB_KEY_TEXTBACKCOLOR>0xFF000000</KB_KEY_TEXTBACKCOLOR>
        <KB_KEY_TEXTBORDERCOLOR>0xFFFFFFFF</KB_KEY_TEXTBORDERCOLOR>
		
		<MENU_TEXTCOLOR>0xFFFFFFFF</MENU_TEXTCOLOR>
		<MENU_ACTIVETEXTCOLOR>0xFFFF0000</MENU_ACTIVETEXTCOLOR>
		<MENU_BORDERCOLOR>0x00000000</MENU_BORDERCOLOR>
		<MENU_BACKCOLOR>0x00000000</MENU_BACKCOLOR>
		<MENU_ACTIVEBACKCOLOR>0x00000000</MENU_ACTIVEBACKCOLOR>
		<MENU_ACTIVEBORDERCOLOR>0x00000000</MENU_ACTIVEBORDERCOLOR>
	</ColorScheme>
</Skin>