﻿<Skin name="Halflife remix">
    <Information>
        <Author>ravage73/LiquidFighter</Author>
        <Version>2</Version>
        <Copyright>2005</Copyright>
        <Skinner Name="UX Architect" Version="1.0c" />
    </Information>
    <IntroMovie>intro.wmv</IntroMovie>
    <Filemanager SafeBorder="False">
        <Background>wait1.png</Background>
    </Filemanager>
    <LoadingScreen ShowInfo="False">
        <Background>intro.wmv</Background>
    </LoadingScreen>
    <Main Globe="False" Orb="False" Fog="False">
        <Background EnableAudio="True">background.wmv</Background>
        <InfoFont>Arial_10.xpr</InfoFont>
        <Text Top="179" Left="248" Width="283" Scroll="0" Color="0xFFFFFFFF" Source="F_Free" Align="Left" />
        <Text Top="160" Left="248" Width="283" Scroll="0" Color="0xFFFFFFFF" Source="E_Free" Align="Left" />
        <Text Top="140" Left="248" Width="283" Scroll="2" Color="0xFFFF8000" Source="Newsfeed" Align="Left" />
        <Text Top="120" Left="248" Width="283" Scroll="0" Color="0xFFFFFFFF" Source="IP" Align="Left" />
        <Text Top="100" Left="248" Width="283" Scroll="0" Color="0xFFFFFFFF" Source="SongName" Align="Left" />
        <Text Top="80" Left="248" Width="283" Scroll="0" Color="0xFFFFFFFF" Source="DateTime" Align="Left" />
        <Text Top="60" Left="248" Width="283" Scroll="0" Color="0xFFFFFFFF" Source="DVDTitle" Align="Left" />
        <Image Top="0" Left="0" Width="640" Height="480" Opacity="100">overlay1.png</Image>
        <Image Top="80" Left="95" Width="128" Height="100" Source="GameIcon" />
        <Image Source="GamePreview" />
        <Menu Align="Left" ShowIcon="False" ShowArrows="False">
            <Preview EnableAudio="True" Top="380" Left="0" Width="100" Height="100" />
            <Position Top="225" Left="166" Width="345" Height="126" Fixed="True" FixAt="2" MaxItem="4" />
            <Font>Arial_10.xpr</Font>
        </Menu>
        <ColorScheme>
            <AMBIENT_FOGCOLOR>0xFFC0C0C0</AMBIENT_FOGCOLOR>
            <AMBIENT_SKYCOLOR>0xFF0000FF</AMBIENT_SKYCOLOR>
            <AMBIENT_CELLCOLOR>0xFF00FF00</AMBIENT_CELLCOLOR>
            <CAPTION_TEXTCOLOR>0xFFFF8000</CAPTION_TEXTCOLOR>
            <CAPTION_BACKCOLOR>0xFFFF0000</CAPTION_BACKCOLOR>
            <DIALOG_BORDERCOLOR>0xFF0000FF</DIALOG_BORDERCOLOR>
            <DIALOG_BACKCOLOR>0x9F000000</DIALOG_BACKCOLOR>
            <DIALOG_INNER_BORDERCOLOR>0xFF0000FF</DIALOG_INNER_BORDERCOLOR>
            <DIALOG_INNER_BACKCOLOR>0x9FF35407</DIALOG_INNER_BACKCOLOR>
            <DIALOG_TEXTCOLOR>0xFFFFFFFF</DIALOG_TEXTCOLOR>
            <DIALOG_DISABLEDTEXT>0xFFB3B3B4</DIALOG_DISABLEDTEXT>
            <OPTION_TEXTCOLOR>0xFFFFFFFF</OPTION_TEXTCOLOR>
            <OPTION_ACTIVETEXTCOLOR>0xFFFF8000</OPTION_ACTIVETEXTCOLOR>
            <OPTION_ACTIVEBACKCOLOR>0xFF000080</OPTION_ACTIVEBACKCOLOR>
            <BUTTON_BORDERCOLOR>0xFFFF0000</BUTTON_BORDERCOLOR>
            <BUTTON_TEXTCOLOR>0xFFC0C0C0</BUTTON_TEXTCOLOR>
            <BUTTON_BACKCOLOR>0x980000A0</BUTTON_BACKCOLOR>
            <BUTTON_ACTIVETEXTCOLOR>0xFFFFFF00</BUTTON_ACTIVETEXTCOLOR>
            <BUTTON_ACTIVEBACKCOLOR>0xFF0000FF</BUTTON_ACTIVEBACKCOLOR>
            <KB_KEYBG_HIGHLIGHT>0xFF0080FF</KB_KEYBG_HIGHLIGHT>
            <KB_KEYBG_DISABLED>0xFFC0C0C0</KB_KEYBG_DISABLED>
            <KB_KEY_PRESSED>0xFF008000</KB_KEY_PRESSED>
            <KB_KEY_NORMAL>0xFF000000</KB_KEY_NORMAL>
            <KB_KEY_DISABLED>0xFFFFFFFF</KB_KEY_DISABLED>
            <KB_KEY_ACTIVEBORDER>0xFFFF0000</KB_KEY_ACTIVEBORDER>
            <KB_KEY_TEXTCOLOR>0xFF000000</KB_KEY_TEXTCOLOR>
            <KB_KEY_TEXTBACKCOLOR>0xFFFFFFFF</KB_KEY_TEXTBACKCOLOR>
            <KB_KEY_TEXTBORDERCOLOR>0xFF0000A0</KB_KEY_TEXTBORDERCOLOR>
            <MENU_TEXTCOLOR>0xFFC0C0C0</MENU_TEXTCOLOR>
            <MENU_ACTIVETEXTCOLOR>0xFFFF8000</MENU_ACTIVETEXTCOLOR>
            <MENU_BORDERCOLOR>0xFFFF0000</MENU_BORDERCOLOR>
            <MENU_ACTIVEBORDERCOLOR>0xFFFF0000</MENU_ACTIVEBORDERCOLOR>
        </ColorScheme>
    </Main>
</Skin>