﻿<Skin name="Fall In Blue - By FJTR">
    <Information>
        <Author>FJTR</Author>
        <Version>1.0</Version>
        <Copyright>12/03/2005</Copyright>
        <Skinner Name="UX Architect" Version="1.0c" />
    </Information>
    <Main Orb="False">
        <Background EnableAudio="False">fog.png</Background>
        <Cellwall>Cell.png</Cellwall>
        <InfoFont>Trebuchet-14.xpr</InfoFont>
        <Text Top="21" Left="34" Width="346" Scroll="2" Color="0xFFFFFFFF" Source="SongName" Align="Left" />
        <Text Top="127" Left="364" Width="200" Scroll="0" Color="0xFFFFFFFF" Source="CPUTempC" Align="Left" />
        <Text Top="155" Left="364" Width="200" Scroll="0" Color="0xFFFFFFFF" Source="MBTempC" Align="Left" />
        <Text Top="184" Left="364" Width="200" Scroll="0" Color="0xFFFFFFFF" Source="C_FreeMB" Align="Left" />
        <Text Top="213" Left="364" Width="200" Scroll="0" Color="0xFFFFFFFF" Source="F_FreeMB" Align="Left" />
        <Text Top="243" Left="364" Width="156" Scroll="0" Color="0xFFFFFFFF" Source="DVDType" Align="Left" />
        <Text Top="265" Left="404" Width="200" Scroll="0" Color="0xFFFFFFFF" Source="DVDTitle" Align="Left" />
        <Text Top="43" Left="35" Width="135" Scroll="0" Color="0xFFFFFFFF" Source="SongTime" Align="Left" />
        <Text Top="43" Left="180" Width="200" Scroll="0" Color="0xFFFFFFFF" Source="NickName" Align="Left" />
        <Text Top="19" Left="399" Width="200" Scroll="0" Color="0xFFFFFFFF" Source="DateTime" Align="Right" />
        <Text Top="42" Left="399" Width="200" Scroll="0" Color="0xFFFFFFFF" Source="VideoMode" Align="Right" />
        <Text Top="85" Left="364" Width="200" Scroll="0" Color="0xFFFFFFFF" Source="IP" Align="Left" />
        <Shape Type="RoundedBox" Left="30" Top="15" Width="580" Height="53" BorderColor="0xFF0080FF"></Shape>
        <Shape Type="RoundedBox" Left="30" Top="302" Width="195" Height="158" BorderColor="0xFF0080FF"></Shape>
        <Shape Type="RoundedBox" Left="355" Top="74" Width="255" Height="218" BorderColor="0xFF0080FF"></Shape>
        <Shape Type="RoundedBox" Left="30" Top="74" Width="307" Height="216" BorderColor="0xFF0080FF"></Shape>
        <Shape Type="Rectangle" Left="454" Top="291" Width="33" Height="48" BorderColor="0xFF0080FF"></Shape>
        <Shape Type="Rectangle" Left="107" Top="289" Width="33" Height="15" BorderColor="0xFF0080FF"></Shape>
        <Image Top="304" Left="32" Width="191" Height="154" Source="GameIcon" />
        <Image Source="GamePreview" />
        <Menu Align="Left" ShowIcon="False" ShowArrows="False">
            <Preview EnableAudio="False" Top="76" Left="32" Width="303" Height="213" />
            <Position Top="338" Left="253" Width="357" Height="80" Fixed="False" FixAt="2" MaxItem="3" />
            <Font>1979-14.xpr</Font>
        </Menu>
        <ColorScheme>
            <AMBIENT_FOGCOLOR>0x5EFFFFFF</AMBIENT_FOGCOLOR>
            <AMBIENT_SKYCOLOR>0x00FFFFFF</AMBIENT_SKYCOLOR>
            <AMBIENT_CELLCOLOR>0x00FFFFFF</AMBIENT_CELLCOLOR>
            <CAPTION_TEXTCOLOR>0xFFEAEA47</CAPTION_TEXTCOLOR>
            <CAPTION_BACKCOLOR>0xFF4274FF</CAPTION_BACKCOLOR>
            <DIALOG_BORDERCOLOR>0xFFFFFFFF</DIALOG_BORDERCOLOR>
            <DIALOG_BACKCOLOR>0xFF273CF3</DIALOG_BACKCOLOR>
            <DIALOG_INNER_BORDERCOLOR>0xFFFFFFFF</DIALOG_INNER_BORDERCOLOR>
            <DIALOG_INNER_BACKCOLOR>0xFF09389A</DIALOG_INNER_BACKCOLOR>
            <DIALOG_TEXTCOLOR>0xFFFFFFFF</DIALOG_TEXTCOLOR>
            <DIALOG_DISABLEDTEXT>0xFFB3B3B4</DIALOG_DISABLEDTEXT>
            <OPTION_TEXTCOLOR>0xFFFFFFFF</OPTION_TEXTCOLOR>
            <OPTION_ACTIVETEXTCOLOR>0xFF47EAEA</OPTION_ACTIVETEXTCOLOR>
            <OPTION_ACTIVEBACKCOLOR>0xFF273CF3</OPTION_ACTIVEBACKCOLOR>
            <BUTTON_BORDERCOLOR>0xFFFFFFFF</BUTTON_BORDERCOLOR>
            <BUTTON_TEXTCOLOR>0xFFFFFFFF</BUTTON_TEXTCOLOR>
            <BUTTON_BACKCOLOR>0xFF273CF3</BUTTON_BACKCOLOR>
            <BUTTON_ACTIVETEXTCOLOR>0xFFFFFFFF</BUTTON_ACTIVETEXTCOLOR>
            <BUTTON_ACTIVEBACKCOLOR>0xFF003399</BUTTON_ACTIVEBACKCOLOR>
            <KB_KEYBG_HIGHLIGHT>0xFF0000FF</KB_KEYBG_HIGHLIGHT>
            <KB_KEYBG_DISABLED>0x78C0C0C0</KB_KEYBG_DISABLED>
            <KB_KEY_PRESSED>0xFF008000</KB_KEY_PRESSED>
            <KB_KEY_NORMAL>0xFF000000</KB_KEY_NORMAL>
            <KB_KEY_DISABLED>0xFFFFFFFF</KB_KEY_DISABLED>
            <KB_KEY_ACTIVEBORDER>0xFFFF0000</KB_KEY_ACTIVEBORDER>
            <KB_KEY_TEXTCOLOR>0xFF000000</KB_KEY_TEXTCOLOR>
            <KB_KEY_TEXTBACKCOLOR>0xFFFFFFFF</KB_KEY_TEXTBACKCOLOR>
            <KB_KEY_TEXTBORDERCOLOR>0x780000FF</KB_KEY_TEXTBORDERCOLOR>
            <MENU_TEXTCOLOR>0xFFFFFFFF</MENU_TEXTCOLOR>
            <MENU_ACTIVETEXTCOLOR>0xFF0000FF</MENU_ACTIVETEXTCOLOR>
            <MENU_BORDERCOLOR>0xFF0080FF</MENU_BORDERCOLOR>
        </ColorScheme>
    </Main>
</Skin>