﻿<Skin name="yaaaaa">
    <Information>
        <Author>simple</Author>
        <Version>1</Version>
        <Copyright>2009</Copyright>
        <Skinner Name="UX Architect" Version="1.0c" />
    </Information>
    <IntroMovie>intro.xmv</IntroMovie>
    <Filemanager SafeBorder="False">
        <Background>cmGPDB6lmcOe.jpg</Background>
    </Filemanager>
    <LoadingScreen ShowInfo="False">
        <Background>cmGPDB6lmcOe.jpg</Background>
    </LoadingScreen>
    <Main Globe="False" Orb="False" Fog="False">
        <Background EnableAudio="False">fssdf.jpg</Background>
        <InfoFont>39Smooth-10.xpr</InfoFont>
        <Text Top="314" Left="464" Width="101" Scroll="0" Color="0xFFFFFFFF" Source="Game preview" Align="Left" />
        <Text Top="7" Left="93" Width="182" Scroll="0" Color="0xFFFFFFFF" Source="SoundTrack" Align="Left" />
        <Text Top="133" Left="97" Width="175" Scroll="0" Color="0xFFFFFFFF" Source="SongName" Align="Left" />
        <Text Top="67" Left="193" Width="175" Scroll="0" Color="0xFFFFFFFF" Source="SongTime" Align="Left" />
        <Text Top="450" Left="202" Width="136" Scroll="0" Color="0xFFFFFFFF" Source="NickName" Align="Left" />
        <Text Top="449" Left="69" Width="114" Scroll="0" Color="0xFFFFFFFF" Source="DVDTitle" Align="Left" />
        <Text Top="450" Left="363" Width="136" Scroll="0" Color="0xFFFFFFFF" Source="IP" Align="Left" />
        <Text Top="371" Left="268" Width="130" Scroll="0" Color="0xFFFFFFFF" Source="E_Free" Align="Left" />
        <Text Top="393" Left="267" Width="123" Scroll="0" Color="0xFFFFFFFF" Source="C_Free" Align="Left" />
        <Text Top="372" Left="491" Width="200" Scroll="0" Color="0xFFFFFFFF" Source="Time" Align="Left" />
        <Text Top="394" Left="491" Width="200" Scroll="0" Color="0xFFFFFFFF" Source="Date" Align="Left" />
        <Image Top="49" Left="16" Width="44" Height="43" Opacity="100">Ring.png</Image>
        <Image Top="437" Left="-10" Width="70" Height="43" Opacity="100">xvvv.PNG</Image>
        <Image Top="42" Left="408" Width="207" Height="102" Source="GameIcon" />
        <Image Top="441" Left="62" Width="132" Height="34" Opacity="100">shadows 2.png</Image>
        <Image Top="442" Left="195" Width="164" Height="34" Opacity="100">shadows 2.png</Image>
        <Image Top="442" Left="355" Width="154" Height="34" Opacity="100">shadows 2.png</Image>
        <Image Top="342" Left="474" Width="209" Height="94" Opacity="100">Cool 3.png</Image>
        <Image Top="345" Left="235" Width="236" Height="86" Opacity="100">Cool 3.png</Image>
        <Image Top="183" Left="-25" Width="217" Height="257" Opacity="100">Display.png</Image>
        <Image Top="-15" Left="363" Width="296" Height="206" Opacity="100">Frame.png</Image>
        <Image Top="159" Left="370" Width="287" Height="187" Opacity="100">Frame.png</Image>
        <Image Source="GamePreview" />
        <Menu Align="Middle" ShowIcon="False" Rotate="True" ShowArrows="False">
            <Preview EnableAudio="True" Top="213" Left="418" Width="194" Height="91" />
            <Position Top="214" Left="6" Width="159" Height="200" Fixed="False" FixAt="6" MaxItem="6" />
            <Font>39Smooth-10.xpr</Font>
        </Menu>
        <ColorScheme>
            <AMBIENT_FOGCOLOR>0x78FFFFFF</AMBIENT_FOGCOLOR>
            <AMBIENT_SKYCOLOR>0xFF00000F</AMBIENT_SKYCOLOR>
            <AMBIENT_CELLCOLOR>0x7800C000</AMBIENT_CELLCOLOR>
            <CAPTION_TEXTCOLOR>0xFFFFFFFF</CAPTION_TEXTCOLOR>
            <CAPTION_BACKCOLOR>0xFF808080</CAPTION_BACKCOLOR>
            <DIALOG_BORDERCOLOR>0xFF000000</DIALOG_BORDERCOLOR>
            <DIALOG_BACKCOLOR>0xB9000000</DIALOG_BACKCOLOR>
            <DIALOG_INNER_BORDERCOLOR>0xFFFFFFFF</DIALOG_INNER_BORDERCOLOR>
            <DIALOG_INNER_BACKCOLOR>0x53C0C0C0</DIALOG_INNER_BACKCOLOR>
            <DIALOG_TEXTCOLOR>0xFFFFFFFF</DIALOG_TEXTCOLOR>
            <DIALOG_DISABLEDTEXT>0xFFB3B3B4</DIALOG_DISABLEDTEXT>
            <OPTION_TEXTCOLOR>0xFFFFFFFF</OPTION_TEXTCOLOR>
            <OPTION_ACTIVETEXTCOLOR>0xFF00FFFF</OPTION_ACTIVETEXTCOLOR>
            <OPTION_ACTIVEBACKCOLOR>0xFF808080</OPTION_ACTIVEBACKCOLOR>
            <BUTTON_BORDERCOLOR>0xFFFFFFFF</BUTTON_BORDERCOLOR>
            <BUTTON_TEXTCOLOR>0xFFFFFFFF</BUTTON_TEXTCOLOR>
            <BUTTON_BACKCOLOR>0xFF808080</BUTTON_BACKCOLOR>
            <BUTTON_ACTIVETEXTCOLOR>0xFFFFFFFF</BUTTON_ACTIVETEXTCOLOR>
            <BUTTON_ACTIVEBACKCOLOR>0xFF000000</BUTTON_ACTIVEBACKCOLOR>
            <KB_KEYBG_HIGHLIGHT>0xFF400080</KB_KEYBG_HIGHLIGHT>
            <KB_KEYBG_DISABLED>0x78C0C0C0</KB_KEYBG_DISABLED>
            <KB_KEY_PRESSED>0xFF000000</KB_KEY_PRESSED>
            <KB_KEY_NORMAL>0xFF000000</KB_KEY_NORMAL>
            <KB_KEY_DISABLED>0xFFFFFFFF</KB_KEY_DISABLED>
            <KB_KEY_ACTIVEBORDER>0xFFFFFFFF</KB_KEY_ACTIVEBORDER>
            <KB_KEY_TEXTCOLOR>0xFF000000</KB_KEY_TEXTCOLOR>
            <KB_KEY_TEXTBACKCOLOR>0xFFFFFFFF</KB_KEY_TEXTBACKCOLOR>
            <KB_KEY_TEXTBORDERCOLOR>0x780000FF</KB_KEY_TEXTBORDERCOLOR>
            <MENU_TEXTCOLOR>0xFFFFFFFF</MENU_TEXTCOLOR>
            <MENU_ACTIVETEXTCOLOR>0xFFFFFFFF</MENU_ACTIVETEXTCOLOR>
            <MENU_BORDERCOLOR>0xFF808080</MENU_BORDERCOLOR>
            <MENU_BACKCOLOR>0xFF400080</MENU_BACKCOLOR>
            <MENU_ACTIVEBACKCOLOR>0xB9FF8000</MENU_ACTIVEBACKCOLOR>
            <MENU_ACTIVEBORDERCOLOR>0x84FFFFFF</MENU_ACTIVEBORDERCOLOR>
        </ColorScheme>
    </Main>
</Skin>