﻿<Skin name="Paris">
    <Information>
        <Author>Treffner</Author>
        <Version>1</Version>
        <Copyright>2004</Copyright>
        <Skinner Name="UX Architect" Version="1.0c" />
    </Information>
    <Filemanager SafeBorder="False">
        <Background>paris H2.jpg</Background>
    </Filemanager>
    <LoadingScreen ShowInfo="False">
        <Background>Paris Loading.wmv</Background>
    </LoadingScreen>
    <Main>
        <Background EnableAudio="False">4.jpg</Background>
        <InfoFont>Square-10.xpr</InfoFont>
        <Image Source="GamePreview" />
        <Menu Smooth="True" Align="Left" ShowIcon="True" Rotate="True" ShowArrows="False">
            <Preview EnableAudio="True" Top="187" Left="251" Width="90" Height="84" />
            <ItemPos Top="160" Left="429" Width="200"></ItemPos>
            <ItemPos Top="195" Left="442" Width="200"></ItemPos>
            <ItemPos Top="227" Left="457" Width="200"></ItemPos>
            <ItemPos Top="263" Left="438" Width="200"></ItemPos>
            <ItemPos Top="291" Left="423" Width="200"></ItemPos>
            <Font>ParkAvenue-14.xpr</Font>
        </Menu>
        <ColorScheme>
            <AMBIENT_FOGCOLOR>0x7800FF40</AMBIENT_FOGCOLOR>
            <AMBIENT_SKYCOLOR>0xFF000000</AMBIENT_SKYCOLOR>
            <AMBIENT_CELLCOLOR>0x7800FF40</AMBIENT_CELLCOLOR>
            <CAPTION_TEXTCOLOR>0xFF00FF40</CAPTION_TEXTCOLOR>
            <CAPTION_BACKCOLOR>0xFF000000</CAPTION_BACKCOLOR>
            <DIALOG_BORDERCOLOR>0xFF00FF00</DIALOG_BORDERCOLOR>
            <DIALOG_BACKCOLOR>0xFF000000</DIALOG_BACKCOLOR>
            <DIALOG_INNER_BORDERCOLOR>0xFF00FF40</DIALOG_INNER_BORDERCOLOR>
            <DIALOG_INNER_BACKCOLOR>0xFF000000</DIALOG_INNER_BACKCOLOR>
            <DIALOG_TEXTCOLOR>0xFF00FF40</DIALOG_TEXTCOLOR>
            <DIALOG_DISABLEDTEXT>0xFFCCFFCC</DIALOG_DISABLEDTEXT>
            <OPTION_TEXTCOLOR>0xFF00FF40</OPTION_TEXTCOLOR>
            <OPTION_ACTIVETEXTCOLOR>0xFF00FF40</OPTION_ACTIVETEXTCOLOR>
            <OPTION_ACTIVEBACKCOLOR>0xFF0000FF</OPTION_ACTIVEBACKCOLOR>
            <BUTTON_BORDERCOLOR>0xFF00FF40</BUTTON_BORDERCOLOR>
            <BUTTON_TEXTCOLOR>0xFFCCFFCC</BUTTON_TEXTCOLOR>
            <BUTTON_BACKCOLOR>0xFF000000</BUTTON_BACKCOLOR>
            <BUTTON_ACTIVETEXTCOLOR>0xFF00FF40</BUTTON_ACTIVETEXTCOLOR>
            <BUTTON_ACTIVEBACKCOLOR>0xFF0000FF</BUTTON_ACTIVEBACKCOLOR>
            <KB_KEYBG_HIGHLIGHT>0xFF80FF00</KB_KEYBG_HIGHLIGHT>
            <KB_KEYBG_DISABLED>0x7880FF80</KB_KEYBG_DISABLED>
            <KB_KEY_PRESSED>0xFF00FF40</KB_KEY_PRESSED>
            <KB_KEY_NORMAL>0xFF000000</KB_KEY_NORMAL>
            <KB_KEY_DISABLED>0xFF000000</KB_KEY_DISABLED>
            <KB_KEY_ACTIVEBORDER>0xFF00FF40</KB_KEY_ACTIVEBORDER>
            <KB_KEY_TEXTCOLOR>0xFF00FF00</KB_KEY_TEXTCOLOR>
            <KB_KEY_TEXTBACKCOLOR>0xFF000000</KB_KEY_TEXTBACKCOLOR>
            <KB_KEY_TEXTBORDERCOLOR>0x78000000</KB_KEY_TEXTBORDERCOLOR>
            <MENU_TEXTCOLOR>0xFF00FF40</MENU_TEXTCOLOR>
            <MENU_ACTIVETEXTCOLOR>0xFF00FF40</MENU_ACTIVETEXTCOLOR>
            <MENU_BORDERCOLOR>0xFF00FF40</MENU_BORDERCOLOR>
            <MENU_BACKCOLOR>0xFF000000</MENU_BACKCOLOR>
            <MENU_ACTIVEBACKCOLOR>0xFF0000FF</MENU_ACTIVEBACKCOLOR>
            <MENU_ACTIVEBORDERCOLOR>0xFF0000FF</MENU_ACTIVEBORDERCOLOR>
        </ColorScheme>
    </Main>
</Skin>