﻿<Skin name="Halo Wars">
    <Information>
        <Author>Snipes101</Author>
        <Version>1</Version>
        <Copyright>2007</Copyright>
        <Skinner Name="UX Architect" Version="1.0c" />
    </Information>
    <IntroMovie>Intro.wmv</IntroMovie>
    <Filemanager SafeBorder="False">
        <Background>HAloWaRsHD_1280x720_0003.jpg</Background>
    </Filemanager>
    <Main Globe="False" Orb="False" Fog="False">
        <Background EnableAudio="False">HW_1280x1024_4.jpg</Background>
        <InfoFont>Square-14.xpr</InfoFont>
        <Text Top="93" Left="20" Width="225" Scroll="" Color="0xFFFFFFFF" Source="E_FREEMB" Align="Left" />
        <Text Top="430" Left="35" Width="137" Scroll="" Color="0xFFFFFFFF" Source="CPUTEMP" Align="Left" />
        <Text Top="374" Left="62" Width="491" Scroll="0" Color="0xFFFFFFFF" Source="Newsfeed" Align="Left" />
        <Text Top="97" Left="496" Width="100" Scroll="" Color="0xFFFFFFFF" Source="TRAY" Align="Right" />
        <Text Top="130" Left="498" Width="100" Scroll="" Color="0xFFFFFFFF" Source="NICKNAME" Align="Right" />
        <Text Top="67" Left="496" Width="100" Scroll="" Color="0xFFFFFFFF" Source="DATETIME" Align="Right" />
        <Text Top="200" Left="35" Width="87" Scroll="" Color="0xFFFFFFFF" Source="SONGNAME" Align="Left" />
        <Text Top="126" Left="20" Width="194" Scroll="" Color="0xFFFFFFFF" Source="F_FREEMB" Align="Left" />
        <Text Top="62" Left="20" Width="169" Scroll="" Color="0xFFFFFFFF" Source="C_FREEMB" Align="Left" />
        <Text Top="450" Left="35" Width="136" Scroll="" Color="0xFFFFFFFF" Source="MBTEMP" Align="Left" />
        <Text Top="230" Left="35" Width="78" Scroll="" Color="0xFFFFFFFF" Source="SONGTIME" Align="Left" />
        <Text Top="410" Left="588" Width="17" Scroll="" Color="0xFFFFFFFF" Source="IP" Align="Right" />
        <Text Top="430" Left="520" Width="86" Scroll="" Color="0xFFFFFFFF" Source="NUMCLIENT" Align="Right" />
        <Image Top="175" Left="437" Width="149" Height="131" Source="GameIcon" />
        <Image Top="419" Left="225" Width="191" Height="49" Opacity="100">unleashx5.png</Image>
        <Image Top="367" Left="21" Width="589" Height="39" Opacity="100">shadows 2.png</Image>
        <Image Source="GamePreview" />
        <Menu Align="Left" ShowIcon="True" ShowArrows="False">
            <Preview EnableAudio="True" Top="180" Left="20" Width="130" Height="110" />
            <ItemPos Top="174" Left="164" Width="248"></ItemPos>
            <ItemPos Top="209" Left="164" Width="258"></ItemPos>
            <ItemPos Top="241" Left="164" Width="234"></ItemPos>
            <ItemPos Top="272" Left="164" Width="251"></ItemPos>
            <Font>Square-14.xpr</Font>
        </Menu>
        <ColorScheme>
            <AMBIENT_FOGCOLOR>0xFF8080FF</AMBIENT_FOGCOLOR>
            <AMBIENT_SKYCOLOR>0xFF00000F</AMBIENT_SKYCOLOR>
            <AMBIENT_CELLCOLOR>0xFF0080FF</AMBIENT_CELLCOLOR>
            <CAPTION_TEXTCOLOR>0xFFFFFFFF</CAPTION_TEXTCOLOR>
            <CAPTION_BACKCOLOR>0xFF0080FF</CAPTION_BACKCOLOR>
            <DIALOG_BORDERCOLOR>0xFF0080FF</DIALOG_BORDERCOLOR>
            <DIALOG_BACKCOLOR>0x9F000000</DIALOG_BACKCOLOR>
            <DIALOG_INNER_BORDERCOLOR>0xFF0080FF</DIALOG_INNER_BORDERCOLOR>
            <DIALOG_INNER_BACKCOLOR>0xFF000000</DIALOG_INNER_BACKCOLOR>
            <DIALOG_TEXTCOLOR>0xFFFFFFFF</DIALOG_TEXTCOLOR>
            <DIALOG_DISABLEDTEXT>0xFFB3B3B4</DIALOG_DISABLEDTEXT>
            <OPTION_TEXTCOLOR>0xFFFFFFFF</OPTION_TEXTCOLOR>
            <OPTION_ACTIVETEXTCOLOR>0xFFFFFFFF</OPTION_ACTIVETEXTCOLOR>
            <OPTION_ACTIVEBACKCOLOR>0xFF0080FF</OPTION_ACTIVEBACKCOLOR>
            <BUTTON_BORDERCOLOR>0xFFFFFFFF</BUTTON_BORDERCOLOR>
            <BUTTON_TEXTCOLOR>0xFFFFFFFF</BUTTON_TEXTCOLOR>
            <BUTTON_BACKCOLOR>0x980000A0</BUTTON_BACKCOLOR>
            <BUTTON_ACTIVETEXTCOLOR>0xFFFFFFFF</BUTTON_ACTIVETEXTCOLOR>
            <BUTTON_ACTIVEBACKCOLOR>0xFF0080FF</BUTTON_ACTIVEBACKCOLOR>
            <KB_KEYBG_HIGHLIGHT>0xFF0080FF</KB_KEYBG_HIGHLIGHT>
            <KB_KEYBG_DISABLED>0xFFC0C0C0</KB_KEYBG_DISABLED>
            <KB_KEY_PRESSED>0xFF008000</KB_KEY_PRESSED>
            <KB_KEY_NORMAL>0xFF000000</KB_KEY_NORMAL>
            <KB_KEY_DISABLED>0xFFFFFFFF</KB_KEY_DISABLED>
            <KB_KEY_ACTIVEBORDER>0xFF808080</KB_KEY_ACTIVEBORDER>
            <KB_KEY_TEXTCOLOR>0xFF000000</KB_KEY_TEXTCOLOR>
            <KB_KEY_TEXTBACKCOLOR>0xFFFFFFFF</KB_KEY_TEXTBACKCOLOR>
            <KB_KEY_TEXTBORDERCOLOR>0xFFFFFF00</KB_KEY_TEXTBORDERCOLOR>
            <MENU_TEXTCOLOR>0xFCFFFFFF</MENU_TEXTCOLOR>
            <MENU_ACTIVETEXTCOLOR>0xE1FFFF80</MENU_ACTIVETEXTCOLOR>
            <MENU_BORDERCOLOR>0xFF0080FF</MENU_BORDERCOLOR>
            <MENU_BACKCOLOR>0xFF000000</MENU_BACKCOLOR>
            <MENU_ACTIVEBORDERCOLOR>0xE1FFFFFF</MENU_ACTIVEBORDERCOLOR>
        </ColorScheme>
    </Main>
</Skin>