﻿<Skin name="You X Tube Box">
    <Information>
        <Author>Santiago</Author>
        <Version>1</Version>
        <Copyright>2009</Copyright>
        <Skinner Name="UX Architect" Version="1.0c" />
    </Information>
    <IntroMovie>temp1.wmv</IntroMovie>
    <Filemanager SafeBorder="False" DrawBorder="True">
        <Background>Diapositiva1.JPG</Background>
    </Filemanager>
    <LoadingScreen ShowInfo="False">
        <Background>temp3.wmv</Background>
    </LoadingScreen>
    <Main Globe="False" Orb="False" Fog="False">
        <Background EnableAudio="False">Presentacion1.png</Background>
        <InfoFont>CenturyGothic-10.xpr</InfoFont>
        <Text Top="104" Left="426" Width="163" Scroll="2" Color="0xFF000000" Source="DVDTitle" Align="Left" />
        <Text Top="122" Left="426" Width="164" Scroll="2" Color="0xFF000000" Source="Tray" Align="Left" />
        <Text Top="241" Left="397" Width="117" Scroll="1" Color="0xFF000000" Source="Date" Align="Left" />
        <Text Top="222" Left="397" Width="117" Scroll="1" Color="0xFF000000" Source="Time" Align="Left" />
        <Text Top="267" Left="424" Width="166" Scroll="0" Color="0xFF000000" Source="C_FreeMB" Align="Left" />
        <Text Top="285" Left="425" Width="156" Scroll="0" Color="0xFF000000" Source="E_FreeMB" Align="Left" />
        <Text Top="308" Left="424" Width="160" Scroll="0" Color="0xFF000000" Source="F_FreeMB" Align="Left" />
        <Text Top="329" Left="423" Width="164" Scroll="0" Color="0xFF000000" Source="G_FreeMB" Align="Left" />
        <Text Top="216" Left="78" Width="200" Scroll="2" Color="0xFF000000" Source="NickName" Align="Middle" />
        <Text Top="141" Left="424" Width="166" Scroll="2" Color="0xFF000000" Source="SongName" Align="Left" />
        <Text Top="85" Left="427" Width="169" Scroll="2" Color="0xFF000000" Source="IP" Align="Left" />
        <Text Top="240" Left="50" Width="268" Scroll="2" Color="0xFF000000" Source="Newsfeed" Align="Left" />
        <Image Top="194" Left="527" Width="65" Height="69" Source="GameIcon" />
        <Image Source="GamePreview" />
        <Menu Smooth="True" Align="Left" ShowIcon="True" ShowArrows="False">
            <Preview EnableAudio="True" Top="48" Left="58" Width="291" Height="151" />
            <Position Top="273" Left="86" Width="253" Height="131" Fixed="True" FixAt="2" MaxItem="4" />
            <Font>39Smooth-10.xpr</Font>
        </Menu>
        <ColorScheme>
            <AMBIENT_FOGCOLOR>0xFF000000</AMBIENT_FOGCOLOR>
            <AMBIENT_SKYCOLOR>0xFF00000F</AMBIENT_SKYCOLOR>
            <AMBIENT_CELLCOLOR>0xFF000000</AMBIENT_CELLCOLOR>
            <CAPTION_TEXTCOLOR>0xFFFF8000</CAPTION_TEXTCOLOR>
            <CAPTION_BACKCOLOR>0xFF808080</CAPTION_BACKCOLOR>
            <DIALOG_BORDERCOLOR>0xFF000000</DIALOG_BORDERCOLOR>
            <DIALOG_BACKCOLOR>0xFF808080</DIALOG_BACKCOLOR>
            <DIALOG_INNER_BORDERCOLOR>0xFF000000</DIALOG_INNER_BORDERCOLOR>
            <DIALOG_INNER_BACKCOLOR>0xFFC0C0C0</DIALOG_INNER_BACKCOLOR>
            <DIALOG_TEXTCOLOR>0xFF000000</DIALOG_TEXTCOLOR>
            <DIALOG_DISABLEDTEXT>0xFF3A3A3A</DIALOG_DISABLEDTEXT>
            <OPTION_TEXTCOLOR>0xFF000000</OPTION_TEXTCOLOR>
            <OPTION_ACTIVETEXTCOLOR>0xFF000000</OPTION_ACTIVETEXTCOLOR>
            <OPTION_ACTIVEBACKCOLOR>0x00273CF3</OPTION_ACTIVEBACKCOLOR>
            <BUTTON_BORDERCOLOR>0xC8000000</BUTTON_BORDERCOLOR>
            <BUTTON_TEXTCOLOR>0xFFFFFFFF</BUTTON_TEXTCOLOR>
            <BUTTON_BACKCOLOR>0xFF373737</BUTTON_BACKCOLOR>
            <BUTTON_ACTIVETEXTCOLOR>0xFF000000</BUTTON_ACTIVETEXTCOLOR>
            <BUTTON_ACTIVEBACKCOLOR>0xFFD96C00</BUTTON_ACTIVEBACKCOLOR>
            <KB_KEYBG_HIGHLIGHT>0xC8FF8000</KB_KEYBG_HIGHLIGHT>
            <KB_KEYBG_DISABLED>0x78C0C0C0</KB_KEYBG_DISABLED>
            <KB_KEY_PRESSED>0xFF008000</KB_KEY_PRESSED>
            <KB_KEY_NORMAL>0xFF000000</KB_KEY_NORMAL>
            <KB_KEY_DISABLED>0x78808080</KB_KEY_DISABLED>
            <KB_KEY_ACTIVEBORDER>0xFFFF0000</KB_KEY_ACTIVEBORDER>
            <KB_KEY_TEXTCOLOR>0xFF000000</KB_KEY_TEXTCOLOR>
            <KB_KEY_TEXTBACKCOLOR>0xFFFFFFFF</KB_KEY_TEXTBACKCOLOR>
            <KB_KEY_TEXTBORDERCOLOR>0x780000FF</KB_KEY_TEXTBORDERCOLOR>
            <MENU_TEXTCOLOR>0xFF000000</MENU_TEXTCOLOR>
            <MENU_ACTIVETEXTCOLOR>0xFF000000</MENU_ACTIVETEXTCOLOR>
            <MENU_BORDERCOLOR>0xFF000000</MENU_BORDERCOLOR>
            <MENU_BACKCOLOR>0xFFC0C0C0</MENU_BACKCOLOR>
            <MENU_ACTIVEBACKCOLOR>0x8B808080</MENU_ACTIVEBACKCOLOR>
        </ColorScheme>
    </Main>
</Skin>