﻿<Skin name="greenheaven">
	<Information>
    		<Author>XBNormUK</Author>
    		<Version>1</Version>
    		<Copyright>2006</Copyright>
	</Information>

	<Filemanager SafeBorder="True">
		<Background>filemanager.png</Background>
	</Filemanager>
	<LoadingScreen ShowInfo="False">
        	<Background>loading.png</Background>
	</LoadingScreen>
	<Main Globe="False" Orb="False" Fog="False">
        	<Background EnableAudio="False">background.png</Background>
        	<InfoFont>Arial_9.xpr</InfoFont>
        	<Text Top="50" Left="67" Width="268" Scroll="0" Color="0xFF00FF00" Source="$NickName$" Align="Left" />
		<Text Top="50" Left="277" Width="100" Scroll="0" Color="0xFF00FF00" Source="Main Menu" Align="Left" />
		<Text Top="269" Left="67" Width="290" Scroll="1" Color="0xFF00FF00" Source="Network & News" Align="Left" />
		<Text Top="284" Left="67" Width="290" Scroll="1" Color="0xFF00FF00" Source="IP" Align="Left" />
        	<Text Top="298" Left="67" Width="290" Scroll="1" Color="0xFF00FF00" Source="Subnet" Align="Left" />
       		<Text Top="312" Left="67" Width="290" Scroll="0" Color="0xFF00FF00" Source="$NewsSource$" Align="Left" />
        	<Text Top="327" Left="67" Width="290" Scroll="1" Color="0xFF00FF00" Source="$Newsfeed$" Align="Left" /> 
		<Text Top="160" Left="388" Width="200" Scroll="1" Color="0xFF00FF00" Source="Audio Now Playing:" Align="Left" />
		<Text Top="174" Left="388" Width="200" Scroll="1" Color="0xFF00FF00" Source="$SongName$" Align="Left" />
      		<Text Top="188" Left="388" Width="200" Scroll="1" Color="0xFF00FF00" Source="$SoundTrack$" Align="Left" />
     		<Text Top="202" Left="389" Width="200" Scroll="1" Color="0xFF00FF00" Source="$SongTime$" Align="Left" />
        	<Text Top="108" Left="388" Width="50" Scroll="0" Color="0xFF00FF00" Source="DVD:" Align="Left" />
		<Text Top="108" Left="420" Width="200" Scroll="1" Color="0xFF00FF00" Source="DVDTitle" Align="Left" />
		<Text Top="415" Left="358" Width="154" Scroll="1" Color="0xFF00FF00" Source="$Date$" Align="Left" />
		<Text Top="430" Left="358" Width="154" Scroll="1" Color="0xFF00FF00" Source="$Time$" Align="Left" />
        	<Text Top="393" Left="128" Width="40" Scroll="0" Color="0xFF00FF00" Source="C:" Align="Left" />
		<Text Top="407" Left="128" Width="39" Scroll="0" Color="0xFF00FF00" Source="E:" Align="Left" />
		<Text Top="421" Left="128" Width="19" Scroll="0" Color="0xFF00FF00" Source="F:" Align="Left" />
		<Text Top="379" Left="128" Width="200" Scroll="0" Color="0xFF00FF00" Source="Free Memory" Align="Left" />
		<Text Top="407" Left="143" Width="200" Scroll="0" Color="0xFF00FF00" Source="$E_FreeMB$" Align="Left" />
        	<Text Top="393" Left="143" Width="200" Scroll="0" Color="0xFF00FF00" Source="$C_FreeMB$" Align="Left" />
        	<Text Top="421" Left="143" Width="200" Scroll="0" Color="0xFF00FF00" Source="$F_FreeMB$" Align="Left" />
        	<Image Top="108" Left="540" Width="50" Height="50" Source="GameIcon" />
        	<Image Source="GamePreview" />
        	<Image Left="440" Top="298"  zIndex="3">preview overlay.png</Image>
		<Menu Scroll="True" Smooth="True" Align="middle" ShowIcon="False" ShowArrows="False">
            		<Preview EnableAudio="True" Top="297" Left="440" Width="170" Height="121" />
            		<Position Top="70" Left="61" Width="290" Height="200" Fixed="False" FixAt="2" MaxItem="4" />
            		<Font>Arial_16.xpr</Font>
        	</Menu>
    	</Main>
	<MusicPlayer Top="1" Left="1" Width="640" Height="480" Relative="True">
		<BackGround>audio.png</BackGround>
		<Playlist Top="50" Left="60" Width="302" Height="297" OffsetX="10" OffsetY="20">
			<BackGround>Playlist.png</BackGround>
		</Playlist>
		<ButtonMap>mp_buttons.png</ButtonMap>	
		<Element Type="Prev" Left="341" Top="408" Width="70" Height="50" zIndex="3" />
		<Element Type="Play" Left="365" Top="409" Width="70" Height="50" zIndex="3" />
		<Element Type="Pause" Left="393" Top="412" Width="70" Height="50" zIndex="3" />
		<Element Type="Stop" Left="427" Top="411" Width="70" Height="50" zIndex="3" />
		<Element Type="Next" Left="446" Top="413" Width="70" Height="50" zIndex="3" />
		<Element Type="PrevTrack" Left="474" Top="412" Width="70" Height="50" zIndex="3"/>
		<Element Type="NextTrack" Left="494" Top="413" Width="70" Height="50" zIndex="3"/>
		<Element Type="Mute" Left="345" Top="450" Width="70" Height="25" zIndex="3" />
		<Element Type="Random" Left="460" Top="449" Width="70" Height="25" zIndex="3" />
		<Element Type="Progress" Left="189" Top="412" Width="98" Height="10" Direction="right" zIndex="3"/>
		<Element Type="Volume" Left="157" Top="426" Width="130" Height="10" Direction="right" zIndex="3"/>
		<Element Type="Meter" Left="400" Top="108" Width="250" Height="65" zIndex="3"/>
		<Element Type="Meter" Left="480" Top="108" Width="250" Height="65" zIndex="3"/>
		<Text Left="130" Top="410" Width="80" Height="15" Color="0xFF00FF00" Source="Progress" Font="Common10" Align="left" ScaleX="100" ScaleY="100" zIndex="3" />
		<Text Left="130" Top="425" Width="80" Height="15" Color="0xFF00FF00" Source="Vol." Font="Common10" Align="left" ScaleX="100" ScaleY="100" zIndex="3" />
		<Text Left="508" Top="456" Width="80" Height="15" Color="0xFF00FF00" Source="Random" Font="Common10" Align="left" ScaleX="100" ScaleY="100" zIndex="3" />
		<Text Left="389" Top="456" Width="80" Height="15" Color="0xFF00FF00" Source="Mute" Font="Common10" Align="left" ScaleX="100" ScaleY="100" zIndex="3" />
		<Text Left="131" Top="380" Width="100" Height="30" Color="0xFF00FF00" Source="SongBitRate" Font="Common10" Align="left" ScaleX="100" ScaleY="100" zIndex="3" />
		<Text Left="130" Top="395" Width="50" Height="30" Color="0xFF00FF00" Source="SongChannel" Font="Common10" Align="left" ScaleX="100" ScaleY="100" zIndex="3" />
		<Text Top="172" Left="388" Width="200" Scroll="1" Color="0xFF00FF00" Source="$SongName$" Align="Left" />
        	<Text Top="188" Left="388" Width="200" Scroll="1" Color="0xFF00FF00" Source="$SoundTrack$" Align="Left" />
        	<Text Top="203" Left="389" Width="200" Scroll="1" Color="0xFF00FF00" Source="$SongTime$" Align="Left" />
	</MusicPlayer>
	<ColorScheme>
            <CAPTION_TEXTCOLOR>0xFF00FF00</CAPTION_TEXTCOLOR>
            <CAPTION_BACKCOLOR>0xFF008000</CAPTION_BACKCOLOR>
            <DIALOG_BORDERCOLOR>0xE1FFFF00</DIALOG_BORDERCOLOR>
            <DIALOG_BACKCOLOR>0x96008040</DIALOG_BACKCOLOR>
            <DIALOG_INNER_BORDERCOLOR>0xFFFFFF00</DIALOG_INNER_BORDERCOLOR>
            <DIALOG_INNER_BACKCOLOR>0xFF000000</DIALOG_INNER_BACKCOLOR>
            <DIALOG_TEXTCOLOR>0xFFFFFF80</DIALOG_TEXTCOLOR>
            <DIALOG_DISABLEDTEXT>0xFFB3B3B4</DIALOG_DISABLEDTEXT>
            <OPTION_TEXTCOLOR>0xFFFFFF80</OPTION_TEXTCOLOR>
            <OPTION_ACTIVETEXTCOLOR>0xFF00FF00</OPTION_ACTIVETEXTCOLOR>
            <OPTION_ACTIVEBACKCOLOR>0xFF008000</OPTION_ACTIVEBACKCOLOR>
            <BUTTON_BORDERCOLOR>0xFFFFFFFF</BUTTON_BORDERCOLOR>
            <BUTTON_TEXTCOLOR>0xFF000000</BUTTON_TEXTCOLOR>
            <BUTTON_BACKCOLOR>0xFFFFFF00</BUTTON_BACKCOLOR>
            <BUTTON_ACTIVETEXTCOLOR>0xFFFFFFFF</BUTTON_ACTIVETEXTCOLOR>
            <BUTTON_ACTIVEBACKCOLOR>0xFF800080</BUTTON_ACTIVEBACKCOLOR>
            <KB_KEYBG_HIGHLIGHT>0xFF800080</KB_KEYBG_HIGHLIGHT>
            <KB_KEYBG_DISABLED>0xFFC0C0C0</KB_KEYBG_DISABLED>
            <KB_KEY_PRESSED>0xFFFFFF00</KB_KEY_PRESSED>
            <KB_KEY_NORMAL>0xFF000000</KB_KEY_NORMAL>
            <KB_KEY_DISABLED>0xFFFFFFFF</KB_KEY_DISABLED>
            <KB_KEY_ACTIVEBORDER>0xFFFFFFFF</KB_KEY_ACTIVEBORDER>
            <KB_KEY_TEXTCOLOR>0xFF000000</KB_KEY_TEXTCOLOR>
            <KB_KEY_TEXTBACKCOLOR>0xFFFFFFFF</KB_KEY_TEXTBACKCOLOR>
            <KB_KEY_TEXTBORDERCOLOR>0xFFFFFFFF</KB_KEY_TEXTBORDERCOLOR>
            <MENU_TEXTCOLOR>0x96008000</MENU_TEXTCOLOR>
            <MENU_ACTIVETEXTCOLOR>0xFF00FF00</MENU_ACTIVETEXTCOLOR>
	    <MMActiveForeColor>0xFF00FF00</MMActiveForeColor>
	    <MMForeColor>0xFF008000</MMForeColor>
	    <MMOffForeColor>0xFF008000</MMOffForeColor>
	    <MMDarkBarColor>0xFF008000</MMDarkBarColor>
	    <MMDarkBackColor>0xFF008000</MMDarkBackColor>
	</ColorScheme>
</Skin>