<Skin name="UX360 blue normal icons">
	<Information>
		<Author>MICHAEL JOHNSON</Author>
		<Copyright>Copyright 2005 to whenever</Copyright>
	 	<Version>1</Version>
	</Information>
	<Fonts>
		<Font Name="10">common-font10.xpr</Font>
		<Font Name="12">common-font12.xpr</Font>
		<Font Name="14">common-font14.xpr</Font>
		<Font Name="Special">special-normal-pal.xpr</Font>
		<Font Name="SpecialBold">special-bold.xpr</Font>
	</Fonts>	
	<Main Globe="false" Orb="False" Fog="false">
		<Cellwall></Cellwall>
		<Orb></Orb>
		<Icon></Icon>
            <Background EnableAudio="False">ux360bluebg.png</Background>
		
		<Menu Smooth="False" Align="left" Rotate="false" ShowIcon="false" Fixed="False" FixAt="0">
            <ItemPos Top="86" Left="98" Width="200"></ItemPos>
            <ItemPos Top="111" Left="98" Width="200"></ItemPos>
            <ItemPos Top="135" Left="98" Width="200"></ItemPos>
            <ItemPos Top="158" Left="98" Width="200"></ItemPos>
            <ItemPos Top="181" Left="98" Width="200"></ItemPos>
            <ItemPos Top="205" Left="98" Width="200"></ItemPos>
		<Preview EnableAudio="False" Left="314" Top="75" Width="230" Height="160"/>
		<Font>10</Font>
		
		</Menu>
		
		<Image Left="0" Top="0" zIndex="3">ux360blueol.png</Image> 
		<Image Left="93" Top="277" Width="215" Height="77" zIndex="2" Source="GameIcon" />
		<Image zIndex="4" Source="GamePreview"/>
		
		
		<InfoFont>12</InfoFont>    
        		<Text Top="243" Left="325" Width="220" Scroll="0" Color="0xFFFFFFFF" zIndex="4" Source="$DateTime$" Align="Left" />
        		<Text Top="284" Left="325" Width="160" Scroll="1" Color="0xFFFFFFFF" Font="SpecialBold" zIndex="4" Source="$SongName$" Align="Left" />
        		<Text Top="324" Left="325" Width="200" Scroll="0" Color="0xFFFFFFFF" ScaleX="100" ScaleY="100" zIndex="4" Source="$SongTime$" Align="Left" />
        		<Text Top="306" Left="325" Width="160" Scroll="1" Color="0xFFFFFFFF" Font="10" zIndex="4" Source="$SoundTrack$" Align="Left" />
        		<Text Top="365" Left="325" Width="200" Scroll="0" Color="0xFFFFFFFF" zIndex="4" Source="E_FreeMB" Align="Left" />
        		<Text Top="385" Left="325" Width="200" Scroll="0" Color="0xFFFFFFFF" zIndex="4" Source="F_FreeMB" Align="Left" />
        		<Text Top="385" Left="160" Width="150" Scroll="0" Color="0xFFFFFFFF" zIndex="4" Source="CPUTemp" Align="Left" />
        		<Text Top="365" Left="160" Width="150" Scroll="0" Color="0xFFFFFFFF" zIndex="4" Source="MBTemp" Align="Left" />
			<Text Top="38"  Left="325" Width="223" Scroll="2" Color="0xFFFFFFFF" zIndex="4" Source="$Newsfeed$" Align="Left"/>
			<Text Top="85"  Left="325" Width="223" Scroll="1" Color="0xFFFFFFFF" zIndex="4" Source="IP: $IP$"Align="Left"/>
			<Text Top="105" Left="325" Width="145" Scroll="0" Color="0xFFFFFFFF" zIndex="4" Source="DVD: "Align="Left"/>
			<Text Top="105" Left="368" Width="108" Scroll="1" Color="0xFFFFFFFF" zIndex="4" Source="$DVDTitle$"Align="Left"/>
			<Text Top="128" Left="325" Width="223" Scroll="1" Color="0xFFFFFFFF" Font="10" zIndex="4" Source="�tat: $Tray$"Align="Left"/>
			<Text Top="205" Left="325" Width="210" Scroll="1" Color="0xFFFFFFFF" zIndex="4" Source="Bienvenue, $NickName$"Align="Left"/>

         </Main>

	<IntroMovie></IntroMovie>
        <FileManager SafeBorder="false">
		<BackGround>ux360filmanager.png</BackGround>
		
	</FileManager>
	
	<LoadingScreen ShowInfo="False">
		<BackGround>ux360bluenowloading.png</BackGround>
	</LoadingScreen>
	
	<ColorScheme Name="ux360blue">
            <AMBIENT_FOGCOLOR>0x00FFFFFF</AMBIENT_FOGCOLOR>
            <AMBIENT_SKYCOLOR>0x0000000F</AMBIENT_SKYCOLOR>
            <AMBIENT_CELLCOLOR>0x0000C000</AMBIENT_CELLCOLOR>
            <CAPTION_TEXTCOLOR>0xFFFFFFFF</CAPTION_TEXTCOLOR>
            <CAPTION_BACKCOLOR>0x64164D80</CAPTION_BACKCOLOR>
            <DIALOG_BORDERCOLOR>0xFFFFFFFF</DIALOG_BORDERCOLOR>
            <DIALOG_BACKCOLOR>0x64298EF3</DIALOG_BACKCOLOR>
            <DIALOG_INNER_BORDERCOLOR>0xC8000000</DIALOG_INNER_BORDERCOLOR>
            <DIALOG_INNER_BACKCOLOR>0x5AAEB2B3</DIALOG_INNER_BACKCOLOR>
            <DIALOG_TEXTCOLOR>0xFFFFFFFF</DIALOG_TEXTCOLOR>
            <DIALOG_DISABLEDTEXT>0xFFB3B3B4</DIALOG_DISABLEDTEXT>
            <OPTION_TEXTCOLOR>0xFFFFFFFF</OPTION_TEXTCOLOR>
            <OPTION_ACTIVETEXTCOLOR>0xFF000000</OPTION_ACTIVETEXTCOLOR>
            <OPTION_ACTIVEBACKCOLOR>0x50FFFFFF</OPTION_ACTIVEBACKCOLOR>
            <BUTTON_BORDERCOLOR>0xC8000000</BUTTON_BORDERCOLOR>
            <BUTTON_TEXTCOLOR>0xFFFFFFFF</BUTTON_TEXTCOLOR>
            <BUTTON_BACKCOLOR>0x64298EF3</BUTTON_BACKCOLOR>
            <BUTTON_ACTIVETEXTCOLOR>0xFFFFFFFF</BUTTON_ACTIVETEXTCOLOR>
            <BUTTON_ACTIVEBACKCOLOR>0x64AEB2B3</BUTTON_ACTIVEBACKCOLOR>
            <KB_KEYBG_HIGHLIGHT>0x19298EF3</KB_KEYBG_HIGHLIGHT>
            <KB_KEYBG_DISABLED>0x78FFFFFF</KB_KEYBG_DISABLED>
            <KB_KEY_PRESSED>0xFF298EF3</KB_KEY_PRESSED>
            <KB_KEY_NORMAL>0xFF000000</KB_KEY_NORMAL>
            <KB_KEY_DISABLED>0xFF000000</KB_KEY_DISABLED>
            <KB_KEY_ACTIVEBORDER>0xFFFFFFFF</KB_KEY_ACTIVEBORDER>
            <KB_KEY_TEXTCOLOR>0xFF000000</KB_KEY_TEXTCOLOR>
            <KB_KEY_TEXTBACKCOLOR>0xFFFFFFFF</KB_KEY_TEXTBACKCOLOR>
            <KB_KEY_TEXTBORDERCOLOR>0x78298EF3</KB_KEY_TEXTBORDERCOLOR>
            <MENU_TEXTCOLOR>0x96FFFFFF</MENU_TEXTCOLOR>
            <MENU_ACTIVETEXTCOLOR>0xFFFFFFFF</MENU_ACTIVETEXTCOLOR>
	</ColorScheme>
</Skin>

















