<Skin name="Youk Johnson">

         <Information>
                  <Author>Youk Johnson</Author>
                  <Copyright>2005</Copyright>
                  <Version>1.0</Version>
         </Information>

         <IntroMovie></IntroMovie>

         <FileManager>
                  <BackGround></BackGround>
         </FileManager>

         <LoadingScreen ShowInfo="True">
                  <BackGround>bg.wmv</BackGround>
         </LoadingScreen>

         <Main Globe="false" Orb="False" Fog="false">                  
  		<InfoFont>font.xpr</InfoFont>
 			 <Image Top="200" Left="400" width="165" Height="155" Opacity="100">ico.png</Image>
  			<GameIcon Enable="true">
		 	 <Position Top="200" Left="400" Width="165" Height="155" />
  			</GameIcon>
		<BackGround EnableAudio="True">bg.wmv</BackGround>
              <Cellwall></Cellwall>
              <Orb></Orb>
              <Icon></Icon>

<Menu Smooth="TRUE" Align="LEFT" Rotate="False" ShowIcon="false">
<Position Top="70" Left="25" Width="275" Height="305" Fixed="False" FixAt="1" MaxItem="8"></Position>
<Preview EnableAudio="false" Top="200" Left="400" Width="165" Height="155" />
<Font>font.xpr</Font>

</Menu>
                           
        <InfoFont>font.xpr</InfoFont>

		<text Left="300" Top="30" Align="middle" Color="0xFFA7C1DC" Source="Xbox secret menu !"/>

        <Text Top="420" Left="500" Align="Left" Color="0xFFA7C1DC" Source="$Time$"></Text>
        <Text Top="440" Left="500" Align="Left" Color="0xFFA7C1DC" Source="$Date$"></Text>
           
		<image source="gamepreview"/>
       
        <Text Top="400" Left="40" Align="Left" Width="350" Scroll="0" Color="0xFFA7C1DC" Source="$SongName$"></Text>
        <Text Top="440" Left="40" Align="Left" Width="350" Color="0xFFA7C1DC" Source="$SoundTrack$"></Text>
        <Text Top="420" Left="40" Align="Left" Color="0xFFA7C1DC" Source="$SongTime$"></Text>


                  </Main>
         <ColorScheme >
                  
		<CAPTION_TEXTCOLOR>0xff010b46</CAPTION_TEXTCOLOR>
        <CAPTION_BACKCOLOR>0x99ffd8b6</CAPTION_BACKCOLOR>

        <DIALOG_BORDERCOLOR>0xFF010b46</DIALOG_BORDERCOLOR>
        <DIALOG_BACKCOLOR>0x99ffd8b6</DIALOG_BACKCOLOR>
        <DIALOG_INNER_BORDERCOLOR>0xff010b46</DIALOG_INNER_BORDERCOLOR>
        <DIALOG_INNER_BACKCOLOR>0x99ffd8b6</DIALOG_INNER_BACKCOLOR>
        <DIALOG_TEXTCOLOR>0xFF010b46</DIALOG_TEXTCOLOR>
        <DIALOG_DISABLEDTEXT>0x34000000</DIALOG_DISABLEDTEXT>

        <OPTION_TEXTCOLOR>0xFF010b46</OPTION_TEXTCOLOR>
        <OPTION_ACTIVETEXTCOLOR>0xFF010b46</OPTION_ACTIVETEXTCOLOR>
        <OPTION_ACTIVEBACKCOLOR>0xFFa7c1dc</OPTION_ACTIVEBACKCOLOR>

        <BUTTON_BORDERCOLOR>0xFF010b46</BUTTON_BORDERCOLOR>
        <BUTTON_TEXTCOLOR>0xFF010b46</BUTTON_TEXTCOLOR>
        <BUTTON_BACKCOLOR>0xFFa7c1dc</BUTTON_BACKCOLOR>
        <BUTTON_ACTIVETEXTCOLOR>0xFF010b46</BUTTON_ACTIVETEXTCOLOR>
        <BUTTON_ACTIVEBACKCOLOR>0x99FFd8b6</BUTTON_ACTIVEBACKCOLOR>

        <KB_KEYBG_HIGHLIGHT>0x99ffd8b6</KB_KEYBG_HIGHLIGHT>
		<KB_KEYBG_DISABLED>0x99ffd8b6</KB_KEYBG_DISABLED>
        <KB_KEY_PRESSED>0x99ffd8b6</KB_KEY_PRESSED>
        <KB_KEY_NORMAL>0xFF010b46</KB_KEY_NORMAL>
        <KB_KEY_DISABLED>0x34000000</KB_KEY_DISABLED>
        <KB_KEY_ACTIVEBORDER>0xFF010b46</KB_KEY_ACTIVEBORDER>
        <KB_KEY_TEXTCOLOR>0xff010b46</KB_KEY_TEXTCOLOR>
        <KB_KEY_TEXTBACKCOLOR>0x99ffd8b6</KB_KEY_TEXTBACKCOLOR>
        <KB_KEY_TEXTBORDERCOLOR>0xFF010b46</KB_KEY_TEXTBORDERCOLOR>

        <MENU_TEXTCOLOR>0x34000000</MENU_TEXTCOLOR>
        <MENU_ACTIVETEXTCOLOR>0xFF010b46</MENU_ACTIVETEXTCOLOR>

		<MENU_TEXTBORDERCOLOR>0xFF010b46</MENU_TEXTBORDERCOLOR>
		<MENU_ACTIVETEXTBORDERCOLOR>0xFF010b46</MENU_ACTIVETEXTBORDERCOLOR>

        <MENU_BORDERCOLOR>0xff010b46</MENU_BORDERCOLOR>
        <MENU_ACTIVEBORDERCOLOR>0xff010b46</MENU_ACTIVEBORDERCOLOR>

        <MENU_BACKCOLOR>0xffa7c1dc</MENU_BACKCOLOR>
        <MENU_ACTIVEBACKCOLOR>0x99ffd8b6</MENU_ACTIVEBACKCOLOR>
        </ColorScheme>
</Skin>










































































































































































