﻿<Skin name="Tabithas Secret">
    <Information>
        <Author>Strat</Author>
        <Version>1</Version>
        <Copyright>2004</Copyright>
        <ScreenSize Width="720" Height="576" />
        <Skinner Name="UX Architect" Version="1.0c" />
    </Information>
    <LoadingScreen ShowInfo="True">
        <Background>LOADING.jpg</Background>
    </LoadingScreen>

    <Main Globe="False" Orb="False" Fog="False">
        <Background EnableAudio="False">back.jpg</Background>
        <InfoFont>Cooper_Black_10.xpr</InfoFont>

        <Text Top="85" Left="147" Width="200" Scroll="0" Color="0xdddddddd" Source="$MBTemp$" Align="Left" />
        <Text Top="99" Left="147" Width="200" Scroll="0" Color="0xdddddddd" Source="$CPUTemp$" Align="Left" />
        <Text Top="113" Left="147" Width="200" Scroll="0" Color="0xdddddddd" Source="$IP$" Align="Left" />
        <Text Top="127" Left="147" Width="200" Scroll="0" Color="0xdddddddd" Source="$E_FreeMB$" Align="Left" />
        <Text Top="141" Left="147" Width="200" Scroll="0" Color="0xdddddddd" Source="$F_FreeMB$" Align="Left" />
        <Text Top="155" Left="147" Width="200" Scroll="0" Color="0xdddddddd" Source="$Tray$" Align="Left" />

        <Text Top="224" Left="147" Width="93" Scroll="2" Color="0xdddddddd" Source="$SongName$" Align="Left" />
        <Text Top="238" Left="147" Width="93" Scroll="2" Color="0xdddddddd" Source="$SoundTrack$" Align="Left" />
        <Text Top="252" Left="147" Width="93" Scroll="0" Color="0xdddddddd" Source="$SongTime$" Align="Left" />



        <Menu Smooth="False" Align="Middle" ShowIcon="False" ShowArrows="True">

	<Font>Bauhaus_93_11.xpr</Font>            

	    <ItemPos Top="295" Left="82" Width="157"></ItemPos>
            <ItemPos Top="324" Left="82" Width="157"></ItemPos>
            <ItemPos Top="353" Left="82" Width="157"></ItemPos>
            <ItemPos Top="382" Left="82" Width="157"></ItemPos>
            
        </Menu>
        
	<ColorScheme>
            <AMBIENT_FOGCOLOR>0xFF8080FF</AMBIENT_FOGCOLOR>
            <AMBIENT_SKYCOLOR>0xFF00000F</AMBIENT_SKYCOLOR>
            <AMBIENT_CELLCOLOR>0xFF0080FF</AMBIENT_CELLCOLOR>
            <CAPTION_TEXTCOLOR>0xFFFFFFFF</CAPTION_TEXTCOLOR>
            <CAPTION_BACKCOLOR>0xFF0080FF</CAPTION_BACKCOLOR>
            <DIALOG_BORDERCOLOR>0xFF0080FF</DIALOG_BORDERCOLOR>
            <DIALOG_BACKCOLOR>0x9F000000</DIALOG_BACKCOLOR>
            <DIALOG_INNER_BORDERCOLOR>0xFF0080FF</DIALOG_INNER_BORDERCOLOR>
            <DIALOG_INNER_BACKCOLOR>0xFF000000</DIALOG_INNER_BACKCOLOR>
            <DIALOG_TEXTCOLOR>0xFFFFFFFF</DIALOG_TEXTCOLOR>
            <DIALOG_DISABLEDTEXT>0xFFB3B3B4</DIALOG_DISABLEDTEXT>
            <OPTION_TEXTCOLOR>0xFFFFFFFF</OPTION_TEXTCOLOR>
            <OPTION_ACTIVETEXTCOLOR>0xFFFFFFFF</OPTION_ACTIVETEXTCOLOR>
            <OPTION_ACTIVEBACKCOLOR>0xFF0080FF</OPTION_ACTIVEBACKCOLOR>
            <BUTTON_BORDERCOLOR>0xFFFFFFFF</BUTTON_BORDERCOLOR>
            <BUTTON_TEXTCOLOR>0xFFFFFFFF</BUTTON_TEXTCOLOR>
            <BUTTON_BACKCOLOR>0x980000A0</BUTTON_BACKCOLOR>
            <BUTTON_ACTIVETEXTCOLOR>0xFFFFFFFF</BUTTON_ACTIVETEXTCOLOR>
            <BUTTON_ACTIVEBACKCOLOR>0xFF0080FF</BUTTON_ACTIVEBACKCOLOR>
            <KB_KEYBG_HIGHLIGHT>0xFF0080FF</KB_KEYBG_HIGHLIGHT>
            <KB_KEYBG_DISABLED>0xFFC0C0C0</KB_KEYBG_DISABLED>
            <KB_KEY_PRESSED>0xFF008000</KB_KEY_PRESSED>
            <KB_KEY_NORMAL>0xFF000000</KB_KEY_NORMAL>
            <KB_KEY_DISABLED>0xFFFFFFFF</KB_KEY_DISABLED>
            <KB_KEY_ACTIVEBORDER>0xFF808080</KB_KEY_ACTIVEBORDER>
            <KB_KEY_TEXTCOLOR>0xFF000000</KB_KEY_TEXTCOLOR>
            <KB_KEY_TEXTBACKCOLOR>0xFFFFFFFF</KB_KEY_TEXTBACKCOLOR>
            <KB_KEY_TEXTBORDERCOLOR>0xFFFFFF00</KB_KEY_TEXTBORDERCOLOR>
            <MENU_TEXTCOLOR>0xdddddddd</MENU_TEXTCOLOR>
            <MENU_ACTIVETEXTCOLOR>0xdddddddd</MENU_ACTIVETEXTCOLOR>
            <MENU_ACTIVEBACKCOLOR>0x4B0080FF</MENU_ACTIVEBACKCOLOR>
        </ColorScheme>
    </Main>
</Skin>