<Skin name="H2">
	<Information>
		<Author>Videogamebuyer14</Author>
		<Copyright>Copyright 2004</Copyright>
		<Version>0.1 beta</Version>
	</Information>
	<IntroMovie>""</IntroMovie>
	<Main Globe="False" Orb="False">
		<BackGround>background.png</BackGround>
		<Icon>orb.png</Icon>
		<BackGround EnableAudio="True">background.png</BackGround>
		<Menu Smooth="True" Align="Middle" ShowArrows="False" ShowIcon="True" Rotate="False">
			<BackColor>0x000000</BackColor>
			<Position Top="150" Left="100" Width="440" Height="200" Fixed="False" FixAt="3" MaxItem="5"></Position>
			<Preview EnableAudio="True" Left="284" Top="139" Width="190" Height="130" />
		
		<Position Top="350" Left="100" Width="200" Height="275" Fixed="False" FixAt="1" MaxItem="8">
		</Position>
		</Menu>
		<Text Left="605" Top="40" Align="Right" Color="0xFF4249FF" Source="DateTime"></Text>
		<Text Left="35" Top="40" Align="Left" Color="0xFF10007A" Source="CPUTemp"></Text>
		<Text Left="35" Top="60" Align="Left" Color="0xFF10007A" Source="MBTemp"></Text>
		<Text Left="35" Top="80" Align="Left" Color="0xFF10007A" Source="E_FreeMB"></Text>
		<Text Left="35" Top="100" Align="Left" Color="0xFF10007A" Source="F_FreeMB"></Text>
		<Text Left="605" Top="60" Align="Right" Color="0xFF10007A" Source="IP"></Text>
		<GameIcon Enable="True" Opacity="90">
			<Image Top="170" Left="503" Width="70" Height="70" Source="GameIcon" />
		</GameIcon>
		<Image Source="GamePreview" />
		<GamePreview Top="170" Left=503 Align="Right" Source="GamePreview" Image Source="GamePreview"></GamePreview>
		
	</Main>
	<FileManager>
		<BackGround>background.png</BackGround>
	</FileManager>
	<LoadingScreen ShowInfo="True">
		<BackGround>C:\xodash\media\live.xmv</BackGround>
	</LoadingScreen>
	
	<ColorScheme >
			<AMBIENT_FOGCOLOR>0xFFF3EB06</AMBIENT_FOGCOLOR>
			<AMBIENT_SKYCOLOR>0xFFF3EB06</AMBIENT_SKYCOLOR>
			<AMBIENT_CELLCOLOR>0xFFF3EB06</AMBIENT_CELLCOLOR>
			<CAPTION_TEXTCOLOR>0xFF1CCC00</CAPTION_TEXTCOLOR>
			<CAPTION_BACKCOLOR>0xFF000000</CAPTION_BACKCOLOR>
			<DIALOG_BORDERCOLOR>0xFFFFFFFF</DIALOG_BORDERCOLOR>
			<DIALOG_BACKCOLOR>0xCD1E34F2</DIALOG_BACKCOLOR>
			<DIALOG_INNER_BORDERCOLOR>0xFFFFE2B4</DIALOG_INNER_BORDERCOLOR>
			<DIALOG_INNER_BACKCOLOR>0xE1003399</DIALOG_INNER_BACKCOLOR>
			<DIALOG_TEXTCOLOR>0xFFF5BF31</DIALOG_TEXTCOLOR>
			<DIALOG_DISABLEDTEXT>0x7F0000C0</DIALOG_DISABLEDTEXT>
			<OPTION_TEXTCOLOR>0xFFFFFFFF</OPTION_TEXTCOLOR>
			<OPTION_ACTIVETEXTCOLOR>0xFFF5BF31</OPTION_ACTIVETEXTCOLOR>
			<OPTION_ACTIVEBACKCOLOR>0xFF000080</OPTION_ACTIVEBACKCOLOR>
			<BUTTON_BORDERCOLOR>0xFFFFE2B4</BUTTON_BORDERCOLOR>
			<BUTTON_TEXTCOLOR>0xFF993300</BUTTON_TEXTCOLOR>
			<BUTTON_BACKCOLOR>0xCD1E34F2</BUTTON_BACKCOLOR>
			<BUTTON_ACTIVETEXTCOLOR>0xFFFFFFFF</BUTTON_ACTIVETEXTCOLOR>
			<BUTTON_ACTIVEBACKCOLOR>0xE1003399</BUTTON_ACTIVEBACKCOLOR>
			<KB_KEYBG_HIGHLIGHT>0xcc0000C0</KB_KEYBG_HIGHLIGHT>
			<KB_KEYBG_DISABLED>0xffc0c0c0</KB_KEYBG_DISABLED>
			<KB_KEY_PRESSED>0xff808080</KB_KEY_PRESSED>
			<KB_KEY_NORMAL>0xff000000</KB_KEY_NORMAL>
			<KB_KEY_DISABLED>0xff808080</KB_KEY_DISABLED>
			<KB_KEY_ACTIVEBORDER>0xff0000FF</KB_KEY_ACTIVEBORDER>
			<KB_KEY_TEXTCOLOR>0xff000000</KB_KEY_TEXTCOLOR>
			<KB_KEY_TEXTBACKCOLOR>0xffFFFFFF</KB_KEY_TEXTBACKCOLOR>
			<KB_KEY_TEXTBORDERCOLOR>0xff0000FF</KB_KEY_TEXTBORDERCOLOR>
			<MENU_TEXTCOLOR>0xFFF5E70B</MENU_TEXTCOLOR>
			<MENU_ACTIVETEXTCOLOR>0xFF3D3D3B</MENU_ACTIVETEXTCOLOR>
			<MENU_BORDERCOLOR>0xffF5BF31</MENU_BORDERCOLOR>
			<MENU_BACKCOLOR>0x00000000</MENU_BACKCOLOR>
			<MENU_ACTIVEBACKCOLOR>0xffF5BF31</MENU_ACTIVEBACKCOLOR>
			<MENU_ACTIVEBORDERCOLOR>0xffF5BF31</MENU_ACTIVEBORDERCOLOR>

	</ColorScheme>
</Skin>