<Skin name="Comical">
	<Information>
		<Author>dunny</Author>
		<Copyright>Copyright 2003</Copyright>
		<Version>1.0</Version>
	</Information>
	<Main Globe="False" Orb="False" Fog="False">
		<InfoFont>Verdana_10.xpr</InfoFont>
		<Image Top="107" Left="218" Width="240" Height="231">icon.png</Image>
		<GameIcon Enable="True">
		<Position Top="111" Left="223" Width="230" Height="227" />
		</GameIcon>
		<Background>bg.png</Background>

		<Menu Smooth="True" Align="Middle" ShowIcon="False" Rotate="False">
			<Font>Verdana_10.xpr</Font>
			<Position Top="346" Left="238" Width="195" Height="90" Fixed="True" FixAt="3" MaxItem="6"></Position>
		</Menu>

		<Text Left="471" Top="200" Width="125" Color="0xFFFFFFFF" Source="SongName" />
		<Text Left="471" Top="232" Width="125" Color="0xFFFFFFFF" Source="Time: $SongTime$ secs" />
		<Text Left="471" Top="217" Width="125" Color="0xFFFFFFFF" Source="$SoundTrack$" />
		<Text Left="70" Top="197" Color="0xFFFFFFFF" Source="CPU: $CPUTemp$" />
		<Text Left="70" Top="214" Color="0xFFFFFFFF" Source="M/B: $MBTemp$" />
		<Text Left="70" Top="229" Color="0xFFFFFFFF" Source="Tray: $Tray$" />
		<Text Left="70" Top="246" Color="0xFFFFFFFF" Source="IP: $IP$" />
		<Text Left="70" Top="263" Color="0xFFFFFFFF" Source="Users: $NumClient$" />
		<Text Left="61" Top="377" Color="0xFFFFFFFF" Source="C: $C_FreeMB$" />
		<Text Left="61" Top="394" Color="0xFFFFFFFF" Source="D: $Tray$" />
		<Text Left="61" Top="411" Color="0xFFFFFFFF" Source="E: $E_FreeMB$" />
		<Text Left="61" Top="428" Color="0xFFFFFFFF" Source="F: $F_FreeMB$" />
		<Text Left="470" Top="382" Color="0xFFFFFFFF" Source="Time: $Time$" />
		<Text Left="470" Top="399" Color="0xFFFFFFFF" Source="Date: $Date$" />
	</Main>
	<ColorScheme >
		<MENU_TEXTCOLOR>0xFF000000</MENU_TEXTCOLOR>
		<MENU_ACTIVETEXTCOLOR>0xFFFFFFFF</MENU_ACTIVETEXTCOLOR>
		<MENU_BACKCOLOR></MENU_BACKCOLOR>
		<MENU_ACTIVEBACKCOLOR>0xFF000000</MENU_ACTIVEBACKCOLOR>
	</ColorScheme>
</Skin>