<Skin Name="PurpleShapes">
	<Information>
		<Author>Kthulu</Author>
		<Copyright>9999</Copyright>
		<Version>this one</Version>
	</Information>
	
	<LoadingScreen ShowInfo="True">
		<Background>filemanager.png</Background>
	</LoadingScreen>

	<Main Globe="True" Orb="False" Fog="True">
		<Menu Smooth="True" Align="Left" ShowIcon="True" ShowArrows="False">
			<Position Top="110" Left="18" Width="374" Height="280" Fixed="False" FixAt="1" MaxItem="7"></Position>
			<Preview EnableAudio="False" Left="404" Top="158" Width="212" Height="156" />
			<Font>E:\UDATA\9e115330\0064122817A8\xbox14.xpr</Font>
		</Menu>
		<InfoFont>E:\UDATA\9e115330\0064122817A8\xbox14.xpr</InfoFont>
		<Shape Type="Rectangle" Left="400" Top="325" Width="220" Height="155" BorderColor="0xFF000000" BackColor="0xFF500050"/>
		<Shape Type="Rectangle" Left="0" Top="350" Width="640" Height="30" BorderColor="0xFF000000" BackColor="0xFF000000"/>
		<Shape Type="Rectangle" Left="0" Top="45" Width="640" Height="82" BorderColor="0xFF000000" BackColor="0xFF000000"/>
		<Shape Type="Rectangle" Left="400" Top="0" Width="220" Height="150" BorderColor="0xFF000000" BackColor="0xFF600060"/>

		<Shape Type="Rectangle" Left="20" Top="54" Width="50" Height="50" BorderColor="0xFF000000" BackColor="0xFF600060"/>
		<Shape Type="Rectangle" Left="40" Top="54" Width="10" Height="38" BorderColor="0xFF000000" BackColor="0xFF000000"/>

		<Shape Type="Rectangle" Left="75" Top="54" Width="50" Height="50" BorderColor="0xFF000000" BackColor="0xFF600060"/>
		<Shape Type="Rectangle" Left="95" Top="66" Width="10" Height="38" BorderColor="0xFF000000" BackColor="0xFF000000"/>

		<Shape Type="Rectangle" Left="130" Top="54" Width="40" Height="50" BorderColor="0xFF000000" BackColor="0xFF600060"/>
		<Shape Type="Rectangle" Left="150" Top="54" Width="20" Height="38" BorderColor="0xFF000000" BackColor="0xFF000000"/>

		<Shape Type="Rectangle" Left="175" Top="54" Width="50" Height="50" BorderColor="0xFF000000" BackColor="0xFF600060"/>
		<Shape Type="Rectangle" Left="195" Top="66" Width="31" Height="8" BorderColor="0xFF000000" BackColor="0xFF000000"/>
		<Shape Type="Rectangle" Left="195" Top="84" Width="31" Height="8" BorderColor="0xFF000000" BackColor="0xFF000000"/>

		<Shape Type="Rectangle" Left="230" Top="54" Width="50" Height="50" BorderColor="0xFF000000" BackColor="0xFF600060"/>
		<Shape Type="Rectangle" Left="250" Top="84" Width="10" Height="20" BorderColor="0xFF000000" BackColor="0xFF000000"/>
		<Shape Type="Rectangle" Left="250" Top="67" Width="10" Height="8" BorderColor="0xFF000000" BackColor="0xFF000000"/>

		<Shape Type="Rectangle" Left="285" Top="54" Width="50" Height="50" BorderColor="0xFF000000" BackColor="0xFF600060"/>
		<Shape Type="Rectangle" Left="305" Top="66" Width="31" Height="8" BorderColor="0xFF000000" BackColor="0xFF000000"/>
		<Shape Type="Rectangle" Left="284" Top="84" Width="30" Height="8" BorderColor="0xFF000000" BackColor="0xFF000000"/>

		<Shape Type="Rectangle" Left="340" Top="54" Width="50" Height="50" BorderColor="0xFF000000" BackColor="0xFF600060"/>
		<Shape Type="Rectangle" Left="360" Top="84" Width="10" Height="20" BorderColor="0xFF000000" BackColor="0xFF000000"/>
		<Shape Type="Rectangle" Left="360" Top="54" Width="10" Height="20" BorderColor="0xFF000000" BackColor="0xFF000000"/>

		<Shape Type="Triangle" Direction="Down" Left="401" Top="44" Width="92" Height="30" BorderColor="0xFF000000" BackColor="0xFF000000"/>
		<Shape Type="Triangle" Direction="Up" Left="401" Top="96" Width="92" Height="30" BorderColor="0xFF000000" BackColor="0xFF000000"/>
		<Shape Type="Triangle" Direction="Right" Left="401" Top="44" Width="31" Height="82" BorderColor="0xFF000000" BackColor="0xFF000000"/>
		<Shape Type="Triangle" Direction="Left" Left="463" Top="44" Width="31" Height="82" BorderColor="0xFF000000" BackColor="0xFF000000"/>
		<Shape Type="Rectangle" Left="494" Top="45" Width="136" Height="82" BorderColor="0xFF000000" BackColor="0xFF000000"/>

		<Shape Type="RoundedBox" Left="0" Top="112" Width="392" Height="38" BorderColor="0xFF000000" BackColor="0xFF350035"/>
		<Shape Type="RoundedBox" Left="0" Top="150" Width="392" Height="38" BorderColor="0xFF000000" BackColor="0xFF350035"/>
		<Shape Type="RoundedBox" Left="0" Top="188" Width="392" Height="38" BorderColor="0xFF000000" BackColor="0xFF350035"/>
		<Shape Type="RoundedBox" Left="0" Top="226" Width="392" Height="38" BorderColor="0xFF000000" BackColor="0xFF350035"/>
		<Shape Type="RoundedBox" Left="0" Top="264" Width="392" Height="38" BorderColor="0xFF000000" BackColor="0xFF350035"/>
		<Shape Type="RoundedBox" Left="0" Top="302" Width="392" Height="38" BorderColor="0xFF000000" BackColor="0xFF350035"/>
		<Shape Type="RoundedBox" Left="0" Top="340" Width="392" Height="39" BorderColor="0xFF000000" BackColor="0xFF350035"/>

		<Text Left="610" Top="50" Align="Right" Color="0xBBFFFFFF" ScaleX="60" ScaleY="60" Source="v.$AppVersion$" />
		<Text Left="610" Top="65" Align="Right" Color="0xBBFFFFFF" ScaleX="60" ScaleY="60" Source="Xbox $Version$" />
		<Text Left="410" Top="128" Align="Left" Color="0xBBFFFFFF" ScaleX="60" ScaleY="60" Source="Nick:" />
		<Text Left="610" Top="128" Align="Right" Color="0xBBFFFFFF" ScaleX="60" ScaleY="60" Source="$NickName$" />

		<Text Left="410" Top="393" Width="200" Color="0xBBFFFFFF" ScaleX="60" ScaleY="60" Source="$SoundTrack$" />
		<Text Left="410" Top="413" Width="200" Scroll="2" Color="0xBBFFFFFF" ScaleX="60" ScaleY="60" Source="$SongName$" />
		<Text Left="610" Top="433" Align="Right" Color="0xBBFFFFFF" ScaleX="60" ScaleY="60" Source="SongTime" />

		<Text Left="395" Top="353" Width="230" Align="Left" Scroll="2" Color="0xBBFFFFFF" ScaleX="75" ScaleY="75" Source="$Newsfeed$" />

		<Text Left="30" Top="393" Align="Left" Width="220" Color="0xBBFFFFFF" ScaleX="60" ScaleY="60" Source="D: $DVDTitle$" />
		<Text Left="30" Top="413" Align="Left" Color="0xBBFFFFFF" ScaleX="60" ScaleY="60" Source="IP" />
		<Text Left="410" Top="328" Align="Left" Color="0xBBFFFFFF" ScaleX="60" ScaleY="60" Source="$Time$" />
		<Text Left="30" Top="433" Align="Left" Color="0xBBFFFFFF" ScaleX="60" ScaleY="60" Source="MBTemp" />

		<Text Left="380" Top="393" Align="Right" Color="0xBBFFFFFF" ScaleX="60" ScaleY="60" Source="E: $E_FreeMB$" />
		<Text Left="380" Top="413" Align="Right" Color="0xBBFFFFFF" ScaleX="60" ScaleY="60" Source="F: $F_FreeMB$" />
		<Text Left="610" Top="328" Align="Right" Color="0xBBFFFFFF" ScaleX="60" ScaleY="60" Source="$Date$" />
		<Text Left="380" Top="433" Align="Right" Color="0xBBFFFFFF" ScaleX="60" ScaleY="60" Source="CPUTemp" />

		<Image Top="162" Left="436" Width="150" Height="150" Source="GameIcon" />
		<Image Source="GamePreview" />
	</Main>

	<FileManager SafeBorder="False">
		<BackGround>filemanager.png</BackGround>
	</FileManager>

	<ColorScheme>
		<AMBIENT_FOGCOLOR>0xFF250025</AMBIENT_FOGCOLOR>
		<AMBIENT_SKYCOLOR>0xFF300030</AMBIENT_SKYCOLOR>
		<AMBIENT_CELLCOLOR>0xFF550055</AMBIENT_CELLCOLOR>

		<CAPTION_TEXTCOLOR>0xFFFFFF00</CAPTION_TEXTCOLOR>
		<CAPTION_BACKCOLOR>0xFF550055</CAPTION_BACKCOLOR>

		<DIALOG_BORDERCOLOR>0xFF000000</DIALOG_BORDERCOLOR>
		<DIALOG_BACKCOLOR>0xFF550055</DIALOG_BACKCOLOR>
		<DIALOG_INNER_BORDERCOLOR>0xFF000000</DIALOG_INNER_BORDERCOLOR>
		<DIALOG_INNER_BACKCOLOR>0xBB000000</DIALOG_INNER_BACKCOLOR>
		<DIALOG_TEXTCOLOR>0xFFFFFFFF</DIALOG_TEXTCOLOR>
		<DIALOG_DISABLEDTEXT>0xFF111111</DIALOG_DISABLEDTEXT>

		<OPTION_TEXTCOLOR>0xFFFFFFFF</OPTION_TEXTCOLOR>
		<OPTION_ACTIVETEXTCOLOR>0xFFFFFF00</OPTION_ACTIVETEXTCOLOR>
		<OPTION_ACTIVEBACKCOLOR>0xFF550055</OPTION_ACTIVEBACKCOLOR>

		<BUTTON_BORDERCOLOR>0xBB000000</BUTTON_BORDERCOLOR>
		<BUTTON_TEXTCOLOR>0xFFAAAA00</BUTTON_TEXTCOLOR>
		<BUTTON_BACKCOLOR>0xFF550055</BUTTON_BACKCOLOR>
		<BUTTON_ACTIVETEXTCOLOR>0xFFFFFF00</BUTTON_ACTIVETEXTCOLOR>
		<BUTTON_ACTIVEBACKCOLOR>0xBB000000</BUTTON_ACTIVEBACKCOLOR>

		<KB_KEYBG_HIGHLIGHT>0xFF303030</KB_KEYBG_HIGHLIGHT>
		<KB_KEYBG_DISABLED>0xFF550055</KB_KEYBG_DISABLED>
		<KB_KEY_PRESSED>0xFF303030</KB_KEY_PRESSED>
		<KB_KEY_NORMAL>0xFF000000</KB_KEY_NORMAL>
		<KB_KEY_DISABLED>0xFF550055</KB_KEY_DISABLED>
		<KB_KEY_ACTIVEBORDER>0xFF303030</KB_KEY_ACTIVEBORDER>
		<KB_KEY_TEXTCOLOR>0xFFFFFFFF</KB_KEY_TEXTCOLOR>
		<KB_KEY_TEXTBACKCOLOR>0xFF000000</KB_KEY_TEXTBACKCOLOR>
		<KB_KEY_TEXTBORDERCOLOR>0xFFAAAAAA</KB_KEY_TEXTBORDERCOLOR>

	        <MENU_TEXTCOLOR>0xFFAAAAAA</MENU_TEXTCOLOR>
        	<MENU_ACTIVETEXTCOLOR>0xFFAAAA00</MENU_ACTIVETEXTCOLOR>
	        <MENU_BORDERCOLOR>0xFF000000</MENU_BORDERCOLOR>
	        <MENU_ACTIVEBACKCOLOR>0x00000000</MENU_ACTIVEBACKCOLOR>
	        <MENU_ACTIVEBORDERCOLOR>0x00000000</MENU_ACTIVEBORDERCOLOR>
	</ColorScheme>
</Skin>