<Skin name="CyberFire">
	<Information>
		<Author>Ogami</Author>
		<Copyright>Copyright 2003</Copyright>
		<Version>1.0</Version>
	</Information>
		<Main Globe="false" Orb="false" fog="false">
		<BackGround>background.jpg</BackGround>
		<Image Top="48" Left="515" Width="85" Height="85" Opacity="20" Source="GameIcon" />
		<Image Top="152" Left="515" Width="85" Height="85" Opacity="40" Source="GameIcon" />
		<Image Top="255" Left="515" Width="85" Height="85" Opacity="65" Source="GameIcon" />
		<Image Top="357" Left="515" Width="85" Height="85" Opacity="100" Source="GameIcon" />
		<Menu Smooth="True" ShowIcon="False" >
		<Position Top="65" Left="208" Width="230" Height="300" Fixed="false" FixAt="1" MaxItem="10">
		</Position>
		</Menu>
		<Text Left="25" Top="25" Align="left" Color="0xFFFFFFFF" Source="FREE SPACE:"></Text>
		<Text Left="25" Top="45" Align="left" Color="0xFFFFFFFF" Source="C: $C_FreeMB$"></Text>
		<Text Left="25" Top="65" Align="left" Color="0xFFFFFFFF" Source="E: $E_FreeMB$"></Text>
		<Text Left="25" Top="85" Align="left" Color="0xFFFFFFFF" Source="F: $F_FreeMB$"></Text>
		<Text Left="25" Top="125" Align="left" Color="0xFFFFFFFF" Source="NETWORK:"></Text>
		<Text Left="25" Top="145" Align="left" Color="0xFFFFFFFF" Source="IP: $IP$"></Text>
		<Text Left="25" Top="165" Align="left" Color="0xFFFFFFFF" Source="Thread"></Text>
		<Text Left="25" Top="185" Align="left" Color="0xFFFFFFFF" Source="NumClient"></Text>
		<Text Left="25" Top="225" Align="left" Color="0xFFFFFFFF" Source="SYSTEM INFO:"></Text>
		<Text Left="25" Top="245" Align="left" Color="0xFFFFFFFF" Source="CPUTempC"></Text>
		<Text Left="25" Top="265" Align="left" Color="0xFFFFFFFF" Source="MBTempC"></Text>
		<Text Left="25" Top="285" Align="left" Color="0xFFFFFFFF" Source="DVD: $DVDType$"></Text>
		<Text Left="25" Top="305" Align="left" Color="0xFFFFFFFF" Source="Video Mode: $VideoMode$"></Text>
		<Text Left="25" Top="325" Align="left" Color="0xFFFFFFFF" Source="UXv:$AppVersion$"></Text>
		<Text Left="25" Top="345" Align="left" Color="0xFFFFFFFF" Source="Skin by: $SkinAuthor$"></Text>
		<Text Left="25" Top="385" Align="left" Color="0xFFFFFFFF" Source="SoundTrack"></Text>
		<Text Left="25" Top="405" Align="left" Color="0xFFFFFFFF" Source="Track Elapsed: $SongTime$"></Text>
		<Text Left="25" Top="425" Align="left" Color="0xFFFFFFFF" Source="DateTime"></Text>
	</Main>

	
	<ColorScheme Cyber>
		<AMBIENT_FOGCOLOR>0xFF000000</AMBIENT_FOGCOLOR>
		<AMBIENT_SKYCOLOR></AMBIENT_SKYCOLOR>
		<AMBIENT_CELLCOLOR>0x00FFFFFF</AMBIENT_CELLCOLOR>

		<CAPTION_TEXTCOLOR>0xFFFFFFFF</CAPTION_TEXTCOLOR>
		<CAPTION_BACKCOLOR>0xFF8d2e2e</CAPTION_BACKCOLOR>
		<DIALOG_BORDERCOLOR>0xFFFFFFFF</DIALOG_BORDERCOLOR>
		<DIALOG_BACKCOLOR>0xFF760909</DIALOG_BACKCOLOR>
		<DIALOG_INNER_BORDERCOLOR>0xFFFFFFFF</DIALOG_INNER_BORDERCOLOR>
		<DIALOG_INNER_BACKCOLOR>0xFFAC5252</DIALOG_INNER_BACKCOLOR>
		<DIALOG_TEXTCOLOR>0xFFFFFFFF</DIALOG_TEXTCOLOR>

		<DIALOG_DISABLEDTEXT>0xFFC0C0C0</DIALOG_DISABLEDTEXT>

		<OPTION_TEXTCOLOR>0xFFFFFFFF</OPTION_TEXTCOLOR>
		<OPTION_ACTIVETEXTCOLOR>0xFFFFFFFF</OPTION_ACTIVETEXTCOLOR>
		<OPTION_ACTIVEBACKCOLOR>0xFF801414</OPTION_ACTIVEBACKCOLOR>

		<BUTTON_BORDERCOLOR></BUTTON_BORDERCOLOR>
		<BUTTON_TEXTCOLOR>0xFFC90202</BUTTON_TEXTCOLOR>
		<BUTTON_BACKCOLOR>0xCD826363</BUTTON_BACKCOLOR>
		<BUTTON_ACTIVETEXTCOLOR>0xFFFFFFFF</BUTTON_ACTIVETEXTCOLOR>
		<BUTTON_ACTIVEBACKCOLOR>0xE1C0C0C0</BUTTON_ACTIVEBACKCOLOR>	
		
		<KB_KEYBG_HIGHLIGHT>0xCCC00000</KB_KEYBG_HIGHLIGHT>
		<KB_KEYBG_DISABLED>0xffC00000</KB_KEYBG_DISABLED>
		<KB_KEY_PRESSED>0xff808080</KB_KEY_PRESSED>
		<KB_KEY_NORMAL>0xff000000</KB_KEY_NORMAL>
		<KB_KEY_DISABLED>0xff808080</KB_KEY_DISABLED>
		<KB_KEY_ACTIVEBORDER>0xff800000</KB_KEY_ACTIVEBORDER>
		<KB_KEY_TEXTCOLOR>0xff000000</KB_KEY_TEXTCOLOR>
		<KB_KEY_TEXTBACKCOLOR>0xffFFFFFF</KB_KEY_TEXTBACKCOLOR>
		<KB_KEY_TEXTBORDERCOLOR>0xff0000FF</KB_KEY_TEXTBORDERCOLOR>
		
		<MENU_TEXTCOLOR>0x99FFFFFF</MENU_TEXTCOLOR>
		<MENU_ACTIVETEXTCOLOR>0xFFFFFFFF</MENU_ACTIVETEXTCOLOR>
		<MENU_BORDERCOLOR>0x00000000</MENU_BORDERCOLOR>
		<MENU_BACKCOLOR>0x00000000</MENU_BACKCOLOR>
		<MENU_ACTIVEBACKCOLOR></MENU_ACTIVEBACKCOLOR>
		<MENU_ACTIVEBORDERCOLOR></MENU_ACTIVEBORDERCOLOR>
	</ColorScheme>

	
	</Skin>