<Skin Name="GameCube">
<Information>
<Author>Kracker</Author>
<Copyright>2004 Skinned by Sketchy Skinner</Copyright>
<Version>1</Version>
</Information>
<IntroMovie Enableaudio="True">F:\Apps\UnleashX\Skins\GameCube\Intro.xmv</IntroMovie>
<Main globe="True" Orb="False">
<Background EnableAudio="True">BackGround.jpg</Background>
<Menu smooth="True" ShowArrows="False" ShowIcon="True" Rotate="False">
<Position left="250" Top="375" Width="353" Height="95" />
<Preview EnableAudio="True" left="183" Top="130" Width="248" Height="220" />
</Menu>
<Image Top="130" Left="183" width="248" Height="220" Source="GameIcon"/>
<Image Source="GamePreview"/>
</Main>
<FileManager>
<Background>fmbg.jpg</Background>
</FileManager>
<LoadingScreen ShowInfo="False">
<BackGround Enableaudio="True">Loading.xmv</BackGround>
</LoadingScreen>
<ColorScheme>
<AMBIENT_FOGCOLOR>0xFF002000</AMBIENT_FOGCOLOR>
<AMBIENT_SKYCOLOR>0xFF004000</AMBIENT_SKYCOLOR>
<AMBIENT_CELLCOLOR>0x0600C000</AMBIENT_CELLCOLOR>

<CAPTION_TEXTCOLOR>0xFFFFFFC0</CAPTION_TEXTCOLOR>
<CAPTION_BACKCOLOR>0xFF686485</CAPTION_BACKCOLOR>

<DIALOG_BORDERCOLOR>0xFF0C0A18</DIALOG_BORDERCOLOR>
<DIALOG_BACKCOLOR>0xCD636482</DIALOG_BACKCOLOR>
<DIALOG_INNER_BORDERCOLOR>0xFF636482</DIALOG_INNER_BORDERCOLOR>
<DIALOG_INNER_BACKCOLOR>0xE1004100</DIALOG_INNER_BACKCOLOR>
<DIALOG_TEXTCOLOR>0xFFFFFFFF</DIALOG_TEXTCOLOR>
<DIALOG_DISABLEDTEXT>0x7F086820</DIALOG_DISABLEDTEXT>

<OPTION_TEXTCOLOR>0xFF02C90C</OPTION_TEXTCOLOR>
<OPTION_ACTIVETEXTCOLOR>0xFFFFFFFF</OPTION_ACTIVETEXTCOLOR>
<OPTION_ACTIVEBACKCOLOR>0xFF02C90C</OPTION_ACTIVEBACKCOLOR>

<BUTTON_BORDERCOLOR>0xFF0C0A18</BUTTON_BORDERCOLOR>
<BUTTON_TEXTCOLOR>0xFF02C90C</BUTTON_TEXTCOLOR>
<BUTTON_BACKCOLOR>0xCD636482</BUTTON_BACKCOLOR>
<BUTTON_ACTIVETEXTCOLOR>0xFFFFFFFF</BUTTON_ACTIVETEXTCOLOR>
<BUTTON_ACTIVEBACKCOLOR>0xE102C90C</BUTTON_ACTIVEBACKCOLOR>	

<KB_KEYBG_HIGHLIGHT>0xCC00C000</KB_KEYBG_HIGHLIGHT>
<KB_KEYBG_DISABLED>0xffc0c0c0</KB_KEYBG_DISABLED>
<KB_KEY_PRESSED>0xff808080</KB_KEY_PRESSED>
<KB_KEY_NORMAL>0xff000000</KB_KEY_NORMAL>
<KB_KEY_DISABLED>0xff808080</KB_KEY_DISABLED>
<KB_KEY_ACTIVEBORDER>0xff008000</KB_KEY_ACTIVEBORDER>
<KB_KEY_TEXTCOLOR>0xff000000</KB_KEY_TEXTCOLOR>
<KB_KEY_TEXTBACKCOLOR>0xffFFFFFF</KB_KEY_TEXTBACKCOLOR>
<KB_KEY_TEXTBORDERCOLOR>0xff0000FF</KB_KEY_TEXTBORDERCOLOR>

<MENU_BORDERCOLOR>0x00000000</MENU_BORDERCOLOR>
<MENU_BACKCOLOR>0x00000000</MENU_BACKCOLOR>
<MENU_ACTIVEBACKCOLOR>0xFF004000</MENU_ACTIVEBACKCOLOR>
<MENU_ACTIVEBORDERCOLOR>0xFF686485</MENU_ACTIVEBORDERCOLOR>
<MENU_TEXTCOLOR>0xFFFFFFFF</MENU_TEXTCOLOR>
<MENU_ACTIVETEXTCOLOR>0xFFFFFFFF</MENU_ACTIVETEXTCOLOR>
</ColorScheme>
</Skin>
