<Skin name="Aminaga">
    <Information>
        <Author>JohnCrichton</Author>
        <Version>1</Version>
        <Copyright>2004</Copyright>
        </Information>
    <Filemanager>
        <Background>HDXPLORER.PNG</Background>
    </Filemanager>
    <LoadingScreen ShowInfo="True">
        <Background>GameIcon</Background>
    </LoadingScreen>
    <Main Globe="False" Orb="False" Fog="False">
<Background>main.png</background>
   <InfoFont>text.xpr</InfoFont>
 <Image Left="43" Top="239" Width="136" Height="133" Opacity="100">mn2.png</ Shape >  
<Image Left="40" Top="34" Width="140" Height="140" Opacity="100">mn1.png</ Shape >
 <Image Left="1" Top="1" Width="640" Height="480" Opacity="100">main.png</ Shape >

     <Image Top="34" Left="40" Width="140" Height="140" Source="GameIcon" />
<Image Left="40" Top="34" Width="140" Height="140" Opacity="100">mn3.png</ Shape >
<Image Top="239" Left="43" Width="133" Height="139" Source="GamePreview" />

<Text Left="523" Top="15" Align="left" Color="0xFF000000" Source="$Time$"></Text>
<Text Left="313" Top="15" Color="0xFF000000" Source="$DVDTitle$"></Text>
<*Text Left="313" Top="15" Color="0xFF000000" Source="$Tray$"></Text>

<Text Left="470" Top="121" Align="Left" Color="0xFF000000" Source="MBTemp"></Text>
<Text Left="470" Top="106" Align="Left" Color="0xFF000000" Source="CPUTemp"></Text>
<Text Left="470" Top="91" Align="Left" Color="0xFF000000" Source="VideoMode"></Text>

		<Text Left="305" Top="76" Align="left" Color="0xFF000000" Source="E_FreeMB"></Text>
		<Text Left="305" Top="91" Align="left" Color="0xFF000000" Source="F_FreeMB"></Text>
		<Text Left="305" Top="106" Align="left" Color="0xFF000000" Source="G_FreeMB"></Text>
		<Text Left="305" Top="121" Align="left" Color="0xFF000000" Source="IP"></Text>

<Text Left="317" Top="417" Align="Left" Width="196" Color="0xff000000" Source="SoundTrack" />
<Text Left="519" Top="447" Align="Left" Color="0xff000000" Source="$SongTime$" />
<Text Left="317" Top="447" Align="Left" Width="197" Color="0xff000000" Source="$SongName$" />

<Text Left="272" Top="383" Width="322" Align="left" Scroll="2" Color="0xff000000" Source="$Newsfeed$" />

        <Menu Scroll="True" Smooth="True" Align="Left" ShowIcon="True" Rotate="False" ShowArrows="True">
            <Preview EnableAudio="True" Top="239" Left="43" Width="133" Height="139" />
            <Position Top="185" Left="276" Width="260" Height="185" Fixed="False" FixAt="5" />
            <Font>menu.xpr</Font>
        </Menu>
        <ColorScheme>
            <AMBIENT_FOGCOLOR>0x00000000</AMBIENT_FOGCOLOR>
            <AMBIENT_SKYCOLOR>0xFF000000</AMBIENT_SKYCOLOR>
            <AMBIENT_CELLCOLOR>0xFFFFFFFF</AMBIENT_CELLCOLOR>


            <CAPTION_TEXTCOLOR>0xFFc0c0c0</CAPTION_TEXTCOLOR>
            <CAPTION_BACKCOLOR>0xFF000000</CAPTION_BACKCOLOR>


            <DIALOG_BORDERCOLOR>0xFFc0c0ff</DIALOG_BORDERCOLOR>
            <DIALOG_BACKCOLOR>0xFF252525</DIALOG_BACKCOLOR>
            <DIALOG_INNER_BORDERCOLOR>0xffc0c0ff</DIALOG_INNER_BORDERCOLOR>
            <DIALOG_INNER_BACKCOLOR>0xFF000000</DIALOG_INNER_BACKCOLOR>
            <DIALOG_TEXTCOLOR>0xFFffffff</DIALOG_TEXTCOLOR>
            <DIALOG_DISABLEDTEXT>0xFFc0c0c0</DIALOG_DISABLEDTEXT>


            <OPTION_TEXTCOLOR>0xFFffffff</OPTION_TEXTCOLOR>
            <OPTION_ACTIVETEXTCOLOR>0xFFc0c0c0</OPTION_ACTIVETEXTCOLOR>
            <OPTION_ACTIVEBACKCOLOR>0xff000000</OPTION_ACTIVEBACKCOLOR>


            <BUTTON_BORDERCOLOR>0xFFc0c0ff</BUTTON_BORDERCOLOR>
            <BUTTON_TEXTCOLOR>0xFF000000</BUTTON_TEXTCOLOR>
            <BUTTON_BACKCOLOR>0xFFc0c0c0</BUTTON_BACKCOLOR>
            <BUTTON_ACTIVETEXTCOLOR>0xFFc0c0c0</BUTTON_ACTIVETEXTCOLOR>
            <BUTTON_ACTIVEBACKCOLOR>0xFF000000</BUTTON_ACTIVEBACKCOLOR>


            <KB_KEYBG_HIGHLIGHT>0xFF000000</KB_KEYBG_HIGHLIGHT>
            <KB_KEYBG_DISABLED>0x78B70000</KB_KEYBG_DISABLED>
            <KB_KEY_PRESSED>0xFFffffff</KB_KEY_PRESSED>
            <KB_KEY_NORMAL>0xFF202020</KB_KEY_NORMAL>
            <KB_KEY_DISABLED>0x96c0c0c0</KB_KEY_DISABLED>
            <KB_KEY_ACTIVEBORDER>0xffc0c0c0</KB_KEY_ACTIVEBORDER>
            <KB_KEY_TEXTCOLOR>0xFFffffff</KB_KEY_TEXTCOLOR>
            <KB_KEY_TEXTBACKCOLOR>0xFF000000</KB_KEY_TEXTBACKCOLOR>
            <KB_KEY_TEXTBORDERCOLOR>0x96c0c0c0</KB_KEY_TEXTBORDERCOLOR>


            <MENU_TEXTCOLOR>0xFF000000</MENU_TEXTCOLOR>
            <MENU_ACTIVETEXTCOLOR>0xFFc0c0c0</MENU_ACTIVETEXTCOLOR>
            <MENU_ACTIVEBORDERCOLOR>0x000000FF</MENU_ACTIVEBORDERCOLOR>
        </ColorScheme>
    </Main>
</Skin>