<Skin Name="Hotties 2">

<Information>
    <Author>RTD</Author>
    <Copyright>2005</Copyright>
    <Version>1.0</Version>
</Information>

<LoadingScreen ShowInfo="False">
<BackGround>loading.png</BackGround>
</LoadingScreen>


<Main Globe="False" Orb="false" Fog="False">

<Image Source="GamePreview" />
<Image Top="7" Left="120" Width="108" Height="100" Source="GameIcon" />

<Image Left="3" Top="0" Opacity="100">overlay.png</ Shape>

<Background EnableAudio="False">background.png</background>

<InfoFont>Verdana_10.xpr</InfoFont>

		

 <Menu Smooth="False" Align="left" ShowArrows="false" ShowIcon="false" Rotate="false">
        <Preview EnableAudio="True" Top="3" Left="370" Width="180" Height="134" />
        <Position Left="60" Top="415" Width="300" Height="60" />
	<Font>Verdana_10.xpr</Font>
    </Menu>	

</Main>

 <ColorScheme>
    <MENU_TEXTCOLOR>0xFF000000</MENU_TEXTCOLOR>
    <MENU_ACTIVETEXTCOLOR>0xFFFF8040</MENU_ACTIVETEXTCOLOR>
 </ColorSceme>

       
</Skin>
