aa<Skin name="TrueMSdash">
	<Information>
		<Author>Peter PL</Author>
		<Copyright>Copyright 2004</Copyright>
		<Version>1.0</Version>
	</Information>
	<Main Globe="true" Orb="true">
        <*InfoFont>XBox_Book_11.xpr</InfoFont>
        <BackGround>fog.png</BackGround>
        <Orb>orb.png</Orb>
        <Cellwall>cell.png</Cellwall>
	    <Icon>orb.png</Icon>
	<Menu Smooth="false" ShowIcon="false" Rotate="false" Opacity="2" ShowArrows="True">        
        <font>prototype_14.xpr</font>
		<itempos left="322" top="80" width="258"></itempos>
		<itempos left="340" top="120" width="258"></itempos>
		<itempos left="348" top="162" width="258"></itempos>
		<itempos left="348" top="204" width="258"></itempos>
		<itempos left="340" top="246" width="258"></itempos>
		<itempos left="322" top="288" width="258"></itempos>
		</Menu>
        <*Shape Type="Rectangle" Left="321" Top="80" Width="258" Height="24" BorderColor="0xFF467527" BackColor="0xFF1A4409"></Shape>
	    <*Shape Type="Rectangle" Left="339" Top="120" Width="258" Height="24" BorderColor="0xFF467527" BackColor="0xFF1A4409"></Shape>
	    <*Shape Type="Rectangle" Left="347" Top="162" Width="258" Height="24" BorderColor="0xFF467527" BackColor="0xFF1A4409"></Shape>
	    <*Shape Type="Rectangle" Left="347" Top="204" Width="258" Height="24" BorderColor="0xFF467527" BackColor="0xFF1A4409"></Shape>
	    <*Shape Type="Rectangle" Left="339" Top="246" Width="258" Height="24" BorderColor="0xFF467527" BackColor="0xFF1A4409"></Shape>
	    <*Shape Type="Rectangle" Left="321" Top="288" Width="258" Height="24" BorderColor="0xFF467527" BackColor="0xFF2A4409"></Shape>

		<Text Left="465" Top="35" Align="left" Color="0xFF7fce31" Source="Time: $Time$"></Text>
        <Text Left="465" Top="15" Align="left" Color="0xFF7fce31" Source="Date: $Date$"></Text>
		<Text Left="15" Top="380" Align="left" width="600" Color="0xFF7fce31" Source="News: $Newsfeed$"></Text>
		<Text Left="625" Top="430" Align="right" Color="0xFF7fce31" Source="MBTemp"></Text>
		<Text Left="405" Top="450" Align="left" Color="0xFF7fce31" Source="IP"></Text>
		
		<*Text Left="10" Top="100" Align="left" Color="0xFFFFFFFF" Source="Tray"></Text>
		<Text Left="15" Top="15" Align="left" Color="0xFF7fce31" Source="E_FreeMB"></Text>
		
		<Text Left="15" Top="35" Color="0xFF7fce31" Source="f_freemb"></Text>
		<Text Left="15" Top="55" Color="0xFF7fce31" Source="DVD: $DVDTitle$"></Text>
		<*Text Left="10" Top="110" Color="0xFF7fce31" Source="DVD: $Tray$"></Text>
		
		<Text Left="15" Top="430" Align="Left" Color="0xFF7fce31" Source="SongName"></Text>
		<Text Left="15" Top="450" Align="Left" Color="0xFF7fce31" Source="SongTime"></Text>
		
		<Text Left="625" Top="410" Align="Right" Color="0xFF7fce31" Source="CPUTemp"></Text>
		<*Text Left="625" Top="430" Align="Right" Color="0xFF749501" Source="NumClient"></Text>
<Text Left="15" Top="410" Align="Left" Color="0xFF7fce31" Source="SoundTrack">News</Text> 
	</Main>
	
	<ColorScheme Name="Default">
		<AMBIENT_FOGCOLOR>0xff153101</AMBIENT_FOGCOLOR>
		<AMBIENT_SKYCOLOR>0xFF000000</AMBIENT_SKYCOLOR>
		<AMBIENT_CELLCOLOR>0xFFFFFFFF</AMBIENT_CELLCOLOR>

		<CAPTION_TEXTCOLOR>0xFFffff00</CAPTION_TEXTCOLOR>
		<CAPTION_BACKCOLOR>0xFF28590F</CAPTION_BACKCOLOR>
		<DIALOG_BORDERCOLOR>0xFFFFFFFF</DIALOG_BORDERCOLOR>
		<DIALOG_BACKCOLOR>0xCD93AF00</DIALOG_BACKCOLOR>
		<DIALOG_INNER_BORDERCOLOR>0xFFFFE2B4</DIALOG_INNER_BORDERCOLOR>
		<DIALOG_INNER_BACKCOLOR>0xE1072700</DIALOG_INNER_BACKCOLOR>
		<DIALOG_TEXTCOLOR>0xFFFFFFFF</DIALOG_TEXTCOLOR>

		<DIALOG_DISABLEDTEXT>0x7F195408</DIALOG_DISABLEDTEXT>

		<OPTION_TEXTCOLOR>0xFFFFFFFF</OPTION_TEXTCOLOR>
		<OPTION_ACTIVETEXTCOLOR>0xFF072700</OPTION_ACTIVETEXTCOLOR>
		<OPTION_ACTIVEBACKCOLOR>0xFF8EA700</OPTION_ACTIVEBACKCOLOR>

		<BUTTON_BORDERCOLOR>0xFF008000</BUTTON_BORDERCOLOR>
		<BUTTON_TEXTCOLOR>0xFF77AB99</BUTTON_TEXTCOLOR>
		<BUTTON_BACKCOLOR>0xCD93AF00</BUTTON_BACKCOLOR>
		<BUTTON_ACTIVETEXTCOLOR>0xFFFFFFFF</BUTTON_ACTIVETEXTCOLOR>
		<BUTTON_ACTIVEBACKCOLOR>0xE1072700</BUTTON_ACTIVEBACKCOLOR>	
		
		<KB_KEYBG_HIGHLIGHT>0xCC00C000</KB_KEYBG_HIGHLIGHT>
		<KB_KEYBG_DISABLED>0xffc0c0c0</KB_KEYBG_DISABLED>
		<KB_KEY_PRESSED>0xff808080</KB_KEY_PRESSED>
		<KB_KEY_NORMAL>0xff000000</KB_KEY_NORMAL>
		<KB_KEY_DISABLED>0xff808080</KB_KEY_DISABLED>
		<KB_KEY_ACTIVEBORDER>0xffFF0000</KB_KEY_ACTIVEBORDER>
		<KB_KEY_TEXTCOLOR>0xff000000</KB_KEY_TEXTCOLOR>
		<KB_KEY_TEXTBACKCOLOR>0xffFFFFFF</KB_KEY_TEXTBACKCOLOR>
		<KB_KEY_TEXTBORDERCOLOR>0xffFF0000</KB_KEY_TEXTBORDERCOLOR>
		
		<MENU_TEXTCOLOR>0xff7fce31</MENU_TEXTCOLOR>
		<MENU_ACTIVETEXTCOLOR>0xff081c00</MENU_ACTIVETEXTCOLOR>
		<MENU_BORDERCOLOR>0xcd93aff00</MENU_BORDERCOLOR>
		<MENU_BACKCOLOR>0xff8c9305</MENU_BACKCOLOR>
		<MENU_ACTIVEBACKCOLOR>0xffabcc00</MENU_ACTIVEBACKCOLOR>
		<MENU_ACTIVEBORDERCOLOR>0xcd93af00</MENU_ACTIVEBORDERCOLOR>
	</ColorScheme>
	</Skin>