<Skin name="nightelf">
	<Information>
		<Author>UnleashX</Author>
		<Copyright>Copyright 2003</Copyright>
		<Version>1.0</Version>
	</Information>
	<Main Globe="False" Orb="False">
		<BackGround>nightelf.jpg</BackGround>
		<GameIcon Enable="False" Opacity="100">
			<Position Top="162" Left="500" Width="76" Height="76" />
		</GameIcon>
		<Menu Smooth="True" ShowIcon="True" Rotate="False">
			<Position Top="162" Left="50" Width="540" Height="76"></Position>
		</Menu>
		<Text Left="35" Top="30" Align="Left" Color="0xFFFFFFFF" Source="DateTime"></Text>
		<Text Left="35" Top="" Align="Left" Color="0xFFFFFFFF" Source=""></Text>
		<Text Left="35" Top="" Align="Left" Color="0xFFFFFFFF" Source=""></Text>
		<Text Left="35" Top="280" Align="Left" Color="0xFFFFFFFF" Source="F_FreeMB"></Text>
		
		<Text Left="35" Top="300" Align="Left" Color="0xFFFFFFFF" Source="Tray"></Text>
		<Text Left="35" Top="320" Align="Left" Color="0xFFFFFFFF" Source="NickName"></Text>
		<Text Left="35" Top="110" Color="0xFFFFFFFF" Source="SongName"></Text>
		<Text Left="35" Top="80" Color="0xFFFFFFFF" Source="SoundTrack"></Text>
		<Text Left="35" Top="55" Color="0xFFFFFFFF" Source="SongTime"></Text>
		<Text Left="35" Top="350" Color="0xFFFFFFFF" Source="News: "></Text>
		<Text Left="135" Top="350" Color="0xFFFFFFFF" Source="Newsfeed"></Text>
		<Shape Type="RoundedBox" Left="132" Top="348" Width="438" Height="34" BorderColor="0xFF0000C0" />

		
		<Text Left="35" Top="410" Align="Left" Color="0xFFFFFFFF" Source="CPUTemp"></Text>
		<Text Left="35" Top="430" Align="Left" Color="0xFFFFFFFF" Source="MBTemp"></Text>
		
		<Text Left="605" Top="410" Align="Right" Color="0xFFFFFFFF" Source="IP"></Text>
		<Text Left="605" Top="430" Align="Right" Color="0xFFFFFFFF" Source="NumClient"></Text>
	</Main>
</Skin>