<Skin name="Full Power">
	<Information>
		<Author>freakdave</Author>
		<Copyright>Copyright 2003</Copyright>
		<Version>1.0 Final</Version>
	</Information>
	<Main Globe="True" Orb="False">
		<BackGround>bg.png</BackGround>
		<Cellwall>Cell.png</Cellwall>
		<Orb></Orb>
		<Icon></Icon>
		<GameIcon Enable="True" Opacity="40">
			<Position Top="282" Left="507" Width="110" Height="90" />
		</GameIcon>
		<Menu Smooth="True" ShowIcon="False">
		<Position Top="140" Left="30" Width="25" Height="250" Fixed="False" FixAt="1" MaxItem="4">
		</Position>
		<Font>NS14.XPR</Font>
		</Menu>
		<InfoFont>NS12.XPR</InfoFont>
		<Text Left="30" Top="20" Align="Left" Color="0xFFFFFFFF" Source="MSX: $SongName$"/>
		<Text Left="30" Top="40" Align="Left" Color="0xFFFFFFFF" Source="ETA: $SongTime$"></Text>
		<Text Left="465" Top="60" Align="Left" Color="0xFFFFFFFF" Source="Dash: $AppVersion$"/>
		<Text Left="465" Top="80" Align="Left" Color="0xFFFFFFFF" Source="Version: $Version$"/>
		<Text Left="465" Top="20" Align="Left" Color="0xFFFFFFFF" Source="$Date$"/>
		<Text Left="465" Top="40" Align="Left" Color="0xFFFFFFFF" Source="$Time$"/>
		<Text Left="30" Top="60" Align="Left" Color="0xFFFFFFFF" Source="$NickName$"/>

		


	                <Text Left="475" Top="375" ScaleX="85" ScaleY="100" Align="Left" Color="0xFFFFFFFF" Source="C:$C_Free	MB$"/>
		<Text Left="475" Top="395" ScaleX="85" ScaleY="100" Align="Left" Color="0xFFFFFFFF" Source="E:$E_FreeMB$"/>
		<Text Left="475" Top="415" ScaleX="85" ScaleY="100" Align="Left" Color="0xFFFFFFFF" Source="F:$F_FreeMB$"/>
		<Text Left="475" Top="435" ScaleX="85" ScaleY="100" Align="Left" Color="0xFFFFFFFF" Source="G:$G_FreeMB$"/>


		<Text Left="330" Top="375" Align="Left" Color="0xFFFFFFFF" Source="M/B: $MBTemp$"/>
		<Text Left="330" Top="395" Align="Left" Color="0xFFFFFFFF" Source="CPU: $CPUTemp$"/>
		<Text Left="330" Top="415" Align="Left" Color="0xFFFFFFFF" Source="FAN: $FanSpeed$"/>

		<Text Left="30" Top="410" Align="Left" Color="0xFFFFFFFF" Source="IP"></Text>
		<Text Left="30" Top="430" ScaleX="85" ScaleY="100"  Align="Left" Color="0xFFFFFFFF" Source="$ChipID$"/>
		<Text Left="30" Top="450" Align="Left" Color="0xFFFFFFFF" Source="DVD: $Tray$"/>
		
		
		
	</Main>

	
	<ColorScheme >
		<AMBIENT_FOGCOLOR>0xFF000000</AMBIENT_FOGCOLOR>
		<AMBIENT_SKYCOLOR></AMBIENT_SKYCOLOR>
		<AMBIENT_CELLCOLOR>0x00FFFFFF</AMBIENT_CELLCOLOR>

		<CAPTION_TEXTCOLOR>0xFF336699</CAPTION_TEXTCOLOR>
		<CAPTION_BACKCOLOR>0xFF000066</CAPTION_BACKCOLOR>
		<DIALOG_BORDERCOLOR>0xFFFFFFFF</DIALOG_BORDERCOLOR>
		<DIALOG_BACKCOLOR>0xFF162043</DIALOG_BACKCOLOR>
		<DIALOG_INNER_BORDERCOLOR>0xFFFFFFFF</DIALOG_INNER_BORDERCOLOR>
		<DIALOG_INNER_BACKCOLOR>0xFF2E438D</DIALOG_INNER_BACKCOLOR>
		<DIALOG_TEXTCOLOR>0xFFFFFFFF</DIALOG_TEXTCOLOR>

		<DIALOG_DISABLEDTEXT>0xFF000000</DIALOG_DISABLEDTEXT>

		<OPTION_TEXTCOLOR>0xFFFFFFFF</OPTION_TEXTCOLOR>
		<OPTION_ACTIVETEXTCOLOR>0xFFFFFFFF</OPTION_ACTIVETEXTCOLOR>
		<OPTION_ACTIVEBACKCOLOR></OPTION_ACTIVEBACKCOLOR>

		<BUTTON_BORDERCOLOR></BUTTON_BORDERCOLOR>
		<BUTTON_TEXTCOLOR>0xFF02C90C</BUTTON_TEXTCOLOR>
		<BUTTON_BACKCOLOR>0xCD636482</BUTTON_BACKCOLOR>
		<BUTTON_ACTIVETEXTCOLOR>0xFFFFFFFF</BUTTON_ACTIVETEXTCOLOR>
		<BUTTON_ACTIVEBACKCOLOR>0xE102C90C</BUTTON_ACTIVEBACKCOLOR>	
		
		<KB_KEYBG_HIGHLIGHT>0xCC0000C0</KB_KEYBG_HIGHLIGHT>
		<KB_KEYBG_DISABLED>0xFF000000</KB_KEYBG_DISABLED>
		<KB_KEY_PRESSED>0xff808080</KB_KEY_PRESSED>
		<KB_KEY_NORMAL>0xff000000</KB_KEY_NORMAL>
		<KB_KEY_DISABLED>0xff808080</KB_KEY_DISABLED>
		<KB_KEY_ACTIVEBORDER>0xff008000</KB_KEY_ACTIVEBORDER>
		<KB_KEY_TEXTCOLOR>0xff000000</KB_KEY_TEXTCOLOR>
		<KB_KEY_TEXTBACKCOLOR>0xffFFFFFF</KB_KEY_TEXTBACKCOLOR>
		<KB_KEY_TEXTBORDERCOLOR>0xff0000FF</KB_KEY_TEXTBORDERCOLOR>
		
		<MENU_TEXTCOLOR>0x99009999</MENU_TEXTCOLOR>
		<MENU_ACTIVETEXTCOLOR>0xFF00FFFF</MENU_ACTIVETEXTCOLOR>
		<MENU_BORDERCOLOR>0x00000000</MENU_BORDERCOLOR>
		<MENU_BACKCOLOR>0x00000000</MENU_BACKCOLOR>
		<MENU_ACTIVEBACKCOLOR></MENU_ACTIVEBACKCOLOR>
		<MENU_ACTIVEBORDERCOLOR></MENU_ACTIVEBORDERCOLOR>
	</ColorScheme>
</Skin>