<Skin Name="simplydone">
	<Information>
		<Author>puddwakkr</Author>
		<Copyright>nope</Copyright>
		<Version>1</Version>
	</Information>
	
	<LoadingScreen ShowInfo="False">
        	<BackGround>loadscreen.png</BackGround>
	</LoadingScreen>
	<FileManager>
		<BackGround>filemanager.png</BackGround>
	</FileManager>

	<Main Globe="False" Orb="False">
		<Image Source="GamePreview" />
		<Background>background.png</Background>
        	<Menu Smooth="True" Align="Left" ShowArrows="False" ShowIcon="True" Rotate="False">
			<Position Left="60" Top="64" Width="245" Height="166" Fixed="False" />
			<Font>XBox_Book_11.xpr</Font>
			<Preview EnableAudio="true" Left="0" Top="0" Width="640" Height="480" />
		</Menu>
		
		<Image Opacity="100" Top="0" Left="0" Width="640" Height="480">overlay1.png</Image>
		<InfoFont>XBox_Book_11.xpr</InfoFont>
		<Text Top="35" Left="62" Align="Left" Color="0xFFFFFFFF" Source="IP"></Text>
		<Text Top="240" Left="62" Align="Left" Color="0xFFFFFFFF" Source="Time"></Text>
	</Main>
	<ColorScheme>
		<MENU_TEXTCOLOR>0xFF000000</MENU_TEXTCOLOR>
		<MENU_ACTIVETEXTCOLOR>0xFFFFFFFF</MENU_ACTIVETEXTCOLOR>
		<MENU_BORDERCOLOR></MENU_BORDERCOLOR>
		<MENU_BACKCOLOR></MENU_BACKCOLOR>
		<MENU_ACTIVEBACKCOLOR>0xFF424342</MENU_ACTIVEBACKCOLOR>
		<MENU_ACTIVEBORDERCOLOR></MENU_ACTIVEBORDERCOLOR>
	</ColorScheme>
</Skin>