﻿<Skin name="TrainXpotting">
    <Information>
        <Author>Sklave</Author>
        <Version>3</Version>
        <Copyright>2004</Copyright>
        <Skinner Name="UX Architect" Version="1.0c" />
    </Information>
    <Main Globe="False" Orb="False" Fog="False">
        <Background EnableAudio="False">Trainspotting.jpg</Background>
        <InfoFont>39Smooth-10.xpr</InfoFont>
        <Text Top="336" Left="400" Width="200" Scroll="0" Color="0xFFFFFFFF" Source="Espace libre :" Align="Left" />
        <Text Top="377" Left="410" Width="185" Scroll="0" Color="0xFFFFFFFF" Source="F_FreeMB" Align="Left" />
        <Text Top="357" Left="410" Width="185" Scroll="0" Color="0xFFFFFFFF" Source="E_FreeMB" Align="Left" />
        <Text Top="176" Left="124" Width="200" Scroll="0" Color="0xFFFFFFFF" Source="F:" Align="Left" />
        <Text Top="430" Left="401" Width="200" Scroll="0" Color="0xFFFFFFFF" Source="CPUTempC" Align="Middle" />
        <Text Top="447" Left="401" Width="200" Scroll="0" Color="0xFFFFFFFF" Source="MBTempC" Align="Middle" />
        <Text Top="403" Left="400" Width="200" Scroll="0" Color="0xFFFFFFFF" Source="Tray" Align="Middle" />
        <Text Top="310" Left="257" Width="200" Scroll="0" Color="0xFFFFFFFF" Source="DateTime" Align="Middle" />
        <Text Top="225" Left="221" Width="198" Scroll="2" Color="0xFFFFFFFF" Source="SongName" Align="Left" />
        <Shape Type="RoundedBox" Left="396" Top="333" Width="210" Height="137" BorderColor="0xFFFFFFFF" BackColor="0xFFFF8000"></Shape>
        <Image Top="332" Left="249" Width="140" Height="140" Source="GameIcon" />
        <Menu Align="Middle" ShowIcon="False" ShowArrows="False">
            <Preview EnableAudio="True" Top="332" Left="249" Width="140" Height="140" />
            <Position Top="315" Left="41" Width="200" Height="157" Fixed="True" FixAt="2" MaxItem="4" />
            <Font>39Smooth-10.xpr</Font>
        </Menu>
        <ColorScheme>
            <AMBIENT_FOGCOLOR>0xFFFF0000</AMBIENT_FOGCOLOR>
            <AMBIENT_SKYCOLOR>0xFF400000</AMBIENT_SKYCOLOR>
            <AMBIENT_CELLCOLOR>0xFFFFFFFF</AMBIENT_CELLCOLOR>
            <CAPTION_TEXTCOLOR>0xFFFFFFFF</CAPTION_TEXTCOLOR>
            <CAPTION_BACKCOLOR>0x00FF8000</CAPTION_BACKCOLOR>
            <DIALOG_BORDERCOLOR>0xB4FFFFFF</DIALOG_BORDERCOLOR>
            <DIALOG_BACKCOLOR>0xAFFF8000</DIALOG_BACKCOLOR>
            <DIALOG_INNER_BORDERCOLOR>0xFFFFFFFF</DIALOG_INNER_BORDERCOLOR>
            <DIALOG_INNER_BACKCOLOR>0xFFFFFFFF</DIALOG_INNER_BACKCOLOR>
            <DIALOG_TEXTCOLOR>0xFF000000</DIALOG_TEXTCOLOR>
            <DIALOG_DISABLEDTEXT>0xFF808080</DIALOG_DISABLEDTEXT>
            <OPTION_TEXTCOLOR>0xFF000000</OPTION_TEXTCOLOR>
            <OPTION_ACTIVETEXTCOLOR>0xFFFFFFFF</OPTION_ACTIVETEXTCOLOR>
            <OPTION_ACTIVEBACKCOLOR>0xFFFF8040</OPTION_ACTIVEBACKCOLOR>
            <BUTTON_BORDERCOLOR>0xFFFFFFFF</BUTTON_BORDERCOLOR>
            <BUTTON_TEXTCOLOR>0xFFFF8040</BUTTON_TEXTCOLOR>
            <BUTTON_BACKCOLOR>0xFFFFFFFF</BUTTON_BACKCOLOR>
            <BUTTON_ACTIVETEXTCOLOR>0xFFFFFFFF</BUTTON_ACTIVETEXTCOLOR>
            <BUTTON_ACTIVEBACKCOLOR>0xFFFF8040</BUTTON_ACTIVEBACKCOLOR>
            <KB_KEYBG_HIGHLIGHT>0xFFFF8040</KB_KEYBG_HIGHLIGHT>
            <KB_KEYBG_DISABLED>0xFFC0C0C0</KB_KEYBG_DISABLED>
            <KB_KEY_PRESSED>0xFFFF8000</KB_KEY_PRESSED>
            <KB_KEY_NORMAL>0xFF000000</KB_KEY_NORMAL>
            <KB_KEY_DISABLED>0xFFFFFFFF</KB_KEY_DISABLED>
            <KB_KEY_ACTIVEBORDER>0xFFFFFFFF</KB_KEY_ACTIVEBORDER>
            <KB_KEY_TEXTCOLOR>0xFF000000</KB_KEY_TEXTCOLOR>
            <KB_KEY_TEXTBACKCOLOR>0xFFFFFFFF</KB_KEY_TEXTBACKCOLOR>
            <KB_KEY_TEXTBORDERCOLOR>0xFFFFFFFF</KB_KEY_TEXTBORDERCOLOR>
            <MENU_TEXTCOLOR>0xFF000000</MENU_TEXTCOLOR>
            <MENU_ACTIVETEXTCOLOR>0xFFFFFFFF</MENU_ACTIVETEXTCOLOR>
            <MENU_BORDERCOLOR>0xC8FF8000</MENU_BORDERCOLOR>
            <MENU_BACKCOLOR>0xAFFFFFFF</MENU_BACKCOLOR>
            <MENU_ACTIVEBACKCOLOR>0xAFFF8040</MENU_ACTIVEBACKCOLOR>
            <MENU_ACTIVEBORDERCOLOR>0xFFFF8000</MENU_ACTIVEBORDERCOLOR>
        </ColorScheme>
    </Main>
</Skin>