<Skin Name="Leyla">

 <Information>
    <Author>Zorro</Author>
    <Copyright>2004</Copyright>
    <Version>01</Version>
 </Information>

 <FileManager>
  <BackGround>Leyla.png</BackGround>
 </FileManager>

 <LoadingScreen ShowInfo="True">
  <BackGround>loading.png</BackGround>
 </LoadingScreen>

 <Main globe="False" Orb="False">
  <InfoFont>Verdana_10.xpr</InfoFont>
  <Image Top="180" Left="40" width="283" Height="264">icon.png</Image>
  <GameIcon Enable="True">
    <Position Top="210" Left="62" Width="218" Height="216" />
  </GameIcon>
  <Background EnableAudio="False">Leyla.png</Background>
    <Menu smooth="True" Align="Left" ShowArrows="True" ShowIcon="False" Rotate="False">
        <Position left="62" Top="70" Width="250" Height="120"/>
	<Font>menufont.xpr</Font>
</Menu>
			


 
 <Text Left="260" Top="25" Color="0xFFFFFFFF" Source="D:"></Text>
 <Text Left="277" Top="25" Color="00xFFFFFFFF" Source="DvdTitle"></Text>
 <Text Left="60" Top="430" Color="0xFFFFFFFF" Source="SongName"></Text>
 <Text Left="62" Top="25" Color="0xFFFFFFFF" Source="$Time$"></Text>
 <Text Left="135" Top="25" Color="0xFFFFFFFF" Source="$Date$"></Text>
 <Text Left="230" Top="429" Width="370" Align="Left" Color="0xFFFFFFFF" Source="$IP$"></Text>  
 <Shape Type="RoundedBox" Left="60" Top="68" Width="438" Height="34"/>
 
</Main>


 
 	<ColorScheme >

		<CAPTION_TEXTCOLOR>0xFF000000</CAPTION_TEXTCOLOR>
		<CAPTION_BACKCOLOR>0xFFC0C0C0</CAPTION_BACKCOLOR>
		<DIALOG_BORDERCOLOR>0xFF000000</DIALOG_BORDERCOLOR>
		<DIALOG_BACKCOLOR>0xFFA0A0A0</DIALOG_BACKCOLOR>
		<DIALOG_INNER_BORDERCOLOR>0xFFA0A0A0</DIALOG_INNER_BORDERCOLOR>
		<DIALOG_INNER_BACKCOLOR>0xFFA0A0A0</DIALOG_INNER_BACKCOLOR>
		<DIALOG_TEXTCOLOR>0xFF000000</DIALOG_TEXTCOLOR>
		<DIALOG_DISABLEDTEXT>0xFF202020</DIALOG_DISABLEDTEXT>

		<OPTION_TEXTCOLOR>0xFF000000</OPTION_TEXTCOLOR>
		<OPTION_ACTIVETEXTCOLOR>0xFFFFFFFF</OPTION_ACTIVETEXTCOLOR>
		<OPTION_ACTIVEBACKCOLOR>0xFFB27701</OPTION_ACTIVEBACKCOLOR>

		<BUTTON_TEXTCOLOR>0xFF000000</BUTTON_TEXTCOLOR>
		<BUTTON_BACKCOLOR>0xFFA0A0A0</BUTTON_BACKCOLOR>
		<BUTTON_ACTIVETEXTCOLOR>0xFFFFFFFF</BUTTON_ACTIVETEXTCOLOR>
		<BUTTON_ACTIVEBACKCOLOR>0xFF727272</BUTTON_ACTIVEBACKCOLOR>	
		
		<KB_KEYBG_HIGHLIGHT>0xCCD08D38</KB_KEYBG_HIGHLIGHT>
		<KB_KEYBG_DISABLED>0xffc0c0c0</KB_KEYBG_DISABLED>
		<KB_KEY_PRESSED>0xff808080</KB_KEY_PRESSED>
		<KB_KEY_NORMAL>0xff000000</KB_KEY_NORMAL>
		<KB_KEY_DISABLED>0xff808080</KB_KEY_DISABLED>
		<KB_KEY_ACTIVEBORDER>0xff000000</KB_KEY_ACTIVEBORDER>
		<KB_KEY_TEXTCOLOR>0xff000000</KB_KEY_TEXTCOLOR>
		<KB_KEY_TEXTBACKCOLOR>0xffFFFFFF</KB_KEY_TEXTBACKCOLOR>
		<KB_KEY_TEXTBORDERCOLOR>0xff000000</KB_KEY_TEXTBORDERCOLOR>
		
		<MENU_TEXTCOLOR>0xFFFFFFFF</MENU_TEXTCOLOR>
		<MENU_ACTIVETEXTCOLOR>0xFFFFFFFF</MENU_ACTIVETEXTCOLOR>
		<MENU_ACTIVEBACKCOLOR>0xFFD08D38</MENU_ACTIVEBACKCOLOR>
		<MENU_ACTIVEBORDERCOLOR>0xFF92B2E9</MENU_ACTIVEBORDERCOLOR>
		<MENU_TEXTBORDERCOLOR>0xFF000000</MENU_TEXTBORDERCOLOR>
		<MENU_ACTIVETEXTBORDERCOLOR>0xFF000000</MENU_ACTIVETEXTBORDERCOLOR>
		<MENU_TEXTBORDERCOLOR>0xFF000000</MENU_TEXTBORDERCOLOR>
	</ColorScheme>
	
	
</Skin>
