    <Skin name="AAA_2">
    <Information>
        <Author>HoBoZ</Author>
        <Version>1</Version>
        <Copyright>2004</Copyright>
        <Skinner Name="UX Architect" Version="1.0c" />
    </Information>
    <Main Globe="False" Orb="False">
        <Background EnableAudio="False">background.jpg</Background>
        <InfoFont>Square-10.xpr</InfoFont>
        <Text Top="313" Left="10" Width="180" Scroll="0" Color="0xFF808080" Source="C_FreeMB" Align="Left" ></Text>
        <Text Top="333" Left="10" Width="180" Scroll="0" Color="0xFF808080" Source="F_FreeMB" Align="Left" ></Text>
        <Text Top="85" Left="260'' Width="200" Scroll="0" Color="0xFF808080" Source="CPUTemp" Align="Left" />
        <Text Top="2" Left="515" Width="200" Scroll="0" Color="0xFF808080" Source="$Time$" Align="Left" />
        <Text Top="2" Left="195" Width="270" Scroll="0" Color="0xFF808080" Source="AppVersion" Align="Left" />
        <Text Top="450" Left="153" Width="300" Scroll="2" Color="0xFFFFFFFF" Source="SongName" Align="Left" />
        <Text Top="2" Left="10" Width="200" Scroll="0" Color="0xFF808080" Source="$IP$" Align="Left" />
        <Text Top="105" Left="260" Width="200" Scroll="0" Color="0xFF808080" Source="MBTemp" Align="Left" />
        <Text Top="400" Left="260" Width="58" Scroll="0" Color="0xFF808080" Source="HoBoZ" Align="Left" />
        <Text Top="22" Left="515" Width="200" Scroll="0" Color="0xFF808080" Source="$Date$" Align="Left" />
        <Text Top="30" Left="15" Width="350" Scroll="1" Color="0xFFFFFFFF" Source="Newsfeed" Align="Left" />
        <Image Top="59" Left="393" Width="124" Height="121" Opacity="80" Source="GameIcon" />
        <Image Top="23" Left="-2" Width="385" Height="33" Opacity="70">shadows 2.png</Image>
        <Image Top="300" Left="-2" Width="215" Height="70" Opacity="70">shadows 2.png</Image>
        <Image Top="439" Left="136" Width="338" Height="46" Opacity="25">shadows 2.png</Image>
        <Image Top="211" Left="392" Width="156" Height="55" Opacity="100">unleashx5.png</Image>
        <Image Top="414" Left="573" Width="60" Height="58" Opacity="70">xboxicon.png</Image>
        <Menu Scroll="True" Smooth="True" Align="Left" ShowIcon="False" ShowArrows="False">
            <ItemPos Top="85" Left="10" Width="200"></ItemPos>
            <ItemPos Top="105" Left="10" Width="200"></ItemPos>
            <ItemPos Top="125" Left="10" Width="200"></ItemPos>
            <ItemPos Top="145" Left="10" Width="200"></ItemPos>
            <ItemPos Top="165" Left="10" Width="200"></ItemPos>
            <ItemPos Top="185" Left="10" Width="200"></ItemPos>
            <ItemPos Top="205" Left="10" Width="200"></ItemPos>
            <ItemPos Top="225" Left="10" Width="200"></ItemPos>
            <ItemPos Top="245" Left="10" Width="200"></ItemPos>
            <ItemPos Top="265" Left="10" Width="200"></ItemPos>
            <Font>Square-10.xpr</Font>
        </Menu>
        <ColorScheme>
            <AMBIENT_FOGCOLOR>0x00FFFFFF</AMBIENT_FOGCOLOR>
            <AMBIENT_SKYCOLOR>0x0000000F</AMBIENT_SKYCOLOR>
            <AMBIENT_CELLCOLOR>0x00808080</AMBIENT_CELLCOLOR>
            <CAPTION_TEXTCOLOR>0xFFFFFFFF</CAPTION_TEXTCOLOR>
            <CAPTION_BACKCOLOR>0xFF0080FF</CAPTION_BACKCOLOR>
            <DIALOG_BORDERCOLOR>0xFF0080FF</DIALOG_BORDERCOLOR>
            <DIALOG_BACKCOLOR>0x9F000000</DIALOG_BACKCOLOR>
            <DIALOG_INNER_BORDERCOLOR>0xFF0080FF</DIALOG_INNER_BORDERCOLOR>
            <DIALOG_INNER_BACKCOLOR>0xFF000000</DIALOG_INNER_BACKCOLOR>
            <DIALOG_TEXTCOLOR>0xFFFFFFFF</DIALOG_TEXTCOLOR>
            <DIALOG_DISABLEDTEXT>0xFFB3B3B4</DIALOG_DISABLEDTEXT>
            <OPTION_TEXTCOLOR>0xFFFFFFFF</OPTION_TEXTCOLOR>
            <OPTION_ACTIVETEXTCOLOR>0xFFFFFFFF</OPTION_ACTIVETEXTCOLOR>
            <OPTION_ACTIVEBACKCOLOR>0xFF0080FF</OPTION_ACTIVEBACKCOLOR>
            <BUTTON_BORDERCOLOR>0xFFFFFFFF</BUTTON_BORDERCOLOR>
            <BUTTON_TEXTCOLOR>0xFFFFFFFF</BUTTON_TEXTCOLOR>
            <BUTTON_BACKCOLOR>0x980000A0</BUTTON_BACKCOLOR>
            <BUTTON_ACTIVETEXTCOLOR>0xFFFFFFFF</BUTTON_ACTIVETEXTCOLOR>
            <BUTTON_ACTIVEBACKCOLOR>0xFF0080FF</BUTTON_ACTIVEBACKCOLOR>
            <KB_KEYBG_HIGHLIGHT>0xFF0080FF</KB_KEYBG_HIGHLIGHT>
            <KB_KEYBG_DISABLED>0xFFC0C0C0</KB_KEYBG_DISABLED>
            <KB_KEY_PRESSED>0xFF008000</KB_KEY_PRESSED>
            <KB_KEY_NORMAL>0xFF000000</KB_KEY_NORMAL>
            <KB_KEY_DISABLED>0xFFFFFFFF</KB_KEY_DISABLED>
            <KB_KEY_ACTIVEBORDER>0xFF808080</KB_KEY_ACTIVEBORDER>
            <KB_KEY_TEXTCOLOR>0xFF000000</KB_KEY_TEXTCOLOR>
            <KB_KEY_TEXTBACKCOLOR>0xFFFFFFFF</KB_KEY_TEXTBACKCOLOR>
            <KB_KEY_TEXTBORDERCOLOR>0xFFFFFF00</KB_KEY_TEXTBORDERCOLOR>
            <MENU_TEXTCOLOR>0xFF808080</MENU_TEXTCOLOR>
            <MENU_ACTIVETEXTCOLOR>0xFFFFFFFF</MENU_ACTIVETEXTCOLOR>
            </ColorScheme>
    </Main>
</Skin>