��<Skin name="Wet">
    <Information>
        <Author>Ace331664</Author>
        <Version>1</Version>
        <Copyright>2010</Copyright>
        <ScreenSize Width="720" Height="480" />
        <Skinner Name="UX Architect" Version="1.0c" />
    </Information>
    <Filemanager SafeBorder="False">
        <Background>UX2.JPG</Background>
    </Filemanager>
    <LoadingScreen ShowInfo="True">
        <Background>UX.JPG</Background>
    </LoadingScreen>
    <Main Globe="False" Orb="False" Fog="False">
        <Background EnableAudio="False">UX.JPG</Background>
        <InfoFont>Square-10.xpr</InfoFont>
        <Text Top="359" Left="20" Width="200" Scroll="0" Color="0xFFFFFFFF" Source="F_FREEMB" Align="Left" />
        <Text Top="383" Left="20" Width="200" Scroll="0" Color="0xFFFFFFFF" Source="G_FREEMB" Align="Left" />
        <Text Top="426" Left="20" Width="200" Scroll="0" Color="0xFFFFFFFF" Source="IP" Align="Left" />
        <Text Top="449" Left="20" Width="315" Scroll="2" Color="0xFFFFFFFF" Source="NEWSFEED" Align="Left" />
        <Text Top="201" Left="20" Width="200" Scroll="0" Color="0xFFFFFFFF" Source="SONGNAME" Align="Left" />
        <Text Top="327" Left="20" Width="250" Scroll="0" Color="0xFFFFFFFF" Source="HDDKEY" Align="Left" />
        <Text Top="305" Left="20" Width="200" Scroll="0" Color="0xFFFFFFFF" Source="NICKNAME" Align="Left" />
        <Text Top="283" Left="20" Width="200" Scroll="0" Color="0xFFFFFFFF" Source="DATETIME" Align="Left" />
        <Text Top="229" Left="20" Width="200" Scroll="0" Color="0xFFFFFFFF" Source="SOUNDTRACK" Align="Left" />
        <Text Top="175" Left="20" Width="200" Scroll="0" Color="0xFFFFFFFF" Source="SONGTIME" Align="Left" />
        <Image Top="9" Left="500" Width="128" Height="128" Source="GameIcon" />
        <Menu Scroll="True" Smooth="True" Align="Left" ShowIcon="False" ShowArrows="False">
            <Position Top="10" Left="11" Width="203" Height="131" Fixed="False" FixAt="4" MaxItem="6" />
            <Font>ParkAvenue-14.xpr</Font>
        </Menu>
        <ColorScheme>
            <AMBIENT_FOGCOLOR>0xFFD7B76C</AMBIENT_FOGCOLOR>
            <AMBIENT_SKYCOLOR>0xFF00000F</AMBIENT_SKYCOLOR>
            <AMBIENT_CELLCOLOR>0xFF0080FF</AMBIENT_CELLCOLOR>
            <CAPTION_TEXTCOLOR>0xFFFFFFFF</CAPTION_TEXTCOLOR>
            <CAPTION_BACKCOLOR>0xFFE4C781</CAPTION_BACKCOLOR>
            <DIALOG_BORDERCOLOR>0xFFE4C781</DIALOG_BORDERCOLOR>
            <DIALOG_BACKCOLOR>0x9F000000</DIALOG_BACKCOLOR>
            <DIALOG_INNER_BORDERCOLOR>0xFFE4C781</DIALOG_INNER_BORDERCOLOR>
            <DIALOG_INNER_BACKCOLOR>0xFF000000</DIALOG_INNER_BACKCOLOR>
            <DIALOG_TEXTCOLOR>0xFFFFFFFF</DIALOG_TEXTCOLOR>
            <DIALOG_DISABLEDTEXT>0xFFB3B3B4</DIALOG_DISABLEDTEXT>
            <OPTION_TEXTCOLOR>0xFFFFFFFF</OPTION_TEXTCOLOR>
            <OPTION_ACTIVETEXTCOLOR>0xFF000000</OPTION_ACTIVETEXTCOLOR>
            <OPTION_ACTIVEBACKCOLOR>0xFFE4C781</OPTION_ACTIVEBACKCOLOR>
            <BUTTON_BORDERCOLOR>0xFFFFFFFF</BUTTON_BORDERCOLOR>
            <BUTTON_TEXTCOLOR>0xFFFFFFFF</BUTTON_TEXTCOLOR>
            <BUTTON_BACKCOLOR>0x98F2E4C4</BUTTON_BACKCOLOR>
            <BUTTON_ACTIVETEXTCOLOR>0xFFFFFFFF</BUTTON_ACTIVETEXTCOLOR>
            <BUTTON_ACTIVEBACKCOLOR>0xFFD9AF4F</BUTTON_ACTIVEBACKCOLOR>
            <KB_KEYBG_HIGHLIGHT>0xFFBB9F57</KB_KEYBG_HIGHLIGHT>
            <KB_KEYBG_DISABLED>0xFFC0C0C0</KB_KEYBG_DISABLED>
            <KB_KEY_PRESSED>0xFF808000</KB_KEY_PRESSED>
            <KB_KEY_NORMAL>0xFF000000</KB_KEY_NORMAL>
            <KB_KEY_DISABLED>0xFFFFFFFF</KB_KEY_DISABLED>
            <KB_KEY_ACTIVEBORDER>0xFF808080</KB_KEY_ACTIVEBORDER>
            <KB_KEY_TEXTCOLOR>0xFF000000</KB_KEY_TEXTCOLOR>
            <KB_KEY_TEXTBACKCOLOR>0xFFFFFFFF</KB_KEY_TEXTBACKCOLOR>
            <KB_KEY_TEXTBORDERCOLOR>0xFFFFFF00</KB_KEY_TEXTBORDERCOLOR>
            <MENU_TEXTCOLOR>0xFFFFFFFF</MENU_TEXTCOLOR>
            <MENU_ACTIVETEXTCOLOR>0xFF804000</MENU_ACTIVETEXTCOLOR>
            <MENU_BACKCOLOR>0xFF000000</MENU_BACKCOLOR>
        </ColorScheme>
    </Main>
</Skin>