﻿<Skin name="BBurke">
    <Information>
        <Author>Ivan Moreira</Author>
        <Version>1</Version>
        <Copyright>2005</Copyright>
        <Skinner Name="UX Architect" Version="1.0c" />
    </Information>
    <LoadingScreen ShowInfo="True">
        <Background>burke231024x768.jpg</Background>
    </LoadingScreen>
    <Main Orb="False">
        <Background EnableAudio="False">burke971024x768.jpg</Background>
        <InfoFont>Square-10.xpr</InfoFont>
        <Text Top="455" Left="200" Width="200" Scroll="0" Color="0xFF000000" Source="SongTime" Align="Left" />
        <Text Top="435" Left="200" Width="200" Scroll="0" Color="0xFF000000" Source="SoundTrack" Align="Left" />
        <Text Top="415" Left="200" Width="200" Scroll="0" Color="0xFF000000" Source="SongName" Align="Left" />
        <Text Top="200" Left="20" Width="200" Scroll="0" Color="0xFF000000" Source="IP" Align="Left" />
        <Text Top="180" Left="20" Width="200" Scroll="0" Color="0xFF000000" Source="DateTime" Align="Left" />
        <Text Top="160" Left="20" Width="200" Scroll="0" Color="0xFF000000" Source="DVDTitle" Align="Left" />
        <Text Top="100" Left="250" Width="200" Scroll="0" Color="0xFF000000" Source="MBTempC" Align="Left" />
        <Text Top="80" Left="250" Width="200" Scroll="0" Color="0xFF000000" Source="CPUTempC" Align="Left" />
        <Text Top="60" Left="250" Width="200" Scroll="0" Color="0xFF000000" Source="F_FreeMB" Align="Left" />
        <Text Top="40" Left="250" Width="200" Scroll="0" Color="0xFF000000" Source="E_FreeMB" Align="Left" />
        <Text Top="20" Left="250" Width="200" Scroll="0" Color="0xFF000000" Source="C_FreeMB" Align="Left" />
        <Image Top="345" Left="500" Width="128" Height="128" Source="GameIcon" />
        <Menu Align="Middle" ShowIcon="False" ShowArrows="False">
            <Position Top="20" Left="20" Width="211" Height="131" Fixed="True" FixAt="2" MaxItem="4" />
            <Font>Tahoma-12.xpr</Font>
        </Menu>
        <ColorScheme>
            <AMBIENT_FOGCOLOR>0xFF0080FF</AMBIENT_FOGCOLOR>
            <AMBIENT_SKYCOLOR>0xFF0000A0</AMBIENT_SKYCOLOR>
            <AMBIENT_CELLCOLOR>0xFFFFFFFF</AMBIENT_CELLCOLOR>
            <CAPTION_TEXTCOLOR>0xFFFFFFFF</CAPTION_TEXTCOLOR>
            <CAPTION_BACKCOLOR>0xFF000000</CAPTION_BACKCOLOR>
            <DIALOG_BORDERCOLOR>0xFFFFFFFF</DIALOG_BORDERCOLOR>
            <DIALOG_BACKCOLOR>0xD10080FF</DIALOG_BACKCOLOR>
            <DIALOG_INNER_BORDERCOLOR>0xFFFFFFFF</DIALOG_INNER_BORDERCOLOR>
            <DIALOG_INNER_BACKCOLOR>0xFF000000</DIALOG_INNER_BACKCOLOR>
            <DIALOG_TEXTCOLOR>0xFFFFFFFF</DIALOG_TEXTCOLOR>
            <DIALOG_DISABLEDTEXT>0xFFB3B3B4</DIALOG_DISABLEDTEXT>
            <OPTION_TEXTCOLOR>0xFFFFFFFF</OPTION_TEXTCOLOR>
            <OPTION_ACTIVETEXTCOLOR>0xFFFFFFFF</OPTION_ACTIVETEXTCOLOR>
            <OPTION_ACTIVEBACKCOLOR>0xFF004040</OPTION_ACTIVEBACKCOLOR>
            <BUTTON_BORDERCOLOR>0xFFFFFFFF</BUTTON_BORDERCOLOR>
            <BUTTON_TEXTCOLOR>0xFFFFFFFF</BUTTON_TEXTCOLOR>
            <BUTTON_BACKCOLOR>0xFF0080FF</BUTTON_BACKCOLOR>
            <BUTTON_ACTIVETEXTCOLOR>0xFF000000</BUTTON_ACTIVETEXTCOLOR>
            <BUTTON_ACTIVEBACKCOLOR>0xFFC0C0C0</BUTTON_ACTIVEBACKCOLOR>
            <KB_KEYBG_HIGHLIGHT>0xFF0080FF</KB_KEYBG_HIGHLIGHT>
            <KB_KEYBG_DISABLED>0xFFC0C0C0</KB_KEYBG_DISABLED>
            <KB_KEY_PRESSED>0xFF008000</KB_KEY_PRESSED>
            <KB_KEY_NORMAL>0xFF000000</KB_KEY_NORMAL>
            <KB_KEY_DISABLED>0xFFFFFFFF</KB_KEY_DISABLED>
            <KB_KEY_ACTIVEBORDER>0xFF808080</KB_KEY_ACTIVEBORDER>
            <KB_KEY_TEXTCOLOR>0xFF000000</KB_KEY_TEXTCOLOR>
            <KB_KEY_TEXTBACKCOLOR>0xFFFFFFFF</KB_KEY_TEXTBACKCOLOR>
            <KB_KEY_TEXTBORDERCOLOR>0xFF8080FF</KB_KEY_TEXTBORDERCOLOR>
            <MENU_TEXTCOLOR>0xFF000080</MENU_TEXTCOLOR>
            <MENU_ACTIVETEXTCOLOR>0xFFFFFF00</MENU_ACTIVETEXTCOLOR>
            <MENU_ACTIVEBACKCOLOR>0xFF004040</MENU_ACTIVEBACKCOLOR>
            <MENU_ACTIVEBORDERCOLOR>0xFFFF0000</MENU_ACTIVEBORDERCOLOR>
        </ColorScheme>
    </Main>
</Skin>