<Skin Name="Dark n Sexy">

<Information>
    <Author>RTD</Author>
    <Copyright>2005</Copyright>
    <Version>1.0</Version>
</Information>

<LoadingScreen ShowInfo="False">
<BackGround>loading.png</BackGround>
</LoadingScreen>


<Main Globe="False" Orb="false" Fog="False">

<Image Source="GamePreview" />
<Image Top="350" Left="42" Width="118" Height="110" Source="GameIcon" />

<Image Left="3" Top="0" Opacity="100">overlay.png</ Shape>

<Background EnableAudio="False">background.png</background>

<InfoFont>Verdana_10.xpr</InfoFont>

		

 <Menu Smooth="False" Align="left" ShowArrows="false" ShowIcon="false" Rotate="false">
        <Preview EnableAudio="True" Top="35" Left="380" Width="225" Height="174" />
        <Position Left="200" Top="395" Width="300" Height="30" />
	<Font>Verdana_10.xpr</Font>
    </Menu>	

</Main>

 <ColorScheme>
    <MENU_TEXTCOLOR>0xFFFFFFFF</MENU_TEXTCOLOR>
    <MENU_ACTIVETEXTCOLOR>0xFFFF8040</MENU_ACTIVETEXTCOLOR>
 </ColorSceme>

       
</Skin>
