<Skin Name="Kawa zx">
<Information>
  <Author>Greg</Author>
  <Copyright>Greg's 88 �</Copyright>
  <Version>1,1</Version>
</Information>

<IntroMovie>unleashx_intro1.wmv</IntroMovie>
    
<LoadingScreen ShowInfo="True">
        <Background>lightsloading.wmv</Background>
</LoadingScreen>

<Main globe="False" Orb="False">
<InfoFont>Morpheus_14.xpr</InfoFont>
<Background EnableAudio="True">bg.png</background>
<Menu smooth="True" ShowArrows="True" ShowIcon="True" Rotate="False">
<Position left="20" Top="120" Width="280" Height="250" />
<Preview EnableAudio="True" left="450" Top="250" Width="180" Height="160" />

<Font>info.xpr</Font>
</Menu>
<Text Top="10" Left="415" Align="Left" Color="0xFFFF8000" Source="UnleashX::$AppVersion$"></Text>                 
<Text Top="30" Left="495" Align="Left" Color="0xFF00FF00" Source="$Date$"></Text>
<Text Top="50" Left="495" Align="Left" Color="0xFF00FF00" Source="$Time$"></Text>
<Text Top="10" Left="25" Align="Left" Color="0xFF0080FF" Source="IP"></Text>
<Text Top="30" Left="25" Align="Left" Color="0xFF0080FF" Source="DVD: $Tray$"></Text>
<Text Top="50" Left="25" Align="Left" Color="0xFF0080FF" Source="$NickName$"></Text>
<Text Top="430" Left="15" Align="Left" Color="0xFF00FF00" Source="Disque E:$E_FreeMB$"></Text>
<Text Top="450" Left="15" Align="Left" Color="0xFF00FF00" Source="Disque F:$F_FreeMB$"></Text>
<Text Top="430" Left="300" Align="Left" Color="0xFFFF0000" Source="M/B: $MBTemp$"></Text>
<Text Top="450" Left="300" Align="Left" Color="0xFFFF0000" Source="CPU: $CPUTemp$"></Text>
<Text Top="430" Left="500" Align="Left" Color="0xFF00FF00" Source="FAN: $FanSpeed$"></Text>
<Text Top="450" Left="500" Align="Left" Color="0xFF00FF00" Source="Video: $VideoMode$"></Text>
<Text Left="300" Top="400" Width="600" Align="left" Scroll="2" Color="0xFF00FF00" Source="$Newsfeed$"></Text>

<Image Source="GamePreview"/>
<Image Top="165" Left="520" width="90" Height="80" Source="GameIcon"/>
</Main>
<FileManager>
   <Background>fmbg.png</Background>
</FileManager>
<ColorScheme>
  <AMBIENT_FOGCOLOR>0xFF000000</AMBIENT_FOGCOLOR>
  <AMBIENT_SKYCOLOR></AMBIENT_SKYCOLOR>
  <AMBIENT_CELLCOLOR>0x00FFFFFF</AMBIENT_CELLCOLOR>
  <CAPTION_TEXTCOLOR>0xFF336699</CAPTION_TEXTCOLOR>
  <CAPTION_BACKCOLOR>0xFF000066</CAPTION_BACKCOLOR>
  <DIALOG_BORDERCOLOR>0xFFFFFFFF</DIALOG_BORDERCOLOR>
  <DIALOG_BACKCOLOR>0xFF162043</DIALOG_BACKCOLOR>
  <DIALOG_INNER_BORDERCOLOR>0xFFFFFFFF</DIALOG_INNER_BORDERCOLOR>
  <DIALOG_INNER_BACKCOLOR>0xFF2E438D</DIALOG_INNER_BACKCOLOR>
  <DIALOG_TEXTCOLOR>0xFFFFFFFF</DIALOG_TEXTCOLOR>
  <DIALOG_DISABLEDTEXT>0xFF000000</DIALOG_DISABLEDTEXT>
  <OPTION_TEXTCOLOR>0xFF00FF00</OPTION_TEXTCOLOR>
  <OPTION_ACTIVETEXTCOLOR>0xFF00FF00</OPTION_ACTIVETEXTCOLOR>
  <OPTION_ACTIVEBACKCOLOR>0xFF00FF00</OPTION_ACTIVEBACKCOLOR>
  <BUTTON_BORDERCOLOR></BUTTON_BORDERCOLOR>
  <BUTTON_TEXTCOLOR>0xFF02C90C</BUTTON_TEXTCOLOR>
  <BUTTON_BACKCOLOR>0xCD636482</BUTTON_BACKCOLOR>
  <BUTTON_ACTIVETEXTCOLOR>0xFFFFFFFF</BUTTON_ACTIVETEXTCOLOR>
  <BUTTON_ACTIVEBACKCOLOR>0xE198FF31</BUTTON_ACTIVEBACKCOLOR>
  <KB_KEYBG_HIGHLIGHT>0xCC0000C0</KB_KEYBG_HIGHLIGHT>
  <KB_KEYBG_DISABLED>0xFF000000</KB_KEYBG_DISABLED>
  <KB_KEY_PRESSED>0xff808080</KB_KEY_PRESSED>
  <KB_KEY_NORMAL>0xff000000</KB_KEY_NORMAL>
  <KB_KEY_DISABLED>0xff808080</KB_KEY_DISABLED>
  <KB_KEY_ACTIVEBORDER>0xff008000</KB_KEY_ACTIVEBORDER>
  <KB_KEY_TEXTCOLOR>0xff000000</KB_KEY_TEXTCOLOR>
  <KB_KEY_TEXTBACKCOLOR>0xffFFFFFF</KB_KEY_TEXTBACKCOLOR>
  <KB_KEY_TEXTBORDERCOLOR>0xff0000FF</KB_KEY_TEXTBORDERCOLOR>
  <MENU_TEXTCOLOR>0xFF0080FF</MENU_TEXTCOLOR>
  <MENU_ACTIVETEXTCOLOR>0xFF00FF00</MENU_ACTIVETEXTCOLOR>
  <MENU_BORDERCOLOR>0x00000000</MENU_BORDERCOLOR>
  <MENU_BACKCOLOR>0x00000000</MENU_BACKCOLOR>
  <MENU_ACTIVEBACKCOLOR></MENU_ACTIVEBACKCOLOR>
  <MENU_ACTIVEBORDERCOLOR></MENU_ACTIVEBORDERCOLOR>
</ColorSceme>
</Skin>
