<Skin name="Bad Boys II">
	<Information>
		<Author>Import Tuner</Author>
		<Copyright>Copyright 2003</Copyright>
		<Version>4.2</Version>
	</Information>
	<Main Globe="True" Orb="False">
		<BackGround>bg.png</BackGround>
						
		<Image Left="224" Top="310" Width="250" Height="106">image.png</Image>
		
		<GameIcon Enable="True" Opacity="0">
			<Position Top="310" Left="316" Width="154" Height="102" />
		</GameIcon>
		
		<InfoFont>ti.xpr</InfoFont>
		<Menu Smooth="False" Align="Left" Rotate="False" ShowIcon="False">
		<Position Top="80" Left="60" Width="800" Height="200" Fixed="False" FixAt="1" MaxItem="8">
		</Position>
		<Font>Adler_12.xpr</Font>
		</Menu>
		<Text Left="60" Top="26" Align="Left"Color="0xFF25271A" Source="$SongTime$"></Text>
		<Text Left="120" Top="26" Align="Left"Color="0xFF25271A" Source="$SongName$"></Text>
		
		<Text Left="600" Top="24" Align="Right"Color="0xFF25271A" Source="$Time$"></Text>
		<Text Left="604" Top="76" Align="Right" Color="0xFF25271A" Source="$Date$"></Text>
		
		<Text Left="601" Top="316" Align="Right" Color="0xFF757865" Source="$IP$"></Text>
		<Text Left="596" Top="336" Align="Right" Color="0xFF757865" Source="[CPU] $CPUTemp$"></Text>
		<Text Left="596" Top="356" Align="Right" Color="0xFF757865" Source="[MBD] $MBTemp$"></Text>
		<Text Left="551" Top="376" Align="Right" Color="0xFF757865" Source="[FAN] $FanSpeed$"></Text>
		<Text Left="576" Top="396" Align="Right" Color="0xFF757865" Source="$NickName$"></Text>
				
		<Text Left="60" Top="316" Align="Left" Color="0xFF757865" Source="[C] $C_FreeMB$ Free"></Text>
		<Text Left="60" Top="336" Align="Left" Color="0xFF757865" Source="[D] $DVDType$"></Text>
		<Text Left="60" Top="356" Align="Left" Color="0xFF757865" Source="[E] $E_FreeMB$ Free"></Text>
		<Text Left="60" Top="376" Align="Left" Color="0xFF757865" Source="[F] $F_FreeMB$ Free"></Text>
		<Text Left="60" Top="396" Align="Left" Color="0xFF757865" Source="[G] $G_FreeMB$ Free"></Text>
				
		<Text Left="48" Top="430" Color="0xFF25271A" Source="$Newsfeed$"></Text>
	</Main>

	
	<ColorScheme >

		<CAPTION_TEXTCOLOR>0xFF757865</CAPTION_TEXTCOLOR>
		<CAPTION_BACKCOLOR>0xFF25271A</CAPTION_BACKCOLOR>
		<DIALOG_BORDERCOLOR>0xFF25271A</DIALOG_BORDERCOLOR>
		<DIALOG_BACKCOLOR>0xFF757865</DIALOG_BACKCOLOR>
		<DIALOG_INNER_BORDERCOLOR>0xFF25271A</DIALOG_INNER_BORDERCOLOR>
		<DIALOG_INNER_BACKCOLOR>0xFF757865</DIALOG_INNER_BACKCOLOR>
		<DIALOG_TEXTCOLOR>0xFF25271A</DIALOG_TEXTCOLOR>
		<DIALOG_DISABLEDTEXT>0xFF25271A</DIALOG_DISABLEDTEXT>

		<OPTION_TEXTCOLOR>0xFF757865</OPTION_TEXTCOLOR>
		<OPTION_ACTIVETEXTCOLOR>0xFFBBBBBB</OPTION_ACTIVETEXTCOLOR>
		<OPTION_ACTIVEBACKCOLOR>0xFF25271A</OPTION_ACTIVEBACKCOLOR>

		<MENU_TEXTCOLOR>0xFF222222</MENU_TEXTCOLOR>
		<MENU_ACTIVETEXTCOLOR>0xFFBBBBBB</MENU_ACTIVETEXTCOLOR>
		<MENU_BACKCOLOR></MENU_BACKCOLOR>
		<MENU_ACTIVEBACKCOLOR></MENU_ACTIVEBACKCOLOR>
		
	</ColorScheme>
</Skin>