﻿<Skin name="KATAMARI DAMACY">
    <Information>
        <Author>LOVE_TROPICANA</Author>
        <Version>1</Version>
        <Copyright>2004</Copyright>
        <Skinner Name="UX Architect" Version="ALPHA 1.4" />
    </Information>
		<LoadingScreen ShowInfo="True">
			<BackGround>bg.png</BackGround>
		</LoadingScreen>
    <Main Globe="False" Orb="False" Fog="False">
        <Background EnableAudio="False">BG.PNG</Background>
        <InfoFont>Tahoma-10.xpr</InfoFont>
        <Text Top="430" Left="21" Width="200" Scroll="0" Color="0xFF000000" Source="E_FreeMB" />
        <Text Top="430" Left="282" Width="200" Scroll="1" Color="0xFF000000" Source="SongName" />
        <Text Top="430" Left="243" Width="200" Scroll="0" Color="0xFF000000" Source="Tune:" />
        <Text Top="448" Left="243" Width="200" Scroll="0" Color="0xFF000000" Source="IP" />
        <Text Top="448" Left="21" Width="200" Scroll="0" Color="0xFF000000" Source="F_FreeMB" />
        <Image Top="96" Left="379" Width="100" Height="91" Opacity="90" Source="GameIcon" />
        <Menu Smooth="True" Align="Left" ShowIcon="False" ShowArrows="False">
            <Position Top="98" Left="164" Width="192" Height="195" Fixed="True" FixAt="1" MaxItem="8" />
            <Font>39Smooth-12.xpr</Font>
        </Menu>
        <ColorScheme>
            <AMBIENT_FOGCOLOR>0x00FFFFFF</AMBIENT_FOGCOLOR>
            <AMBIENT_SKYCOLOR>0x00400000</AMBIENT_SKYCOLOR>
            <AMBIENT_CELLCOLOR>0x00FFFFFF</AMBIENT_CELLCOLOR>
            <CAPTION_TEXTCOLOR>0xFFFFFFFF</CAPTION_TEXTCOLOR>
            <CAPTION_BACKCOLOR>0x00000000</CAPTION_BACKCOLOR>
            <DIALOG_BORDERCOLOR>0xFF000000</DIALOG_BORDERCOLOR>
            <DIALOG_BACKCOLOR>0xBE804000</DIALOG_BACKCOLOR>
            <DIALOG_INNER_BORDERCOLOR>0xFF000000</DIALOG_INNER_BORDERCOLOR>
            <DIALOG_INNER_BACKCOLOR>0xC8000000</DIALOG_INNER_BACKCOLOR>
            <DIALOG_TEXTCOLOR>0xFFFFFFFF</DIALOG_TEXTCOLOR>
            <DIALOG_DISABLEDTEXT>0xFFB3B3B4</DIALOG_DISABLEDTEXT>
            <OPTION_TEXTCOLOR>0xFFFFFFFF</OPTION_TEXTCOLOR>
            <OPTION_ACTIVETEXTCOLOR>0xFFFFFFFF</OPTION_ACTIVETEXTCOLOR>
            <OPTION_ACTIVEBACKCOLOR>0xC87E4D14</OPTION_ACTIVEBACKCOLOR>
            <BUTTON_BORDERCOLOR>0xFF000000</BUTTON_BORDERCOLOR>
            <BUTTON_TEXTCOLOR>0xFFFFFFFF</BUTTON_TEXTCOLOR>
            <BUTTON_BACKCOLOR>0xFF400000</BUTTON_BACKCOLOR>
            <BUTTON_ACTIVETEXTCOLOR>0xFFFFFFFF</BUTTON_ACTIVETEXTCOLOR>
            <BUTTON_ACTIVEBACKCOLOR>0xFF800000</BUTTON_ACTIVEBACKCOLOR>
            <KB_KEYBG_HIGHLIGHT>0xFF800000</KB_KEYBG_HIGHLIGHT>
            <KB_KEYBG_DISABLED>0xFFC0C0C0</KB_KEYBG_DISABLED>
            <KB_KEY_PRESSED>0xFF008000</KB_KEY_PRESSED>
            <KB_KEY_NORMAL>0xFF000000</KB_KEY_NORMAL>
            <KB_KEY_DISABLED>0xFFFFFFFF</KB_KEY_DISABLED>
            <KB_KEY_ACTIVEBORDER>0xFFFFFFFF</KB_KEY_ACTIVEBORDER>
            <KB_KEY_TEXTCOLOR>0xFF000000</KB_KEY_TEXTCOLOR>
            <KB_KEY_TEXTBACKCOLOR>0xFFFFFFFF</KB_KEY_TEXTBACKCOLOR>
            <KB_KEY_TEXTBORDERCOLOR>0xFFFFFFFF</KB_KEY_TEXTBORDERCOLOR>
            <MENU_TEXTCOLOR>0x96000000</MENU_TEXTCOLOR>
            <MENU_ACTIVETEXTCOLOR>0xFF000000</MENU_ACTIVETEXTCOLOR>
        </ColorScheme>
    </Main>
</Skin>