﻿<Skin name="SLBenfica">
    <Information>
        <Author>Tulipa Negra</Author>
        <Version>1</Version>
        <Copyright>2004</Copyright>
        <Skinner Name="UX Architect" Version="1.0c" />
    </Information>
    <Filemanager SafeBorder="False">
        <Background>filemanager3.png</Background>
    </Filemanager>
    <LoadingScreen ShowInfo="False">
        <Background>loading4.png</Background>
    </LoadingScreen>
    <Main Globe="False" Orb="False" Fog="False">
        <Background EnableAudio="False">SLBenfica.png</Background>
        <InfoFont>Square-10.xpr</InfoFont>
        <Text Top="456" Left="239" Width="200" Scroll="0" Color="0xFF000000" Source="SkinAuthor" Align="Left" />
        <Text Top="424" Left="514" Width="83" Scroll="0" Color="0xFF000000" Source="$MBTempC$" Align="Middle" />
        <Text Top="424" Left="395" Width="87" Scroll="0" Color="0xFF000000" Source="$CPUTempC$" Align="Middle" />
        <Text Top="384" Left="388" Width="200" Scroll="0" Color="0xFF000000" Source="$DVDType$" Align="Left" />
        <Text Top="341" Left="388" Width="213" Scroll="0" Color="0xFF000000" Source="$DateTime$" Align="Middle" />
        <Text Top="422" Left="60" Width="200" Scroll="0" Color="0xFF000000" Source="$IP$" Align="Left" />
        <Text Top="384" Left="61" Width="200" Scroll="0" Color="0xFF000000" Source="$F_TotalMB$" Align="Left" />
        <Text Top="342" Left="57" Width="200" Scroll="0" Color="0xFF400040" Source="$E_FreeMB$" Align="Left" />
        <Image Top="27" Left="447" Width="150" Height="129" Source="GameIcon" />
        <Image Source="GamePreview" />
        <Menu Align="Middle" ShowIcon="False">
            <Preview EnableAudio="False" Top="16" Left="21" Width="196" Height="150" />
            <Position Top="185" Left="179" Width="279" Height="128" Fixed="True" FixAt="2" MaxItem="4" />
            <Font>BookAntiqua-12.xpr</Font>
        </Menu>
        <ColorScheme>
            <AMBIENT_FOGCOLOR>0xFFFFFFFF</AMBIENT_FOGCOLOR>
            <AMBIENT_SKYCOLOR>0xFF00000F</AMBIENT_SKYCOLOR>
            <AMBIENT_CELLCOLOR>0x7800C000</AMBIENT_CELLCOLOR>
            <CAPTION_TEXTCOLOR>0xFFC0C0C0</CAPTION_TEXTCOLOR>
            <CAPTION_BACKCOLOR>0xFF000000</CAPTION_BACKCOLOR>
            <DIALOG_BORDERCOLOR>0xFFFFFFFF</DIALOG_BORDERCOLOR>
            <DIALOG_BACKCOLOR>0xD1FF0000</DIALOG_BACKCOLOR>
            <DIALOG_INNER_BORDERCOLOR>0xFFFFFFFF</DIALOG_INNER_BORDERCOLOR>
            <DIALOG_INNER_BACKCOLOR>0xFF000000</DIALOG_INNER_BACKCOLOR>
            <DIALOG_TEXTCOLOR>0xFFFFFFFF</DIALOG_TEXTCOLOR>
            <DIALOG_DISABLEDTEXT>0xFFB3B3B4</DIALOG_DISABLEDTEXT>
            <OPTION_TEXTCOLOR>0xFFFFFFFF</OPTION_TEXTCOLOR>
            <OPTION_ACTIVETEXTCOLOR>0xFFFFFFFF</OPTION_ACTIVETEXTCOLOR>
            <OPTION_ACTIVEBACKCOLOR>0xFFFF0000</OPTION_ACTIVEBACKCOLOR>
            <BUTTON_BORDERCOLOR>0xFFFFFFFF</BUTTON_BORDERCOLOR>
            <BUTTON_TEXTCOLOR>0xFFFFFFFF</BUTTON_TEXTCOLOR>
            <BUTTON_BACKCOLOR>0xFFFF0000</BUTTON_BACKCOLOR>
            <BUTTON_ACTIVETEXTCOLOR>0xFFFFFFFF</BUTTON_ACTIVETEXTCOLOR>
            <BUTTON_ACTIVEBACKCOLOR>0xFFC0C0C0</BUTTON_ACTIVEBACKCOLOR>
            <KB_KEYBG_HIGHLIGHT>0xFFFF0000</KB_KEYBG_HIGHLIGHT>
            <KB_KEYBG_DISABLED>0x78C0C0C0</KB_KEYBG_DISABLED>
            <KB_KEY_PRESSED>0xFF008000</KB_KEY_PRESSED>
            <KB_KEY_NORMAL>0xFF000000</KB_KEY_NORMAL>
            <KB_KEY_DISABLED>0xFF808080</KB_KEY_DISABLED>
            <KB_KEY_ACTIVEBORDER>0xFFFF0000</KB_KEY_ACTIVEBORDER>
            <KB_KEY_TEXTCOLOR>0xFF000000</KB_KEY_TEXTCOLOR>
            <KB_KEY_TEXTBACKCOLOR>0xFFFFFFFF</KB_KEY_TEXTBACKCOLOR>
            <KB_KEY_TEXTBORDERCOLOR>0x78FFFFFF</KB_KEY_TEXTBORDERCOLOR>
            <MENU_TEXTCOLOR>0xFF000000</MENU_TEXTCOLOR>
            <MENU_ACTIVETEXTCOLOR>0xFFFF0000</MENU_ACTIVETEXTCOLOR>
            <MENU_BORDERCOLOR>0xFFFF0000</MENU_BORDERCOLOR>
            <MENU_BACKCOLOR>0xFFFF0000</MENU_BACKCOLOR>
            <MENU_ACTIVEBACKCOLOR>0xFFFFFFFF</MENU_ACTIVEBACKCOLOR>
            <MENU_ACTIVEBORDERCOLOR>0xFF008000</MENU_ACTIVEBORDERCOLOR>
        </ColorScheme>
    </Main>
</Skin>