<Skin name="MaxZT1">

	<Information>
		<Author>MaxZ</Author>
		<Copyright>Copyright 2003</Copyright>
		<Version>1</Version>
	</Information>

        <LoadingScreen ShowInfo="False">
               <Background>Loading.png</Background>
        </LoadingScreen>

	<Main Globe="False" Orb="False">

		<BackGround>MaxZT1.png</BackGround>

 		<Menu Smooth="True" Align="Middle" ShowIcon="False">
         		<Font>Font1.xpr</Font>
	        	<Position Top="192" Left="314" Width="228" Height="140" Fixed="False" FixAt="1" MaxItem="5">
		        </Position>
		</menu>

		<GameIcon Enable="True" Opacity="100">
			<Position Top="60" Left="417" Width="128" Height="88" />
		</GameIcon>

		<InfoFont>Font1.xpr</InfoFont>

		<Text Left="122" Top="80" Align="Left" Color="0xFFFFFFFF" Source="$Version$"></Text>
		<Text Left="122" Top="95" Align="Left" Color="0xFFFFFFFF" Source="$AppVersion$"></Text>
		
		<Text Left="122" Top="125" Align="Left" Color="0xFFFFFFFF" Source="E:"></Text>
		<Text Left="142" Top="125" Align="Left" Color="0xFF80FF00" Source="$E_FreeMB$"></Text>
		<text Left="122" Top="145" Align="Left" Color="0xFFFFFFFF" Source="F:"></text>
		<text Left="142" Top="145" Align="Left" Color="0xFF80FF00" Source="$F_FreeMB$"></text>

		<Text Left="122" Top="180" Align="Left" Color="0xFFFFFFFF" Source="CPU:"></Text>
		<Text Left="162" Top="180" Align="Left" Color="0xFF80FF00" Source="$CPUTemp$"></Text>
		<Text Left="122" Top="200" Align="Left" Color="0xFFFFFFFF" Source="M/B:"></text>
		<Text Left="162" Top="200" Align="Left" Color="0xFF80FF00" Source="$MBTemp$"></text>
		<Text Left="122" Top="220" Align="Left" Color="0xFFFFFFFF" Source="Fan:"></Text>
		<Text Left="162" Top="220" Align="Left" Color="0xFF80FF00" Source="$FanSpeed$"></Text>
		
		<text Left="75" Top="310" Align="Left" Color="0xFFFFFFFF" Source="IP"/>
		<Text Left="75" Top="330" Align="Left" Color="0xFFFFFFFF" Source="Users - $NumClient$"></Text>
		
		<Text Left="75" Top="407" Align="Left" Color="0xFFFFFFFF" Source="$Date$"></text>
		<text Left="175" Top="407" Align="Left" Color="0xFFFFFFFF" Source="$Time$"></Text>

		<text Left="315" Top="360" Align="Left" Color="0xFFFFFFFF" Source="DVD:"/>
		<text Left="352" Top="360" Align="Left" Color="0xFF80FF00" Source="$Tray$"/>

		<text Left="315" Top="80" Align="Left" Color="0xFFFFFFFF" Source="$NickName$"/>

		<Text Left="315" Top="398" Width="325" Height="150" Align="Left" Color="0xFFFFFFFF" Source="$SoundTrack$"/>
		<Text Left="315" Top="410" Width="325" Height="150" Align="Left" Color="0xFFFFFFFF" Source="$SongName$"/>
		
	</Main>


	<ColorScheme >

		<AMBIENT_FOGCOLOR>0xFF002000</AMBIENT_FOGCOLOR>
		<AMBIENT_SKYCOLOR>0xFF004000</AMBIENT_SKYCOLOR>
		<AMBIENT_CELLCOLOR>0x0600C000</AMBIENT_CELLCOLOR>

		<CAPTION_TEXTCOLOR>0xFFFFFFC0</CAPTION_TEXTCOLOR>
		<CAPTION_BACKCOLOR>0xFF686485</CAPTION_BACKCOLOR>

		<DIALOG_BORDERCOLOR>0xFF0C0A18</DIALOG_BORDERCOLOR>
		<DIALOG_BACKCOLOR>0xCD636482</DIALOG_BACKCOLOR>
		<DIALOG_INNER_BORDERCOLOR>0xFF636482</DIALOG_INNER_BORDERCOLOR>
		<DIALOG_INNER_BACKCOLOR>0xE1004100</DIALOG_INNER_BACKCOLOR>
		<DIALOG_TEXTCOLOR>0xFFFFFFFF</DIALOG_TEXTCOLOR>
		<DIALOG_DISABLEDTEXT>0x7F086820</DIALOG_DISABLEDTEXT>

		<OPTION_TEXTCOLOR>0xFF02C90C</OPTION_TEXTCOLOR>
		<OPTION_ACTIVETEXTCOLOR>0xFFFFFFFF</OPTION_ACTIVETEXTCOLOR>
		<OPTION_ACTIVEBACKCOLOR>0xFF02C90C</OPTION_ACTIVEBACKCOLOR>

		<BUTTON_BORDERCOLOR>0xFF0C0A18</BUTTON_BORDERCOLOR>
		<BUTTON_TEXTCOLOR>0xFF02C90C</BUTTON_TEXTCOLOR>
		<BUTTON_BACKCOLOR>0xCD636482</BUTTON_BACKCOLOR>
		<BUTTON_ACTIVETEXTCOLOR>0xFFFFFFFF</BUTTON_ACTIVETEXTCOLOR>
		<BUTTON_ACTIVEBACKCOLOR>0xE102C90C</BUTTON_ACTIVEBACKCOLOR>	
		
		<KB_KEYBG_HIGHLIGHT>0xCC00C000</KB_KEYBG_HIGHLIGHT>
		<KB_KEYBG_DISABLED>0xffc0c0c0</KB_KEYBG_DISABLED>
		<KB_KEY_PRESSED>0xff808080</KB_KEY_PRESSED>
		<KB_KEY_NORMAL>0xff000000</KB_KEY_NORMAL>
		<KB_KEY_DISABLED>0xff808080</KB_KEY_DISABLED>
		<KB_KEY_ACTIVEBORDER>0xff008000</KB_KEY_ACTIVEBORDER>
		<KB_KEY_TEXTCOLOR>0xff000000</KB_KEY_TEXTCOLOR>
		<KB_KEY_TEXTBACKCOLOR>0xffFFFFFF</KB_KEY_TEXTBACKCOLOR>
		<KB_KEY_TEXTBORDERCOLOR>0xff0000FF</KB_KEY_TEXTBORDERCOLOR>
		
		<MENU_TEXTCOLOR>0xFFFFFFFF</MENU_TEXTCOLOR>
		<MENU_ACTIVETEXTCOLOR>0xFF80FF00</MENU_ACTIVETEXTCOLOR>
		<MENU_BACKCOLOR>0xEAD376</MENU_BACKCOLOR>
		<MENU_ACTIVEBACKCOLOR>0xFF2B5A07</MENU_ACTIVEBACKCOLOR>
		<MENU_BORDERCOLOR>0x00000000</MENU_BORDERCOLOR>
		<MENU_ACTIVEBORDERCOLOR>0xFF686485</MENU_ACTIVEBORDERCOLOR>

	</ColorScheme>

</Skin>