<Skin name="Dino UnleashX v2.0- CheapAs">
	<Information>
		<Author>CheapAs Presents</Author>
		<Copyright>.:Copyright 2003:.</Copyright>
		<Version>2.0 </Version>
	                   </Information>
		<IntroMovie>C:\xodash\media\liveloop.xmv</IntroMovie>
	
	                   <Main Globe="True" Orb="False" Fog="True">
		<BackGround EnableAudio="False">cheap.png</BackGround>
		<Icon>Icon.jpg</Icon>
		<Menu Smooth="True" ShowArrows="False" ShowIcon="False" Rotate="True">
		<BackColor>0x000000</BackColor>
		<Font>bab14.XPR</Font>
		<Position Top="350" Left="256" Width="540" Height="100" />
		<Preview EnableAudio="True" Left="221" Top="140" Width="214" Height="166" />
		
		</Menu>
		<InfoFont>bab12.XPR</InfoFont>
		<Text Left="93" Top="325" Align="Left" Color="0xFF000000" Source="$Date$"/>
		<Text Left="93" Top="343" Align="Left" Color="0xFF000000" Source="$Time$"/>
		<Text Left="57" Top="283" Align="Left" Color="0xFF000000" Source="IP"></Text>
		<Text Left="285" Top="302" Align="Left" Color="0xFFffffff" Source="$NickName$"/>

		<Text Left="177" Top="46" Width="370" Height="150" Color="0xFFffffff" Source="$SongName$"/>
		<Text Left="530" Top="46" Align="Left" Color="0xFFffffff" Source="$SongTime$"></Text>

		<Text Left="86" Top="155" Align="Left" Color="0xff000000" Source="DVD:$Tray$"/>
	                <Text Left="86" Top="180" ScaleX="85" ScaleY="100" Align="Left" Color="0xFF000000" Source="C:$C_FreeMB$"/>
		<Text Left="86" Top="200" ScaleX="85" ScaleY="100" Align="Left" Color="0xFF000000" Source="E:$E_FreeMB$"/>
		<Text Left="86" Top="220" ScaleX="85" ScaleY="100" Align="Left" Color="0xFF000000" Source="F:$F_FreeMB$"/>
		<Text Left="86" Top="240" ScaleX="85" ScaleY="100" Align="Left" Color="0xff000000" Source="G:$G_FreeMB$"/>


		<Text Left="490" Top="210" Align="Left" Color="0xff000000" Source="$MBTemp$ -"/>
		<Text Left="490" Top="230" Align="Left" Color="0xFF000000" Source="$CPUTemp$ -"/>
		<Text Left="543" Top="250" Align="Right" Color="0xFF000000" Source="FAN:$FanSpeed$"/>
 									
		<Text Left="140" Top="26" Width="600" Height="150" Align="Left" Color="0xffffffff" Source="  : $Newsfeed$"/>
		<Text Left="45" Top="26" Width="600" Height="150" Align="Left" Color="0xff000000" Source=" $NewsSource$"/>

		<Text Left="440" Top="325" ScaleX="85" ScaleY="100"  Align="Left" Color="0xFF000000" Source="$ChipID$"/>
		<Text Left="405" Top="302" Align="Left" Color="0xFF5494A7" Source="$Version$"/>
		<Text Left="420" Top="63" Align="Left" Color="0xBF00FF1D" Source="Version :$AppVersion$"/>

		<Image Source="GameIcon" Enable="True" Opacity="59" Top="140" Left="221" Width="214" Height="166" /> 
		<Image Source="GamePreview" />
		<Image Left="0" Top="0" Width="640" Height="480" >cheap.png</Image>
	

		</Main>
		<FileManager>
		<BackGround>FMBG.png</BackGround>
	</FileManager>
	<LoadingScreen ShowInfo="True">
		<BackGround>Spawnload.png</BackGround>
	</LoadingScreen>
	
	<ColorScheme >
		<AMBIENT_FOGCOLOR>0xFF0077B0</AMBIENT_FOGCOLOR>
		<AMBIENT_SKYCOLOR></AMBIENT_SKYCOLOR>
		<AMBIENT_CELLCOLOR>0xFFffffff</AMBIENT_CELLCOLOR>

		<CAPTION_TEXTCOLOR>0xFF181919</CAPTION_TEXTCOLOR>
		<CAPTION_BACKCOLOR>0xFFB8BBBC</CAPTION_BACKCOLOR>
		<DIALOG_BORDERCOLOR>0xFF000000</DIALOG_BORDERCOLOR>
		<DIALOG_BACKCOLOR>0xFF646464</DIALOG_BACKCOLOR>
		<DIALOG_INNER_BORDERCOLOR>0xFF000000</DIALOG_INNER_BORDERCOLOR>
		<DIALOG_INNER_BACKCOLOR>0xFF9C9FA5</DIALOG_INNER_BACKCOLOR>
		<DIALOG_TEXTCOLOR>0xFF000000</DIALOG_TEXTCOLOR>

		<DIALOG_DISABLEDTEXT>0xFF410D12</DIALOG_DISABLEDTEXT>

		<OPTION_TEXTCOLOR>0xFF000000</OPTION_TEXTCOLOR>
		<OPTION_ACTIVETEXTCOLOR>0xFFffffff</OPTION_ACTIVETEXTCOLOR>
		<OPTION_ACTIVEBACKCOLOR>0xFF3B95A8</OPTION_ACTIVEBACKCOLOR>

		<BUTTON_BORDERCOLOR></BUTTON_BORDERCOLOR>
		<BUTTON_TEXTCOLOR></BUTTON_TEXTCOLOR>
		<BUTTON_BACKCOLOR></BUTTON_BACKCOLOR>
		<BUTTON_ACTIVETEXTCOLOR></BUTTON_ACTIVETEXTCOLOR>
		<BUTTON_ACTIVEBACKCOLOR></BUTTON_ACTIVEBACKCOLOR>	
		
		<KB_KEYBG_HIGHLIGHT>0xCCC00000</KB_KEYBG_HIGHLIGHT>
		<KB_KEYBG_DISABLED>0xffc0c0c0</KB_KEYBG_DISABLED>
		<KB_KEY_PRESSED>0xff808080</KB_KEY_PRESSED>
		<KB_KEY_NORMAL>0xff000000</KB_KEY_NORMAL>
		<KB_KEY_DISABLED>0xff808080</KB_KEY_DISABLED>
		<KB_KEY_ACTIVEBORDER>0xffFF0000</KB_KEY_ACTIVEBORDER>
		<KB_KEY_TEXTCOLOR>0xff000000</KB_KEY_TEXTCOLOR>
		<KB_KEY_TEXTBACKCOLOR>0xffFFFFFF</KB_KEY_TEXTBACKCOLOR>
		<KB_KEY_TEXTBORDERCOLOR>0xffFF0000</KB_KEY_TEXTBORDERCOLOR>
		
		<MENU_TEXTCOLOR>0xff000000</MENU_TEXTCOLOR>
		<MENU_ACTIVETEXTCOLOR>0xFFffffff</MENU_ACTIVETEXTCOLOR>
		<MENU_BORDERCOLOR></MENU_BORDERCOLOR>
		<MENU_BACKCOLOR></MENU_BACKCOLOR>
		<MENU_ACTIVEBACKCOLOR></MENU_ACTIVEBACKCOLOR>
		<MENU_ACTIVEBORDERCOLOR></MENU_ACTIVEBORDERCOLOR>
	</ColorScheme>
</Skin>