<Skin name="One Night in Tokyo">
	<Information>
	  <Author>camora</Author>
		<Copyright>2004</Copyright>
		<Version>1.0</Version>	  
	</Information>
	<LoadingScreen ShowInfo="False">
		<BackGround>ld.png</BackGround>
	</LoadingScreen>	
	<Main Globe="true" Orb="True" Fog="true">
	  <Background>bg.png</Background>
	  <Orb>orb.png</Orb>
	  <Image Source="GameIcon" />
	  <Image Left="130" Top="118" Width="110" Height="110" Source="GamePreview" />
	  <Image Left="90" Top="83" Width="233" Height="233" Opacity="100">orb2.png</Image>
	  <Menu Smooth="False" Align="Left" ShowArrows="True" Rotate="False" ShowIcon="False">
	  <Preview EnableAudio="False" Left="148" Top="136" Width="130" Height="136" />
		<font></font>
		<itempos left="330" top="96" width="240"></itempos>
		<itempos left="345" top="138" width="240"></itempos>
		<itempos left="350" top="180" width="240"></itempos>
		<itempos left="345" top="222" width="240"></itempos>
		<itempos left="332" top="264" width="240"></itempos>
		</Menu>
			
	    <Text Left="20" Top="10" Width="400" Scroll="1" Align="Left" Color="0xFFFF8000" Source="News: $Newsfeed$"></Text> 
        <Text Left="460" Top="8" Align="Left" Color="0xFFFF8000" Source="$DateTime$"></Text>
        <Text Left="20" Top="395" Align="Left" Color="0xFF000000"Source="IP:$IP$"></Text> 
        <Text Left="160" Top="395" Align="Left" Color="0xFF000000" Source="Temp: CPU $CPUTemp$"></Text>
        <Text Left="340" Top="395" Align="Left" Color="0xFF000000" Source="MB $MBTemp$"></Text>  
        <Text Left="450" Top="395" Align="Left" Color="0xFF000000" Source="Video Mode: $VideoMode$""></Text>                        
        <Text Left="20" Top="415" Align="Left" Color="0xFF000000" Source="Storage: E:$E_FreeMB$"></Text>
        <Text Left="225" Top="415" Align="Left" Color="0xFF000000" Source="F:$F_FreeMB$"></Text>
        <Text Left="355" Top="415" Align="Left" Color="0xFF000000" Source="G:$G_FreeMB$"></Text> 
        <Text Left="500" Top="415" Align="Left" Color="0xFF000000" Source="DVD:$Tray$"></Text>         
        <Text Left="20" Top="435" Width="260" Scroll="1" Align="Left" Color="0xFF000000" Source="Playing: $SongName$"></Text>          
        <Text Left="300" Top="435" Width="170" Scroll="1" Align="Left" Color="0xFF000000" Source="Album: $SoundTrack$"></Text>        
        <Text Left="480" Top="435" Width="140" Scroll="1"  Align="Left" Color="0xFF000000" Source="Play Time: $SongTime$"></Text>                     
     </Main>
     
 	<LoadingScreen ShowInfo="True">
  		<BackGround>ld.png</BackGround>
 	</LoadingScreen>
    	
	<ColorScheme >
            <AMBIENT_FOGCOLOR>0x3FFF8000</AMBIENT_FOGCOLOR>
            <AMBIENT_SKYCOLOR>0x3FFF8000</AMBIENT_SKYCOLOR>
            <AMBIENT_CELLCOLOR>0x3FFF8000</AMBIENT_CELLCOLOR>
            <CAPTION_TEXTCOLOR>0xFFFFFFFF</CAPTION_TEXTCOLOR>
            <CAPTION_BACKCOLOR>0xFFFF8000</CAPTION_BACKCOLOR>
            <DIALOG_BORDERCOLOR>0xFFFF8000</DIALOG_BORDERCOLOR>
            <DIALOG_BACKCOLOR>0x3F000000</DIALOG_BACKCOLOR>
            <DIALOG_INNER_BORDERCOLOR>0xFFFF8000</DIALOG_INNER_BORDERCOLOR>      
            <DIALOG_INNER_BACKCOLOR>0x3F000000</DIALOG_INNER_BACKCOLOR>
            <DIALOG_TEXTCOLOR>0xFFFFFFFF</DIALOG_TEXTCOLOR>
            <DIALOG_DISABLEDTEXT>0xFFB3B3B4</DIALOG_DISABLEDTEXT>
            <OPTION_TEXTCOLOR>0xFFFFFFFF</OPTION_TEXTCOLOR>
            <OPTION_ACTIVETEXTCOLOR>0xFFFFFFFF</OPTION_ACTIVETEXTCOLOR>
            <OPTION_ACTIVEBACKCOLOR>0xFFFF8000</OPTION_ACTIVEBACKCOLOR>
            <BUTTON_BORDERCOLOR>0xFFFFFFFF</BUTTON_BORDERCOLOR>
            <BUTTON_TEXTCOLOR>0xFFFFFFFF</BUTTON_TEXTCOLOR>
            <BUTTON_BACKCOLOR>0x4F000000</BUTTON_BACKCOLOR>
            <BUTTON_ACTIVETEXTCOLOR>0xFFFFFFFF</BUTTON_ACTIVETEXTCOLOR>
            <BUTTON_ACTIVEBACKCOLOR>0x8EFF8000</BUTTON_ACTIVEBACKCOLOR>
            <KB_KEYBG_HIGHLIGHT>0xFFFF8000</KB_KEYBG_HIGHLIGHT>
            <KB_KEYBG_DISABLED>0xFFC0C0C0</KB_KEYBG_DISABLED>
            <KB_KEY_PRESSED>0xFF008000</KB_KEY_PRESSED>
            <KB_KEY_NORMAL>0xFF000000</KB_KEY_NORMAL>
            <KB_KEY_DISABLED>0xFFFFFFFF</KB_KEY_DISABLED>
            <KB_KEY_ACTIVEBORDER>0xFF808080</KB_KEY_ACTIVEBORDER>
            <KB_KEY_TEXTCOLOR>0xFFFF8000</KB_KEY_TEXTCOLOR>
            <KB_KEY_TEXTBACKCOLOR>0xFF000000</KB_KEY_TEXTBACKCOLOR>
            <KB_KEY_TEXTBORDERCOLOR>0xFFFF8000</KB_KEY_TEXTBORDERCOLOR>
            <MENU_TEXTCOLOR>0xFFFF8000</MENU_TEXTCOLOR>
            <MENU_ACTIVETEXTCOLOR>0xFFFFFFFF</MENU_ACTIVETEXTCOLOR>
            <MENU_BORDERCOLOR>0xFFFF8000</MENU_BORDERCOLOR>
            <MENU_BACKCOLOR>0xFF000000</MENU_BACKCOLOR>
            <MENU_ACTIVEBACKCOLOR></MENU_ACTIVEBACKCOLOR>
            <MENU_ACTIVEBORDERCOLOR></MENU_ACTIVEBORDERCOLOR>
	</ColorScheme>
</Skin>