<Skin Name="Double Trouble">

 <Information>
    <Author>XRTD</Author>
    <Copyright>2005</Copyright>
    <Version>1</Version>
 </Information>

 <LoadingScreen ShowInfo="False">
  <BackGround>loading.png</BackGround>
 </LoadingScreen>

  <Main Globe="False" Orb="False" Fog="False">

  <Image Source="GamePreview" />
  <Image Top="380" Left="565" width="65" Height="65" Source="GameIcon" />

  <Background EnableAudio="False">background.png</background>

  <Image Left="0" Top="0" Opacity="100">overlay.png</ Shape>


    <Menu Smooth="False" Align="middle" ShowArrows="true" ShowIcon="false" Rotate="false">
        <Preview EnableAudio="True" Top="0" Left="144" Width="340" Height="340" />
        <Position Left="220" Top="360" Width="200" Height="100" />
	<Font>Verdana_10.xpr</Font>
    </Menu>
		
               
    <InfoFont>Verdana_10.xpr</InfoFont>

		

</Main>

 <ColorScheme>
    <MENU_TEXTCOLOR>0xFF000000</MENU_TEXTCOLOR>
    
    <MENU_ACTIVETEXTCOLOR>0xFFFF8040</MENU_ACTIVETEXTCOLOR>
 </ColorSceme>

</Skin>
