<Skin name="halo_2-ux">
	<Information>
		<Author>Darkfall</Author>
		<Copyright>2004</Copyright>
		<Version>1.0</Version>
	</Information>
	<IntroMovie EnableAudio="No"></IntroMovie>
	<LoadingScreen ShowInfo="No">
		<BackGround EnableAudio="No">halo2_load.jpg</BackGround>
	</LoadingScreen>
	<Main Globe="No" Orb="No" Fog="No">
		<Cellwall></Cellwall>
		<BackGround EnableAudio="No">halo2_main.jpg</BackGround>
		<Image Top="312" Left="265" Width="110" Height="110" Source="GameIcon"/>
		<Image Source="GamePreview"/>
		<Menu Smooth="Yes" Align="Middle" ShowIcon="No" Rotate="Yes" ShowArrows="No" Scroll="1">
			<Font></Font>
			<Position Top="140" Left="35" Width="570" Height="170" Fixed="Yes" FixAt="3" MaxItem="6"></Position>
			<Preview EnableAudio="No" Top="312" Left="15" width="140" Height="110"/>
		</Menu>
		<InfoFont></InfoFont>
		<Text Left="360" Top="45" Width="265" Align="Right" Scroll="2" Color="0xFF804040" Source="(White+Dpad Left/Right)=Change Song ~~~ (White+Dpad Up/Down)=Change Soundtrack ~~~ (Right Thumbstick Down)=Pause Music ~~~ (Left Trigger+Right Trigger+Back+Start=In Game Reset ~~~"></Text>
		<Text Left="400" Top="65" Width="225" Align="Right" Scroll="2" Color="0xFF804040" Source="(A)=Select/Open ~~~ (B)=Back/Exit ~~~ (X)=Recent List ~~~ (Y)=XBox Info ~~~ (Start)=Menu Options ~~~ (Back)=Exit/Back ~~~"></Text>
		<Text Left="440" Top="85" Width="185" Align="Right" Scroll="2" Color="0xFF804040" Source="UnleashX: v$AppVersion$ ~~~ Skin: halo_2-ux - Made by Darkfall - Enjoy! ~~~ Halo 2 ~~~"></Text>
		<Text Left="625" Top="15" Width="" Align="Right" Color="0xFF80FF00" Source="$DateTime$"></Text>
		<Text Left="15" Top="45" Width="" Align="Left" Color="0xFF80FF00" Source="IP: $IP$"></Text>
		<Text Left="15" Top="65" Width="" Align="Left" Color="0xFF80FF00" Source="C: $C_FreeMB$"></Text>
		<Text Left="360" Top="65" Width="" Align="Right" Color="0xFF80FF00" Source="E: $E_FreeMB$"></Text>
		<Text Left="15" Top="85" Width="" Align="Left" Color="0xFF80FF00" Source="F: $F_FreeMB$"></Text>
		<Text Left="360" Top="85" Width="" Align="Right" Color="0xFF808080" Source="$VideoMode$"></Text>
		<Text Left="15" Top="105" Width="" Align="Left" Color="0xFF80FF00" Source="DVD: $DVDTitle$"></Text>
		<Text Left="15" Top="435" Width="" Align="Left" Color="0xFF80FFFF" Source="$SoundTrack$"></Text>
		<Text Left="15" Top="455" Width="" Align="Left" Color="0xFF00FFFF" Source="$SongName$"></Text>
		<Text Left="625" Top="455" Width="" Align="Right" Color="0xFF00FFFF" Source="$SongTime$"></Text>
	</Main>
	<ColorScheme Name="Default">
		<AMBIENT_FOGCOLOR>0xFF000000</AMBIENT_FOGCOLOR>
		<AMBIENT_SKYCOLOR>0xFF000000</AMBIENT_SKYCOLOR>
		<AMBIENT_CELLCOLOR>0xFF000000</AMBIENT_CELLCOLOR>
		<CAPTION_TEXTCOLOR>0xFF00FFFF</CAPTION_TEXTCOLOR>
		<CAPTION_BACKCOLOR>0xFF000080</CAPTION_BACKCOLOR>
		<DIALOG_BORDERCOLOR>0xFFFF8000</DIALOG_BORDERCOLOR>
		<DIALOG_BACKCOLOR>0xFF000040</DIALOG_BACKCOLOR>
		<DIALOG_INNER_BORDERCOLOR>0xFFFF8000</DIALOG_INNER_BORDERCOLOR>
		<DIALOG_INNER_BACKCOLOR>0xFF404040</DIALOG_INNER_BACKCOLOR>
		<DIALOG_TEXTCOLOR>0xFFFFFFFF</DIALOG_TEXTCOLOR>
		<DIALOG_DISABLEDTEXT>0xFF000000</DIALOG_DISABLEDTEXT>
		<OPTION_TEXTCOLOR>0xFFFFFFFF</OPTION_TEXTCOLOR>
		<OPTION_ACTIVETEXTCOLOR>0xFF00FF00</OPTION_ACTIVETEXTCOLOR>
		<OPTION_ACTIVEBACKCOLOR>0xFF000000</OPTION_ACTIVEBACKCOLOR>
		<BUTTON_BORDERCOLOR>0xFFFF8000</BUTTON_BORDERCOLOR>
		<BUTTON_TEXTCOLOR>0xFFFFFFFF</BUTTON_TEXTCOLOR>
		<BUTTON_BACKCOLOR>0xFF000000</BUTTON_BACKCOLOR>
		<BUTTON_ACTIVETEXTCOLOR>0xFF00FF00</BUTTON_ACTIVETEXTCOLOR>
		<BUTTON_ACTIVEBACKCOLOR>0xFF000000</BUTTON_ACTIVEBACKCOLOR>
		<KB_KEYBG_HIGHLIGHT>0xFF0080FF</KB_KEYBG_HIGHLIGHT>
		<KB_KEYBG_DISABLED>0xFF000000</KB_KEYBG_DISABLED>
		<KB_KEY_PRESSED>0xFFE17100</KB_KEY_PRESSED>
		<KB_KEY_NORMAL>0xFF000000</KB_KEY_NORMAL>
		<KB_KEY_DISABLED>0xFF000000</KB_KEY_DISABLED>
		<KB_KEY_ACTIVEBORDER>0xFFFF8000</KB_KEY_ACTIVEBORDER>
		<KB_KEY_TEXTCOLOR>0xFF000000</KB_KEY_TEXTCOLOR>
		<KB_KEY_TEXTBACKCOLOR>0xFFFFFFFF</KB_KEY_TEXTBACKCOLOR>
		<KB_KEY_TEXTBORDERCOLOR>0xFFFF8000</KB_KEY_TEXTBORDERCOLOR>
		<MENU_TEXTCOLOR>0xFF80FF80</MENU_TEXTCOLOR>
		<MENU_ACTIVETEXTCOLOR>0xFF0080FF</MENU_ACTIVETEXTCOLOR>
		<MENU_BORDERCOLOR>0x00000000</MENU_BORDERCOLOR>
		<MENU_BACKCOLOR>0x00000000</MENU_BACKCOLOR>
		<MENU_ACTIVEBACKCOLOR>0x00000000</MENU_ACTIVEBACKCOLOR>
		<MENU_ACTIVEBORDERCOLOR>0x00000000</MENU_ACTIVEBORDERCOLOR>
	</ColorScheme>
</Skin>
<!-- Images copyright from Bungie.net - read (Terms Of Use) at www.bungie.net if your a legal nerd! -->
<!-- No one except you will be responsible if this skin ruins your XBox -->
<!-- It has been tested (xenium chip with X2-4981 and M8+ on v1.1 xbox) and should not ruin your XBox! -->
<!-- Add an * in the Info Lines should you wish to disable them. The top 3 for example is scrolling UnleashX tips -->
<!-- -->
<!-- -->
