<Skin name="New Project">
	<Information>
		<Author>Ogami</Author>
		<Copyright>Copyright 2003</Copyright>
		<Version>1.0</Version>
	</Information>
		<Main Globe="false" Orb="false" fog="false">
		<BackGround>background.jpg</BackGround>
		<Image Top="294" Left="453" Width="150" Height="150" Opacity="100" Source="GameIcon" />
		<Menu Smooth="True" ShowIcon="False">
		<Position Top="95" Left="45" Width="250" Height="350" Fixed="false" FixAt="1" MaxItem="8">
		</Position>
		</Menu>
		<Text Left="347" Top="81" Align="left" Color="0xFFFFFFFF" Source="$NickName$"></Text>
		<Text Left="347" Top="101" Align="left" Color="0xFFFFFFFF" Source="$DateTime$"></Text>
		<Text Left="347" Top="121" Align="left" Color="0xFFFFFFFF" Source="C_FreeMB"></Text>
		<Text Left="347" Top="141" Align="left" Color="0xFFFFFFFF" Source="E_FreeMB"></Text>
		<Text Left="347" Top="161" Align="left" Color="0xFFFFFFFF" Source="F_FreeMB"></Text>
		<Text Left="347" Top="181" Align="left" Color="0xFFFFFFFF" Source="IP"></Text>
		<Text Left="347" Top="201" Align="left" Color="0xFFFFFFFF" Source="DVD: $DVDTitle$"></Text>
		<Text Left="347" Top="221" Align="left" Color="0xFFFFFFFF" Source="CPUTempC"></Text>
		<Text Left="347" Top="241" Align="left" Color="0xFFFFFFFF" Source="UXv$AppVersion$"></Text>
	</Main>
	
	<LoadingScreen ShowInfo="False">
	<Background>load.jpg</Background>
	</LoadingScreen>

	
	<ColorScheme >
		<AMBIENT_FOGCOLOR>0xFF000000</AMBIENT_FOGCOLOR>
		<AMBIENT_SKYCOLOR></AMBIENT_SKYCOLOR>
		<AMBIENT_CELLCOLOR>0x00FFFFFF</AMBIENT_CELLCOLOR>

		<CAPTION_TEXTCOLOR>0xFFFFFFFF</CAPTION_TEXTCOLOR>
		<CAPTION_BACKCOLOR>0xFF2E438D</CAPTION_BACKCOLOR>
		<DIALOG_BORDERCOLOR>0xFFFFFFFF</DIALOG_BORDERCOLOR>
		<DIALOG_BACKCOLOR>0xFF162043</DIALOG_BACKCOLOR>
		<DIALOG_INNER_BORDERCOLOR>0xFFFFFFFF</DIALOG_INNER_BORDERCOLOR>
		<DIALOG_INNER_BACKCOLOR>0xFF2E438D</DIALOG_INNER_BACKCOLOR>
		<DIALOG_TEXTCOLOR>0xFFFFFFFF</DIALOG_TEXTCOLOR>

		<DIALOG_DISABLEDTEXT>0xFFC0C0C0</DIALOG_DISABLEDTEXT>

		<OPTION_TEXTCOLOR>0xFFFFFFFF</OPTION_TEXTCOLOR>
		<OPTION_ACTIVETEXTCOLOR>0xFFFFFFFF</OPTION_ACTIVETEXTCOLOR>
		<OPTION_ACTIVEBACKCOLOR></OPTION_ACTIVEBACKCOLOR>

		<BUTTON_BORDERCOLOR></BUTTON_BORDERCOLOR>
		<BUTTON_TEXTCOLOR>0xFF02C90C</BUTTON_TEXTCOLOR>
		<BUTTON_BACKCOLOR>0xCD636482</BUTTON_BACKCOLOR>
		<BUTTON_ACTIVETEXTCOLOR>0xFFFFFFFF</BUTTON_ACTIVETEXTCOLOR>
		<BUTTON_ACTIVEBACKCOLOR>0xE102C90C</BUTTON_ACTIVEBACKCOLOR>	
		
		<KB_KEYBG_HIGHLIGHT>0xCC00C000</KB_KEYBG_HIGHLIGHT>
		<KB_KEYBG_DISABLED>0xffc0c0c0</KB_KEYBG_DISABLED>
		<KB_KEY_PRESSED>0xff808080</KB_KEY_PRESSED>
		<KB_KEY_NORMAL>0xff000000</KB_KEY_NORMAL>
		<KB_KEY_DISABLED>0xff808080</KB_KEY_DISABLED>
		<KB_KEY_ACTIVEBORDER>0xff008000</KB_KEY_ACTIVEBORDER>
		<KB_KEY_TEXTCOLOR>0xff000000</KB_KEY_TEXTCOLOR>
		<KB_KEY_TEXTBACKCOLOR>0xffFFFFFF</KB_KEY_TEXTBACKCOLOR>
		<KB_KEY_TEXTBORDERCOLOR>0xff0000FF</KB_KEY_TEXTBORDERCOLOR>
		
		<MENU_TEXTCOLOR>0x99FFFFFF</MENU_TEXTCOLOR>
		<MENU_ACTIVETEXTCOLOR>0xFFFFFFFF</MENU_ACTIVETEXTCOLOR>
		<MENU_BORDERCOLOR>0x00000000</MENU_BORDERCOLOR>
		<MENU_BACKCOLOR>0x00000000</MENU_BACKCOLOR>
		<MENU_ACTIVEBACKCOLOR></MENU_ACTIVEBACKCOLOR>
		<MENU_ACTIVEBORDERCOLOR></MENU_ACTIVEBORDERCOLOR>
	</ColorScheme>
	
	</Skin>