<Skin Name="Christina Aguilera">

 <Information>
    <Author>XceL</Author>
    <Copyright>2004</Copyright>
    <Version>1</Version>
 </Information>

 <LoadingScreen ShowInfo="False">
  <BackGround>loadingscreen.png</BackGround>
 </LoadingScreen>

 <Main Globe="False" Orb="False" Fog="False">
  <GameIcon Enable="False"></GameIcon>
  <Background EnableAudio="False">background.png</background>
    <Menu Smooth="False" Align="Middle" ShowArrows="False" ShowIcon="False" Rotate="False">
        <Position Left="50" Top="190" Width="300" Height="150" />
	<Font>Verdana_11.xpr</Font>
    </Menu>
</Main>

 <ColorScheme>
    <MENU_TEXTCOLOR>0xFF000000</MENU_TEXTCOLOR>
    <MENU_ACTIVEBORDERCOLOR>0xFF000000</MENU_ACTIVEBORDERCOLOR>
    <MENU_ACTIVETEXTCOLOR>0xFF000000</MENU_ACTIVETEXTCOLOR>
 </ColorSceme>

</Skin>
