﻿<Skin name="xbox skins">
    <Information>
        <Author>Ralph X</Author>
        <Version>1</Version>
        <Copyright>2009</Copyright>
        <Skinner Name="UX Architect" Version="1.0c" />
    </Information>
    <Main Globe="False" Orb="False" Fog="False">
        <Background EnableAudio="False">xbox skins.png</Background>
        <InfoFont>Square-10.xpr</InfoFont>
        <Text Top="110" Left="229" Width="200" Scroll="2" Color="0xFF000000" Source="XBOX-SKINS" Align="Left" />
        <Text Top="176" Left="245" Width="381" Scroll="2" Color="0xFF000000" Source="http://www.xbox-skins.net/forums/index.php?automodule=downloads" Align="Left" />
        <Text Top="176" Left="29" Width="200" Scroll="0" Color="0xFF000000" Source="DateTime" Align="Left" />
        <Text Top="436" Left="344" Width="200" Scroll="0" Color="0xFF000000" Source="Newsfeed" Align="Left" />
        <Text Top="410" Left="344" Width="200" Scroll="0" Color="0xFF000000" Source="IP" Align="Left" />
        <Text Top="438" Left="76" Width="200" Scroll="0" Color="0xFF000000" Source="F_Free" Align="Left" />
        <Text Top="411" Left="76" Width="200" Scroll="0" Color="0xFF000000" Source="E_Free" Align="Left" />
        <Text Top="384" Left="76" Width="200" Scroll="0" Color="0xFF000000" Source="C_Free" Align="Left" />
        <Text Top="381" Left="345" Width="200" Scroll="0" Color="0xFF000000" Source="DVDTitle" Align="Left" />
        <Image Source="GamePreview" />
        <Menu Align="Left" ShowIcon="True" ShowArrows="False">
            <Preview EnableAudio="True" Top="221" Left="344" Width="230" Height="147" />
            <Position Top="220" Left="66" Width="216" Height="154" Fixed="True" FixAt="2" MaxItem="4" />
            <Font>Square-12.xpr</Font>
        </Menu>
        <ColorScheme>
            <AMBIENT_FOGCOLOR>0x00FFFFFF</AMBIENT_FOGCOLOR>
            <AMBIENT_SKYCOLOR>0x0000000F</AMBIENT_SKYCOLOR>
            <AMBIENT_CELLCOLOR>0x0000C000</AMBIENT_CELLCOLOR>
            <CAPTION_TEXTCOLOR>0xFF00FF80</CAPTION_TEXTCOLOR>
            <CAPTION_BACKCOLOR>0xFF808080</CAPTION_BACKCOLOR>
            <DIALOG_BORDERCOLOR>0xFF000000</DIALOG_BORDERCOLOR>
            <DIALOG_BACKCOLOR>0xFF808080</DIALOG_BACKCOLOR>
            <DIALOG_INNER_BORDERCOLOR>0xFF000000</DIALOG_INNER_BORDERCOLOR>
            <DIALOG_INNER_BACKCOLOR>0xFFC0C0C0</DIALOG_INNER_BACKCOLOR>
            <DIALOG_TEXTCOLOR>0xFF000000</DIALOG_TEXTCOLOR>
            <DIALOG_DISABLEDTEXT>0xFF3A3A3A</DIALOG_DISABLEDTEXT>
            <OPTION_TEXTCOLOR>0xFF000000</OPTION_TEXTCOLOR>
            <OPTION_ACTIVETEXTCOLOR>0xFF000000</OPTION_ACTIVETEXTCOLOR>
            <OPTION_ACTIVEBACKCOLOR>0x00273CF3</OPTION_ACTIVEBACKCOLOR>
            <BUTTON_BORDERCOLOR>0xC8000000</BUTTON_BORDERCOLOR>
            <BUTTON_TEXTCOLOR>0xFFFFFFFF</BUTTON_TEXTCOLOR>
            <BUTTON_BACKCOLOR>0xFF373737</BUTTON_BACKCOLOR>
            <BUTTON_ACTIVETEXTCOLOR>0xFF000000</BUTTON_ACTIVETEXTCOLOR>
            <BUTTON_ACTIVEBACKCOLOR>0xFFD96C00</BUTTON_ACTIVEBACKCOLOR>
            <KB_KEYBG_HIGHLIGHT>0xC800FF80</KB_KEYBG_HIGHLIGHT>
            <KB_KEYBG_DISABLED>0x78C0C0C0</KB_KEYBG_DISABLED>
            <KB_KEY_PRESSED>0xFF008000</KB_KEY_PRESSED>
            <KB_KEY_NORMAL>0xFF000000</KB_KEY_NORMAL>
            <KB_KEY_DISABLED>0x78808080</KB_KEY_DISABLED>
            <KB_KEY_ACTIVEBORDER>0xFFFF0000</KB_KEY_ACTIVEBORDER>
            <KB_KEY_TEXTCOLOR>0xFF000000</KB_KEY_TEXTCOLOR>
            <KB_KEY_TEXTBACKCOLOR>0xFFFFFFFF</KB_KEY_TEXTBACKCOLOR>
            <KB_KEY_TEXTBORDERCOLOR>0x780000FF</KB_KEY_TEXTBORDERCOLOR>
            <MENU_TEXTCOLOR>0x50000000</MENU_TEXTCOLOR>
            <MENU_ACTIVETEXTCOLOR>0xFF000000</MENU_ACTIVETEXTCOLOR>
        </ColorScheme>
    </Main>
</Skin>