﻿<Skin name="MS Gangsta Word">
    <Information>
        <Author>the40ozbastard</Author>
        <Version>1</Version>
        <Copyright>2004</Copyright>
        <Skinner Name="the40ozbastard" Version="1.0e" />
    </Information>
    <LoadingScreen ShowInfo="True">
        <Background>GameIcon</Background>
    </LoadingScreen>
    <Main Globe="False" Orb="False">
<BackGround>bgloop.wmv</BackGround>
        <InfoFont>1979-12.xpr</InfoFont>
        <Text Top="255" Left="295" Width="364" Scroll="0" Color="0xFFFFFFFF" Source="C_Free" Align="Left" />
        <Text Top="269" Left="275" Width="365" Scroll="0" Color="0xFFFFFFFF" Source="F_Free" Align="Left" />
        <Text Top="51" Left="381" Width="244" Scroll="0" Color="0xFFFFFFFF" Source="Time" Align="Left" />
        <Text Top="26" Left="381" Width="244" Scroll="0" Color="0xFFFFFFFF" Source="Date" Align="Left" />
        <Text Top="208" Left="398" Width="200" Scroll="0" Color="0xFFFFFFFF" Source="SongTime" Align="Left" />
        <Text Top="184" Left="396" Width="244" Scroll="0" Color="0xFFFFFFFF" Source="SongName" Align="Left" />
        <Text Top="160" Left="396" Width="227" Scroll="0" Color="0xFFFFFFFF" Source="SoundTrack" Align="Left" />
        <Text Top="299" Left="388" Width="200" Scroll="0" Color="0xFFFFFFFF" Source="DVDType" Align="Left" />
        <Text Top="79" Left="389" Width="228" Scroll="0" Color="0xFFFFFFFF" Source="CPUTemp" Align="Left" />
        <Text Top="106" Left="389" Width="228" Scroll="0" Color="0xFFFFFFFF" Source="MBTemp" Align="Left" />
        <Image Top="-10" Left="-9" Width="394" Height="500" Opacity="100">word.jpg</Image>
        <Image Top="283" Left="245" Width="444" Height="198" Opacity="100">Rectangle.png</Image>
        <Image Top="19" Left="113" Width="152" Height="131" Opacity="100">shadows 3.png</Image>
        <Image Top="-3" Left="349" Width="316" Height="281" Opacity="100">cool.png</Image>
        <Image Top="21" Left="116" Width="146" Height="126" Source="GameIcon" />
        <Menu Scroll="True" Align="Left" ShowIcon="False">
            <Position Top="314" Left="305" Width="337" Height="131" Fixed="True" FixAt="2" MaxItem="4" />
            <Font>1979-14.xpr</Font>
        </Menu>
        <ColorScheme>
            <AMBIENT_FOGCOLOR>0xFF8080FF</AMBIENT_FOGCOLOR>
            <AMBIENT_SKYCOLOR>0xFF00000F</AMBIENT_SKYCOLOR>
            <AMBIENT_CELLCOLOR>0xFF0080FF</AMBIENT_CELLCOLOR>
            <CAPTION_TEXTCOLOR>0xFFFFFFFF</CAPTION_TEXTCOLOR>
            <CAPTION_BACKCOLOR>0xFF0080FF</CAPTION_BACKCOLOR>
            <DIALOG_BORDERCOLOR>0xFF0080FF</DIALOG_BORDERCOLOR>
            <DIALOG_BACKCOLOR>0x9F000000</DIALOG_BACKCOLOR>
            <DIALOG_INNER_BORDERCOLOR>0xFF0080FF</DIALOG_INNER_BORDERCOLOR>
            <DIALOG_INNER_BACKCOLOR>0xFF000000</DIALOG_INNER_BACKCOLOR>
            <DIALOG_TEXTCOLOR>0xFFFFFFFF</DIALOG_TEXTCOLOR>
            <DIALOG_DISABLEDTEXT>0xFFB3B3B4</DIALOG_DISABLEDTEXT>
            <OPTION_TEXTCOLOR>0xFFFFFFFF</OPTION_TEXTCOLOR>
            <OPTION_ACTIVETEXTCOLOR>0xFFFFFFFF</OPTION_ACTIVETEXTCOLOR>
            <OPTION_ACTIVEBACKCOLOR>0xFF0080FF</OPTION_ACTIVEBACKCOLOR>
            <BUTTON_BORDERCOLOR>0xFFFFFFFF</BUTTON_BORDERCOLOR>
            <BUTTON_TEXTCOLOR>0xFFFFFFFF</BUTTON_TEXTCOLOR>
            <BUTTON_BACKCOLOR>0x980000A0</BUTTON_BACKCOLOR>
            <BUTTON_ACTIVETEXTCOLOR>0xFFFFFFFF</BUTTON_ACTIVETEXTCOLOR>
            <BUTTON_ACTIVEBACKCOLOR>0xFF0080FF</BUTTON_ACTIVEBACKCOLOR>
            <KB_KEYBG_HIGHLIGHT>0xFF0080FF</KB_KEYBG_HIGHLIGHT>
            <KB_KEYBG_DISABLED>0xFFC0C0C0</KB_KEYBG_DISABLED>
            <KB_KEY_PRESSED>0xFF008000</KB_KEY_PRESSED>
            <KB_KEY_NORMAL>0xFF000000</KB_KEY_NORMAL>
            <KB_KEY_DISABLED>0xFFFFFFFF</KB_KEY_DISABLED>
            <KB_KEY_ACTIVEBORDER>0xFF808080</KB_KEY_ACTIVEBORDER>
            <KB_KEY_TEXTCOLOR>0xFF000000</KB_KEY_TEXTCOLOR>
            <KB_KEY_TEXTBACKCOLOR>0xFFFFFFFF</KB_KEY_TEXTBACKCOLOR>
            <KB_KEY_TEXTBORDERCOLOR>0xFFFFFF00</KB_KEY_TEXTBORDERCOLOR>
            <MENU_TEXTCOLOR>0xFFFFFFFF</MENU_TEXTCOLOR>
            <MENU_ACTIVETEXTCOLOR>0xFFFFFFFF</MENU_ACTIVETEXTCOLOR>
            <MENU_BORDERCOLOR>0xFF0080FF</MENU_BORDERCOLOR>
            <MENU_BACKCOLOR>0xFF000000</MENU_BACKCOLOR>
            <MENU_ACTIVEBACKCOLOR>0xFF0080FF</MENU_ACTIVEBACKCOLOR>
            <MENU_ACTIVEBORDERCOLOR>0xFFFFFFFF</MENU_ACTIVEBORDERCOLOR>
        </ColorScheme>
    </Main>
</Skin>