﻿<Skin name="Untitled">
    <Information>
        <Author>Remag</Author>
        <Version>1</Version>
        <Copyright>2004</Copyright>
        <Skinner Name="UX Architect" Version="1.0c" />
    </Information>
    <Filemanager SafeBorder="False">
        <Background>manager.png</Background>
    </Filemanager>
    <Main Globe="False" Orb="False" Fog="False">
        <Background EnableAudio="False">bkground.png</Background>
        <InfoFont>Square-10.xpr</InfoFont>
        <Text Top="177" Left="259" Width="136" Scroll="0" Color="0xFFFFFFFF" Source="SongTime" Align="Right" />
        <Text Top="158" Left="196" Width="200" Scroll="0" Color="0xFFFFFFFF" Source="SongName" Align="Right" />
        <Text Top="15" Left="15" Width="179" Scroll="1" Color="0xFFFFFFFF" Source="C_FreeMB" Align="Left" />
        <Text Top="39" Left="15" Width="176" Scroll="1" Color="0xFFFFFFFF" Source="E_FreeMB" Align="Left" />
        <Text Top="63" Left="15" Width="166" Scroll="1" Color="0xFFFFFFFF" Source="F_FreeMB" Align="Left" />
        <Text Top="87" Left="14" Width="164" Scroll="1" Color="0xFFFFFFFF" Source="G_FreeMB" Align="Left" />
        <Text Top="138" Left="196" Width="200" Scroll="0" Color="0xFFFFFFFF" Source="SoundTrack" Align="Right" />
        <Text Top="179" Left="28" Width="145" Scroll="1" Color="0xFFFFFFFF" Source="DVDTitle" Align="Left" />
        <Text Top="160" Left="28" Width="150" Scroll="0" Color="0xFFFFFFFF" Source="DVDType" Align="Left" />
        <Text Top="140" Left="15" Width="152" Scroll="0" Color="0xFFFFFFFF" Source="Tray" Align="Left" />
        <Text Top="18" Left="198" Width="200" Scroll="0" Color="0xFFFFFFFF" Source="CPUTemp" Align="Right" />
        <Text Top="39" Left="199" Width="200" Scroll="0" Color="0xFFFFFFFF" Source="MBTemp" Align="Right" />
        <Text Top="435" Left="27" Width="228" Scroll="0" Color="0xFFFFFFFF" Source="NickName" Align="Left" />
        <Text Top="417" Left="27" Width="232" Scroll="1" Color="0xFFFFFFFF" Source="DateTime" Align="Left" />
        <Image Top="249" Left="274" Width="82" Height="79" Source="GameIcon" />
        <Menu Align="Left" ShowIcon="False" ShowArrows="False">
            <ItemPos Top="301" Left="392" Width="226"></ItemPos>
            <ItemPos Top="329" Left="392" Width="226"></ItemPos>
            <ItemPos Top="358" Left="392" Width="227"></ItemPos>
            <ItemPos Top="388" Left="392" Width="227"></ItemPos>
            <ItemPos Top="417" Left="392" Width="228"></ItemPos>
            <Font>Square-10.xpr</Font>
        </Menu>
        <ColorScheme>
            <AMBIENT_FOGCOLOR>0x78FFFFFF</AMBIENT_FOGCOLOR>
            <AMBIENT_SKYCOLOR>0xFF00000F</AMBIENT_SKYCOLOR>
            <AMBIENT_CELLCOLOR>0x7800C000</AMBIENT_CELLCOLOR>
            <CAPTION_TEXTCOLOR>0xFFEAEA47</CAPTION_TEXTCOLOR>
            <CAPTION_BACKCOLOR>0xFF4274FF</CAPTION_BACKCOLOR>
            <DIALOG_BORDERCOLOR>0xFFFFFFFF</DIALOG_BORDERCOLOR>
            <DIALOG_BACKCOLOR>0xFF273CF3</DIALOG_BACKCOLOR>
            <DIALOG_INNER_BORDERCOLOR>0xFFFFFFFF</DIALOG_INNER_BORDERCOLOR>
            <DIALOG_INNER_BACKCOLOR>0xFF09389A</DIALOG_INNER_BACKCOLOR>
            <DIALOG_TEXTCOLOR>0xFFFFFFFF</DIALOG_TEXTCOLOR>
            <DIALOG_DISABLEDTEXT>0xFFB3B3B4</DIALOG_DISABLEDTEXT>
            <OPTION_TEXTCOLOR>0xFFFFFFFF</OPTION_TEXTCOLOR>
            <OPTION_ACTIVETEXTCOLOR>0xFF47EAEA</OPTION_ACTIVETEXTCOLOR>
            <OPTION_ACTIVEBACKCOLOR>0xFF273CF3</OPTION_ACTIVEBACKCOLOR>
            <BUTTON_BORDERCOLOR>0xFFFFFFFF</BUTTON_BORDERCOLOR>
            <BUTTON_TEXTCOLOR>0xFFFFFFFF</BUTTON_TEXTCOLOR>
            <BUTTON_BACKCOLOR>0xFF273CF3</BUTTON_BACKCOLOR>
            <BUTTON_ACTIVETEXTCOLOR>0xFFFFFFFF</BUTTON_ACTIVETEXTCOLOR>
            <BUTTON_ACTIVEBACKCOLOR>0xFF003399</BUTTON_ACTIVEBACKCOLOR>
            <KB_KEYBG_HIGHLIGHT>0xFF0000FF</KB_KEYBG_HIGHLIGHT>
            <KB_KEYBG_DISABLED>0x78C0C0C0</KB_KEYBG_DISABLED>
            <KB_KEY_PRESSED>0xFF008000</KB_KEY_PRESSED>
            <KB_KEY_NORMAL>0xFF000000</KB_KEY_NORMAL>
            <KB_KEY_DISABLED>0xFFFFFFFF</KB_KEY_DISABLED>
            <KB_KEY_ACTIVEBORDER>0xFFFF0000</KB_KEY_ACTIVEBORDER>
            <KB_KEY_TEXTCOLOR>0xFF000000</KB_KEY_TEXTCOLOR>
            <KB_KEY_TEXTBACKCOLOR>0xFFFFFFFF</KB_KEY_TEXTBACKCOLOR>
            <KB_KEY_TEXTBORDERCOLOR>0x780000FF</KB_KEY_TEXTBORDERCOLOR>
            <MENU_TEXTCOLOR>0xFFFFFFFF</MENU_TEXTCOLOR>
            <MENU_ACTIVETEXTCOLOR>0xFFFFFFFF</MENU_ACTIVETEXTCOLOR>
            <MENU_BORDERCOLOR>0xFFFFFFFF</MENU_BORDERCOLOR>
            <MENU_BACKCOLOR>0xFF000000</MENU_BACKCOLOR>
            <MENU_ACTIVEBACKCOLOR>0xFF0000FF</MENU_ACTIVEBACKCOLOR>
            <MENU_ACTIVEBORDERCOLOR>0xFFFFFFFF</MENU_ACTIVEBORDERCOLOR>
        </ColorScheme>
    </Main>
</Skin>