<Skin name="MAPLELEAFS">
	<Information>
		<Author>p0tvin</Author>
		<Copyright>Copyright 2007</Copyright>
		<Version>v1.0</Version>
	</Information>
		<IntroMovie></IntroMovie>
	<FileManager>
		<BackGround>FileManager.jpg</BackGround>
	</FileManager>
         <LoadingScreen ShowInfo="False">
                  <BackGround></BackGround>
         </LoadingScreen>
		<Main Globe="False" Orb="False" Fog="False">
            <BackGround EnableAudio="False">bg.png</BackGround>
		<GameIcon Enable="True" Opacity="100">
		<Position Top="195" Left="255" Width="127" Height="125" />
		</GameIcon>
		<Menu Smooth="True" Align="Middle" ShowIcon="False" Rotate="False" Showarrows="True">
			<BackColor>0x000000</BackColor>
			<BorderColor Width="1">0xFFFFFFFF</BorderColor>
			<Font WidthFactor="1.0" HeightFactor="1.0"></Font>
			<Position Top="360" Left="195" Width="250" Height="85" Fixed="True" FixAt="2" Maxitem="10"></Position>
		</Menu>
		<Text Left="318" Top="27" Align="Middle" Color="0xFFFF0000" Source=""></Text>
		
		<Text Left="37" Top="389" Color="0xFF000000" Source="SoundTrack"></Text>
		<Text Left="37" Top="409" Color="0xFF000000" Source="SongName"></Text>
		<Text Left="47" Top="429" Color="0xFF000000" Source="SongTime"></Text>

		<Text Left="603" Top="400" Align="Right" Color="0xFF000000" Source="DVDTitle"></Text>
		<Text Left="603" Top="420" Align="Right" Color="0xFF000000" Source="E_FreeMB"></Text>
		<Text Left="603" Top="440" Align="Right" Color="0xFF000000" Source="F_FreeMB"></Text>
		<Text Left="603" Top="449" Align="Right" Color="0xFF000000" Source=""></Text>

		<Text Left="20" Top="400" Align="Left" Color="0xFF000000" Source="CPUTempC"></Text>
		<Text Left="20" Top="420" Align="Left" Color="0xFF000000" Source="MBTempC"></Text>
		<Text Left="20" Top="440" Align="Left" Color="0xFF000000" Source="IP"></Text>

	</Main>
	
	<ColorScheme Name="Default">
		<AMBIENT_FOGCOLOR>0xFF200000</AMBIENT_FOGCOLOR>
		<AMBIENT_SKYCOLOR>0xFF400000</AMBIENT_SKYCOLOR>
		<AMBIENT_CELLCOLOR>0x06C4310A</AMBIENT_CELLCOLOR>

		<CAPTION_TEXTCOLOR>0xFFFFFFFF</CAPTION_TEXTCOLOR>
		<CAPTION_BACKCOLOR>0xC7000000</CAPTION_BACKCOLOR>
		<DIALOG_BORDERCOLOR>0x00000000</DIALOG_BORDERCOLOR>
		<DIALOG_BACKCOLOR>0xFF808080</DIALOG_BACKCOLOR>
		<DIALOG_INNER_BORDERCOLOR>0x00000000</DIALOG_INNER_BORDERCOLOR>
		<DIALOG_INNER_BACKCOLOR>0xFF626262</DIALOG_INNER_BACKCOLOR>
		<DIALOG_TEXTCOLOR>0xFFFFFFFF</DIALOG_TEXTCOLOR>

		<DIALOG_DISABLEDTEXT>0x7FC00000</DIALOG_DISABLEDTEXT>

		<OPTION_TEXTCOLOR>0xFFffffff</OPTION_TEXTCOLOR>
		<OPTION_ACTIVETEXTCOLOR>0xFF000000</OPTION_ACTIVETEXTCOLOR>
		<OPTION_ACTIVEBACKCOLOR>0xFFf03333</OPTION_ACTIVEBACKCOLOR>

		<BUTTON_BORDERCOLOR>0xFFFFFFFF</BUTTON_BORDERCOLOR>
		<BUTTON_TEXTCOLOR>0xFFFFFFFF</BUTTON_TEXTCOLOR>
		<BUTTON_BACKCOLOR>0xFF0080FF</BUTTON_BACKCOLOR>
		<BUTTON_ACTIVETEXTCOLOR>0xFF0055EA</BUTTON_ACTIVETEXTCOLOR>
		<BUTTON_ACTIVEBACKCOLOR>0xFFFFFFFF</BUTTON_ACTIVEBACKCOLOR>	
		
		<KB_KEYBG_HIGHLIGHT>0xCC00C000</KB_KEYBG_HIGHLIGHT>
		<KB_KEYBG_DISABLED>0xffc0c0c0</KB_KEYBG_DISABLED>
		<KB_KEY_PRESSED>0xff808080</KB_KEY_PRESSED>
		<KB_KEY_NORMAL>0xff000000</KB_KEY_NORMAL>
		<KB_KEY_DISABLED>0xff808080</KB_KEY_DISABLED>
		<KB_KEY_ACTIVEBORDER>0xff008000</KB_KEY_ACTIVEBORDER>
		<KB_KEY_TEXTCOLOR>0xff000000</KB_KEY_TEXTCOLOR>
		<KB_KEY_TEXTBACKCOLOR>0xffFFFFFF</KB_KEY_TEXTBACKCOLOR>
		<KB_KEY_TEXTBORDERCOLOR>0xff0000FF</KB_KEY_TEXTBORDERCOLOR>
		
		<MENU_TEXTCOLOR>0x55FFFFFF</MENU_TEXTCOLOR>
		<MENU_ACTIVETEXTCOLOR>0xFFddff5f</MENU_ACTIVETEXTCOLOR>
		<MENU_BORDERCOLOR>0x00000000</MENU_BORDERCOLOR>
		<MENU_BACKCOLOR>0x00000000</MENU_BACKCOLOR>
		<MENU_ACTIVEBACKCOLOR>0xFF0080FF</MENU_ACTIVEBACKCOLOR>
		<MENU_ACTIVEBORDERCOLOR>0x00000000</MENU_ACTIVEBORDERCOLOR>
	</ColorScheme>
</Skin>