﻿<Skin name="Barely Brook">
    <Information>
        <Author>babyb</Author>
        <Version>1</Version>
        <Copyright>2004</Copyright>
        <Skinner Name="UX Architect" Version="1.0c" />
    </Information>
    <Filemanager SafeBorder="False">
        <Background>brooke_fm.jpg</Background>
    </Filemanager>
    <LoadingScreen ShowInfo="False">
        <Background>brooke_ld.jpg</Background>
    </LoadingScreen>
    <Main Globe="False" Orb="False" Fog="False">
        <Background EnableAudio="True">brooke_bg.png</Background>
        <InfoFont>ParkAvenue-14.xpr</InfoFont>
        

        <Text Top="7" Left="426" Width="150" Scroll="0" Color="0xFFFFFFFF" Source="$Time$" Align="Right" />
        <Text Top="7" Left="259" Width="167" Scroll="1" Color="0xFFFFFFFF" Source="$Newsfeed$" Align="Left" />
        <Text Top="95" Left="245" Width="160" Scroll="0" Color="0xFFFFFFFF" Source="$IP$" Align="Left" />
        <Text Top="150" Left="215" Width="180" Scroll="0" Color="0xFFFFFFFF" Source="$Tray$" Align="Left" />
        <Text Top="65" Left="361" Width="60" Scroll="0" Color="0xFFFFFFFF" Source="$CPUTemp$" Align="Left" />
        <Text Top="37" Left="269" Width="160" Scroll="0" Color="0xFFFFFFFF" Source="$NickName$" Align="Left" />
        <Text Top="180" Left="215" Width="200" Scroll="0" Color="0xFFFFFFFF" Source="$F_Free$" Align="Left" />
        <Text Top="209" Left="214" Width="200" Scroll="0" Color="0xFFFFFFFF" Source="$G_Free$" Align="Left" />
        
        <Image Source="GamePreview" />
        <Image Top="270" Left="148" Width="174" Height="130" Opacity="100">brooke_vid.png</Image>
        <Image Top="409" Left="350" Width="48" Height="60" Source="GameIcon" />
        
        
        <Menu Smooth="True" Align="Left" ShowIcon="False" ShowArrows="False">
            <Preview EnableAudio="True" Top="270" Left="148" Width="174" Height="130" />
            <Position Top="253" Left="427" Width="192" Height="210" Fixed="True" FixAt="2" MaxItem="4" />
            <Font>ParkAvenue-14.xpr</Font>
        </Menu>
        
        <ColorScheme>
            <AMBIENT_FOGCOLOR>0xFF0080FF</AMBIENT_FOGCOLOR>
            <AMBIENT_SKYCOLOR>0xFF0000A0</AMBIENT_SKYCOLOR>
            <AMBIENT_CELLCOLOR>0xFFFFFFFF</AMBIENT_CELLCOLOR>
            <CAPTION_TEXTCOLOR>0xFFFFFFFF</CAPTION_TEXTCOLOR>
            <CAPTION_BACKCOLOR>0xFF000000</CAPTION_BACKCOLOR>
            <DIALOG_BORDERCOLOR>0xFFFFFFFF</DIALOG_BORDERCOLOR>
            <DIALOG_BACKCOLOR>0xD10080FF</DIALOG_BACKCOLOR>
            <DIALOG_INNER_BORDERCOLOR>0xFFFFFFFF</DIALOG_INNER_BORDERCOLOR>
            <DIALOG_INNER_BACKCOLOR>0xFF000000</DIALOG_INNER_BACKCOLOR>
            <DIALOG_TEXTCOLOR>0xFFFFFFFF</DIALOG_TEXTCOLOR>
            <DIALOG_DISABLEDTEXT>0xFFB3B3B4</DIALOG_DISABLEDTEXT>
            <OPTION_TEXTCOLOR>0xFFFFFFFF</OPTION_TEXTCOLOR>
            <OPTION_ACTIVETEXTCOLOR>0xFFFFFFFF</OPTION_ACTIVETEXTCOLOR>
            <OPTION_ACTIVEBACKCOLOR>0xFF0080FF</OPTION_ACTIVEBACKCOLOR>
            <BUTTON_BORDERCOLOR>0xFFFFFFFF</BUTTON_BORDERCOLOR>
            <BUTTON_TEXTCOLOR>0xFFFFFFFF</BUTTON_TEXTCOLOR>
            <BUTTON_BACKCOLOR>0xFF0080FF</BUTTON_BACKCOLOR>
            <BUTTON_ACTIVETEXTCOLOR>0xFF000000</BUTTON_ACTIVETEXTCOLOR>
            <BUTTON_ACTIVEBACKCOLOR>0xFFC0C0C0</BUTTON_ACTIVEBACKCOLOR>
            <KB_KEYBG_HIGHLIGHT>0xFF0080FF</KB_KEYBG_HIGHLIGHT>
            <KB_KEYBG_DISABLED>0xFFC0C0C0</KB_KEYBG_DISABLED>
            <KB_KEY_PRESSED>0xFF008000</KB_KEY_PRESSED>
            <KB_KEY_NORMAL>0xFF000000</KB_KEY_NORMAL>
            <KB_KEY_DISABLED>0xFFFFFFFF</KB_KEY_DISABLED>
            <KB_KEY_ACTIVEBORDER>0xFF808080</KB_KEY_ACTIVEBORDER>
            <KB_KEY_TEXTCOLOR>0xFF000000</KB_KEY_TEXTCOLOR>
            <KB_KEY_TEXTBACKCOLOR>0xFFFFFFFF</KB_KEY_TEXTBACKCOLOR>
            <KB_KEY_TEXTBORDERCOLOR>0xFF8080FF</KB_KEY_TEXTBORDERCOLOR>
            <MENU_TEXTCOLOR>0xFFFFFFFF</MENU_TEXTCOLOR>
            <MENU_ACTIVETEXTCOLOR>0xFFFFFFFF</MENU_ACTIVETEXTCOLOR>
            <MENU_ACTIVEBACKCOLOR>0x7D0080FF</MENU_ACTIVEBACKCOLOR>
            <MENU_ACTIVEBORDERCOLOR>0xFFFFFFFF</MENU_ACTIVEBORDERCOLOR>
        </ColorScheme>
    </Main>
</Skin>