﻿<Skin name="Goku">
    <Information>
        <Author>.:GmM:.</Author>
        <Version>1</Version>
        <Copyright>2005</Copyright>
        <Skinner Name="UX Architect" Version="1.0c" />
    </Information>
    <Filemanager SafeBorder="False">
        <Background>DragonBall Z.jpg</Background>
    </Filemanager>
    <LoadingScreen ShowInfo="True">
        <Background>DBZ_10.jpg</Background>
    </LoadingScreen>
    <Main Globe="False" Orb="False" Fog="False">
        <Background EnableAudio="False">Dragon Ball.JPG</Background>
        <InfoFont>CourierNew-12.xpr</InfoFont>
        <Text Top="454" Left="14" Width="259" Scroll="0" Color="0xFFFFFFFF" Source="IP" Align="Middle" />
        <Text Top="11" Left="11" Width="227" Scroll="0" Color="0xFFFFFFFF" Source="Date" Align="Middle" />
        <Text Top="316" Left="-97" Width="223" Scroll="2" Color="0xFFFFFFFF" Source="SongName" Align="Middle" />
        <Text Top="459" Left="572" Width="71" Scroll="0" Color="0xFFFFFFFF" Source=".:GmM:." Align="Middle" />
        <Text Top="131" Left="14" Width="223" Scroll="0" Color="0xFFFFFFFF" Source="Tray" Align="Middle" />
        <Text Top="101" Left="13" Width="228" Scroll="0" Color="0xFFFFFFFF" Source="F_Free" Align="Middle" />
        <Text Top="72" Left="14" Width="224" Scroll="0" Color="0xFFFFFFFF" Source="E_Free" Align="Middle" />
        <Text Top="42" Left="15" Width="223" Scroll="0" Color="0xFFFFFFFF" Source="C_Free" Align="Middle" />
        <Shape Type="RoundedBox" Left="7" Top="10" Width="237" Height="24" BorderColor="0xFF0080FF" BackColor="0xFF000000"></Shape>
        <Shape Type="RoundedBox" Left="7" Top="39" Width="238" Height="25" BorderColor="0xFF0080FF" BackColor="0xFF000000"></Shape>
        <Shape Type="RoundedBox" Left="7" Top="69" Width="237" Height="26" BorderColor="0xFF0080FF" BackColor="0xFF000000"></Shape>
        <Shape Type="RoundedBox" Left="7" Top="97" Width="240" Height="28" BorderColor="0xFF0080FF" BackColor="0xFF000000"></Shape>
        <Shape Type="RoundedBox" Left="7" Top="127" Width="239" Height="28" BorderColor="0xFF0080FF" BackColor="0xFF000000"></Shape>
        <Shape Type="RoundedBox" Left="9" Top="312" Width="234" Height="29" BorderColor="0xFF0080FF" BackColor="0xFF000000"></Shape>
        <Shape Type="RoundedBox" Left="10" Top="451" Width="268" Height="25" BorderColor="0xFF0080FF" BackColor="0xFF000000"></Shape>
        <Image Top="349" Left="24" Width="99" Height="95" Source="GameIcon" />
        <Image Source="GamePreview" />
        <Menu Align="Middle" ShowIcon="False" ShowArrows="False">
            <Preview EnableAudio="True" Top="348" Left="143" Width="96" Height="97" />
            <Position Top="160" Left="9" Width="235" Height="146" Fixed="True" FixAt="2" MaxItem="4" />
            <Font>ParkAvenue-14.xpr</Font>
        </Menu>
        <ColorScheme>
            <AMBIENT_FOGCOLOR>0xFF8080FF</AMBIENT_FOGCOLOR>
            <AMBIENT_SKYCOLOR>0xFF00000F</AMBIENT_SKYCOLOR>
            <AMBIENT_CELLCOLOR>0xFF0080FF</AMBIENT_CELLCOLOR>
            <CAPTION_TEXTCOLOR>0xFFFFFFFF</CAPTION_TEXTCOLOR>
            <CAPTION_BACKCOLOR>0xFF0080FF</CAPTION_BACKCOLOR>
            <DIALOG_BORDERCOLOR>0xFF0080FF</DIALOG_BORDERCOLOR>
            <DIALOG_BACKCOLOR>0x9F000000</DIALOG_BACKCOLOR>
            <DIALOG_INNER_BORDERCOLOR>0xFF0080FF</DIALOG_INNER_BORDERCOLOR>
            <DIALOG_INNER_BACKCOLOR>0xFF000000</DIALOG_INNER_BACKCOLOR>
            <DIALOG_TEXTCOLOR>0xFFFFFFFF</DIALOG_TEXTCOLOR>
            <DIALOG_DISABLEDTEXT>0xFFB3B3B4</DIALOG_DISABLEDTEXT>
            <OPTION_TEXTCOLOR>0xFFFFFFFF</OPTION_TEXTCOLOR>
            <OPTION_ACTIVETEXTCOLOR>0xFFFFFFFF</OPTION_ACTIVETEXTCOLOR>
            <OPTION_ACTIVEBACKCOLOR>0xFF0080FF</OPTION_ACTIVEBACKCOLOR>
            <BUTTON_BORDERCOLOR>0xFFFFFFFF</BUTTON_BORDERCOLOR>
            <BUTTON_TEXTCOLOR>0xFFFFFFFF</BUTTON_TEXTCOLOR>
            <BUTTON_BACKCOLOR>0x980000A0</BUTTON_BACKCOLOR>
            <BUTTON_ACTIVETEXTCOLOR>0xFFFFFFFF</BUTTON_ACTIVETEXTCOLOR>
            <BUTTON_ACTIVEBACKCOLOR>0xFF0080FF</BUTTON_ACTIVEBACKCOLOR>
            <KB_KEYBG_HIGHLIGHT>0xFF0080FF</KB_KEYBG_HIGHLIGHT>
            <KB_KEYBG_DISABLED>0xFFC0C0C0</KB_KEYBG_DISABLED>
            <KB_KEY_PRESSED>0xFF008000</KB_KEY_PRESSED>
            <KB_KEY_NORMAL>0xFF000000</KB_KEY_NORMAL>
            <KB_KEY_DISABLED>0xFFFFFFFF</KB_KEY_DISABLED>
            <KB_KEY_ACTIVEBORDER>0xFF808080</KB_KEY_ACTIVEBORDER>
            <KB_KEY_TEXTCOLOR>0xFF000000</KB_KEY_TEXTCOLOR>
            <KB_KEY_TEXTBACKCOLOR>0xFFFFFFFF</KB_KEY_TEXTBACKCOLOR>
            <KB_KEY_TEXTBORDERCOLOR>0xFFFFFF00</KB_KEY_TEXTBORDERCOLOR>
            <MENU_TEXTCOLOR>0xFFFFFFFF</MENU_TEXTCOLOR>
            <MENU_ACTIVETEXTCOLOR>0xFFFFFFFF</MENU_ACTIVETEXTCOLOR>
            <MENU_BORDERCOLOR>0xFF0000FF</MENU_BORDERCOLOR>
            <MENU_BACKCOLOR>0x64000000</MENU_BACKCOLOR>
            <MENU_ACTIVEBACKCOLOR>0xCA0080FF</MENU_ACTIVEBACKCOLOR>
            <MENU_ACTIVEBORDERCOLOR>0xFF000000</MENU_ACTIVEBORDERCOLOR>
        </ColorScheme>
    </Main>
</Skin>