﻿<Skin name="MidnightBlue">
    <Information>
        <Author>RocafellaSqualie</Author>
        <Version>1</Version>
        <Copyright>2004</Copyright>
        <Skinner Name="UX Architect" Version="1.0" />
    </Information>
    <LoadingScreen ShowInfo="True">
        <Background>loading.png</Background>
    </LoadingScreen>
    <Main Globe="False" Orb="False" Fog="False">
        <Background EnableAudio="False">background.png</Background>
        <InfoFont>Square-10.xpr</InfoFont>
        <Text Top="409" Left="546" Width="200" Scroll="0" Color="0xFFFFFFFF" Source="NewsSource" Align="Left" />
        <Text Top="52" Left="582" Width="200" Scroll="0" Color="0xFFFFFFFF" Source="SongTime" Align="Left" />
        <Text Top="442" Left="390" Width="243" Scroll="2" Color="0xFFFFFFFF" Source="Newsfeed" Align="Right" />
        <Text Top="22" Left="388" Width="244" Scroll="2" Color="0xFFFFFFFF" Source="SongName" Align="Right" />
        <Text Top="150" Left="25" Width="280" Scroll="0" Color="0xFFFFFFFF" Source="MBTemp" Align="Left" />
        <Text Top="132" Left="25" Width="280" Scroll="0" Color="0xFFFFFFFF" Source="CPUTemp" Align="Left" />
        <Text Top="114" Left="25" Width="280" Scroll="0" Color="0xFFFFFFFF" Source="F_FreeMB" Align="Left" />
        <Text Top="95" Left="25" Width="280" Scroll="0" Color="0xFFFFFFFF" Source="E_FreeMB" Align="Left" />
        <Text Top="76" Left="25" Width="280" Scroll="0" Color="0xFFFFFFFF" Source="C_FreeMB" Align="Left" />
        <Text Top="189" Left="25" Width="280" Scroll="0" Color="0xFFFFFFFF" Source="Tray" Align="Left" />
        <Text Top="172" Left="25" Width="280" Scroll="0" Color="0xFFFFFFFF" Source="FanSpeed" Align="Left" />
        <Text Top="56" Left="25" Width="280" Scroll="0" Color="0xFFFFFFFF" Source="IP" Align="Left" />
        <Text Top="41" Left="25" Width="280" Scroll="0" Color="0xFFFFFFFF" Source="DateTime" Align="Left" />
        <Text Top="25" Left="25" Width="285" Scroll="0" Color="0xFFFFFFFF" Source="NickName" Align="Left" />
        <Image Source="GamePreview" />
        <Image Top="97" Left="444" Width="128" Height="128" Source="GameIcon" />
        <Menu Scroll="True" Smooth="True" Align="Left" ShowIcon="False" ShowArrows="False">
            <Preview EnableAudio="False" Top="256" Left="398" Width="214" Height="125" />
            <ItemPos Top="240" Left="25" Width="318"></ItemPos>
            <ItemPos Top="260" Left="25" Width="318"></ItemPos>
            <ItemPos Top="280" Left="25" Width="318"></ItemPos>
            <ItemPos Top="300" Left="25" Width="318"></ItemPos>
            <ItemPos Top="320" Left="25" Width="318"></ItemPos>
            <ItemPos Top="340" Left="25" Width="318"></ItemPos>
            <ItemPos Top="360" Left="25" Width="318"></ItemPos>
            <ItemPos Top="380" Left="25" Width="318"></ItemPos>
            <ItemPos Top="400" Left="25" Width="318"></ItemPos>
            <Font>Square-10.xpr</Font>
        </Menu>
        <ColorScheme>
            <AMBIENT_FOGCOLOR>0xFF000080</AMBIENT_FOGCOLOR>
            <AMBIENT_SKYCOLOR>0xFF000000</AMBIENT_SKYCOLOR>
            <AMBIENT_CELLCOLOR>0xFF000080</AMBIENT_CELLCOLOR>
            <CAPTION_TEXTCOLOR>0xFFFFFFFF</CAPTION_TEXTCOLOR>
            <CAPTION_BACKCOLOR>0xFF000080</CAPTION_BACKCOLOR>
            <DIALOG_BORDERCOLOR>0xE1000000</DIALOG_BORDERCOLOR>
            <DIALOG_BACKCOLOR>0xD1000000</DIALOG_BACKCOLOR>
            <DIALOG_INNER_BORDERCOLOR>0xFF000080</DIALOG_INNER_BORDERCOLOR>
            <DIALOG_INNER_BACKCOLOR>0xFF000000</DIALOG_INNER_BACKCOLOR>
            <DIALOG_TEXTCOLOR>0xFFFFFFFF</DIALOG_TEXTCOLOR>
            <DIALOG_DISABLEDTEXT>0xFFB3B3B4</DIALOG_DISABLEDTEXT>
            <OPTION_TEXTCOLOR>0xFFFFFFFF</OPTION_TEXTCOLOR>
            <OPTION_ACTIVETEXTCOLOR>0xFFFFFFFF</OPTION_ACTIVETEXTCOLOR>
            <OPTION_ACTIVEBACKCOLOR>0xFF000080</OPTION_ACTIVEBACKCOLOR>
            <BUTTON_BORDERCOLOR>0xFF000080</BUTTON_BORDERCOLOR>
            <BUTTON_TEXTCOLOR>0xFF000000</BUTTON_TEXTCOLOR>
            <BUTTON_BACKCOLOR>0xFF000080</BUTTON_BACKCOLOR>
            <BUTTON_ACTIVETEXTCOLOR>0xFFFFFFFF</BUTTON_ACTIVETEXTCOLOR>
            <BUTTON_ACTIVEBACKCOLOR>0xFF000080</BUTTON_ACTIVEBACKCOLOR>
            <KB_KEYBG_HIGHLIGHT>0xFF000000</KB_KEYBG_HIGHLIGHT>
            <KB_KEYBG_DISABLED>0xFFC0C0C0</KB_KEYBG_DISABLED>
            <KB_KEY_PRESSED>0xFF000080</KB_KEY_PRESSED>
            <KB_KEY_NORMAL>0xFF000000</KB_KEY_NORMAL>
            <KB_KEY_DISABLED>0xFFFFFFFF</KB_KEY_DISABLED>
            <KB_KEY_ACTIVEBORDER>0xFFFFFFFF</KB_KEY_ACTIVEBORDER>
            <KB_KEY_TEXTCOLOR>0xFF000080</KB_KEY_TEXTCOLOR>
            <KB_KEY_TEXTBACKCOLOR>0xFF000000</KB_KEY_TEXTBACKCOLOR>
            <KB_KEY_TEXTBORDERCOLOR>0xFFFFFFFF</KB_KEY_TEXTBORDERCOLOR>
            <MENU_TEXTCOLOR>0xFFFFFFFF</MENU_TEXTCOLOR>
            <MENU_ACTIVETEXTCOLOR>0xFFFFFFFF</MENU_ACTIVETEXTCOLOR>
            <MENU_BORDERCOLOR>0xFF000000</MENU_BORDERCOLOR>
            <MENU_BACKCOLOR>0xFF000000</MENU_BACKCOLOR>
            <MENU_ACTIVEBACKCOLOR>0xFF000000</MENU_ACTIVEBACKCOLOR>
            <MENU_ACTIVEBORDERCOLOR>0xFF000080</MENU_ACTIVEBORDERCOLOR>
        </ColorScheme>
    </Main>
</Skin>