<Skin Name="3001">

 <Information>
    <Author>Dunny</Author>
    <Copyright>2003</Copyright>
    <Version>1</Version>
 </Information>

 <Main globe="True" Orb="False">
  <Image Top="0" Left="0" width="640" Height="480">bg2.png</Image>
  <Background>bg.png</Background>
  <Cellwall>Cell.png</Cellwall>
  <GameIcon Enable="True">
    <Position Top="58" Left="75" Width="158" Height="144" />
  </GameIcon>
    <Menu smooth="False" Align="Left" ShowArrows="False" ShowIcon="True" Rotate="True">
        <Position left="273" Top="293" Width="260" Height="140" />
    </Menu>
 <InfoFont>Xbox_12.xpr</InfoFont>
 <Text Left="558" Top="50" Width="50" Align="Right" Source="Time: $Time$"></Text>
 <Text Left="558" Top="97" Width="50" Align="Right" Source="Date: $Date$"></Text>
 <Text Left="558" Top="143" Width="50" Align="Right" Source="SongName"></Text>
 <Text Left="558" Top="187" Width="50" Align="Right" Source="IP: $IP$"></Text>
</Main>

 <ColorScheme>
	<AMBIENT_FOGCOLOR>0xFF000000</AMBIENT_FOGCOLOR>
	<AMBIENT_SKYCOLOR></AMBIENT_SKYCOLOR>
	<AMBIENT_CELLCOLOR>0x00FFFFFF</AMBIENT_CELLCOLOR>
	<MENU_TEXTCOLOR>0xFFE8757D</MENU_TEXTCOLOR>
	<MENU_ACTIVETEXTCOLOR>0xFFFFFFFF</MENU_ACTIVETEXTCOLOR>
 </ColorSceme>
</Skin>
