<Skin name="Evolution Final">
	<Information>
		<Author>AzA</Author>
		<Copyright>Copyright 2004</Copyright>
		<Version>4.0</Version>
	</Information>
		<IntroMovie Enableaudio="False"></IntroMovie>
	        <LoadingScreen ShowInfo="False">
		<BackGround Enableaudio="True">Loading.xmv</BackGround>
	        </LoadingScreen>
	        <Main Globe="True" Fog="False" Orb="False">
		<BackGround>Background.png</BackGround>
		<Cellwall>Cell.png</Cellwall>
                <Image Left="4" Top="5" Width="222" Height="170" Align="Left">Circle.png</Image>
                <GameIcon Enable="True" Opacity="100">
                <Position Top="57" Left="81" Width="75" Height="63" /></GameIcon>
		<GameIcon Enable="True" Opacity="100">
		<Position Top="40" Left="300" Width="225" Height="170" />
		</GameIcon>
		<Menu Smooth="True" Align="Middle" Rotate="False" ShowIcon="False">
                <Font>Space_Age_14.xpr</Font>
		<Position Top="260" Left="310" Width="225" Height="100" Fixed="False" FixAt="5" MaxItem="5">
		</Position>
                <Preview EnableAudio="True" Top="40" Left="300" Width="225" Height="170" />
	        </Menu>
                <InfoFont></InfoFont>

		<Text Left="322" Top="10" Align="Middle" Color="0xFFFFFFFF" Source="DateTime"></Text>

		<Text Left="150" Top="123" Align="Left" Color="0xFFFFFFFF" Source="NumClient"></Text>

		<Text Left="65" Top="150" Align="Left" Color="0x99FFFFFF" Source="C_FreeMB"></Text>
		<Text Left="65" Top="170" Align="Left" Color="0x99FFFFFF" Source="E_FreeMB"></Text>
		<Text Left="65" Top="190" Align="Left" Color="0x99FFFFFF" Source="F_FreeMB"></Text>
		<Text Left="65" Top="210" Align="Left" Color="0x99FFFFFF" Source="G_FreeMB"></Text>
		
		<Text Left="585" Top="225" Align="Right" Color="0xFF000000" Source="Tray"></Text>

		<Text Left="65" Top="230" Color="0x99FFFFFF" Source="FanSpeed"></Text>
                <Text Left="65" Top="250" Color="0x99FFFFFF" Source="Version"></Text>

		<Text Left="65" Top="290" Align="Left" Color="0x99FFFFFF" Source="CPUTemp"></Text>
		<Text Left="65" Top="310" Align="Left" Color="0x99FFFFFF" Source="MBTemp"></Text>
		                                                                      
                <Text Left="70" Top="357" Align="Left" Color="0xFF000000" Source="NewsSource"></Text>
                <Text Left="80" Top="389" Width="450" Height="150" Align="Left" Color="0xFFFFFFFF" Source="Newsfeed"></Text>

		<Text Left="225" Top="450" Align="Left" Color="0xFFFFFFFF" Source="IP"></Text>

		<Text Left="200" Top="425" Align="Left" Color="0xFF000000" Source="AppVersion"></Text>
		<Image Top="40" Left="300" Width="225" Height="170" Source="GameIcon" />
		<Image Source="GamePreview" />
	</Main>
	        <FileManager>
		<BackGround>FMBG.png</BackGround>
	        </FileManager>
		<ColorScheme Name="Evolution Final">
		<AMBIENT_FOGCOLOR>0xFF000040</AMBIENT_FOGCOLOR>
		<AMBIENT_SKYCOLOR></AMBIENT_SKYCOLOR>
		<AMBIENT_CELLCOLOR>0x00FFFFFF</AMBIENT_CELLCOLOR>

		<CAPTION_TEXTCOLOR>0xFF000000</CAPTION_TEXTCOLOR>
		<CAPTION_BACKCOLOR>0xFFC0C0C0</CAPTION_BACKCOLOR>
		<DIALOG_BORDERCOLOR>0xFFFFFFFF</DIALOG_BORDERCOLOR>
		<DIALOG_BACKCOLOR>0xFF000000</DIALOG_BACKCOLOR>
		<DIALOG_INNER_BORDERCOLOR>0x99FFFFFF</DIALOG_INNER_BORDERCOLOR>
		<DIALOG_INNER_BACKCOLOR>0xFF000000</DIALOG_INNER_BACKCOLOR>
		<DIALOG_TEXTCOLOR>0x99FFFFFF</DIALOG_TEXTCOLOR>

		<DIALOG_DISABLEDTEXT>0xff808080</DIALOG_DISABLEDTEXT>

		<OPTION_TEXTCOLOR>0xFFFFFFFF</OPTION_TEXTCOLOR>
		<OPTION_ACTIVETEXTCOLOR>0x99FFFFFF</OPTION_ACTIVETEXTCOLOR>
		<OPTION_ACTIVEBACKCOLOR></OPTION_ACTIVEBACKCOLOR>

		<BUTTON_BORDERCOLOR></BUTTON_BORDERCOLOR>
		<BUTTON_TEXTCOLOR>0xFF02C90C</BUTTON_TEXTCOLOR>
		<BUTTON_BACKCOLOR>0xCD636482</BUTTON_BACKCOLOR>
		<BUTTON_ACTIVETEXTCOLOR>0xFFFFFFFF</BUTTON_ACTIVETEXTCOLOR>
		<BUTTON_ACTIVEBACKCOLOR>0xff808080</BUTTON_ACTIVEBACKCOLOR>	
		
		<KB_KEYBG_HIGHLIGHT>0xcc0000C0</KB_KEYBG_HIGHLIGHT>
		<KB_KEYBG_DISABLED>0xffc0c0c0</KB_KEYBG_DISABLED>
		<KB_KEY_PRESSED>0xff808080</KB_KEY_PRESSED>
		<KB_KEY_NORMAL>0xff000000</KB_KEY_NORMAL>
		<KB_KEY_DISABLED>0xff808080</KB_KEY_DISABLED>
		<KB_KEY_ACTIVEBORDER>0xff0000FF</KB_KEY_ACTIVEBORDER>
		<KB_KEY_TEXTCOLOR>0xff000000</KB_KEY_TEXTCOLOR>
		<KB_KEY_TEXTBACKCOLOR>0xffFFFFFF</KB_KEY_TEXTBACKCOLOR>
		<KB_KEY_TEXTBORDERCOLOR>0xff0000FF</KB_KEY_TEXTBORDERCOLOR>
		
		<MENU_TEXTCOLOR>0x99FFFFFF</MENU_TEXTCOLOR>
		<MENU_ACTIVETEXTCOLOR>0x00000000</MENU_ACTIVETEXTCOLOR>
		<MENU_BORDERCOLOR>0x00000000</MENU_BORDERCOLOR>
		<MENU_BACKCOLOR>0x00000000</MENU_BACKCOLOR>
		<MENU_ACTIVEBACKCOLOR></MENU_ACTIVEBACKCOLOR>
		<MENU_ACTIVEBORDERCOLOR></MENU_ACTIVEBORDERCOLOR>
		</ColorScheme>
</Skin>