<Skin name="The Clamps">
	<Information>
		<Author>Jezz</Author>
		<Copyright>Copyright 2005</Copyright>
	 	<Version>1</Version>
	</Information>
	<Main Globe="true" Orb="False" Fog="True">
		<Cellwall></Cellwall>
		<Orb></Orb>
		<Icon></Icon>
		<BackGround>back.wmv</BackGround>
		
		<Menu Smooth="False" Align="Middle" Rotate="false" ShowIcon="false" ShowArrows="False" >
		<Position Top="87" Left="150" Width="340" Height="130" Fixed="True" FixAt="2" MaxItem="8"></Position>
		<Preview EnableAudio="False" Left="352" Top="228" Width="146" Height="120"/>
		<Font>dungeon_14.xpr</Font>
		
		</Menu>
		<Image Left="0" Top="0" Width="640" Height="480">backnew.png</Image>
		<Image Left="142" Top="228" Width="146" Height="120" Source="GameIcon" />
		<Image Source="GamePreview"/>

		
		<InfoFont>Microsoft_Sans_Serif_10.xpr</InfoFont>
                <Text Top="68" Left="115" Align="left" Color="0xFF484848" ScaleX="100" ScaleY="95" Source="Time"></Text>
                <Text Top="68" Left="520" Align="right" Color="0xFF484848" ScaleX="100" ScaleY="95" Source="IP"></Text>
                <Text Top="365" Left="520" Align="right"  Color="0xFF000000" ScaleX="90" ScaleY="90" Source="CPUTemp"></Text>
                <Text Top="380" Left="520" Align="right"  Color="0xFF000000" ScaleX="90" ScaleY="90" Source="MBTemp"></Text>
                <Text Top="365" Left="115" Align="Left"  Color="0xFF484848" ScaleX="100" ScaleY="95" Source="Free Space - E:\"></Text>
                <Text Top="365" Left="225" Align="Left"  Color="0xFF000000" ScaleX="100" ScaleY="95" Source="$E_FreeMB$"></Text>
                <Text Top="380" Left="115" Align="Left"  Color="0xFF484848" ScaleX="100" ScaleY="95" Source="Free Space - F:\"></Text>
                <Text Top="380" Left="225" Align="Left"  Color="0xFF000000" ScaleX="100" ScaleY="95" Source="$F_FreeMB$"></Text>
                <Text Top="400" Left="115" Align="left" Scroll="1" Color="0xFF484848" ScaleX="80" ScaleY="100"Source="Song :"></Text>
                <Text Top="400" Left="153" Width="165" Align="left" Scroll="1" Color="0xFF000000" ScaleX="80" ScaleY="100"Source="SongName"></Text>
                <Text Top="400" Left="320" Align="left" Scroll="1" Color="0xFF484848" ScaleX="80" ScaleY="100"Source="Album :"></Text>
                <Text Top="400" Left="362" Width="165" Align="left" Scroll="1" Color="0xFF000000" ScaleX="80" ScaleY="100"Source="SoundTrack"></Text>

	</Main>

	<IntroMovie>intro.wmv</IntroMovie>
        <FileManager SafeBorder="False">
		<BackGround>filemanager.png</BackGround>
		
	</FileManager>
	
	<LoadingScreen ShowInfo="False">
		<BackGround>load.wmv</BackGround>
	</LoadingScreen>

	<ColorScheme Name="Default">
	        <AMBIENT_FOGCOLOR>0x99502D00</AMBIENT_FOGCOLOR>
	        <AMBIENT_SKYCOLOR>0xFF000000</AMBIENT_SKYCOLOR>
	        <AMBIENT_CELLCOLOR>0xFFFF9000</AMBIENT_CELLCOLOR>
	        <CAPTION_TEXTCOLOR>0xFFFF8C00</CAPTION_TEXTCOLOR>
	        <CAPTION_BACKCOLOR>0x005B5B5B</CAPTION_BACKCOLOR>
            	<DIALOG_BORDERCOLOR>0xFFFF8C00</DIALOG_BORDERCOLOR>
            	<DIALOG_BACKCOLOR>0xFF777777</DIALOG_BACKCOLOR>
            	<DIALOG_INNER_BORDERCOLOR>0xFFFF8C00</DIALOG_INNER_BORDERCOLOR>
            	<DIALOG_INNER_BACKCOLOR>0xFF222222</DIALOG_INNER_BACKCOLOR>
	        <DIALOG_TEXTCOLOR>0xFFFF8C00</DIALOG_TEXTCOLOR>
	        <DIALOG_DISABLEDTEXT>0x55828284</DIALOG_DISABLEDTEXT>
	        <OPTION_TEXTCOLOR>0xFF915D13</OPTION_TEXTCOLOR>
	        <OPTION_ACTIVETEXTCOLOR>0xFF000000</OPTION_ACTIVETEXTCOLOR>
	        <OPTION_ACTIVEBACKCOLOR>0xFF714E23</OPTION_ACTIVEBACKCOLOR>
	        <BUTTON_BORDERCOLOR>0xFFFF8C00</BUTTON_BORDERCOLOR>
	        <BUTTON_TEXTCOLOR>0xFFFF8C00</BUTTON_TEXTCOLOR>
	        <BUTTON_BACKCOLOR>0xFF0A0A0A</BUTTON_BACKCOLOR>
	        <BUTTON_ACTIVETEXTCOLOR>0xFF000000</BUTTON_ACTIVETEXTCOLOR>
	        <BUTTON_ACTIVEBACKCOLOR>0xFFFF8C00</BUTTON_ACTIVEBACKCOLOR>
	        <KB_KEYBG_HIGHLIGHT>0xFFE09436</KB_KEYBG_HIGHLIGHT>
	        <KB_KEYBG_DISABLED>0xFFC0C0C0</KB_KEYBG_DISABLED>
	        <KB_KEY_PRESSED>0xFF00FF00</KB_KEY_PRESSED>
	        <KB_KEY_NORMAL>0xFF000000</KB_KEY_NORMAL>
	        <KB_KEY_DISABLED>0x74000000</KB_KEY_DISABLED>
	        <KB_KEY_ACTIVEBORDER>0xFFFF8C00</KB_KEY_ACTIVEBORDER>
	        <KB_KEY_TEXTCOLOR>0xFF000000</KB_KEY_TEXTCOLOR>
	        <KB_KEY_TEXTBACKCOLOR>0xFFD0D0D0</KB_KEY_TEXTBACKCOLOR>
	        <KB_KEY_TEXTBORDERCOLOR>0xFFFF8C00</KB_KEY_TEXTBORDERCOLOR>
		<MENU_TEXTCOLOR>0xFF000000</MENU_TEXTCOLOR>
		<MENU_ACTIVETEXTCOLOR>0xFFFF8C00</MENU_ACTIVETEXTCOLOR>
		<MENU_BORDERCOLOR>0x00000000</MENU_BORDERCOLOR>
		<MENU_BACKCOLOR>0x00000000</MENU_BACKCOLOR>
		<MENU_ACTIVEBACKCOLOR>0x00000000</MENU_ACTIVEBACKCOLOR>
		<MENU_ACTIVEBORDERCOLOR>0x00000000</MENU_ACTIVEBORDERCOLOR>
		<WindowBackCOLOR>0xFF000000</WindowBackCOLOR>
		<WindowForeCOLOR>0xFFFF8C00</WindowForeCOLOR>
	</ColorScheme>
</Skin>














