<Skin Name="milkyX_1.0">
<Information>
<Author>_n3o_</Author>
<Copyright>mushroOm L@bs 2004</Copyright>
<Version>1</Version>
</Information>
<IntroMovie>C:\skins\milkyX_1.0\milkyintro.wmv</IntroMovie>
<Main globe="False" Orb="False">
<Background EnableAudio="True">bg_original.png</background>
<Image Top="26" Left="453" width="138" Height="142" Source="GameIcon"/>
<Image Source="GamePreview"/>
<Menu smooth="True" ShowArrows="False" ShowIcon="False" Rotate="False">
<Position left="93" Top="253" Width="178" Height="178" />
<Preview EnableAudio="True" left="309" Top="175" Width="283" Height="174" />
</Menu>
<Image Opacity="100" Top="0" Left="0" Width="640" Height="480">image.png</Image>
<Image Opacity="100" Top="19" Left="440" Width="160" Height="151">image1.png</Image>
<Image Opacity="100" Top="170" Left="306" Width="297" Height="183">image2.png</Image>
<Text Left="115" Top="79" Align="Left" Color="0xFFE3E0DC" Source="SongName"></Text>
<Text Left="135" Top="134" Align="Left" Color="0xFFE3E0DC" Source="DateTime"></Text>
<Text Left="144" Top="160" Align="Left" Color="0xFFE3E0DC" Source="Tray"></Text>
<Text Left="64" Top="183" Align="Left" Color="0xFFE3E0DC" Source="IP"></Text>
<Text Left="392" Top="364" Align="Left" Color="0xFFE3E0DC" Source="C_Free"></Text>
<Text Left="392" Top="392" Align="Left" Color="0xFFE3E0DC" Source="E_Free"></Text>
<Text Left="394" Top="420" Align="Left" Color="0xFFE3E0DC" Source="F_Free"></Text>
</Main>
<FileManager>
<Background>fmbg.png</Background>
</FileManager>
<LoadingScreen ShowInfo="true">
<Background>outro.wmv</Background>
</LoadingScreen>
<ColorScheme>
<AMBIENT_FOGCOLOR></AMBIENT_FOGCOLOR>
<AMBIENT_SKYCOLOR></AMBIENT_SKYCOLOR>
<AMBIENT_CELLCOLOR></AMBIENT_CELLCOLOR>

<CAPTION_TEXTCOLOR>0xFFFFFFC0</CAPTION_TEXTCOLOR>
<CAPTION_BACKCOLOR>0xFF686485</CAPTION_BACKCOLOR>

<DIALOG_BORDERCOLOR>0xFF0C0A18</DIALOG_BORDERCOLOR>
<DIALOG_BACKCOLOR>0xCD636482</DIALOG_BACKCOLOR>
<DIALOG_INNER_BORDERCOLOR>0xFF636482</DIALOG_INNER_BORDERCOLOR>
<DIALOG_INNER_BACKCOLOR>0xE1004100</DIALOG_INNER_BACKCOLOR>
<DIALOG_TEXTCOLOR>0xFFFFFFFF</DIALOG_TEXTCOLOR>
<DIALOG_DISABLEDTEXT>0x7F086820</DIALOG_DISABLEDTEXT>

<OPTION_TEXTCOLOR>0xFF02C90C</OPTION_TEXTCOLOR>
<OPTION_ACTIVETEXTCOLOR>0xFFFFFFFF</OPTION_ACTIVETEXTCOLOR>
<OPTION_ACTIVEBACKCOLOR>0xFF02C90C</OPTION_ACTIVEBACKCOLOR>

<BUTTON_BORDERCOLOR>0xFF0C0A18</BUTTON_BORDERCOLOR>
<BUTTON_TEXTCOLOR>0xFF02C90C</BUTTON_TEXTCOLOR>
<BUTTON_BACKCOLOR>0xCD636482</BUTTON_BACKCOLOR>
<BUTTON_ACTIVETEXTCOLOR>0xFFFFFFFF</BUTTON_ACTIVETEXTCOLOR>
<BUTTON_ACTIVEBACKCOLOR>0xE102C90C</BUTTON_ACTIVEBACKCOLOR>	

<KB_KEYBG_HIGHLIGHT>0xCC00C000</KB_KEYBG_HIGHLIGHT>
<KB_KEYBG_DISABLED>0xffc0c0c0</KB_KEYBG_DISABLED>
<KB_KEY_PRESSED>0xff808080</KB_KEY_PRESSED>
<KB_KEY_NORMAL>0xff000000</KB_KEY_NORMAL>
<KB_KEY_DISABLED>0xff808080</KB_KEY_DISABLED>
<KB_KEY_ACTIVEBORDER>0xff008000</KB_KEY_ACTIVEBORDER>
<KB_KEY_TEXTCOLOR>0xff000000</KB_KEY_TEXTCOLOR>
<KB_KEY_TEXTBACKCOLOR>0xffFFFFFF</KB_KEY_TEXTBACKCOLOR>
<KB_KEY_TEXTBORDERCOLOR>0xff0000FF</KB_KEY_TEXTBORDERCOLOR>

<MENU_BORDERCOLOR></MENU_BORDERCOLOR>
<MENU_BACKCOLOR></MENU_BACKCOLOR>
<MENU_ACTIVEBACKCOLOR></MENU_ACTIVEBACKCOLOR>
<MENU_ACTIVEBORDERCOLOR></MENU_ACTIVEBORDERCOLOR>
<MENU_TEXTCOLOR>0xFFE3E0DC</MENU_TEXTCOLOR>
<MENU_ACTIVETEXTCOLOR>0xFFFFFFFF</MENU_ACTIVETEXTCOLOR>
</ColorScheme>
</Skin>



