<Skin name="PirateBoXv3">
	<Information>
		<Author>Kevin Kerr - http://fropco.com</Author>
		<Copyright>Copyright 2003</Copyright>
		<Version>UX Version: 0.35.0605A</Version>
	</Information>
	
	<Main Globe="False" Orb="False" Fog="False">
		<InfoFont>ti.xpr</InfoFont>
		<BackGround>back.jpg</BackGround>    
		<Image Top="183" Left="490" Width="70" Height="70" Source="GameIcon" />
		<Image Source="GamePreview" />
		<Text Left="365" Top="315" Align="Left" Color="0xFF000000" Source="E_FreeMB"></Text>
		<Text Left="365" Top="335" Align="Left" Color="0xFF000000" Source="F_FreeMB"></Text>
		<Text Left="365" Top="275" Align="Left" Color="0xFF000000" Source="MBTemp"></Text>
		<Text Left="365" Top="295" Align="Left" Color="0xFF000000" Source="CPUTemp"></Text>
		<Text Left="365" Top="235" Align="Left" Color="0xFF000000" Source="$Date$"></Text>
		<Text Left="365" Top="215" Align="Left" Color="0xFF000000" Source="$Time$"></Text>
		

	<Menu ShowArrows="False" Smooth="False" ShowIcon="False" Rotate="False" Scroll="True">
		<Position Top="210" Left="45" Width="288" Height="145"></Position>
		<Font>Adler_12.xpr</Font>
	</Menu>	
		<Text Left="365" Top="255" width="200" Align="Left" Color="0xFF000000" Source="DVDTitle" Scroll="1"></Text>
		<Text Left="111" Top="385" Color="0xFF000000" Source="SongTime"></Text>
		<Text Left="43" Top="415" width="235" Color="0xFF000000" Source="SongName"></Text>
		<Text Left="462" Top="384" Align="Right" Color="0xFF000000" Source="NumClient"></Text>
		<Text Left="330" Top="410" Align="Left" Color="0xFF000000" Source="IP"></Text>
	</Main>

	<LoadingScreen ShowInfo="False">
		<BackGround>wait.jpg</BackGround>
	</LoadingScreen>

	<FileManager>
		<BackGround>file.jpg</BackGround>
	</FileManager>
	
	<ColorScheme >
		<AMBIENT_FOGCOLOR>0xFF200000</AMBIENT_FOGCOLOR>
		<AMBIENT_SKYCOLOR>0xFF400000</AMBIENT_SKYCOLOR>
		<AMBIENT_CELLCOLOR>0x06C4310A</AMBIENT_CELLCOLOR>

		<CAPTION_TEXTCOLOR>0xFF000000</CAPTION_TEXTCOLOR>
		<CAPTION_BACKCOLOR>0xFF800000</CAPTION_BACKCOLOR>
		<DIALOG_BORDERCOLOR>0xFFFFFFFF</DIALOG_BORDERCOLOR>
		<DIALOG_BACKCOLOR>0xCDC00000</DIALOG_BACKCOLOR>
		<DIALOG_INNER_BORDERCOLOR>0xFF5B0000</DIALOG_INNER_BORDERCOLOR>
		<DIALOG_INNER_BACKCOLOR>0xFFD5D6C1</DIALOG_INNER_BACKCOLOR>
		<DIALOG_TEXTCOLOR>0xFF000000</DIALOG_TEXTCOLOR>

		<DIALOG_DISABLEDTEXT>0xAA000000</DIALOG_DISABLEDTEXT>

		<OPTION_TEXTCOLOR>0xFF000000</OPTION_TEXTCOLOR>
		<OPTION_ACTIVETEXTCOLOR>0xFF5B0000</OPTION_ACTIVETEXTCOLOR>
		<OPTION_ACTIVEBACKCOLOR>0xFF666666</OPTION_ACTIVEBACKCOLOR>

		<BUTTON_BORDERCOLOR>0xFF800000</BUTTON_BORDERCOLOR>
		<BUTTON_TEXTCOLOR>0xFF993300</BUTTON_TEXTCOLOR>
		<BUTTON_BACKCOLOR>0xCDC00000</BUTTON_BACKCOLOR>
		<BUTTON_ACTIVETEXTCOLOR>0xFFFFFFFF</BUTTON_ACTIVETEXTCOLOR>
		<BUTTON_ACTIVEBACKCOLOR>0xE1800000</BUTTON_ACTIVEBACKCOLOR>	
		
		<KB_KEYBG_HIGHLIGHT>0xCCC00000</KB_KEYBG_HIGHLIGHT>
		<KB_KEYBG_DISABLED>0xffc0c0c0</KB_KEYBG_DISABLED>
		<KB_KEY_PRESSED>0xff808080</KB_KEY_PRESSED>
		<KB_KEY_NORMAL>0xff000000</KB_KEY_NORMAL>
		<KB_KEY_DISABLED>0xff808080</KB_KEY_DISABLED>
		<KB_KEY_ACTIVEBORDER>0xffFF0000</KB_KEY_ACTIVEBORDER>
		<KB_KEY_TEXTCOLOR>0xff000000</KB_KEY_TEXTCOLOR>
		<KB_KEY_TEXTBACKCOLOR>0xffFFFFFF</KB_KEY_TEXTBACKCOLOR>
		<KB_KEY_TEXTBORDERCOLOR>0xffFF0000</KB_KEY_TEXTBORDERCOLOR>
		
		<MENU_TEXTCOLOR>0xFF000000</MENU_TEXTCOLOR>
		<MENU_ACTIVETEXTCOLOR>0xFF5B0000</MENU_ACTIVETEXTCOLOR>
		<MENU_BORDERCOLOR>0x00000000</MENU_BORDERCOLOR>
		<MENU_BACKCOLOR>0x00000000</MENU_BACKCOLOR>
		<MENU_ACTIVEBACKCOLOR>0x00000000</MENU_ACTIVEBACKCOLOR>
		<MENU_ACTIVEBORDERCOLOR>0x00000000</MENU_ACTIVEBORDERCOLOR>
	</ColorScheme>
</Skin>