<Skin name="IcE">
	<Information>
		<Author>AzA</Author>
		<Copyright>Copyright 2003</Copyright>
		<Version>1.0</Version>
	</Information>
	<Main Globe="True" Orb="False">
		<BackGround>Background.png</BackGround>
		<GameIcon Enable="True" Opacity="40">
			<Position Top="40" Left="300" Width="225" Height="170" />
		</GameIcon>
		<Menu Smooth="True" Align="Middle" Rotate="False" ShowIcon="False">
		<Position Top="260" Left="400" Width="25" Height="100" Fixed="False" FixAt="5" MaxItem="5">
		</Position>

	</Menu>
		<Text Left="55" Top="30" Align="Left" Color="0xFFFFFFFF" Source="DateTime"></Text>
		<Text Left="65" Top="150" Align="Left" Color="0xFFFFFFFF" Source="C_FreeMB"></Text>
		<Text Left="65" Top="170" Align="Left" Color="0xFFFFFFFF" Source="E_FreeMB"></Text>
		<Text Left="65" Top="190" Align="Left" Color="0xFFFFFFFF" Source="F_FreeMB"></Text>
		
		<Text Left="560" Top="225" Align="Right" Color="0xFFFFFFFF" Source="Tray"></Text>
		<Text Left="410" Top="10" Align="Right" Color="0xFFFFFFFF" Source="NickName"></Text>
		<Text Left="55" Top="70" Color="0xFFFFFFFF" Source="SongName"></Text>
		<Text Left="55" Top="90" Color="0xFFFFFFFF" Source="SongTime"></Text>
		<Text Left="65" Top="230" Color="0xFFFFFFFF" Source="FanSpeed"></Text>
                <Text Left="65" Top="250" Color="0xFFFFFFFF" Source="Version"></Text>
		<Text Left="65" Top="290" Align="Left" Color="0xFFFFFFFF" Source="CPUTemp"></Text>
		<Text Left="65" Top="310" Align="Left" Color="0xFFFFFFFF" Source="MBTemp"></Text>
		
                <Text Left="98" Top="358" Align="Left" Color="oxFFFFFFFF" Source="NumClient"></Text>
		<Text Left="215" Top="450" Align="Left" Color="0xFFFFFFFF" Source="IP"></Text>
		<Text Left="190" Top="425" Align="Left" Color="0xFFFFFFFF" Source="AppVersion"></Text>
	</Main>
		<ColorScheme Name="IcE">
			<AMBIENT_FOGCOLOR>0xFF000040</AMBIENT_FOGCOLOR>
			<AMBIENT_SKYCOLOR>0xFF000040</AMBIENT_SKYCOLOR>
			<AMBIENT_CELLCOLOR>0x065A79CE</AMBIENT_CELLCOLOR>
			<CAPTION_TEXTCOLOR>0xFFFFFFC0</CAPTION_TEXTCOLOR>
			<CAPTION_BACKCOLOR>0xFF4274FF</CAPTION_BACKCOLOR>
			<DIALOG_BORDERCOLOR>0xFFFFFFFF</DIALOG_BORDERCOLOR>
			<DIALOG_BACKCOLOR>0xFF1E34F2</DIALOG_BACKCOLOR>
			<DIALOG_INNER_BORDERCOLOR>0xFFFFE2B4</DIALOG_INNER_BORDERCOLOR>
			<DIALOG_INNER_BACKCOLOR>0xE1003399</DIALOG_INNER_BACKCOLOR>
			<DIALOG_TEXTCOLOR>0xFFFFFFFF</DIALOG_TEXTCOLOR>
			<DIALOG_DISABLEDTEXT>0x7F0000C0</DIALOG_DISABLEDTEXT>
			<OPTION_TEXTCOLOR>0xFFFFFFFF</OPTION_TEXTCOLOR>
			<OPTION_ACTIVETEXTCOLOR>0xFF40FFFF</OPTION_ACTIVETEXTCOLOR>
			<OPTION_ACTIVEBACKCOLOR>0xFF000080</OPTION_ACTIVEBACKCOLOR>
			<BUTTON_BORDERCOLOR>0xFFFFE2B4</BUTTON_BORDERCOLOR>
			<BUTTON_TEXTCOLOR>0xFF993300</BUTTON_TEXTCOLOR>
			<BUTTON_BACKCOLOR>0xCD1E34F2</BUTTON_BACKCOLOR>
			<BUTTON_ACTIVETEXTCOLOR>0xFFFFFFFF</BUTTON_ACTIVETEXTCOLOR>
			<BUTTON_ACTIVEBACKCOLOR>0xE1003399</BUTTON_ACTIVEBACKCOLOR>
			<KB_KEYBG_HIGHLIGHT>0xcc0000C0</KB_KEYBG_HIGHLIGHT>
			<KB_KEYBG_DISABLED>0xffc0c0c0</KB_KEYBG_DISABLED>
			<KB_KEY_PRESSED>0xff808080</KB_KEY_PRESSED>
			<KB_KEY_NORMAL>0xff000000</KB_KEY_NORMAL>
			<KB_KEY_DISABLED>0xff808080</KB_KEY_DISABLED>
			<KB_KEY_ACTIVEBORDER>0xff0000FF</KB_KEY_ACTIVEBORDER>
			<KB_KEY_TEXTCOLOR>0xff000000</KB_KEY_TEXTCOLOR>
			<KB_KEY_TEXTBACKCOLOR>0xffFFFFFF</KB_KEY_TEXTBACKCOLOR>
			<KB_KEY_TEXTBORDERCOLOR>0xff0000FF</KB_KEY_TEXTBORDERCOLOR>
			<MENU_TEXTCOLOR>0x99FFFFFF</MENU_TEXTCOLOR>
			<MENU_ACTIVETEXTCOLOR>0xFFFBFA8F</MENU_ACTIVETEXTCOLOR>
			<MENU_BORDERCOLOR>0x00000000</MENU_BORDERCOLOR>
			<MENU_BACKCOLOR>0x00000000</MENU_BACKCOLOR>
			<MENU_ACTIVEBACKCOLOR>0x00000000</MENU_ACTIVEBACKCOLOR>
			<MENU_ACTIVEBORDERCOLOR>0x00000000</MENU_ACTIVEBORDERCOLOR>
		</ColorScheme>
</Skin>