<Skin name="clara_morgan">
	<Information>
		<Author>emulamateur</Author>
		<Version>1</Version>
		<Copyright>Photos non libres de droit - usage exclusivement priv� </Copyright>
	</Information>
		

	<Filemanager SafeBorder="False" DrawBorder="True">
		<Background>fm.png</Background>
	</Filemanager>

	<Main Globe="False" Orb="False" Fog="False">
		<Background>bg.png</Background>
		<Menu Smooth="False" Align="Left" Rotate="False" ShowIcon="False" ShowArrows="False" Horizontal="False">
			<ItemPos Left="410" Top="233" Width="188" Height="18"></ItemPos>
			<ItemPos Left="410" Top="270" Width="188" Height="18"></ItemPos>
			<ItemPos Left="410" Top="302" Width="188" Height="18"></ItemPos>
			<ItemPos Left="410" Top="335" Width="188" Height="18"></ItemPos>
			<ItemPos Left="410" Top="370" Width="188" Height="18"></ItemPos>
			<ItemPos Left="410" Top="403" Width="188" Height="18"></ItemPos>
		</Menu>

		<InfoFont>ComicSans-12.xpr</InfoFont>
		<Text Left="20" Top="400" Width="210" Align="Left" Color="0xFF000000" Source="C_FreeMB"></Text>
		<Text Left="20" Top="418" Width="210" Align="Left" Color="0xFF000000" Source="E_FreeMB"></Text>
		<Text Left="20" Top="436" Width="210" Align="Left" Color="0xFF000000" Source="F_FreeMB"></Text>
		<Text Left="20" Top="382" Width="210" Align="Left" Color="0xFF000000" Source="Tray"></Text>

		<Text Left="380" Top="40" Width="100" Align="Left" Color="0xFFFFFFFF" Source="$Date$"></Text>
		<Text Left="490" Top="40" Width="100" Align="Left" Color="0xFFFFFFFF" Source="$Time$"></Text>
		

		<Text Left="425" Top="280" Width="210" Align="Left" Color="0xFF482700" Source="SoundTrack"></Text>
		<Text Left="425" Top="299" Width="210" Align="Left" Color="0xFF482700" Source="SongName"></Text>

		<Text Left="380" Top="190" Width="210" Align="Left" Color="0xFFFFFFFF" Source="IP"></Text>
		<Text Left="380" Top="170" Width="100" Align="Left" Color="0xFFFFFFFF" Source="NumClient"></Text>

		
		<Image Left="80" Top="110" Width="120" Height="120" Source="GameIcon" />
	</Main>

	<LoadingScreen ShowInfo="False">
		<Background>loading.png</Background>
	</LoadingScreen>
	
	<ColorScheme >
            <AMBIENT_FOGCOLOR>0x00FFFFFF</AMBIENT_FOGCOLOR>
            <AMBIENT_SKYCOLOR>0x0000000F</AMBIENT_SKYCOLOR>
            <AMBIENT_CELLCOLOR>0x0000C000</AMBIENT_CELLCOLOR>
            <CAPTION_TEXTCOLOR>0xFFFF8000</CAPTION_TEXTCOLOR>
            <CAPTION_BACKCOLOR>0x64808080</CAPTION_BACKCOLOR>
            <DIALOG_BORDERCOLOR>0xFF000000</DIALOG_BORDERCOLOR>
            <DIALOG_BACKCOLOR>0x64808080</DIALOG_BACKCOLOR>
            <DIALOG_INNER_BORDERCOLOR>0xC8000000</DIALOG_INNER_BORDERCOLOR>
            <DIALOG_INNER_BACKCOLOR>0x5A808080</DIALOG_INNER_BACKCOLOR>
            <DIALOG_TEXTCOLOR>0xFFFFFFFF</DIALOG_TEXTCOLOR>
            <DIALOG_DISABLEDTEXT>0xFFB3B3B4</DIALOG_DISABLEDTEXT>
            <OPTION_TEXTCOLOR>0xFFFFFFFF</OPTION_TEXTCOLOR>
            <OPTION_ACTIVETEXTCOLOR>0xFFFF8000</OPTION_ACTIVETEXTCOLOR>
            <OPTION_ACTIVEBACKCOLOR>0x50808080</OPTION_ACTIVEBACKCOLOR>
            <BUTTON_BORDERCOLOR>0xC8000000</BUTTON_BORDERCOLOR>
            <BUTTON_TEXTCOLOR>0xFFFFFFFF</BUTTON_TEXTCOLOR>
            <BUTTON_BACKCOLOR>0xFF525252</BUTTON_BACKCOLOR>
            <BUTTON_ACTIVETEXTCOLOR>0xFFFFFFFF</BUTTON_ACTIVETEXTCOLOR>
            <BUTTON_ACTIVEBACKCOLOR>0xFF808080</BUTTON_ACTIVEBACKCOLOR>
            <KB_KEYBG_HIGHLIGHT>0x19575757</KB_KEYBG_HIGHLIGHT>
            <KB_KEYBG_DISABLED>0x78C0C0C0</KB_KEYBG_DISABLED>
            <KB_KEY_PRESSED>0xFF008000</KB_KEY_PRESSED>
            <KB_KEY_NORMAL>0xFF000000</KB_KEY_NORMAL>
            <KB_KEY_DISABLED>0x78808080</KB_KEY_DISABLED>
            <KB_KEY_ACTIVEBORDER>0xFFFF0000</KB_KEY_ACTIVEBORDER>
            <KB_KEY_TEXTCOLOR>0xFF000000</KB_KEY_TEXTCOLOR>
            <KB_KEY_TEXTBACKCOLOR>0xFFFFFFFF</KB_KEY_TEXTBACKCOLOR>
            <KB_KEY_TEXTBORDERCOLOR>0x780000FF</KB_KEY_TEXTBORDERCOLOR>
            <MENU_TEXTCOLOR>0xC0C0C0FF</MENU_TEXTCOLOR>
            <MENU_ACTIVETEXTCOLOR>0x808080FF</MENU_ACTIVETEXTCOLOR>
            <MENU_BORDERCOLOR>0xFFFF8040</MENU_BORDERCOLOR>
            <MENU_BACKCOLOR>0xFF000000</MENU_BACKCOLOR>
            <MENU_ACTIVEBACKCOLOR>0x00000000</MENU_ACTIVEBACKCOLOR>
            <MENU_ACTIVEBORDERCOLOR>0x00000000</MENU_ACTIVEBORDERCOLOR>
	</ColorScheme>
</Skin>

