<Skin name="Ascendance">
	<Information>
		<Author>NaMrrAc</Author>
		<Copyright>xml file from Doc Fx, Background from Ryan Bliss (www.digitalblasphemy.com)</Copyright>
		<Versionv3.0</Version>
	</Information>
	<IntroMovie></IntroMovie>
	<FileManager>
		<BackGround>FMBG.png</BackGround>
	</FileManager>
	<LoadingScreen ShowInfo="True">
		<BackGround>bg.png</BackGround>
	</LoadingScreen>
	<Main Globe="False" Orb="False">
		<BackGround>bg.png</BackGround>
		<Image Top="0" Left="0" width="640" Height="480">icon.png</Image>		
		<GameIcon Enable="True" Opacity="70">
			<Position Top="103" Left="267" Width="240" Height="240" />
		</GameIcon>
		<Menu Smooth="True" Align="Left" ShowIcon="False" Rotate="False">
			<BackColor>0x000000</BackColor>
			<BorderColor Width="1">0xFFFFFFFF</BorderColor>
			<Font WidthFactor="1.0" HeightFactor="1.0"></Font>
			<Position Top="330" Left="280" Width="240" Height="140" Fixed="True" FixAt="4"></Position>
			<Preview EnableAudio="True" Left="160" Top="162" Width="190" Height="130" />
		</Menu>
		<Text Left="430" Top="370" Align="Left" Color="0xFFFFFFFF" Source="C_FreeMB"></Text>
		<Text Left="428" Top="369" Align="Left" Color="0xFF3333f3" Source="C_FreeMB"></Text>
		<Text Left="430" Top="390" Align="Left" Color="0xFFFFFFFF" Source="Tray"></Text>
		<Text Left="428" Top="389" Align="Left" Color="0xFF3333f3" Source="Tray"></Text>
		<Text Left="430" Top="410" Align="Left" Color="0xFFFFFFFF" Source="E_FreeMB"></Text>
		<Text Left="428" Top="409" Align="Left" Color="0xFF3333f3" Source="E_FreeMB"></Text>
		<Text Left="430" Top="430" Align="Left" Color="0xFFFFFFFF" Source="F_FreeMB"></Text>
		<Text Left="428" Top="429" Align="Left" Color="0xFF3333f3" Source="F_FreeMB"></Text>
		<Text Left="35" Top="370" Align="Left" Color="0xFFFFFFFF" Source="NickName"></Text>
		<Text Left="33" Top="369" Align="Left" Color="0xFFddff5f" Source="NickName"></Text>
		<Text Left="35" Top="390" Align="Left" Color="0xFFFFFFFF" Source="CPUTemp"></Text>
		<Text Left="33" Top="389" Align="Left" Color="0xFFddff5f" Source="CPUTemp"></Text>
		<Text Left="35" Top="410" Color="0xFFFFFFFF" Source="IP"></Text>
		<Text Left="33" Top="409" Color="0xFFddff5f" Source="IP"></Text>
		<Text Left="35" Top="430" Color="0xFFFFFFFF" Source="SongName"></Text>
		<Text Left="33" Top="429" Color="0xFFddff5f" Source="SongName"></Text>
		<Text Left="320" Top="20" Color="0xFFFFFFFF" Source="Newsfeed" Align="Middle"></Text>
	</Main>
	<ColorScheme Name="Default">
		<AMBIENT_FOGCOLOR>0xFF200000</AMBIENT_FOGCOLOR>
		<AMBIENT_SKYCOLOR>0xFF400000</AMBIENT_SKYCOLOR>
		<AMBIENT_CELLCOLOR>0x06C4310A</AMBIENT_CELLCOLOR>

		<CAPTION_TEXTCOLOR>0xFFFFFFFF</CAPTION_TEXTCOLOR>
		<CAPTION_BACKCOLOR>0xC7000000</CAPTION_BACKCOLOR>
		<DIALOG_BORDERCOLOR>0x00000000</DIALOG_BORDERCOLOR>
		<DIALOG_BACKCOLOR>0xFF808080</DIALOG_BACKCOLOR>
		<DIALOG_INNER_BORDERCOLOR>0x00000000</DIALOG_INNER_BORDERCOLOR>
		<DIALOG_INNER_BACKCOLOR>0xFF626262</DIALOG_INNER_BACKCOLOR>
		<DIALOG_TEXTCOLOR>0xFFFFFFFF</DIALOG_TEXTCOLOR>

		<DIALOG_DISABLEDTEXT>0x7FC00000</DIALOG_DISABLEDTEXT>

		<OPTION_TEXTCOLOR>0xFFffffff</OPTION_TEXTCOLOR>
		<OPTION_ACTIVETEXTCOLOR>0xFF000000</OPTION_ACTIVETEXTCOLOR>
		<OPTION_ACTIVEBACKCOLOR>0xFFf03333</OPTION_ACTIVEBACKCOLOR>

		<BUTTON_BORDERCOLOR>0xFFFFFFFF</BUTTON_BORDERCOLOR>
		<BUTTON_TEXTCOLOR>0xFFFFFFFF</BUTTON_TEXTCOLOR>
		<BUTTON_BACKCOLOR>0xFF0055EA</BUTTON_BACKCOLOR>
		<BUTTON_ACTIVETEXTCOLOR>0xFF0055EA</BUTTON_ACTIVETEXTCOLOR>
		<BUTTON_ACTIVEBACKCOLOR>0xFFFFFFFF</BUTTON_ACTIVEBACKCOLOR>	
		
		<KB_KEYBG_HIGHLIGHT>0xCC00C000</KB_KEYBG_HIGHLIGHT>
		<KB_KEYBG_DISABLED>0xffc0c0c0</KB_KEYBG_DISABLED>
		<KB_KEY_PRESSED>0xff808080</KB_KEY_PRESSED>
		<KB_KEY_NORMAL>0xff000000</KB_KEY_NORMAL>
		<KB_KEY_DISABLED>0xff808080</KB_KEY_DISABLED>
		<KB_KEY_ACTIVEBORDER>0xff008000</KB_KEY_ACTIVEBORDER>
		<KB_KEY_TEXTCOLOR>0xff000000</KB_KEY_TEXTCOLOR>
		<KB_KEY_TEXTBACKCOLOR>0xffFFFFFF</KB_KEY_TEXTBACKCOLOR>
		<KB_KEY_TEXTBORDERCOLOR>0xff0000FF</KB_KEY_TEXTBORDERCOLOR>
		
		<MENU_TEXTCOLOR>0x99FFFFFF</MENU_TEXTCOLOR>
		<MENU_ACTIVETEXTCOLOR>0xFFFF4040</MENU_ACTIVETEXTCOLOR>
		<MENU_BORDERCOLOR>0x00000000</MENU_BORDERCOLOR>
		<MENU_BACKCOLOR>0x00000000</MENU_BACKCOLOR>
		<MENU_ACTIVEBACKCOLOR>0x00000000</MENU_ACTIVEBACKCOLOR>
		<MENU_ACTIVEBORDERCOLOR>0x00000000</MENU_ACTIVEBORDERCOLOR>
	</ColorScheme>
</Skin>