﻿<Skin name="Hulk ZXB1">
    <Information>
        <Author>ZXB:Emmoyapr</Author>
        <Version>1</Version>
        <Copyright>2005</Copyright>
        <Skinner Name="UX Architect" Version="1.0c" />
    </Information>
    <IntroMovie>hulk intro1_NEW.wmv</IntroMovie>
    <Filemanager SafeBorder="False">
        <Background>hulk-poster06.jpg</Background>
    </Filemanager>
    <LoadingScreen ShowInfo="True">
        <Background>hulk LOADING_NEW.wmv</Background>
    </LoadingScreen>
    <Main Globe="False" Orb="False" Fog="False">
        <Background EnableAudio="False">hulk-01.png</Background>
        <InfoFont>20thCentury-12.xpr</InfoFont>
        <Text Top="73" Left="435" Width="200" Scroll="0" Color="0xFFFFFFFF" Source="C_Free" Align="Left" />
        <Text Top="92" Left="437" Width="200" Scroll="0" Color="0xFFFFFFFF" Source="E_Free" Align="Left" />
        <Text Top="111" Left="437" Width="200" Scroll="0" Color="0xFFFFFFFF" Source="F_Free" Align="Left" />
        <Text Top="130" Left="436" Width="200" Scroll="0" Color="0xFFFFFFFF" Source="Tray" Align="Left" />
        <Text Top="390" Left="516" Width="110" Scroll="0" Color="0xFFFFFFFF" Source="SoundTrack" Align="Left" />
        <Text Top="409" Left="516" Width="110" Scroll="0" Color="0xFFFFFFFF" Source="SongName" Align="Left" />
        <Text Top="428" Left="515" Width="110" Scroll="0" Color="0xFFFFFFFF" Source="SongTime" Align="Left" />
        <Text Top="451" Left="247" Width="200" Scroll="0" Color="0xFFFFFFFF" Source="IP" Align="Left" />
        <Text Top="451" Left="501" Width="141" Scroll="0" Color="0xFFFFFFFF" Source="SkinAuthor" Align="Left" />
        <Text Top="11" Left="545" Width="86" Scroll="0" Color="0xFFFFFFFF" Source="ZXB-XBOX" Align="Left" />
        <Image Top="97" Left="62" Width="160" Height="89" Source="GameIcon" />
        <Image Source="GamePreview" />
        <Image Top="0" Left="-5" Width="663" Height="479" Opacity="100">Hulk BG 1.png</Image>
        <Image Top="9" Left="475" Width="64" Height="64" Opacity="100">HardDisk.png</Image>
        <Image Top="328" Left="524" Width="65" Height="62" Opacity="100">Audio.png</Image>
        <Image Top="282" Left="300" Width="88" Height="88" Opacity="100">orb1.png</Image>
        <Image Top="11" Left="160" Width="212" Height="66" Opacity="100">unleashx8.png</Image>
        <Image Top="228" Left="9" Width="25" Height="25" Opacity="100">orb1.png</Image>
        <Image Top="257" Left="9" Width="25" Height="25" Opacity="100">orb1.png</Image>
        <Image Top="286" Left="9" Width="25" Height="25" Opacity="100">orb1.png</Image>
        <Image Top="315" Left="9" Width="25" Height="25" Opacity="100">orb1.png</Image>
        <Image Top="344" Left="9" Width="25" Height="25" Opacity="100">orb1.png</Image>
        <Image Top="373" Left="9" Width="25" Height="25" Opacity="100">orb1.png</Image>
        <Image Top="403" Left="9" Width="25" Height="25" Opacity="100">orb1.png</Image>
        <Image Top="434" Left="9" Width="25" Height="25" Opacity="100">orb1.png</Image>
        <Menu Align="Left" ShowIcon="False" ShowArrows="False">
            <Preview EnableAudio="True" Top="99" Left="64" Width="155" Height="86" />
            <ItemPos Top="233" Left="34" Width="200"></ItemPos>
            <ItemPos Top="262" Left="34" Width="200"></ItemPos>
            <ItemPos Top="292" Left="34" Width="200"></ItemPos>
            <ItemPos Top="321" Left="34" Width="200"></ItemPos>
            <ItemPos Top="350" Left="34" Width="200"></ItemPos>
            <ItemPos Top="379" Left="34" Width="200"></ItemPos>
            <ItemPos Top="409" Left="34" Width="200"></ItemPos>
            <ItemPos Top="440" Left="34" Width="200"></ItemPos>
            <Font>20thCentury-14.xpr</Font>
        </Menu>
        <ColorScheme>
            <AMBIENT_FOGCOLOR>0xFFFFFFFF</AMBIENT_FOGCOLOR>
            <AMBIENT_SKYCOLOR>0xFF00000F</AMBIENT_SKYCOLOR>
            <AMBIENT_CELLCOLOR>0xFF00C000</AMBIENT_CELLCOLOR>
            <CAPTION_TEXTCOLOR>0xFFFFFFFF</CAPTION_TEXTCOLOR>
            <CAPTION_BACKCOLOR>0xFF000000</CAPTION_BACKCOLOR>
            <DIALOG_BORDERCOLOR>0xFFFFFF00</DIALOG_BORDERCOLOR>
            <DIALOG_BACKCOLOR>0xFF008040</DIALOG_BACKCOLOR>
            <DIALOG_INNER_BORDERCOLOR>0xFFFFFF00</DIALOG_INNER_BORDERCOLOR>
            <DIALOG_INNER_BACKCOLOR>0xFF000000</DIALOG_INNER_BACKCOLOR>
            <DIALOG_TEXTCOLOR>0xFFFFFFFF</DIALOG_TEXTCOLOR>
            <DIALOG_DISABLEDTEXT>0xFFB3B3B4</DIALOG_DISABLEDTEXT>
            <OPTION_TEXTCOLOR>0xFFFFFFFF</OPTION_TEXTCOLOR>
            <OPTION_ACTIVETEXTCOLOR>0xFFFFFFFF</OPTION_ACTIVETEXTCOLOR>
            <OPTION_ACTIVEBACKCOLOR>0xFF00FF00</OPTION_ACTIVEBACKCOLOR>
            <BUTTON_BORDERCOLOR>0xFFFFFFFF</BUTTON_BORDERCOLOR>
            <BUTTON_TEXTCOLOR>0xFFFFFFFF</BUTTON_TEXTCOLOR>
            <BUTTON_BACKCOLOR>0xFF008000</BUTTON_BACKCOLOR>
            <BUTTON_ACTIVETEXTCOLOR>0xFF000000</BUTTON_ACTIVETEXTCOLOR>
            <BUTTON_ACTIVEBACKCOLOR>0xFFFFFF00</BUTTON_ACTIVEBACKCOLOR>
            <KB_KEYBG_HIGHLIGHT>0xFFFFFF00</KB_KEYBG_HIGHLIGHT>
            <KB_KEYBG_DISABLED>0xFFC0C0C0</KB_KEYBG_DISABLED>
            <KB_KEY_PRESSED>0xFF008000</KB_KEY_PRESSED>
            <KB_KEY_NORMAL>0xFF000000</KB_KEY_NORMAL>
            <KB_KEY_DISABLED>0xFF808080</KB_KEY_DISABLED>
            <KB_KEY_ACTIVEBORDER>0xFFFFFF00</KB_KEY_ACTIVEBORDER>
            <KB_KEY_TEXTCOLOR>0xFF000000</KB_KEY_TEXTCOLOR>
            <KB_KEY_TEXTBACKCOLOR>0xFFFFFFFF</KB_KEY_TEXTBACKCOLOR>
            <KB_KEY_TEXTBORDERCOLOR>0xFFFFFF00</KB_KEY_TEXTBORDERCOLOR>
            <MENU_TEXTCOLOR>0xFFFFFFFF</MENU_TEXTCOLOR>
            <MENU_ACTIVETEXTCOLOR>0xFF00FF00</MENU_ACTIVETEXTCOLOR>
        </ColorScheme>
    </Main>
</Skin>