<Skin Name="metal">
<Information>
<Author>ace664</Author>
<Copyright>2007 Skinned by Sketchy Skinner</Copyright>
<Version>1</Version>
</Information>
<Main globe="False" Orb="False">
<InfoFont>Bloodgutter_99_14.xpr</InfoFont>
<Background EnableAudio="True">bg.png</background>
<Menu smooth="True" ShowArrows="False" ShowIcon="False" Rotate="False">
<Position left="19" Top="126" Width="174" Height="226" />
<Preview EnableAudio="True" left="297" Top="272" Width="90" Height="101" />
<Font>Blood_of_Dracula_22.xpr</Font>
</Menu>
<Text Left="620" Top="13" Align="Right" Color="0xFFEAEAEE" Source="Tray"></Text>
<Text Left="620" Top="43" Align="Right" Color="0xFFEAEAEE" Source="DvdTitle"></Text>
<Text Left="620" Top="73" Align="Right" Color="0xFFEAEAEE" Source="E_FreeMB"></Text>
<Text Left="620" Top="103" Align="Right" Color="0xFFEAEAEE" Source="F_FreeMB"></Text>
<Text Left="620" Top="133" Align="Right" Color="0xFFEAEAEE" Source="CPUTemp"></Text>
<Text Left="620" Top="163" Align="Right" Color="0xFFEAEAEE" Source="MBTemp"></Text>
<Text Left="620" Top="193" Align="Right" Color="0xFFEAEAEE" Source="NickName"></Text>
<Text Left="620" Top="223" Align="Right" Color="0xFFEAEAEE" Source="SoundTrack"></Text>
<Text Left="620" Top="253" Align="Right" Color="0xFFEAEAEE" Source="SongName"></Text>
<Text Left="620" Top="283" Align="Right" Color="0xFFEAEAEE" Source="SongTime"></Text>
<Text Left="620" Top="283" Align="Right" Color="0xFFEAEAEE" Source="SongTime"></Text>
<Text Left="23" Top="325" Scroll="2" width="300" Align="Left" Color="0xFFFF0429" Source="NewsFeed"></Text>
<Text Top="43" Left="16" Color="0xFFEAEAEE" Source="DateTime" Align="Left" />
<Image Top="247" Left="290" width="55" Height="68" Source="GameIcon"/>
<Image Source="GamePreview"/>
</Main>
<FileManager>
<Background>fmbg.png</Background>
</FileManager>
<LoadingScreen ShowInfo="False">
<Background>load.png</Background>
</LoadingScreen>
<ColorScheme>
<MENU_TEXTCOLOR>0xFFB3001B</MENU_TEXTCOLOR>
<MENU_ACTIVETEXTCOLOR>0xFFFF0429</MENU_ACTIVETEXTCOLOR>



</ColorSceme>
</Skin>





























