﻿<Skin name="Street Fighter">
	<Information>
		<Author>Michael Johnson</Author>
		<Copyright>Copyright 2005 to forever</Copyright>
	 	<Version>1</Version>
	</Information>
	<Fonts>
		<Font Name="Common10">common-font10.xpr</Font>
		<Font Name="Common12">common-font12.xpr</Font>
		<Font Name="Common14">common-font14.xpr</Font>
		<Font Name="Special">special-normal-pal.xpr</Font>
		<Font Name="SpecialBold">special-bold.xpr</Font>
	</Fonts>	
	<Main Globe="false" Orb="False" Fog="false">
		<Cellwall></Cellwall>
		<Orb></Orb>
		<Icon></Icon>
		<Background EnableAudio="False">street fighter.png</Background>
		
		<Menu Align="Middle" ShowIcon="False" ShowArrows="False">

		<Preview EnableAudio="False" Top="17" Left="363" Width="250" Height="188" />
                <ItemPos Top="215" Left="360" Width="256"></ItemPos>
                <ItemPos Top="245" Left="360" Width="256"></ItemPos>
                <ItemPos Top="275" Left="360" Width="256"></ItemPos>
                <ItemPos Top="305" Left="360" Width="256"></ItemPos>
                <ItemPos Top="335" Left="360" Width="256"></ItemPos>
		<Font>Common12</Font>
		
		</Menu>
		
		<Image Top="215" Left="360" Width="256" Height="140" zIndex="2" Opacity="100">white.png</Image>
		<Image Top="272" Left="60" Width="219" Height="30" zIndex="2" Opacity="100">white.png</Image>
		<Image Top="15" Left="360" Width="256" Height="196" zIndex="2" Opacity="100">white.png</Image>
        	<Image Top="365" Left="514" Width="102" Height="100" zIndex="2" Opacity="100">white.png</Image>
        	<Image Top="401" Left="25" Width="285" Height="64" zIndex="2" Opacity="100">white.png</Image>
        	<Image Top="320" Left="25" Width="285" Height="64" zIndex="2" Opacity="100">white.png</Image>
        	<Image Top="367" Left="517" Width="96" Height="96" zIndex="3" Source="GameIcon" />
        	<Image Top="320" Left="25" Width="64" Height="64" zIndex="3" Opacity="85">settings-music-focus.png</Image>
        	<Image Top="401" Left="25" Width="64" Height="64" zIndex="3" Opacity="85">HardDisk.png</Image>
		<Image zIndex="3" Source="GamePreview"/>

		
		<InfoFont>Common10</InfoFont>    
                  <Text Top="322" Left="89" Align="Left" Width="220" Scroll="0" Color="0xFFFFFFFF" Font="SpecialBold" zIndex="4" Source="SongName"></Text>
                  <Text Top="344" Left="89" Align="Left" Width="220" Scroll="0" Color="0xFFFFFFFF" zIndex="4" Source="SoundTrack"></Text>
                  <Text Top="355" Left="89" Align="Left" Width="230" Scroll="0" Color="0xFFFFFFFF" ScaleX="100" ScaleY="100" Font="Special" zIndex="4" Source="SongTime"></Text>

                  <Text Top="406" Left="94" Align="Left" Width="220" Scroll="0" Color="0xFFFFFFFF" ScaleX="100" ScaleY="100" Font="SmallFont" zIndex="4" Source="E_FreeMB"></Text>
                  <Text Top="424" Left="94" Align="Left" Width="220" Scroll="0" Color="0xFFFFFFFF" ScaleX="100" ScaleY="100" Font="SmallFont" zIndex="4" Source="F_FreeMB"></Text>
                  <Text Top="440" Left="94" Align="Left" Width="220" Scroll="0" Color="0xFFFFFFFF" ScaleX="100" ScaleY="100" Font="SmallFont" zIndex="4" Source="G_FreeMB"></Text>

                  <Text Top="276" Left="67" Align="Middle" Width="201" Scroll="0" Color="0xFFFFFFFF" ScaleX="100" ScaleY="100" Font="Common12" zIndex="4" Source="$DateTime$"></Text>	

     
         </Main>

	<IntroMovie></IntroMovie>
        <FileManager SafeBorder="true">
		<BackGround></BackGround>
		
	</FileManager>
	
	<LoadingScreen ShowInfo="False">
		<BackGround>sfloading.png</BackGround>
	</LoadingScreen>
	
	<ColorScheme>
            <AMBIENT_FOGCOLOR>0x00FFFFFF</AMBIENT_FOGCOLOR>
            <AMBIENT_SKYCOLOR>0x0000000F</AMBIENT_SKYCOLOR>
            <AMBIENT_CELLCOLOR>0x0000C000</AMBIENT_CELLCOLOR>
            <CAPTION_TEXTCOLOR>0xFFFFFFFF</CAPTION_TEXTCOLOR>
            <CAPTION_BACKCOLOR>0x64DEC8A1</CAPTION_BACKCOLOR>
            <DIALOG_BORDERCOLOR>0xFFFFFFFF</DIALOG_BORDERCOLOR>
            <DIALOG_BACKCOLOR>0x648B827B</DIALOG_BACKCOLOR>
            <DIALOG_INNER_BORDERCOLOR>0xC8000000</DIALOG_INNER_BORDERCOLOR>
            <DIALOG_INNER_BACKCOLOR>0x5A8B827B</DIALOG_INNER_BACKCOLOR>
            <DIALOG_TEXTCOLOR>0xFFFFFFFF</DIALOG_TEXTCOLOR>
            <DIALOG_DISABLEDTEXT>0xFFB3B3B4</DIALOG_DISABLEDTEXT>
            <OPTION_TEXTCOLOR>0xFFFFFFFF</OPTION_TEXTCOLOR>
            <OPTION_ACTIVETEXTCOLOR>0xFF000000</OPTION_ACTIVETEXTCOLOR>
            <OPTION_ACTIVEBACKCOLOR>0x50FFFFFF</OPTION_ACTIVEBACKCOLOR>
            <BUTTON_BORDERCOLOR>0xC8000000</BUTTON_BORDERCOLOR>
            <BUTTON_TEXTCOLOR>0xFFFFFFFF</BUTTON_TEXTCOLOR>
            <BUTTON_BACKCOLOR>0xFF8B827B</BUTTON_BACKCOLOR>
            <BUTTON_ACTIVETEXTCOLOR>0xFFFFFFFF</BUTTON_ACTIVETEXTCOLOR>
            <BUTTON_ACTIVEBACKCOLOR>0x96DEC8A1</BUTTON_ACTIVEBACKCOLOR>
            <KB_KEYBG_HIGHLIGHT>0x19DEC8A1</KB_KEYBG_HIGHLIGHT>
            <KB_KEYBG_DISABLED>0x78FFFFFF</KB_KEYBG_DISABLED>
            <KB_KEY_PRESSED>0xFFDEC8A1</KB_KEY_PRESSED>
            <KB_KEY_NORMAL>0xFF000000</KB_KEY_NORMAL>
            <KB_KEY_DISABLED>0xFF000000</KB_KEY_DISABLED>
            <KB_KEY_ACTIVEBORDER>0xFF000000</KB_KEY_ACTIVEBORDER>
            <KB_KEY_TEXTCOLOR>0xFF000000</KB_KEY_TEXTCOLOR>
            <KB_KEY_TEXTBACKCOLOR>0xFFFFFFFF</KB_KEY_TEXTBACKCOLOR>
            <KB_KEY_TEXTBORDERCOLOR>0x78000000</KB_KEY_TEXTBORDERCOLOR>
            <MENU_TEXTCOLOR>0x96FFFFFF</MENU_TEXTCOLOR>
            <MENU_ACTIVETEXTCOLOR>0xFFFFFFFF</MENU_ACTIVETEXTCOLOR>
	</ColorScheme>
</Skin>

