<Skin Name="TerminalX">
	<Information>
		<Author>puddwakkr</Author>
		<Copyright>nope</Copyright>
		<Version>1</Version>
	</Information>
	
	<LoadingScreen ShowInfo="False">
        	<BackGround>loadscreen.png</BackGround>
	</LoadingScreen>
	<Main Globe="False" Orb="False">
        	<Background>background.png</Background>
		<Menu Smooth="True" Align="Left" ShowArrows="False" ShowIcon="False" Rotate="False">
			<Font>LCD_18.xpr</Font>
			<Position left="210" Top="210" Width="290" Height="186" Fixed="False" />
			<Preview EnableAudio="True" Left="11" Top="15" Width="184" Height="197" />
		</Menu>
		
		<XImage Top="64" Left="39" width="100" Height="100">icon.png</XImage>
		<Image Top="64" Left="39" width="100" Height="100" Source="GameIcon" />
		<Image Source="GamePreview" />
		<Image Opacity="100" Top="0" Left="0" Width="640" Height="480">overlay1.png</Image>
		<InfoFont>LCD_10.xpr</InfoFont>
		<Text Top="74" Left="253" Align="Left" Color="0xFF012A46" Source="C_Free"></Text>
		<Text Top="94" Left="253" Align="Left" Color="0xFF012A46" Source="F_Free"></Text>
		<Text Top="114" Left="253" Align="Left" Color="0xFF012A46" Source="IP"></Text>
		<Text Top="134" Left="253" Align="Left" Color="0xFF012A46" Source="DateTime"></Text>
		<Text Top="430" Left="385" Align="Left" Color="0xFFFFFFFF" Source="CPUTempF"></Text>
	</Main>
	<ColorScheme>
		<MENU_TEXTCOLOR>0xFF58B1D9</MENU_TEXTCOLOR>
		<MENU_ACTIVETEXTCOLOR>0xFFFFFFFF</MENU_ACTIVETEXTCOLOR>
	</ColorScheme>
</Skin>