﻿<Skin name="Tao Mist UX">
    <Information>
        <Author>KAP</Author>
        <Version>1</Version>
        <Copyright>2005</Copyright>
        <Skinner Name="UX Architect" Version="1.0c" />
    </Information>
    <Main Globe="False" Orb="False" Fog="False">
        <Background EnableAudio="False">background.xmv</Background>
        <InfoFont>20thCentury-12.xpr</InfoFont>
        <Text Top="22" Left="16" Width="605" Scroll="1" Color="0xFFFFFFFF" Source="$Newsfeed$" Align="Left" />
        <Text Top="189" Left="400" Width="200" Scroll="1" Color="0xFFFFFFFF" Source="$AppVersion$" Align="Left" />
        <Text Top="347" Left="20" Width="110" Scroll="1" Color="0xFFFFFFFF" Source="$Time$" Align="Left" />
        <Text Top="73" Left="325" Width="296" Scroll="1" Color="0xFFFFFFFF" Source="$SoundTrack$" Align="Left" />
        <Text Top="53" Left="325" Width="296" Scroll="1" Color="0xFFFFFFFF" Source="$SongName$" Align="Left" />
        <Text Top="93" Left="325" Width="200" Scroll="1" Color="0xFFFFFFFF" Source="$SongTime$" Align="Left" />
        <Text Top="369" Left="20" Width="110" Scroll="1" Color="0xFFFFFFFF" Source="$Date$" Align="Left" />
        <Text Top="387" Left="20" Width="110" Scroll="0" Color="0xFFFFFFFF" Source="$DVDType$" Align="Left" />
        <Text Top="407" Left="20" Width="110" Scroll="1" Color="0xFFFFFFFF" Source="$NickName$" Align="Left" />
        <Text Top="428" Left="20" Width="110" Scroll="1" Color="0xFFFFFFFF" Source="$CPUTemp$" Align="Left" />
        <Text Top="423" Left="402" Width="200" Scroll="1" Color="0xFFFFFFFF" Source="$DVDTitle$" Align="Left" />
        <Image Top="-1" Left="-2" Width="640" Height="480" Opacity="100">pre.PNG</Image>
        <Image Top="345" Left="182" Width="117" Height="116" Source="GameIcon" />
        <Image Source="GamePreview" />
        <Menu Scroll="True" Align="Left" ShowIcon="False" ShowArrows="False">
            <Preview EnableAudio="False" Top="51" Left="17" Width="280" Height="279" />
            <ItemPos Top="264" Left="334" Width="285"></ItemPos>
            <ItemPos Top="296" Left="335" Width="285"></ItemPos>
            <ItemPos Top="328" Left="336" Width="285"></ItemPos>
            <ItemPos Top="360" Left="336" Width="285"></ItemPos>
            <ItemPos Top="392" Left="335" Width="285"></ItemPos>
            <Font>20thCentury-12.xpr</Font>
        </Menu>
        <ColorScheme>
            <AMBIENT_FOGCOLOR>0xFFFFFFFF</AMBIENT_FOGCOLOR>
            <AMBIENT_SKYCOLOR>0xFF00000F</AMBIENT_SKYCOLOR>
            <AMBIENT_CELLCOLOR>0xFF00C000</AMBIENT_CELLCOLOR>
            <CAPTION_TEXTCOLOR>0xFFEAEA47</CAPTION_TEXTCOLOR>
            <CAPTION_BACKCOLOR>0xFF400040</CAPTION_BACKCOLOR>
            <DIALOG_BORDERCOLOR>0xFFFFFFFF</DIALOG_BORDERCOLOR>
            <DIALOG_BACKCOLOR>0xB38000FF</DIALOG_BACKCOLOR>
            <DIALOG_INNER_BORDERCOLOR>0xFFFFFFFF</DIALOG_INNER_BORDERCOLOR>
            <DIALOG_INNER_BACKCOLOR>0xFF400080</DIALOG_INNER_BACKCOLOR>
            <DIALOG_TEXTCOLOR>0xFFFFFFFF</DIALOG_TEXTCOLOR>
            <DIALOG_DISABLEDTEXT>0xFFB3B3B4</DIALOG_DISABLEDTEXT>
            <OPTION_TEXTCOLOR>0xFFFFFFFF</OPTION_TEXTCOLOR>
            <OPTION_ACTIVETEXTCOLOR>0xFFFFFFFF</OPTION_ACTIVETEXTCOLOR>
            <OPTION_ACTIVEBACKCOLOR>0xFF400040</OPTION_ACTIVEBACKCOLOR>
            <BUTTON_BORDERCOLOR>0xFFFFFFFF</BUTTON_BORDERCOLOR>
            <BUTTON_TEXTCOLOR>0xFFFFFFFF</BUTTON_TEXTCOLOR>
            <BUTTON_BACKCOLOR>0xFF8000FF</BUTTON_BACKCOLOR>
            <BUTTON_ACTIVETEXTCOLOR>0xFFFFFFFF</BUTTON_ACTIVETEXTCOLOR>
            <BUTTON_ACTIVEBACKCOLOR>0xFF400080</BUTTON_ACTIVEBACKCOLOR>
            <KB_KEYBG_HIGHLIGHT>0xFF8000FF</KB_KEYBG_HIGHLIGHT>
            <KB_KEYBG_DISABLED>0xFFC0C0C0</KB_KEYBG_DISABLED>
            <KB_KEY_PRESSED>0xFFFF0000</KB_KEY_PRESSED>
            <KB_KEY_NORMAL>0xFF000000</KB_KEY_NORMAL>
            <KB_KEY_DISABLED>0xFF808080</KB_KEY_DISABLED>
            <KB_KEY_ACTIVEBORDER>0xFFFF0000</KB_KEY_ACTIVEBORDER>
            <KB_KEY_TEXTCOLOR>0xFF000000</KB_KEY_TEXTCOLOR>
            <KB_KEY_TEXTBACKCOLOR>0xFFFFFFFF</KB_KEY_TEXTBACKCOLOR>
            <KB_KEY_TEXTBORDERCOLOR>0xFF400040</KB_KEY_TEXTBORDERCOLOR>
            <MENU_TEXTCOLOR>0xFFFFFFFF</MENU_TEXTCOLOR>
            <MENU_ACTIVETEXTCOLOR>0xFFFFFFFF</MENU_ACTIVETEXTCOLOR>
            <MENU_BORDERCOLOR>0xFFFFFFFF</MENU_BORDERCOLOR>
            <MENU_BACKCOLOR>0xFF000000</MENU_BACKCOLOR>
            <MENU_ACTIVEBACKCOLOR>0xFF0000FF</MENU_ACTIVEBACKCOLOR>
            <MENU_ACTIVEBORDERCOLOR>0xFFFFFFFF</MENU_ACTIVEBORDERCOLOR>
        </ColorScheme>
    </Main>
</Skin>