﻿<Skin name="LiverppolFC">
    <Information>
        <Author>GAZZA</Author>
        <Version>1</Version>
        <Copyright>2004</Copyright>
        <Skinner Name="UX Architect" Version="1.0c" />
    </Information>
    <Main Globe="False" Orb="False">
        <Background EnableAudio="False">liverpool01.jpg</Background>
        <InfoFont>20thCentury-12.xpr</InfoFont>
        <Text Top="30" Left="245" Width="200" Scroll="0" Color="0xFFFF0000" Source="SoundTrack" Align="Middle" />
        <Text Top="556" Left="442" Width="200" Scroll="0" Color="0xFFFF0000" Source="DVDTitle" Align="Right" />
        <Text Top="336" Left="-5" Width="200" Scroll="0" Color="0xFF000000" Source="CPUTempC" Align="Middle" />
        <Text Top="76" Left="93" Width="200" Scroll="0" Color="0xFFFF0000" Source="$SongName$" Align="Left" />
        <Text Top="451" Left="4" Width="354" Scroll="2" Color="0xFFFF0000" Source="THE FUTURE LOOKS GOOD FOR LFC!" Align="Left" />
        <Text Top="360" Left="-9" Width="200" Scroll="0" Color="0xFF000000" Source="MBTempC" Align="Middle" />
        <Text Top="128" Left="18" Width="200" Scroll="0" Color="0xFF000000" Source="$NickName$" Align="Left" />
        <Text Top="270" Left="402" Width="330" Scroll="0" Color="0xFFFF0000" Source="C_FreeMB" Align="Left" />
        <Text Top="334" Left="441" Width="347" Scroll="0" Color="0xFFFF0000" Source="F_FreeMB" Align="Left" />
        <Text Top="302" Left="422" Width="327" Scroll="0" Color="0xFFFF0000" Source="E_FreeMB" Align="Left" />
        <Image Top="14" Left="7" Width="77" Height="100" Opacity="100">lfclogoWHITE.jpg</Image>
        <Image Top="15" Left="86" Width="72" Height="35" Opacity="100">LFC.jpg</Image>
        <Image Top="64" Left="321" Width="301" Height="170" Opacity="100">Long Rectangle.png</Image>
        <Image Top="367" Left="366" Width="273" Height="112" Opacity="100">Shape2.png</Image>
        <Image Top="338" Left="207" Width="74" Height="55" Source="GameIcon" />
        <Image Top="178" Left="31" Width="150" Height="109" Opacity="100">Display.png</Image>
        <Image Top="327" Left="190" Width="105" Height="75" Opacity="100">Display.png</Image>
        <Image Source="GamePreview" />
        <Menu Smooth="True" Align="Left" ShowIcon="False" ShowArrows="False">
            <Preview EnableAudio="False" Top="193" Left="47" Width="122" Height="80" />
            <Position Top="78" Left="342" Width="269" Height="131" Fixed="True" FixAt="2" MaxItem="4" />
            <Font>20thCentury-14.xpr</Font>
        </Menu>
        <ColorScheme>
            <AMBIENT_FOGCOLOR>0xFFFFFFFF</AMBIENT_FOGCOLOR>
            <AMBIENT_SKYCOLOR>0xFFFFFFFF</AMBIENT_SKYCOLOR>
            <AMBIENT_CELLCOLOR>0x78000000</AMBIENT_CELLCOLOR>
            <CAPTION_TEXTCOLOR>0xFFFFFFFF</CAPTION_TEXTCOLOR>
            <CAPTION_BACKCOLOR>0xFF000000</CAPTION_BACKCOLOR>
            <DIALOG_BORDERCOLOR>0xFFFFFFFF</DIALOG_BORDERCOLOR>
            <DIALOG_BACKCOLOR>0xD1FF0000</DIALOG_BACKCOLOR>
            <DIALOG_INNER_BORDERCOLOR>0xFFFFFFFF</DIALOG_INNER_BORDERCOLOR>
            <DIALOG_INNER_BACKCOLOR>0xFF000000</DIALOG_INNER_BACKCOLOR>
            <DIALOG_TEXTCOLOR>0xFFFFFFFF</DIALOG_TEXTCOLOR>
            <DIALOG_DISABLEDTEXT>0xFFB3B3B4</DIALOG_DISABLEDTEXT>
            <OPTION_TEXTCOLOR>0xFFFFFFFF</OPTION_TEXTCOLOR>
            <OPTION_ACTIVETEXTCOLOR>0xFFFFFFFF</OPTION_ACTIVETEXTCOLOR>
            <OPTION_ACTIVEBACKCOLOR>0xFFFF0000</OPTION_ACTIVEBACKCOLOR>
            <BUTTON_BORDERCOLOR>0xFFFFFFFF</BUTTON_BORDERCOLOR>
            <BUTTON_TEXTCOLOR>0xFFFFFFFF</BUTTON_TEXTCOLOR>
            <BUTTON_BACKCOLOR>0xFFFF0000</BUTTON_BACKCOLOR>
            <BUTTON_ACTIVETEXTCOLOR>0xFFFFFFFF</BUTTON_ACTIVETEXTCOLOR>
            <BUTTON_ACTIVEBACKCOLOR>0xFFC0C0C0</BUTTON_ACTIVEBACKCOLOR>
            <KB_KEYBG_HIGHLIGHT>0xFFFF0000</KB_KEYBG_HIGHLIGHT>
            <KB_KEYBG_DISABLED>0x78C0C0C0</KB_KEYBG_DISABLED>
            <KB_KEY_PRESSED>0xFF008000</KB_KEY_PRESSED>
            <KB_KEY_NORMAL>0xFF000000</KB_KEY_NORMAL>
            <KB_KEY_DISABLED>0xFF808080</KB_KEY_DISABLED>
            <KB_KEY_ACTIVEBORDER>0xFFFF0000</KB_KEY_ACTIVEBORDER>
            <KB_KEY_TEXTCOLOR>0xFF000000</KB_KEY_TEXTCOLOR>
            <KB_KEY_TEXTBACKCOLOR>0xFFFFFFFF</KB_KEY_TEXTBACKCOLOR>
            <KB_KEY_TEXTBORDERCOLOR>0x78FFFFFF</KB_KEY_TEXTBORDERCOLOR>
            <MENU_TEXTCOLOR>0xFF000000</MENU_TEXTCOLOR>
            <MENU_ACTIVETEXTCOLOR>0xFF000000</MENU_ACTIVETEXTCOLOR>
            <MENU_BORDERCOLOR>0xFFFFFFFF</MENU_BORDERCOLOR>
            <MENU_BACKCOLOR>0xFFFFFFFF</MENU_BACKCOLOR>
            <MENU_ACTIVEBACKCOLOR>0xFFFF0000</MENU_ACTIVEBACKCOLOR>
            <MENU_ACTIVEBORDERCOLOR>0xFFFFFFFF</MENU_ACTIVEBORDERCOLOR>
        </ColorScheme>
    </Main>
</Skin>