<Skin name="Console UI v2">
	<Information>
		<Author>Dunny</Author>
		<Copyright>2004</Copyright>
		<Version>1</Version>
	</Information>
		<Main Globe="False" Orb="False">
		<BackGround>bg.png</BackGround>
		<Image Top="74" Left="376" width="184" Height="138" Source="GameIcon"/>
		<Image Source="GamePreview" />
   	<Menu smooth="False" Align="Middle" ShowArrows="False" ShowIcon="False" Rotate="false">
       		<Position left="353" Top="256" Width="245" Height="130" Fixed="True" FixAt="3" />
		<Preview Top="74" Left="375" width="185" Height="138" />
		<Font>menufont.xpr</Font>
   	</Menu>
 <InfoFont>Verdana_10.xpr</InfoFont>
 <Text Left="128" Top="59" Color="0xFF80FF80" Source="C:"></Text>
 <Text Left="144" Top="59" Color="0xFFFFFFFF" Source="$C_Free$ free"></Text>
 <Text Left="128" Top="79" Color="0xFF80FF80" Source="D:"></Text>
 <Text Left="144" Top="79" Width="150" Color="0xFFFFFFFF" Source="DvdTitle" Scroll="1"></Text>
 <Text Left="128" Top="99" Color="0xFF80FF80" Source="E:"></Text>
 <Text Left="144" Top="99" Color="0xFFFFFFFF" Source="$E_Free$ free"></Text>
 <Text Left="128" Top="119" Color="0xFF80FF80" Source="F:"></Text>
 <Text Left="144" Top="119" Color="0xFFFFFFFF" Source="$F_Free$ free"></Text>
 <Text Left="128" Top="155" Color="0xFF80FF80" Source="Time:"></Text>
 <Text Left="169" Top="155" Color="0xFFFFFFFF" Source="$Time$"></Text>
 <Text Left="128" Top="174" Color="0xFF80FF80" Source="Date:"></Text>
 <Text Left="170" Top="174" Color="0xFFFFFFFF" Source="$Date$"></Text>
 <Text Left="128" Top="194" Color="0xFF80FF80" Source="M/B:"></Text>
 <Text Left="165" Top="194" Color="0xFFFFFFFF" Source="$MBTempC$"></Text>
 <Text Left="128" Top="214" Color="0xFF80FF80" Source="CPU:"></Text>
 <Text Left="164" Top="214" Color="0xFFFFFFFF" Source="$CPUTempC$"></Text>
 <Text Left="128" Top="234" Color="0xFF80FF80" Source="Fan Speed:"></Text>
 <Text Left="210" Top="234" Color="0xFFFFFFFF" Source="$FanSpeed$"></Text>
 <Text Left="128" Top="254" Color="0xFF80FF80" Source="XBox:"></Text>
 <Text Left="172" Top="254" Color="0xFFFFFFFF" Source="$Version$"></Text>
 <Text Left="128" Top="293" Color="0xFF80FF80" Source="IP:"></Text>
 <Text Left="149" Top="293" Color="0xFFFFFFFF" Source="$IP$"></Text>
 <Text Left="128" Top="313" Color="0xFF80FF80" Source="Users:"></Text>
 <Text Left="174" Top="313" Color="0xFFFFFFFF" Source="$NumClient$"></Text>
 <Text Left="128" Top="333" Color="0xFF80FF80" Source="Subnet:"></Text>
 <Text Left="185" Top="333" Color="0xFFFFFFFF" Source="$Subnet$"></Text>
 <Text Left="107" Top="373" Width="195" Color="0xFFFFFFFF" Source="SongName" Scroll="1"></Text>
 <Text Left="107" Top="393" Width="195" Color="0xFFFFFFFF" Source="SoundTrack" Scroll="1"></Text>
 <Text Left="107" Top="413" Color="0xFF80FF80" Source="Time:"></Text>
 <Text Left="149" Top="413" Color="0xFFFFFFFF" Source="$SongTime$ secs"></Text>
</Main>
 <ColorScheme>
    <MENU_TEXTCOLOR>0xFFFFFFFF</MENU_TEXTCOLOR>
    <MENU_ACTIVETEXTCOLOR>0xFFFFFFFF</MENU_ACTIVETEXTCOLOR>
 </ColorScheme>
</Skin>














