﻿<Skin name="stargate 5">
    <Information>
        <Author>spykoman</Author>
        <Version>1</Version>
        <Copyright>2004</Copyright>
        <Skinner Name="UX Architect" Version="1.0c" />
    </Information>
    <IntroMovie>New_Xbox_Animation.WMV</IntroMovie>
    <Filemanager SafeBorder="False">
        <Background>bonus432.jpg</Background>
    </Filemanager>
    <LoadingScreen ShowInfo="False">
        <Background>Antoine3_1024.jpg</Background>
    </LoadingScreen>
    <Main Globe="False" Orb="False" Fog="False">
        <Background EnableAudio="False">StargatePorte_1024.jpg</Background>
        <InfoFont>Square-10.xpr</InfoFont>
        <Text Top="416" Left="12" Width="173" Scroll="0" Color="0xFFFFFFFF" Source="Date" Align="Left" />
        <Text Top="310" Left="15" Width="180" Scroll="0" Color="0xFFFFFFFF" Source="DVDTitle" Align="Left" />
        <Text Top="367" Left="10" Width="187" Scroll="0" Color="0xFFFFFFFF" Source="MBTemp" Align="Left" />
        <Text Top="347" Left="11" Width="185" Scroll="0" Color="0xFFFFFFFF" Source="CPUTemp" Align="Left" />
        <Text Top="329" Left="13" Width="179" Scroll="0" Color="0xFFFFFFFF" Source="E_Free" Align="Left" />
        <Text Top="463" Left="509" Width="200" Scroll="0" Color="0xFFFFFFFF" Source="NumClient" Align="Left" />
        <Text Top="400" Left="11" Width="178" Scroll="0" Color="0xFFFFFFFF" Source="Time" Align="Left" />
        <Text Top="385" Left="13" Width="176" Scroll="0" Color="0xFFFFFFFF" Source="IP" Align="Left" />
        <Image Top="8" Left="503" Width="120" Height="110" Source="GameIcon" />
        <Image Top="288" Left="-7" Width="224" Height="160" Opacity="100">Cool 2.png</Image>
        <Menu Align="Left" ShowIcon="True" Rotate="True" ShowArrows="False">
            <ItemPos Top="239" Left="65" Width="200"></ItemPos>
            <ItemPos Top="126" Left="45" Width="200"></ItemPos>
            <ItemPos Top="39" Left="109" Width="200"></ItemPos>
            <ItemPos Top="21" Left="212" Width="200"></ItemPos>
            <ItemPos Top="61" Left="302" Width="200"></ItemPos>
            <ItemPos Top="149" Left="345" Width="200"></ItemPos>
            <ItemPos Top="241" Left="327" Width="200"></ItemPos>
            <Font>Square-10.xpr</Font>
        </Menu>
        <ColorScheme>
            <AMBIENT_FOGCOLOR>0x78FFFFFF</AMBIENT_FOGCOLOR>
            <AMBIENT_SKYCOLOR>0xFF00000F</AMBIENT_SKYCOLOR>
            <AMBIENT_CELLCOLOR>0x7800C000</AMBIENT_CELLCOLOR>
            <CAPTION_TEXTCOLOR>0xFFFF0000</CAPTION_TEXTCOLOR>
            <CAPTION_BACKCOLOR>0xFF000000</CAPTION_BACKCOLOR>
            <DIALOG_BORDERCOLOR>0xFF00FF00</DIALOG_BORDERCOLOR>
            <DIALOG_BACKCOLOR>0xFFFF8000</DIALOG_BACKCOLOR>
            <DIALOG_INNER_BORDERCOLOR>0xFF00FF00</DIALOG_INNER_BORDERCOLOR>
            <DIALOG_INNER_BACKCOLOR>0xFF09389A</DIALOG_INNER_BACKCOLOR>
            <DIALOG_TEXTCOLOR>0xFFFFFFFF</DIALOG_TEXTCOLOR>
            <DIALOG_DISABLEDTEXT>0xFFFF0000</DIALOG_DISABLEDTEXT>
            <OPTION_TEXTCOLOR>0xFFFFFFFF</OPTION_TEXTCOLOR>
            <OPTION_ACTIVETEXTCOLOR>0xFFFF8000</OPTION_ACTIVETEXTCOLOR>
            <OPTION_ACTIVEBACKCOLOR>0xFF000000</OPTION_ACTIVEBACKCOLOR>
            <BUTTON_BORDERCOLOR>0xFF00FF00</BUTTON_BORDERCOLOR>
            <BUTTON_TEXTCOLOR>0xFFFFFFFF</BUTTON_TEXTCOLOR>
            <BUTTON_BACKCOLOR>0xFF273CF3</BUTTON_BACKCOLOR>
            <BUTTON_ACTIVETEXTCOLOR>0xFFFFFFFF</BUTTON_ACTIVETEXTCOLOR>
            <BUTTON_ACTIVEBACKCOLOR>0xFF003399</BUTTON_ACTIVEBACKCOLOR>
            <KB_KEYBG_HIGHLIGHT>0xFF0000FF</KB_KEYBG_HIGHLIGHT>
            <KB_KEYBG_DISABLED>0x78C0C0C0</KB_KEYBG_DISABLED>
            <KB_KEY_PRESSED>0xFF008000</KB_KEY_PRESSED>
            <KB_KEY_NORMAL>0xFF000000</KB_KEY_NORMAL>
            <KB_KEY_DISABLED>0xFFFFFFFF</KB_KEY_DISABLED>
            <KB_KEY_ACTIVEBORDER>0xFFFF0000</KB_KEY_ACTIVEBORDER>
            <KB_KEY_TEXTCOLOR>0xFF000000</KB_KEY_TEXTCOLOR>
            <KB_KEY_TEXTBACKCOLOR>0xFFFFFFFF</KB_KEY_TEXTBACKCOLOR>
            <KB_KEY_TEXTBORDERCOLOR>0x780000FF</KB_KEY_TEXTBORDERCOLOR>
            <MENU_TEXTCOLOR>0xFFFFFFFF</MENU_TEXTCOLOR>
            <MENU_ACTIVETEXTCOLOR>0xFFFFFFFF</MENU_ACTIVETEXTCOLOR>
            <MENU_BORDERCOLOR>0xFFFFFFFF</MENU_BORDERCOLOR>
            <MENU_BACKCOLOR>0xFF000000</MENU_BACKCOLOR>
            <MENU_ACTIVEBACKCOLOR>0xFF0000FF</MENU_ACTIVEBACKCOLOR>
            <MENU_ACTIVEBORDERCOLOR>0xFFFFFFFF</MENU_ACTIVEBORDERCOLOR>
        </ColorScheme>
    </Main>
</Skin>