<Skin Name="Angel">
<Information>
<Author>KAP</Author>
<Copyright>2004</Copyright>
<Version>1.0</Version>
</Information>
<Main Globe="False" Orb="False">
<Background>bg.png</Background>
<Menu Smooth="True" Align="Middle" ShowArrows="False" ShowIcon="False" Rotate="False">
<Font>menufont.xpr</Font>
<Position left="26" Top="40" Width="380" Height="125" Fixed="True" FixAt="3" />
<Preview EnableAudio="True" Left="450" Top="20" Width="155" Height="155" />
</Menu>

<Text Left="26" Top="228" Width="380" Align="center" Color="0xFFFFFF00" Source="Song: $SongName$" />
<Text Left="26" Top="243" Width="380" Align="center" Color="0xFFFFFF00" Source="Time: $SongTime$" />

<Text Left="26" Top="350" Align="Left" Color="0xFFFFFF00" Source="C_Free"></Text>
<Text Left="26" Top="376" Align="Left" Color="0xFFFFFF00" Source="D: $DVDType$"></Text>
<Text Left="26" Top="403" Align="Left" Color="0xFFFFFF00" Source="E_Free"></Text>
<Text Left="26" Top="430" Align="Left" Color="0xFFFFFF00" Source="F_Free"></Text>

<Text Left="240" Top="350" Color="0xFFFFFF00" Source="Time: $Time$" />
<Text Left="240" Top="370" Color="0xFFFFFF00" Source="Date: $Date$" />
<Text Left="240" Top="390" Color="0xFFFFFF00" Source="M/B: $MBTemp$" />
<Text Left="240" Top="410" Color="0xFFFFFF00" Source="CPU: $CPUTemp$" />
<Text Left="240" Top="430" Color="0xFFFFFF00" Source="Fan Speed: $FanSpeed$" />

<Image Top="20" Left="450" width="155" Height="155" Source="GameIcon" />
<Image Source="GamePreview" />

<InfoFont>Verdana_10.xpr</InfoFont>
<Image Left="" Top="" Width="640" Height="480">over.png</Image>
</Main>

<ColorScheme Name="Default">
		<AMBIENT_FOGCOLOR>0xFF002000</AMBIENT_FOGCOLOR>
		<AMBIENT_SKYCOLOR>0xFF004000</AMBIENT_SKYCOLOR>
		<AMBIENT_CELLCOLOR>0x061A520A</AMBIENT_CELLCOLOR>

		<CAPTION_TEXTCOLOR>0xFF264700</CAPTION_TEXTCOLOR>
		<CAPTION_BACKCOLOR>0xFF28590F</CAPTION_BACKCOLOR>
		<DIALOG_BORDERCOLOR>0xFFFFFFFF</DIALOG_BORDERCOLOR>
		<DIALOG_BACKCOLOR>0xCD93AF00</DIALOG_BACKCOLOR>
		<DIALOG_INNER_BORDERCOLOR>0xFFFFE2B4</DIALOG_INNER_BORDERCOLOR>
		<DIALOG_INNER_BACKCOLOR>0xE1072700</DIALOG_INNER_BACKCOLOR>
		<DIALOG_TEXTCOLOR>0xFFFFFFFF</DIALOG_TEXTCOLOR>

		<DIALOG_DISABLEDTEXT>0x7F195408</DIALOG_DISABLEDTEXT>

		<OPTION_TEXTCOLOR>0xFFFFFFFF</OPTION_TEXTCOLOR>
		<OPTION_ACTIVETEXTCOLOR>0xFF072700</OPTION_ACTIVETEXTCOLOR>
		<OPTION_ACTIVEBACKCOLOR>0xFF8EA700</OPTION_ACTIVEBACKCOLOR>

		<BUTTON_BORDERCOLOR>0xFF008000</BUTTON_BORDERCOLOR>
		<BUTTON_TEXTCOLOR>0xFF77AB39</BUTTON_TEXTCOLOR>
		<BUTTON_BACKCOLOR>0xCD93AF00</BUTTON_BACKCOLOR>
		<BUTTON_ACTIVETEXTCOLOR>0xFFFFFFFF</BUTTON_ACTIVETEXTCOLOR>
		<BUTTON_ACTIVEBACKCOLOR>0xE1072700</BUTTON_ACTIVEBACKCOLOR>	
		
		<KB_KEYBG_HIGHLIGHT>0xCC00C000</KB_KEYBG_HIGHLIGHT>
		<KB_KEYBG_DISABLED>0xffc0c0c0</KB_KEYBG_DISABLED>
		<KB_KEY_PRESSED>0xff808080</KB_KEY_PRESSED>
		<KB_KEY_NORMAL>0xff000000</KB_KEY_NORMAL>
		<KB_KEY_DISABLED>0xff808080</KB_KEY_DISABLED>
		<KB_KEY_ACTIVEBORDER>0xffFF0000</KB_KEY_ACTIVEBORDER>
		<KB_KEY_TEXTCOLOR>0xff000000</KB_KEY_TEXTCOLOR>
		<KB_KEY_TEXTBACKCOLOR>0xffFFFFFF</KB_KEY_TEXTBACKCOLOR>
		<KB_KEY_TEXTBORDERCOLOR>0xffFF0000</KB_KEY_TEXTBORDERCOLOR>
		
		<MENU_TEXTCOLOR>0x99FFFFFF</MENU_TEXTCOLOR>
		<MENU_ACTIVETEXTCOLOR>0xFF40FF40</MENU_ACTIVETEXTCOLOR>
		<MENU_BORDERCOLOR>0x00000000</MENU_BORDERCOLOR>
		<MENU_BACKCOLOR>0x00000000</MENU_BACKCOLOR>
		<MENU_ACTIVEBACKCOLOR>0x00000000</MENU_ACTIVEBACKCOLOR>
		<MENU_ACTIVEBORDERCOLOR>0x00000000</MENU_ACTIVEBORDERCOLOR>
	</ColorScheme>
</Skin>
