<Skin name="XSM BlueNote">

	<Information>

<Author>   SUHA.,base on XSM.    For PAL60/NTSC recommend!   </Author>
                                          <!-- RUSSIA -->

	</Information>


	<IntroMovie>intro.xmv</IntroMovie>
	<Main Globe="True" Orb="True" Fog="True">
	  <Background>background.png</Background>
	  <Orb>orb_und.png</Orb>
	  <Cellwall>Cell.png</Cellwall>
	  <Image>bgms.png</Image> <!-- little change for the IP -->
	  <Image Source="GameIcon" />
	  <Image Left="130" Top="118" Width="110" Height="110" Source="GamePreview" />
	  <Image Left="90" Top="83" Width="233" Height="233" Opacity="100">orb_up.png</Image>
	  <Menu Smooth="False" Align="Left" ShowArrows="True" Rotate="True" ShowIcon="True">
	      <Preview EnableAudio="False" Left="148" Top="136" Width="130" Height="136" />
		<font>Suha_14.xpr</font>
		<Position Top="104" Left="364" Width="230" Height="260" Fixed="False" FixAt="1" MaxItem="8">
		</Position>
		</Menu>
		<!-- Coordinates may be changed according to the screen calibration for very small adjustments -->
		
		<!-- IP added in the middle of the gfx on the left up corner (the gfx is long enough to show the longest ip possible static or dhcp) -->
		<Text Left="350" Top="33" Align="Middle" Width="240" Color="0xFF5C9F33" Source="Version"></text>
		
		<!-- little changes on the coordinates of time, cpu & mb temp to aligne better with the gfx -->
		<Text Left="558" Top="57" Align="Right" Color="0xFFA0A0A0" Source="$ChipID$"></text>
		<Text Left="267" Top="403" Align="Left" Color="0xFF5C9F33" Source="Videomode"></text>
		<Text Left="247" Top="423" Align="Left" Color="0xFF5C9F33" Source="Cooler $FanSpeed$"></text>
		
		<!-- little change to the coords to align to the left, it corrects a bug when state was changing -->
		<Text Left="402" Top="367" Align="Left" Color="0xFFA0A0A0" Source="In DVD device $DVDType$"></text>

</Main>
	<LoadingScreen>
	<Background>loading.xmv</Background>
	</LoadingScreen>

	<ColorScheme >      <!--Osnovnaya zapara-->
		<AMBIENT_FOGCOLOR>0xFF153101</AMBIENT_FOGCOLOR>
		
		<!-- Remove the blue background when screen is not calibrated -->
		<AMBIENT_SKYCOLOR>0xff000000</AMBIENT_SKYCOLOR>
		
		<AMBIENT_CELLCOLOR>0xFF000000</AMBIENT_CELLCOLOR>

		<CAPTION_TEXTCOLOR>0xFF88AA88</CAPTION_TEXTCOLOR>
		<CAPTION_BACKCOLOR>0xFF000000</CAPTION_BACKCOLOR>
		<DIALOG_BORDERCOLOR>0xFF445544</DIALOG_BORDERCOLOR>
		<DIALOG_BACKCOLOR>0xFF011C1A</DIALOG_BACKCOLOR>
		<DIALOG_INNER_BORDERCOLOR>0xFF445544</DIALOG_INNER_BORDERCOLOR>
		<DIALOG_INNER_BACKCOLOR>0xFF011C1A</DIALOG_INNER_BACKCOLOR>
		<DIALOG_TEXTCOLOR>0xFFFFFFFF</DIALOG_TEXTCOLOR>
		<DIALOG_DISABLEDTEXT>0xFFC0C0C0</DIALOG_DISABLEDTEXT>

		<OPTION_TEXTCOLOR>0xFFffffff</OPTION_TEXTCOLOR>
		<OPTION_ACTIVETEXTCOLOR>0xFFFF7511</OPTION_ACTIVETEXTCOLOR>
		<OPTION_ACTIVEBACKCOLOR>0xFF000000</OPTION_ACTIVEBACKCOLOR>

		<BUTTON_BORDERCOLOR>0xFFFF0000</BUTTON_BORDERCOLOR>
		<BUTTON_TEXTCOLOR>0xFF000000</BUTTON_TEXTCOLOR>
		<BUTTON_BACKCOLOR>0xFF77661D</BUTTON_BACKCOLOR>
		<BUTTON_ACTIVETEXTCOLOR>0xFF000000</BUTTON_ACTIVETEXTCOLOR>
		<BUTTON_ACTIVEBACKCOLOR>0xFFFFA90C</BUTTON_ACTIVEBACKCOLOR>	
		
		<KB_KEYBG_HIGHLIGHT>0x880000FF</KB_KEYBG_HIGHLIGHT>
		<KB_KEYBG_DISABLED>0x80A0F0F0</KB_KEYBG_DISABLED>
		<KB_KEY_PRESSED>0xff0085AF</KB_KEY_PRESSED>
		<KB_KEY_NORMAL>0xff000000</KB_KEY_NORMAL>
 	<KB_KEY_DISABLED>0xff001040</KB_KEY_DISABLED>
		<KB_KEY_ACTIVEBORDER>0xff009000</KB_KEY_ACTIVEBORDER>
		<KB_KEY_TEXTCOLOR>0xff000000</KB_KEY_TEXTCOLOR>
		<KB_KEY_TEXTBACKCOLOR>0xffEEFFEE</KB_KEY_TEXTBACKCOLOR>
		<KB_KEY_TEXTBORDERCOLOR>0xff0000FF</KB_KEY_TEXTBORDERCOLOR>
			
			<MENU_TEXTCOLOR>0xFFFFC63F</MENU_TEXTCOLOR>
			<MENU_ACTIVETEXTCOLOR>0xFF888800</MENU_ACTIVETEXTCOLOR>
			<MENU_BORDERCOLOR>0x00000000</MENU_BORDERCOLOR>
			<MENU_BACKCOLOR>0x00000000</MENU_BACKCOLOR>
			<MENU_ACTIVEBACKCOLOR>0xAA50AC90</MENU_ACTIVEBACKCOLOR>
			<MENU_ACTIVEBORDERCOLOR>0x00000000</MENU_ACTIVEBORDERCOLOR>
	</ColorScheme>
</Skin>





























