<Skin name="Game Time">
         <Information>
                  <Author>RTD</Author>
                  <Copyright>Copyright 2003</Copyright>
                  <Version>1.0 Final created with Photo Shop</Version>
         </Information>
<LoadingScreen ShowInfo="False">
<BackGround>loading.png</BackGround>
</LoadingScreen>


<Main Globe="False" Orb="false" Fog="False">

<Image Source="GamePreview" />
<Image Top="410" Left="46" Width="70" Height="70" Source="GameIcon" />


<Background EnableAudio="False">background.png</background>


<Image Left="0" Top="0" Opacity="100">overlay.png</ Shape>



<InfoFont>Verdana_10.xpr</InfoFont>

		<Text Left="50"  Top="280"   Color="0xFFFFFFFF" Source="C:" />
		<Text Left="80"  Top="280"   Color="0xFFFFFFFF" Source="$C_Free$ free" />
		<Text Left="50"  Top="300"  Color="0xFFFFFFFF" Source="F:" />
		<Text Left="80"  Top="300"  Color="0xFFFFFFFF" Source="$F_Free$ free" />
		<Text Left="50"  Top="320"   Color="0xFFFFFFFF" Source="IP:" />
		<Text Left="80"  Top="320"   Color="0xFFFFFFFF" Source="$IP$" />
		<Text Left="50"  Top="340" Color="0xFFFFFFFF" Source="Users:" />
		<Text Left="110" Top="340" Color="0xFFFFFFFF" Source="$NumClient$" />
		<Text Left="50"  Top="360"  Color="0xFFFFFFFF" Source="Time:" />
		<Text Left="110" Top="360"  Color="0xFFFFFFFF" Source="$Time$" />
		<Text Left="50"  Top="380" Color="0xFFFFFFFF" Source="Date:" />
		<Text Left="110" Top="380" Color="0xFFFFFFFF" Source="$Date$" />
	
 
<Menu Align="left" ShowArrows="false" ShowIcon="false">

            <ItemPos Top="40"   Left="50" ></ItemPos>
            <ItemPos Top="60"   Left="50" ></ItemPos>
            <ItemPos Top="80"   Left="50" ></ItemPos>
            <ItemPos Top="100"  Left="50" ></ItemPos>
	    <ItemPos Top="120"  Left="50" ></ItemPos>
            <ItemPos Top="140"  Left="50" ></ItemPos>
            <ItemPos Top="160"  Left="50" ></ItemPos>
            <ItemPos Top="180"  Left="50" ></ItemPos>
            <ItemPos Top="200"  Left="50" ></ItemPos>
            <ItemPos Top="220"  Left="50" ></ItemPos>
            <ItemPos Top="240"  Left="50" ></ItemPos>
            <ItemPos Top="260"  Left="50" ></ItemPos>



<Font>Verdana_10.xpr</Font>

<Preview EnableAudio="true" Top="48" Left="320" Width="350" Height="244" />

</Menu> <InfoFont>Verdana_10.xpr</InfoFont>	

</Main>

 <ColorScheme>
    <MENU_TEXTCOLOR>0xFFFFFFFF</MENU_TEXTCOLOR>
    <MENU_ACTIVETEXTCOLOR>0xFFFF8040</MENU_ACTIVETEXTCOLOR>
 </ColorSceme>

       
</Skin>
