﻿<Skin name="IAGM SNOW BROS">
    <Information>
        <Author>IAGM CORP.</Author>
        <Version>3</Version>
        <Copyright>2006</Copyright>
        <Skinner Name="UX Architect" Version="1.0c" />
    </Information>
    <LoadingScreen ShowInfo="False">
        <Background>GH0237HH.JPG</Background>
    </LoadingScreen>
    <Main Globe="False" Orb="False" Fog="False">
        <Background EnableAudio="False">SNOW BROS 4.PNG</Background>
        <InfoFont>ARIAL_16.XPR</InfoFont>
        <Text Top="4" Left="1" Width="201" Scroll="0" Color="0xFFFFFFFF" Source="NICKNAME" Align="Left" />
        <Text Top="263" Left="4" Width="275" Scroll="0" Color="0xFFFFFFFF" Source="IP" Align="Left" />
        <Text Top="114" Left="6" Width="167" Scroll="0" Color="0xFFFFFFFF" Source="CPUTEMP" Align="Left" />
        <Text Top="139" Left="6" Width="170" Scroll="0" Color="0xFFFFFFFF" Source="MBTEMP" Align="Left" />
        <Text Top="169" Left="6" Width="173" Scroll="0" Color="0xFFFFFFFF" Source="FANSPEED" Align="Left" />
        <Text Top="32" Left="220" Width="287" Scroll="0" Color="0xFF0000FF" Source="TIME" Align="Left" />
        <Text Top="70" Left="229" Width="254" Scroll="0" Color="0xFF0000FF" Source="SONGNAME" Align="Left" />
        <Text Top="238" Left="205" Width="253" Scroll="0" Color="0xFF0000FF" Source="SOUNDTRACK" Align="Left" />
        <Text Top="198" Left="203" Width="251" Scroll="0" Color="0xFF0000FF" Source="E_FREEMB" Align="Left" />
        <Text Top="150" Left="206" Width="252" Scroll="0" Color="0xFF0000FF" Source="C_FREEMB" Align="Left" />
        <Text Top="106" Left="203" Width="253" Scroll="0" Color="0xFF0000FF" Source="DVDTITLE" Align="Left" />
        <Text Top="65" Left="492" Width="126" Scroll="0" Color="0xFF0000FF" Source="SONGTIME" Align="Left" />
        <Text Top="5" Left="428" Width="196" Scroll="0" Color="0xFF0000FF" Source="DATE" Align="Left" />
        <Image Top="109" Left="473" Width="161" Height="154" Source="GameIcon" />
        <Image Source="GamePreview" />
        <Menu Smooth="True" Align="Middle" ShowIcon="True" ShowArrows="False">
            <Preview EnableAudio="False" Top="268" Left="323" Width="315" Height="212" />
            <Position Top="286" Left="3" Width="278" Height="191" Fixed="True" FixAt="2" MaxItem="4" />
            <Font>SQUARE-14.xpr</Font>
        </Menu>
        <ColorScheme>
            <AMBIENT_FOGCOLOR>0xFFFF0000</AMBIENT_FOGCOLOR>
            <AMBIENT_SKYCOLOR>0xFF000080</AMBIENT_SKYCOLOR>
            <AMBIENT_CELLCOLOR>0xFF0080FF</AMBIENT_CELLCOLOR>
            <CAPTION_TEXTCOLOR>0xFF00FF00</CAPTION_TEXTCOLOR>
            <CAPTION_BACKCOLOR>0xFF0000FF</CAPTION_BACKCOLOR>
            <DIALOG_BORDERCOLOR>0xFF0080FF</DIALOG_BORDERCOLOR>
            <DIALOG_BACKCOLOR>0x9F000000</DIALOG_BACKCOLOR>
            <DIALOG_INNER_BORDERCOLOR>0xFF0080FF</DIALOG_INNER_BORDERCOLOR>
            <DIALOG_INNER_BACKCOLOR>0xFF000000</DIALOG_INNER_BACKCOLOR>
            <DIALOG_TEXTCOLOR>0xFFFFFFFF</DIALOG_TEXTCOLOR>
            <DIALOG_DISABLEDTEXT>0xFFB3B3B4</DIALOG_DISABLEDTEXT>
            <OPTION_TEXTCOLOR>0xFFFFFFFF</OPTION_TEXTCOLOR>
            <OPTION_ACTIVETEXTCOLOR>0xFFFFFFFF</OPTION_ACTIVETEXTCOLOR>
            <OPTION_ACTIVEBACKCOLOR>0xFF0080FF</OPTION_ACTIVEBACKCOLOR>
            <BUTTON_BORDERCOLOR>0xFFFFFFFF</BUTTON_BORDERCOLOR>
            <BUTTON_TEXTCOLOR>0xFFFFFFFF</BUTTON_TEXTCOLOR>
            <BUTTON_BACKCOLOR>0x980000A0</BUTTON_BACKCOLOR>
            <BUTTON_ACTIVETEXTCOLOR>0xFFFFFFFF</BUTTON_ACTIVETEXTCOLOR>
            <BUTTON_ACTIVEBACKCOLOR>0xFF0080FF</BUTTON_ACTIVEBACKCOLOR>
            <KB_KEYBG_HIGHLIGHT>0xFF0080FF</KB_KEYBG_HIGHLIGHT>
            <KB_KEYBG_DISABLED>0xFFC0C0C0</KB_KEYBG_DISABLED>
            <KB_KEY_PRESSED>0xFF008000</KB_KEY_PRESSED>
            <KB_KEY_NORMAL>0xFF000000</KB_KEY_NORMAL>
            <KB_KEY_DISABLED>0xFFFFFFFF</KB_KEY_DISABLED>
            <KB_KEY_ACTIVEBORDER>0xFF808080</KB_KEY_ACTIVEBORDER>
            <KB_KEY_TEXTCOLOR>0xFF000000</KB_KEY_TEXTCOLOR>
            <KB_KEY_TEXTBACKCOLOR>0xFFFFFFFF</KB_KEY_TEXTBACKCOLOR>
            <KB_KEY_TEXTBORDERCOLOR>0xFFFFFF00</KB_KEY_TEXTBORDERCOLOR>
            <MENU_TEXTCOLOR>0xFF00FF00</MENU_TEXTCOLOR>
            <MENU_ACTIVETEXTCOLOR>0xFFFFFFFF</MENU_ACTIVETEXTCOLOR>
            <MENU_BORDERCOLOR>0xFF0080FF</MENU_BORDERCOLOR>
            <MENU_BACKCOLOR>0xFF000000</MENU_BACKCOLOR>
            <MENU_ACTIVEBACKCOLOR>0xFF000000</MENU_ACTIVEBACKCOLOR>
            <MENU_ACTIVEBORDERCOLOR>0xFF0000FF</MENU_ACTIVEBORDERCOLOR>
        </ColorScheme>
    </Main>
</Skin>