<Skin Name="OrangeShapes">
	<LoadingScreen ShowInfo="True">
	</LoadingScreen>

	<!-- New feature Alert: 
		Fonts collection and Font Attribute: can be reference by anything that uses font:
		Usage: Font="Lucida"
	-->
	<Fonts>
		<Font Name="Lucida">Lucida.xpr</Font>
		<Font Name="Agency">Agency.xpr</Font>
	</Fonts>


	<Main Globe="True" Orb="False" Fog="True">
		<Menu Smooth="True" Align="Left" ShowIcon="True" ShowArrows="False">
			<Position Top="110" Left="18" Width="374" Height="280" Fixed="False" FixAt="1" MaxItem="7"></Position>
			<Preview EnableAudio="False" Left="404" Top="158" Width="212" Height="156" />
			<Font>CaptionFont</Font>
		</Menu>
		<InfoFont>CaptionFont</InfoFont>

		<!-- New feature Alert: 
			zIndex Attribute: items are now stackable and controlled via zIndex attribute.
			Default is 0 and items with the same zIndex are drawn in the order they're found.
			zIndex doesn't have to be sequential.
			Usage: zIndex="1", zIndex="100"
		-->

		<Shape Type="Rectangle" Left="400" Top="325" Width="220" Height="155" BorderColor="0xFF000000" BackColor="0xFF552000"/>
		<Shape Type="Rectangle" Left="0" Top="350" Width="640" Height="30" BorderColor="0xFF000000" BackColor="0xFF000000"/>
		<Shape Type="Rectangle" Left="0" Top="45" Width="640" Height="82" BorderColor="0xFF000000" BackColor="0xFF000000"/>
		<Shape Type="Rectangle" Left="400" Top="0" Width="220" Height="150" BorderColor="0xFF000000" BackColor="0xFF652000"/>

		<Shape Type="Rectangle" Left="20" Top="54" Width="50" Height="50" BorderColor="0xFF000000" BackColor="0xFF652000"/>
		<Shape Type="Rectangle" Left="40" Top="54" Width="10" Height="38" BorderColor="0xFF000000" BackColor="0xFF000000"/>

		<Shape Type="Rectangle" Left="75" Top="54" Width="50" Height="50" BorderColor="0xFF000000" BackColor="0xFF652000"/>
		<Shape Type="Rectangle" Left="95" Top="66" Width="10" Height="38" BorderColor="0xFF000000" BackColor="0xFF000000"/>

		<Shape Type="Rectangle" Left="130" Top="54" Width="40" Height="50" BorderColor="0xFF000000" BackColor="0xFF652000"/>
		<Shape Type="Rectangle" Left="150" Top="54" Width="20" Height="38" BorderColor="0xFF000000" BackColor="0xFF000000"/>

		<Shape Type="Rectangle" Left="175" Top="54" Width="50" Height="50" BorderColor="0xFF000000" BackColor="0xFF652000"/>
		<Shape Type="Rectangle" Left="195" Top="66" Width="31" Height="8" BorderColor="0xFF000000" BackColor="0xFF000000"/>
		<Shape Type="Rectangle" Left="195" Top="84" Width="31" Height="8" BorderColor="0xFF000000" BackColor="0xFF000000"/>

		<Shape Type="Rectangle" Left="230" Top="54" Width="50" Height="50" BorderColor="0xFF000000" BackColor="0xFF652000"/>
		<Shape Type="Rectangle" Left="250" Top="84" Width="10" Height="20" BorderColor="0xFF000000" BackColor="0xFF000000"/>
		<Shape Type="Rectangle" Left="250" Top="67" Width="10" Height="8" BorderColor="0xFF000000" BackColor="0xFF000000"/>

		<Shape Type="Rectangle" Left="285" Top="54" Width="50" Height="50" BorderColor="0xFF000000" BackColor="0xFF652000"/>
		<Shape Type="Rectangle" Left="305" Top="66" Width="31" Height="8" BorderColor="0xFF000000" BackColor="0xFF000000"/>
		<Shape Type="Rectangle" Left="284" Top="84" Width="30" Height="8" BorderColor="0xFF000000" BackColor="0xFF000000"/>

		<Shape Type="Rectangle" Left="340" Top="54" Width="50" Height="50" BorderColor="0xFF000000" BackColor="0xFF652000"/>
		<Shape Type="Rectangle" Left="360" Top="84" Width="10" Height="20" BorderColor="0xFF000000" BackColor="0xFF000000"/>
		<Shape Type="Rectangle" Left="360" Top="54" Width="10" Height="20" BorderColor="0xFF000000" BackColor="0xFF000000"/>

		<Shape Type="Triangle" Direction="Down" Left="401" Top="44" Width="92" Height="30" BorderColor="0xFF000000" BackColor="0xFF000000"/>
		<Shape Type="Triangle" Direction="Up" Left="401" Top="96" Width="92" Height="30" BorderColor="0xFF000000" BackColor="0xFF000000"/>
		<Shape Type="Triangle" Direction="Right" Left="401" Top="44" Width="31" Height="82" BorderColor="0xFF000000" BackColor="0xFF000000"/>
		<Shape Type="Triangle" Direction="Left" Left="463" Top="44" Width="31" Height="82" BorderColor="0xFF000000" BackColor="0xFF000000"/>
		<Shape Type="Rectangle" Left="494" Top="45" Width="136" Height="82" BorderColor="0xFF000000" BackColor="0xFF000000"/>

		<Shape Type="RoundedBox" Left="0" Top="112" Width="392" Height="38" BorderColor="0xFF000000" BackColor="0xFF502000"/>
		<Shape Type="RoundedBox" Left="0" Top="150" Width="392" Height="38" BorderColor="0xFF000000" BackColor="0xFF502000"/>
		<Shape Type="RoundedBox" Left="0" Top="188" Width="392" Height="38" BorderColor="0xFF000000" BackColor="0xFF502000"/>
		<Shape Type="RoundedBox" Left="0" Top="226" Width="392" Height="38" BorderColor="0xFF000000" BackColor="0xFF502000"/>
		<Shape Type="RoundedBox" Left="0" Top="264" Width="392" Height="38" BorderColor="0xFF000000" BackColor="0xFF502000"/>
		<Shape Type="RoundedBox" Left="0" Top="302" Width="392" Height="38" BorderColor="0xFF000000" BackColor="0xFF502000"/>
		<Shape Type="RoundedBox" Left="0" Top="340" Width="392" Height="39" BorderColor="0xFF000000" BackColor="0xFF502000"/>

		<Text Left="610" Top="50" Align="Right" Color="0xBBFFFFFF" ScaleX="60" ScaleY="60" Source="v.$AppVersion$" />
		<Text Left="610" Top="65" Align="Right" Color="0xBBFFFFFF" ScaleX="60" ScaleY="60" Source="Xbox $Version$" />
		<Text Left="410" Top="128" Align="Left" Color="0xBBFFFFFF" ScaleX="60" ScaleY="60" Source="Nick:" />
		<Text Left="610" Top="128" Align="Right" Color="0xBBFFFFFF" ScaleX="60" ScaleY="60" Source="$NickName$" />

		<Text Left="410" Top="393" Width="200" Color="0xBBFFFFFF" ScaleX="60" ScaleY="60" Source="$SoundTrack$" />
		<Text Left="410" Top="413" Width="200" Scroll="2" Color="0xBBFFFFFF" ScaleX="60" ScaleY="60" Source="$SongName$" />
		<Text Left="610" Top="433" Align="Right" Color="0xBBFFFFFF" ScaleX="60" ScaleY="60" Source="SongTime" />

		<Text Left="395" Top="353" Width="230" Align="Left" Scroll="2" Color="0xBBFFFFFF" ScaleX="75" ScaleY="75" Source="$Newsfeed$" />

		<Text Left="30" Top="393" Align="Left" Width="220" Color="0xBBFFFFFF" ScaleX="60" ScaleY="60" Source="D: $DVDTitle$" />
		<Text Left="30" Top="413" Align="Left" Color="0xBBFFFFFF" ScaleX="60" ScaleY="60" Source="IP" />
		<Text Left="410" Top="328" Align="Left" Color="0xBBFFFFFF" ScaleX="60" ScaleY="60" Source="$Time$" />
		<Text Left="30" Top="433" Align="Left" Color="0xBBFFFFFF" ScaleX="60" ScaleY="60" Source="MBTemp" />

		<Text Left="380" Top="393" Align="Right" Color="0xBBFFFFFF" ScaleX="60" ScaleY="60" Source="E: $E_FreeMB$" />
		<Text Left="380" Top="413" Align="Right" Color="0xBBFFFFFF" ScaleX="60" ScaleY="60" Source="F: $F_FreeMB$" />
		<Text Left="610" Top="328" Align="Right" Color="0xBBFFFFFF" ScaleX="60" ScaleY="60" Source="$Date$" />
		<Text Left="380" Top="433" Align="Right" Color="0xBBFFFFFF" ScaleX="60" ScaleY="60" Source="CPUTemp" />

		<Image Top="162" Left="436" Width="150" Height="150" Source="GameIcon" />
		<Image Source="GamePreview" />
	</Main>

	<FileManager SafeBorder="False">
		<BackGround>filemanager.png</BackGround>
	</FileManager>

	<!-- New feature Alert: 
		MusicPlayer is now fully skinnable, and Texts, Shapes and Images are acceptable.
	-->
	<MusicPlayer Left="138" Top="20" Width="364" Height="215" >
		<BackGround>main_back.png</BackGround>
		
		<!-- back image of the peak meter and mask for the volume -->
		<!-- Progress and volume must be under this image, hence zIndex > 0 -->
		<Image Left="277" Top="70" Width="167" Height="115" zIndex="1">vizbg.png</Image>
		<!-- cover image must be drawn on top of everything, zIndex=10 should be fine -->
		<Image Left="253" Top="48" Width="206" Height="152" zIndex="10">viz_cover.png</Image>


		<ButtonMap>ButtonMap.png</ButtonMap>	
		<!-- Buttons -->
		<Element Type="Prev" Left="189" Top="186" Width="30" Height="36" />
		<Element Type="Play" Left="219" Top="186" Width="30" Height="36" />
		<Element Type="Pause" Left="249" Top="186" Width="30" Height="36" />
		<Element Type="Stop" Left="279" Top="186" Width="30" Height="36" />
		<Element Type="Next" Left="309" Top="186" Width="30" Height="36" />
		<Element Type="PrevTrack" Left="339" Top="186" Width="30" Height="36" />
		<Element Type="NextTrack" Left="369" Top="186" Width="30" Height="36" />
		<!-- Random and mute must be drawn on top of vizbg, zIndex = 2 -->
		<Element Type="Random" Left="334" Top="168" Width="30" Height="18" zIndex="2" />
		<Element Type="Mute" Left="372" Top="168" Width="30" Height="18" zIndex="2" />
		<Element Type="Progress" Left="303" Top="89" Width="122" Height="12" />
		<Element Type="Volume" Left="280" Top="148" Width="162" Height="16" />

		<!-- Meter must be drawn on top of vizbg, zIndex = 2 -->
		<Element Type="Meter" Left="298" Top="98" Width="134" Height="58" zIndex="2" />
		<Element Type="SongStatus" Left="288" Top="135" Width="10" Height="10" zIndex="2" />
		<!-- Other possible types:
			PlayStatus, PauseStatus, StopStatus -These are the symbols which are either dimmed or lit
			SongStatus, could be Playing, Paused or Stopped symbol
		 -->

		<!-- Text must be drawn on top of vizbg, zIndex = 2 -->
		<Text Left="180" Top="142" Width="55" Height="20" Color="0xFFf9920f" Source="SongTime" Font="Agency" zIndex="2" ScaleX="200" ScaleY="200" Align="MiddleCenter" />
		<!-- New feature Alert:
			New Source for Text element
			SongTrack - concat of song and soundtrack 
			SongBitRate - 128KBPS
			SongLength - 5:12
			SongFrequency - 44.1KHz
			SongChannel - Audio CD, Stereo or Mono
		-->
		<Text Left="313" Top="76" Width="108" Height="12" Color="0xFFf9920f" Source="SongTrack" Scroll="2" Align="Bottom" Font="Agency" zIndex="2"/>

		<Playlist Top="235" Left="125" Width="390" Height="225" OffsetX="22" OffsetY="24">
			<BackGround>pl_back.png</BackGround>
		</Playlist>
		
	</MusicPlayer>

	<ColorScheme>
		<AMBIENT_FOGCOLOR>0xFF401000</AMBIENT_FOGCOLOR>
		<AMBIENT_SKYCOLOR>0xFF501000</AMBIENT_SKYCOLOR>
		<AMBIENT_CELLCOLOR>0xFF602000</AMBIENT_CELLCOLOR>

		<CAPTION_TEXTCOLOR>0xFFFFFF00</CAPTION_TEXTCOLOR>
		<CAPTION_BACKCOLOR>0xFF602000</CAPTION_BACKCOLOR>

		<DIALOG_BORDERCOLOR>0xFF000000</DIALOG_BORDERCOLOR>
		<DIALOG_BACKCOLOR>0xFF602000</DIALOG_BACKCOLOR>
		<DIALOG_INNER_BORDERCOLOR>0xFF000000</DIALOG_INNER_BORDERCOLOR>
		<DIALOG_INNER_BACKCOLOR>0xBB000000</DIALOG_INNER_BACKCOLOR>
		<DIALOG_TEXTCOLOR>0xFFFFFFFF</DIALOG_TEXTCOLOR>
		<DIALOG_DISABLEDTEXT>0xFF111111</DIALOG_DISABLEDTEXT>

		<OPTION_TEXTCOLOR>0xFFFFFFFF</OPTION_TEXTCOLOR>
		<OPTION_ACTIVETEXTCOLOR>0xFFFFFF00</OPTION_ACTIVETEXTCOLOR>
		<OPTION_ACTIVEBACKCOLOR>0xFF602000</OPTION_ACTIVEBACKCOLOR>

		<BUTTON_BORDERCOLOR>0xBB000000</BUTTON_BORDERCOLOR>
		<BUTTON_TEXTCOLOR>0xFFAAAA00</BUTTON_TEXTCOLOR>
		<BUTTON_BACKCOLOR>0xFF602000</BUTTON_BACKCOLOR>
		<BUTTON_ACTIVETEXTCOLOR>0xFFFFFF00</BUTTON_ACTIVETEXTCOLOR>
		<BUTTON_ACTIVEBACKCOLOR>0xBB000000</BUTTON_ACTIVEBACKCOLOR>

		<KB_KEYBG_HIGHLIGHT>0xFF303030</KB_KEYBG_HIGHLIGHT>
		<KB_KEYBG_DISABLED>0xFF602000</KB_KEYBG_DISABLED>
		<KB_KEY_PRESSED>0xFF303030</KB_KEY_PRESSED>
		<KB_KEY_NORMAL>0xFF000000</KB_KEY_NORMAL>
		<KB_KEY_DISABLED>0xFF602000</KB_KEY_DISABLED>
		<KB_KEY_ACTIVEBORDER>0xFF303030</KB_KEY_ACTIVEBORDER>
		<KB_KEY_TEXTCOLOR>0xFFFFFFFF</KB_KEY_TEXTCOLOR>
		<KB_KEY_TEXTBACKCOLOR>0xFF000000</KB_KEY_TEXTBACKCOLOR>
		<KB_KEY_TEXTBORDERCOLOR>0xFFAAAAAA</KB_KEY_TEXTBORDERCOLOR>

	        <MENU_TEXTCOLOR>0xFFAAAAAA</MENU_TEXTCOLOR>
        	<MENU_ACTIVETEXTCOLOR>0xFFAAAA00</MENU_ACTIVETEXTCOLOR>
	        <MENU_ACTIVEBACKCOLOR>0x00000000</MENU_ACTIVEBACKCOLOR>
	        <MENU_ACTIVEBORDERCOLOR>0x00000000</MENU_ACTIVEBORDERCOLOR>

		<!-- New feature Alert:
			New colorscheme elements
			MMLightBackColor -Lighter Backcolor of the Soundtrack manager
			MMDarkBackColor -Backcolor of the Soundtrack manager

			MMLightBarColor -Color of high peak meter indicator
			MMDarkBarColor -Color of low peak meter indicator
			MMForeColor -Text, Led color
			MMOffForeColor -Led color
		-->
		<MMBorderColor>0x00000001</MMBorderColor>
		
		<!-- LED color-->
		<MMForeColor>0xfff9920f</MMForeColor>
		<MMOffForeColor>0xff6f4917</MMOffForeColor>

		<!-- Peak meter color-->
		<!-- Here, we just want a uniform color, Dark is low, light is high-->
		<MMDarkBarColor>0xfff9920f</MMDarkBarColor>
		<MMLightBarColor>0xfff9920f</MMLightBarColor>

	</ColorScheme>
</Skin>