<Skin name="tentacles1.0">	<Information>		<Author>michelgendron</Author>		<Version>1.0</Version>		<Copyright>2004</Copyright>	</Information>		<IntroMovie></IntroMovie>			<Main Globe="false" Orb="False">		<Cellwall></Cellwall>		<Orb></Orb>		<BackGround>menu.png</BackGround>		<Menu Smooth="True" ShowIcon="False">		<Position Top="55" Left="50" Width="350" Height="380" Fixed="False" FixAt="5" MaxItem="7">		</Position>		</Menu>	</Main>		<LoadingScreen ShowInfo="false">		<BackGround>launch.png</BackGround>	</LoadingScreen>		<FileManager>		<Background>filemanager.png</Background>	</FileManager>	<ColorScheme >		<AMBIENT_FOGCOLOR></AMBIENT_FOGCOLOR>		<AMBIENT_SKYCOLOR></AMBIENT_SKYCOLOR>		<AMBIENT_CELLCOLOR></AMBIENT_CELLCOLOR>		<CAPTION_TEXTCOLOR>0xFFFFFFFF</CAPTION_TEXTCOLOR>		<CAPTION_BACKCOLOR>0x9941442D</CAPTION_BACKCOLOR>		<DIALOG_BORDERCOLOR>0xFFFFFFFF</DIALOG_BORDERCOLOR>		<DIALOG_BACKCOLOR>0x9941442D</DIALOG_BACKCOLOR>		<DIALOG_INNER_BORDERCOLOR>0xFFFFFFFF</DIALOG_INNER_BORDERCOLOR>		<DIALOG_INNER_BACKCOLOR>0xEE41442D</DIALOG_INNER_BACKCOLOR>		<DIALOG_TEXTCOLOR>0xFFFFFFFF</DIALOG_TEXTCOLOR>		<DIALOG_DISABLEDTEXT>0xFF000000</DIALOG_DISABLEDTEXT>		<OPTION_TEXTCOLOR>0xFF999966</OPTION_TEXTCOLOR>		<OPTION_ACTIVETEXTCOLOR>0xFFFFFF00</OPTION_ACTIVETEXTCOLOR>		<OPTION_ACTIVEBACKCOLOR>0x99999966</OPTION_ACTIVEBACKCOLOR>		<BUTTON_BORDERCOLOR></BUTTON_BORDERCOLOR>		<BUTTON_TEXTCOLOR>0xFFFFFFFF</BUTTON_TEXTCOLOR>		<BUTTON_BACKCOLOR>0xcc999966</BUTTON_BACKCOLOR>		<BUTTON_ACTIVETEXTCOLOR>0xffffffff</BUTTON_ACTIVETEXTCOLOR>		<BUTTON_ACTIVEBACKCOLOR>0xcc02C90C</BUTTON_ACTIVEBACKCOLOR>					<KB_KEYBG_HIGHLIGHT>0xCC00C000</KB_KEYBG_HIGHLIGHT>		<KB_KEYBG_DISABLED>0xffc0c0c0</KB_KEYBG_DISABLED>		<KB_KEY_PRESSED>0xff808080</KB_KEY_PRESSED>		<KB_KEY_NORMAL>0xff000000</KB_KEY_NORMAL>		<KB_KEY_DISABLED>0xff808080</KB_KEY_DISABLED>		<KB_KEY_ACTIVEBORDER>0xff008000</KB_KEY_ACTIVEBORDER>		<KB_KEY_TEXTCOLOR>0xff000000</KB_KEY_TEXTCOLOR>		<KB_KEY_TEXTBACKCOLOR>0xffFFFFFF</KB_KEY_TEXTBACKCOLOR>		<KB_KEY_TEXTBORDERCOLOR>0xff0000FF</KB_KEY_TEXTBORDERCOLOR>				<MENU_TEXTCOLOR>0xff999966</MENU_TEXTCOLOR>		<MENU_ACTIVETEXTCOLOR>0xffffffff</MENU_ACTIVETEXTCOLOR>		<MENU_BORDERCOLOR></MENU_BORDERCOLOR>		<MENU_BACKCOLOR></MENU_BACKCOLOR>		<MENU_ACTIVEBACKCOLOR></MENU_ACTIVEBACKCOLOR>		<MENU_ACTIVEBORDERCOLOR></MENU_ACTIVEBORDERCOLOR>	</ColorScheme></Skin>