﻿<Skin name="XBOX 360 IS COMING">
    <Information>
        <Author>MICHAEL JOHNSON</Author>
        <Version>1</Version>
        <Copyright>2005</Copyright>
        <Skinner Name="UX Architect" Version="1.0c" />
    </Information>
    <IntroMovie>360.wmv</IntroMovie>
    <LoadingScreen ShowInfo="False">
        <Background>360LOADING copy.jpg</Background>
    </LoadingScreen>
    <Main Globe="False" Orb="False" Fog="False">
        <Background EnableAudio="False">x360finalv2.jpg</Background>
        <InfoFont>Square-12.xpr</InfoFont>
        <Text Top="400" Left="25" Width="350" Scroll="0" Color="0xFF989898" Source="DateTime" Align="Left" />
        <Text Top="420" Left="25" Width="300" Scroll="0" Color="0xFF989898" Source="SongName" Align="Left" />
        <Text Top="420" Left="325" Width="100" Scroll="0" Color="0xFF989898" Source="SongTime" Align="Right" />
        <Menu Align="Left" ShowIcon="True" ShowArrows="False">
            <ItemPos Top="205" Left="25" Width="300"></ItemPos>
            <ItemPos Top="245" Left="25" Width="300"></ItemPos>
            <ItemPos Top="285" Left="25" Width="300"></ItemPos>
            <ItemPos Top="325" Left="25" Width="300"></ItemPos>
            <ItemPos Top="365" Left="25" Width="300"></ItemPos>
            <Font>Square-12.xpr</Font>
        </Menu>
        <ColorScheme>
            <AMBIENT_FOGCOLOR>0x00FFFFFF</AMBIENT_FOGCOLOR>
            <AMBIENT_SKYCOLOR>0x0000000F</AMBIENT_SKYCOLOR>
            <AMBIENT_CELLCOLOR>0x0000C000</AMBIENT_CELLCOLOR>
            <CAPTION_TEXTCOLOR>0xFF000000</CAPTION_TEXTCOLOR>
            <CAPTION_BACKCOLOR>0x6498CC2C</CAPTION_BACKCOLOR>
            <DIALOG_BORDERCOLOR>0xFF000000</DIALOG_BORDERCOLOR>
            <DIALOG_BACKCOLOR>0x64979797</DIALOG_BACKCOLOR>
            <DIALOG_INNER_BORDERCOLOR>0xC8000000</DIALOG_INNER_BORDERCOLOR>
            <DIALOG_INNER_BACKCOLOR>0x5A808080</DIALOG_INNER_BACKCOLOR>
            <DIALOG_TEXTCOLOR>0xFFFFFFFF</DIALOG_TEXTCOLOR>
            <DIALOG_DISABLEDTEXT>0xFF000000</DIALOG_DISABLEDTEXT>
            <OPTION_TEXTCOLOR>0xFF000000</OPTION_TEXTCOLOR>
            <OPTION_ACTIVETEXTCOLOR>0xFF98CC2C</OPTION_ACTIVETEXTCOLOR>
            <OPTION_ACTIVEBACKCOLOR>0xFFFFFFFF</OPTION_ACTIVEBACKCOLOR>
            <BUTTON_BORDERCOLOR>0xC8000000</BUTTON_BORDERCOLOR>
            <BUTTON_TEXTCOLOR>0xFFFFFFFF</BUTTON_TEXTCOLOR>
            <BUTTON_BACKCOLOR>0xFF98CC2C</BUTTON_BACKCOLOR>
            <BUTTON_ACTIVETEXTCOLOR>0xFFFFFFFF</BUTTON_ACTIVETEXTCOLOR>
            <BUTTON_ACTIVEBACKCOLOR>0xFF979797</BUTTON_ACTIVEBACKCOLOR>
            <KB_KEYBG_HIGHLIGHT>0x19575757</KB_KEYBG_HIGHLIGHT>
            <KB_KEYBG_DISABLED>0x78C0C0C0</KB_KEYBG_DISABLED>
            <KB_KEY_PRESSED>0xFF98CC2C</KB_KEY_PRESSED>
            <KB_KEY_NORMAL>0xFF000000</KB_KEY_NORMAL>
            <KB_KEY_DISABLED>0xFF98CC2C</KB_KEY_DISABLED>
            <KB_KEY_ACTIVEBORDER>0xFF98CC2C</KB_KEY_ACTIVEBORDER>
            <KB_KEY_TEXTCOLOR>0xFF000000</KB_KEY_TEXTCOLOR>
            <KB_KEY_TEXTBACKCOLOR>0xFFFFFFFF</KB_KEY_TEXTBACKCOLOR>
            <KB_KEY_TEXTBORDERCOLOR>0x7898CC2C</KB_KEY_TEXTBORDERCOLOR>
            <MENU_TEXTCOLOR>0x9698CC2C</MENU_TEXTCOLOR>
            <MENU_ACTIVETEXTCOLOR>0xFF979797</MENU_ACTIVETEXTCOLOR>
        </ColorScheme>
    </Main>
</Skin>