﻿<Skin name="Bender Fender">
    <Information>
        <Author>looknbarrel</Author>
        <Version>1</Version>
        <Copyright>2005</Copyright>
        <Skinner Name="UX Architect" Version="1.0c" />
    </Information>
    <Filemanager SafeBorder="False">
        <Background>Bender Beach.jpg</Background>
    </Filemanager>
    <LoadingScreen ShowInfo="False">
        <Background>Bender Pimp.jpg</Background>
    </LoadingScreen>
    <Main Globe="False" Orb="False" Fog="False">
        <Background EnableAudio="False">Bender.JPG</Background>
        <Cellwall>Bender Girl.JPG</Cellwall>
        <InfoFont>Square-10.xpr</InfoFont>
        <Text Top="418" Left="9" Width="200" Scroll="0" Color="0xFFFFFFFF" Source="E_Free" Align="Left" />
        <Text Top="400" Left="8" Width="200" Scroll="0" Color="0xFFFFFFFF" Source="CPUTemp" Align="Left" />
        <Text Top="382" Left="8" Width="200" Scroll="0" Color="0xFFFFFFFF" Source="Subnet" Align="Left" />
        <Text Top="365" Left="9" Width="193" Scroll="0" Color="0xFFFFFFFF" Source="IP" Align="Left" />
        <Image Top="399" Left="481" Width="146" Height="53" Opacity="100">unleashx2.png</Image>
        <Menu Align="Left" ShowIcon="False" ShowArrows="False">
            <ItemPos Top="63" Left="359" Width="293"></ItemPos>
            <ItemPos Top="104" Left="382" Width="262"></ItemPos>
            <ItemPos Top="147" Left="391" Width="255"></ItemPos>
            <ItemPos Top="192" Left="376" Width="260"></ItemPos>
            <ItemPos Top="232" Left="351" Width="288"></ItemPos>
            <Font>39Smooth-10.xpr</Font>
        </Menu>
        <ColorScheme>
            <AMBIENT_FOGCOLOR>0xFFFF0000</AMBIENT_FOGCOLOR>
            <AMBIENT_SKYCOLOR>0xFF004000</AMBIENT_SKYCOLOR>
            <AMBIENT_CELLCOLOR>0xFF008000</AMBIENT_CELLCOLOR>
            <CAPTION_TEXTCOLOR>0xFFFFFFFF</CAPTION_TEXTCOLOR>
            <CAPTION_BACKCOLOR>0xFF0000FF</CAPTION_BACKCOLOR>
            <DIALOG_BORDERCOLOR>0xE10000FF</DIALOG_BORDERCOLOR>
            <DIALOG_BACKCOLOR>0xD1FFFFFF</DIALOG_BACKCOLOR>
            <DIALOG_INNER_BORDERCOLOR>0xFF0000FF</DIALOG_INNER_BORDERCOLOR>
            <DIALOG_INNER_BACKCOLOR>0x01FFFFFF</DIALOG_INNER_BACKCOLOR>
            <DIALOG_TEXTCOLOR>0xFF000000</DIALOG_TEXTCOLOR>
            <DIALOG_DISABLEDTEXT>0xFF000000</DIALOG_DISABLEDTEXT>
            <OPTION_TEXTCOLOR>0xFF000000</OPTION_TEXTCOLOR>
            <OPTION_ACTIVETEXTCOLOR>0xFF000000</OPTION_ACTIVETEXTCOLOR>
            <OPTION_ACTIVEBACKCOLOR>0xFF0000FF</OPTION_ACTIVEBACKCOLOR>
            <BUTTON_BORDERCOLOR>0xFF0000FF</BUTTON_BORDERCOLOR>
            <BUTTON_TEXTCOLOR>0xFF000000</BUTTON_TEXTCOLOR>
            <BUTTON_BACKCOLOR>0xFF0000FF</BUTTON_BACKCOLOR>
            <BUTTON_ACTIVETEXTCOLOR>0xFF000000</BUTTON_ACTIVETEXTCOLOR>
            <BUTTON_ACTIVEBACKCOLOR>0xFF0000FF</BUTTON_ACTIVEBACKCOLOR>
            <KB_KEYBG_HIGHLIGHT>0xFF0000FF</KB_KEYBG_HIGHLIGHT>
            <KB_KEYBG_DISABLED>0xFF000000</KB_KEYBG_DISABLED>
            <KB_KEY_PRESSED>0xFF808080</KB_KEY_PRESSED>
            <KB_KEY_NORMAL>0xFF0000FF</KB_KEY_NORMAL>
            <KB_KEY_DISABLED>0xFFFFFFFF</KB_KEY_DISABLED>
            <KB_KEY_ACTIVEBORDER>0xFFFFFFFF</KB_KEY_ACTIVEBORDER>
            <KB_KEY_TEXTCOLOR>0xFF000000</KB_KEY_TEXTCOLOR>
            <KB_KEY_TEXTBACKCOLOR>0xFF0000FF</KB_KEY_TEXTBACKCOLOR>
            <KB_KEY_TEXTBORDERCOLOR>0xFF808080</KB_KEY_TEXTBORDERCOLOR>
            <MENU_TEXTCOLOR>0xFF000000</MENU_TEXTCOLOR>
            <MENU_ACTIVETEXTCOLOR>0xFF000000</MENU_ACTIVETEXTCOLOR>
            <MENU_BORDERCOLOR>0xFF0000FF</MENU_BORDERCOLOR>
            <MENU_BACKCOLOR>0x01000000</MENU_BACKCOLOR>
            <MENU_ACTIVEBACKCOLOR>0x96FFFFFF</MENU_ACTIVEBACKCOLOR>
            <MENU_ACTIVEBORDERCOLOR>0xFF0000FF</MENU_ACTIVEBORDERCOLOR>
        </ColorScheme>
    </Main>
</Skin>