﻿<Skin name="Family Guy Episode 1">
    <Information>
        <Author>Jonathan2007</Author>
        <Version>1</Version>
        <Copyright>2004</Copyright>
        <Skinner Name="UX Architect" Version="1.0c" />
    </Information>
    <Filemanager SafeBorder="False">
        <Background>filemanager.png</Background>
    </Filemanager>
    <LoadingScreen ShowInfo="False">
        <Background>loading.png</Background>
    </LoadingScreen>
    <Main Globe="False" Orb="False" Fog="False">
        <Background EnableAudio="False">background.png</Background>
        <InfoFont>39Smooth-12.xpr</InfoFont>
        <Text Top="138" Left="605" Color="0xFF000000" Source="IP" Align="Right" />
        <Text Top="98" Left="605" Color="0xFF000000" Source="DVDType" Align="Right" />
        <Text Top="198" Left="605" Color="0xFF000000" Source="SongTime" Align="Right" />
        <Text Top="178" Left="605" Color="0xFF000000" Source="SongName" Align="Right" />
        <Text Top="158" Left="605" Color="0xFF000000" Source="F_Free" Align="Right" />
        <Text Top="118" Left="605" Color="0xFF000000" Source="E_Free" Align="Right" />
        <Image Top="38" Left="365" Width="255" Height="55" Source="GameIcon" />
        <Image Source="GamePreview" />
        <Menu Align="Middle" ShowIcon="False" ShowArrows="False">
            <Preview EnableAudio="True" Top="264" Left="38" Width="200" Height="150" />
            <Position Top="50" Left="37" Width="284" Height="195" Fixed="False" FixAt="2" MaxItem="4" />
            <Font>common-font12.xpr</Font>
        </Menu>
        <ColorScheme >
		<AMBIENT_FOGCOLOR>0xFF000000</AMBIENT_FOGCOLOR>
		<AMBIENT_CELLCOLOR>0x00FFFFFF</AMBIENT_CELLCOLOR>
		<CAPTION_TEXTCOLOR>0xFFFFFFFF</CAPTION_TEXTCOLOR>
		<CAPTION_BACKCOLOR>0xFF2E438D</CAPTION_BACKCOLOR>
		<DIALOG_BORDERCOLOR>0xFFFFFFFF</DIALOG_BORDERCOLOR>
		<DIALOG_BACKCOLOR>0xFF162043</DIALOG_BACKCOLOR>
		<DIALOG_INNER_BORDERCOLOR>0xFFFFFFFF</DIALOG_INNER_BORDERCOLOR>
		<DIALOG_INNER_BACKCOLOR>0xFF2E438D</DIALOG_INNER_BACKCOLOR>
		<DIALOG_TEXTCOLOR>0xFFFFFFFF</DIALOG_TEXTCOLOR>
		<DIALOG_DISABLEDTEXT>0xFFC0C0C0</DIALOG_DISABLEDTEXT>
		<OPTION_TEXTCOLOR>0xFFFFFFFF</OPTION_TEXTCOLOR>
		<OPTION_ACTIVETEXTCOLOR>0xFFFFFFFF</OPTION_ACTIVETEXTCOLOR>
		<BUTTON_TEXTCOLOR>0xFF02C90C</BUTTON_TEXTCOLOR>
		<BUTTON_BACKCOLOR>0xCD636482</BUTTON_BACKCOLOR>
		<BUTTON_ACTIVETEXTCOLOR>0xFFFFFFFF</BUTTON_ACTIVETEXTCOLOR>
		<BUTTON_ACTIVEBACKCOLOR>0xE102C90C</BUTTON_ACTIVEBACKCOLOR>	
		<KB_KEYBG_HIGHLIGHT>0xCC00C000</KB_KEYBG_HIGHLIGHT>
		<KB_KEYBG_DISABLED>0xffc0c0c0</KB_KEYBG_DISABLED>
		<KB_KEY_PRESSED>0xff808080</KB_KEY_PRESSED>
		<KB_KEY_NORMAL>0xff000000</KB_KEY_NORMAL>
		<KB_KEY_DISABLED>0xff808080</KB_KEY_DISABLED>
		<KB_KEY_ACTIVEBORDER>0xff008000</KB_KEY_ACTIVEBORDER>
		<KB_KEY_TEXTCOLOR>0xff000000</KB_KEY_TEXTCOLOR>
		<KB_KEY_TEXTBACKCOLOR>0xffFFFFFF</KB_KEY_TEXTBACKCOLOR>
		<KB_KEY_TEXTBORDERCOLOR>0xff0000FF</KB_KEY_TEXTBORDERCOLOR>
		<MENU_TEXTCOLOR>0xFF000000</MENU_TEXTCOLOR>
		<MENU_ACTIVETEXTCOLOR>0xFF4060B5</MENU_ACTIVETEXTCOLOR>
	</ColorScheme>
    </Main>
</Skin>