﻿<Skin name="XBOX 360">
    <Information>
        <Author>Kracker624</Author>
        <Version>1</Version>
        <Copyright>2005</Copyright>
        <Skinner Name="UX Architect" Version="1.0c" />
    </Information>
    <IntroMovie>360.0.wmv</IntroMovie>
    <Main Globe="False" Orb="False" Fog="False">
        <InfoFont>Square-10.xpr</InfoFont>
        <Text Top="134" Left="119" Width="187" Scroll="0" Color="0xFF000000" Source="G_FreeMB" Align="Left" />
        <Text Top="94" Left="119" Width="189" Scroll="0" Color="0xFF000000" Source="C_FreeMB" Align="Left" />
        <Text Top="114" Left="119" Width="188" Scroll="0" Color="0xFF000000" Source="F_FreeMB" Align="Left" />
        <Text Top="355" Left="160" Width="200" Scroll="0" Color="0xFF000000" Source="Tray" Align="Left" />
        <Text Top="410" Left="109" Width="200" Scroll="0" Color="0xFF000000" Source="CPUTempF" Align="Left" />
        <Text Top="430" Left="109" Width="200" Scroll="0" Color="0xFF000000" Source="MBTempF" Align="Left" />
        <Text Top="4" Left="377" Width="200" Scroll="0" Color="0xFF000000" Source="Date" Align="Left" />
        <Text Top="25" Left="378" Width="200" Scroll="0" Color="0xFF000000" Source="Time" Align="Left" />
        <Text Top="64" Left="121" Width="183" Scroll="0" Color="0xFF000000" Source="NickName" Align="Left" />
        <Text Top="450" Left="110" Width="200" Scroll="0" Color="0xFF000000" Source="IP" Align="Left" />
        <Image Top="0" Left="-1" Width="640" Height="480" Opacity="100">Xbox 360 copy.png</Image>
        <Image Top="403" Left="434" Width="74" Height="70" Source="GameIcon" />
        <Image Source="GamePreview" />
        <Menu Smooth="True" Align="Left" ShowIcon="False" ShowArrows="False">
            <Preview EnableAudio="True" Top="166" Left="341" Width="149" Height="112" />
            <ItemPos Top="168" Left="148" Width="159"></ItemPos>
            <ItemPos Top="200" Left="149" Width="158"></ItemPos>
            <ItemPos Top="234" Left="149" Width="158"></ItemPos>
            <ItemPos Top="267" Left="150" Width="157"></ItemPos>
            <ItemPos Top="299" Left="150" Width="156"></ItemPos>
            <Font>Square-10.xpr</Font>
        </Menu>
        <ColorScheme>
            <AMBIENT_FOGCOLOR>0x78FFFFFF</AMBIENT_FOGCOLOR>
            <AMBIENT_SKYCOLOR>0xFF00000F</AMBIENT_SKYCOLOR>
            <AMBIENT_CELLCOLOR>0x7800C000</AMBIENT_CELLCOLOR>
            <CAPTION_TEXTCOLOR>0xFF000000</CAPTION_TEXTCOLOR>
            <CAPTION_BACKCOLOR>0xFF62E84A</CAPTION_BACKCOLOR>
            <DIALOG_BORDERCOLOR>0xFF4E4B4E</DIALOG_BORDERCOLOR>
            <DIALOG_BACKCOLOR>0xFF436744</DIALOG_BACKCOLOR>
            <DIALOG_INNER_BORDERCOLOR>0xFFB3B3B5</DIALOG_INNER_BORDERCOLOR>
            <DIALOG_INNER_BACKCOLOR>0xFF4E4B4E</DIALOG_INNER_BACKCOLOR>
            <DIALOG_TEXTCOLOR>0xFFFFFFFF</DIALOG_TEXTCOLOR>
            <DIALOG_DISABLEDTEXT>0xFFB3B3B4</DIALOG_DISABLEDTEXT>
            <OPTION_TEXTCOLOR>0xFFFFFFFF</OPTION_TEXTCOLOR>
            <OPTION_ACTIVETEXTCOLOR>0xFF62E84A</OPTION_ACTIVETEXTCOLOR>
            <OPTION_ACTIVEBACKCOLOR>0xFF436744</OPTION_ACTIVEBACKCOLOR>
            <BUTTON_BORDERCOLOR>0xFF4E4B4E</BUTTON_BORDERCOLOR>
            <BUTTON_TEXTCOLOR>0xFF000000</BUTTON_TEXTCOLOR>
            <BUTTON_BACKCOLOR>0xFFE8E8E8</BUTTON_BACKCOLOR>
            <BUTTON_ACTIVETEXTCOLOR>0xFFFFFFFF</BUTTON_ACTIVETEXTCOLOR>
            <BUTTON_ACTIVEBACKCOLOR>0xFF8DD579</BUTTON_ACTIVEBACKCOLOR>
            <KB_KEYBG_HIGHLIGHT>0xFF0000FF</KB_KEYBG_HIGHLIGHT>
            <KB_KEYBG_DISABLED>0x78C0C0C0</KB_KEYBG_DISABLED>
            <KB_KEY_PRESSED>0xFF008000</KB_KEY_PRESSED>
            <KB_KEY_NORMAL>0xFF000000</KB_KEY_NORMAL>
            <KB_KEY_DISABLED>0xFFFFFFFF</KB_KEY_DISABLED>
            <KB_KEY_ACTIVEBORDER>0xFFFF0000</KB_KEY_ACTIVEBORDER>
            <KB_KEY_TEXTCOLOR>0xFF000000</KB_KEY_TEXTCOLOR>
            <KB_KEY_TEXTBACKCOLOR>0xFFFFFFFF</KB_KEY_TEXTBACKCOLOR>
            <KB_KEY_TEXTBORDERCOLOR>0x780000FF</KB_KEY_TEXTBORDERCOLOR>
            <MENU_TEXTCOLOR>0xFF000000</MENU_TEXTCOLOR>
            <MENU_ACTIVETEXTCOLOR>0xFF000000</MENU_ACTIVETEXTCOLOR>
            <MENU_BORDERCOLOR>0xFFFFFFFF</MENU_BORDERCOLOR>
            <MENU_BACKCOLOR>0xFFFFFFFF</MENU_BACKCOLOR>
            <MENU_ACTIVEBACKCOLOR>0xFFFFFFFF</MENU_ACTIVEBACKCOLOR>
            <MENU_ACTIVEBORDERCOLOR>0xFFFFFFFF</MENU_ACTIVEBORDERCOLOR>
        </ColorScheme>
    </Main>
</Skin>