﻿<Skin name="Mystic">
    <Information>
        <Author>Vincent</Author>
        <Version>1</Version>
        <Copyright>2004</Copyright>
        <Skinner Name="UX Architect" Version="1.0c" />
    </Information>
    <Filemanager SafeBorder="False">
        <Background>xboxblacklogo800.jpg</Background>
    </Filemanager>
    <LoadingScreen ShowInfo="True">
        <Background>lauch.WMV</Background>
    </LoadingScreen>
    <Main Globe="False" Orb="False" Fog="False">
        <Background EnableAudio="False">bg.WMV</Background>
        <InfoFont>1979-10.xpr</InfoFont>
        <Text Top="195" Left="188" Width="200" Scroll="0" Color="0xFFFFFFFF" Source="DateTime" Align="Middle" />
        <Text Top="153" Left="393" Width="164" Scroll="0" Color="0xFFFFFFFF" Source="CPUTemp" Align="Left" />
        <Text Top="128" Left="370" Width="189" Scroll="0" Color="0xFFFFFFFF" Source="MBTempC" Align="Left" />
        <Text Top="60" Left="379" Width="168" Scroll="0" Color="0xFFFFFFFF" Source="DNS1" Align="Left" />
        <Text Top="38" Left="361" Width="182" Scroll="0" Color="0xFFFFFFFF" Source="IP" Align="Left" />
        <Text Top="39" Left="94" Width="190" Scroll="0" Color="0xFFFFFFFF" Source="DVDTitle" Align="Left" />
        <Text Top="129" Left="74" Width="195" Scroll="0" Color="0xFFFFFFFF" Source="E_free" Align="Left" />
        <Text Top="152" Left="68" Width="182" Scroll="0" Color="0xFFFFFFFF" Source="F_free" Align="Left" />
        <Text Top="65" Left="93" Width="168" Scroll="0" Color="0xFFFFFFFF" Source="C_free" Align="Left" />
        <Image Top="228" Left="-8" Width="407" Height="247" Opacity="100">Cool 2.png</Image>
        <Image Top="14" Left="27" Width="289" Height="90" Opacity="100">Cool 3.png</Image>
        <Image Top="102" Left="9" Width="289" Height="90" Opacity="100">Cool 3.png</Image>
        <Image Top="11" Left="322" Width="290" Height="92" Opacity="100">Cool 4.PNG</Image>
        <Image Top="102" Left="336" Width="290" Height="92" Opacity="100">Cool 4.PNG</Image>
        <Image Top="210" Left="225" Width="182" Height="36" Opacity="100">unleashx3.png</Image>
        <Image Top="202" Left="384" Width="275" Height="278" Opacity="100">cool.png</Image>
        <Image Top="259" Left="33" Width="336" Height="188" Opacity="100">shadows 3.png</Image>
        <Image Top="235" Left="419" Width="214" Height="209" Opacity="100">shadows.png</Image>
        <Image Source="GamePreview" />
        <Menu Align="Left" ShowIcon="False" ShowArrows="False">
            <Preview EnableAudio="True" Top="246" Left="428" Width="198" Height="192" />
            <ItemPos Top="276" Left="50" Width="319"></ItemPos>
            <ItemPos Top="314" Left="45" Width="323"></ItemPos>
            <ItemPos Top="354" Left="44" Width="323"></ItemPos>
            <ItemPos Top="387" Left="42" Width="324"></ItemPos>
            <ItemPos Top="421" Left="44" Width="320"></ItemPos>
            <Font>1979-12.xpr</Font>
        </Menu>
        <ColorScheme>
            <AMBIENT_FOGCOLOR>0xFF0000FF</AMBIENT_FOGCOLOR>
            <AMBIENT_SKYCOLOR>0xFF000000</AMBIENT_SKYCOLOR>
            <AMBIENT_CELLCOLOR>0xFF0080FF</AMBIENT_CELLCOLOR>
            <CAPTION_TEXTCOLOR>0xFFFFFFFF</CAPTION_TEXTCOLOR>
            <CAPTION_BACKCOLOR>0xFF0000FF</CAPTION_BACKCOLOR>
            <DIALOG_BORDERCOLOR>0xFF0000FF</DIALOG_BORDERCOLOR>
            <DIALOG_BACKCOLOR>0x9F0000FF</DIALOG_BACKCOLOR>
            <DIALOG_INNER_BORDERCOLOR>0xFF0080FF</DIALOG_INNER_BORDERCOLOR>
            <DIALOG_INNER_BACKCOLOR>0xFF000000</DIALOG_INNER_BACKCOLOR>
            <DIALOG_TEXTCOLOR>0xFFFFFFFF</DIALOG_TEXTCOLOR>
            <DIALOG_DISABLEDTEXT>0xFFB3B3B4</DIALOG_DISABLEDTEXT>
            <OPTION_TEXTCOLOR>0xFFFFFFFF</OPTION_TEXTCOLOR>
            <OPTION_ACTIVETEXTCOLOR>0xFF00FF00</OPTION_ACTIVETEXTCOLOR>
            <OPTION_ACTIVEBACKCOLOR>0xFF0000FF</OPTION_ACTIVEBACKCOLOR>
            <BUTTON_BORDERCOLOR>0xFFFFFFFF</BUTTON_BORDERCOLOR>
            <BUTTON_TEXTCOLOR>0xFFFFFFFF</BUTTON_TEXTCOLOR>
            <BUTTON_BACKCOLOR>0x980000A0</BUTTON_BACKCOLOR>
            <BUTTON_ACTIVETEXTCOLOR>0xFFFF8000</BUTTON_ACTIVETEXTCOLOR>
            <BUTTON_ACTIVEBACKCOLOR>0xFF0000FF</BUTTON_ACTIVEBACKCOLOR>
            <KB_KEYBG_HIGHLIGHT>0xFF0080FF</KB_KEYBG_HIGHLIGHT>
            <KB_KEYBG_DISABLED>0xFFC0C0C0</KB_KEYBG_DISABLED>
            <KB_KEY_PRESSED>0xFF0000FF</KB_KEY_PRESSED>
            <KB_KEY_NORMAL>0xFF000000</KB_KEY_NORMAL>
            <KB_KEY_DISABLED>0xFFFFFFFF</KB_KEY_DISABLED>
            <KB_KEY_ACTIVEBORDER>0xFF0000FF</KB_KEY_ACTIVEBORDER>
            <KB_KEY_TEXTCOLOR>0xFF0000FF</KB_KEY_TEXTCOLOR>
            <KB_KEY_TEXTBACKCOLOR>0xFF000000</KB_KEY_TEXTBACKCOLOR>
            <KB_KEY_TEXTBORDERCOLOR>0xFFFFFFFF</KB_KEY_TEXTBORDERCOLOR>
            <MENU_TEXTCOLOR>0xFFFFFFFF</MENU_TEXTCOLOR>
            <MENU_ACTIVETEXTCOLOR>0xFF00FF00</MENU_ACTIVETEXTCOLOR>
            <MENU_BORDERCOLOR>0xFF000000</MENU_BORDERCOLOR>
            <MENU_BACKCOLOR>0xFF000000</MENU_BACKCOLOR>
            <MENU_ACTIVEBACKCOLOR>0xFF0000FF</MENU_ACTIVEBACKCOLOR>
            <MENU_ACTIVEBORDERCOLOR>0xFF000000</MENU_ACTIVEBORDERCOLOR>
        </ColorScheme>
    </Main>
</Skin>