﻿<Skin name="Unleash Blue">
    <Information>
        <Author>Greg</Author>
        <Version>1</Version>
        <Copyright>2005</Copyright>
        <Skinner Name="UX Architect" Version="1.0c" />
    </Information>
    <Main Globe="False" Orb="False" Fog="False">
        <Background EnableAudio="False">new640.png</Background>
        <InfoFont>Tahoma-10.xpr</InfoFont>
        <Text Top="143" Left="40" Width="200" Scroll="0" Color="0xFFFFFFFF" Source="G_FreeMB" Align="Left" />
        <Text Top="118" Left="40" Width="200" Scroll="0" Color="0xFFFFFFFF" Source="F_FreeMB" Align="Left" />
        <Text Top="93" Left="40" Width="200" Scroll="0" Color="0xFFFFFFFF" Source="E_FreeMB" Align="Left" />
        <Text Top="68" Left="40" Width="200" Scroll="0" Color="0xFFFFFFFF" Source="C_FreeMB" Align="Left" />
        <Text Top="35" Left="153" Width="68" Scroll="0" Color="0xFFFFFFFF" Source="HDD Data" Align="Left" />
        <Text Top="34" Left="468" Width="125" Scroll="0" Color="0xFFFFFFFF" Source="System Information" Align="Left" />
        <Text Top="145" Left="510" Width="50" Scroll="0" Color="0xFFFFFFFF" Source="Time:" Align="Left" />
        <Text Top="95" Left="510" Width="50" Scroll="0" Color="0xFFFFFFFF" Source="Mode:" Align="Left" />
        <Text Top="95" Left="553" Width="80" Scroll="0" Color="0xFFFFFFFF" Source="VideoMode" Align="Left" />
        <Text Top="145" Left="553" Width="75" Scroll="0" Color="0xFFFFFFFF" Source="SongTime" Align="Left" />
        <Text Top="70" Left="305" Width="200" Scroll="0" Color="0xFFFFFFFF" Source="DateTime" Align="Left" />
        <Text Top="120" Left="305" Width="200" Scroll="0" Color="0xFFFFFFFF" Source="SoundTrack" Align="Left" />
        <Text Top="70" Left="510" Width="100" Scroll="0" Color="0xFFFFFFFF" Source="Tray" Align="Left" />
        <Text Top="120" Left="510" Width="100" Scroll="0" Color="0xFFFFFFFF" Source="CPUTempC" Align="Left" />
        <Text Top="145" Left="305" Width="210" Scroll="1" Color="0xFFFFFFFF" Source="SongName" Align="Left" />
        <Text Top="95" Left="305" Width="200" Scroll="0" Color="0xFFFFFFFF" Source="IP" Align="Left" />
        <Image Top="303" Left="74" Width="135" Height="135" Source="GameIcon" />
        <Menu Align="Middle" ShowIcon="False" ShowArrows="False">
            <Position Top="321" Left="268" Width="234" Height="98" Fixed="True" FixAt="1" MaxItem="4" />
            <Font>Trebuchet-10.xpr</Font>
        </Menu>
        <ColorScheme>
            <AMBIENT_FOGCOLOR>0xFF8080FF</AMBIENT_FOGCOLOR>
            <AMBIENT_SKYCOLOR>0xFF00000F</AMBIENT_SKYCOLOR>
            <AMBIENT_CELLCOLOR>0xFF0080FF</AMBIENT_CELLCOLOR>
            <CAPTION_TEXTCOLOR>0xFFFFFFFF</CAPTION_TEXTCOLOR>
            <CAPTION_BACKCOLOR>0xFF0080FF</CAPTION_BACKCOLOR>
            <DIALOG_BORDERCOLOR>0xFF0080FF</DIALOG_BORDERCOLOR>
            <DIALOG_BACKCOLOR>0x9F000000</DIALOG_BACKCOLOR>
            <DIALOG_INNER_BORDERCOLOR>0xFF0080FF</DIALOG_INNER_BORDERCOLOR>
            <DIALOG_INNER_BACKCOLOR>0xFF000000</DIALOG_INNER_BACKCOLOR>
            <DIALOG_TEXTCOLOR>0xFFFFFFFF</DIALOG_TEXTCOLOR>
            <DIALOG_DISABLEDTEXT>0xFFB3B3B4</DIALOG_DISABLEDTEXT>
            <OPTION_TEXTCOLOR>0xFFFFFFFF</OPTION_TEXTCOLOR>
            <OPTION_ACTIVETEXTCOLOR>0xFFFFFFFF</OPTION_ACTIVETEXTCOLOR>
            <OPTION_ACTIVEBACKCOLOR>0xFF0080FF</OPTION_ACTIVEBACKCOLOR>
            <BUTTON_BORDERCOLOR>0xFFFFFFFF</BUTTON_BORDERCOLOR>
            <BUTTON_TEXTCOLOR>0xFFFFFFFF</BUTTON_TEXTCOLOR>
            <BUTTON_BACKCOLOR>0x980000A0</BUTTON_BACKCOLOR>
            <BUTTON_ACTIVETEXTCOLOR>0xFFFFFFFF</BUTTON_ACTIVETEXTCOLOR>
            <BUTTON_ACTIVEBACKCOLOR>0xFF0080FF</BUTTON_ACTIVEBACKCOLOR>
            <KB_KEYBG_HIGHLIGHT>0xFF0080FF</KB_KEYBG_HIGHLIGHT>
            <KB_KEYBG_DISABLED>0xFFC0C0C0</KB_KEYBG_DISABLED>
            <KB_KEY_PRESSED>0xFF008000</KB_KEY_PRESSED>
            <KB_KEY_NORMAL>0xFF000000</KB_KEY_NORMAL>
            <KB_KEY_DISABLED>0xFFFFFFFF</KB_KEY_DISABLED>
            <KB_KEY_ACTIVEBORDER>0xFF808080</KB_KEY_ACTIVEBORDER>
            <KB_KEY_TEXTCOLOR>0xFF000000</KB_KEY_TEXTCOLOR>
            <KB_KEY_TEXTBACKCOLOR>0xFFFFFFFF</KB_KEY_TEXTBACKCOLOR>
            <KB_KEY_TEXTBORDERCOLOR>0xFFFFFF00</KB_KEY_TEXTBORDERCOLOR>
            <MENU_TEXTCOLOR>0xFFFFFFFF</MENU_TEXTCOLOR>
            <MENU_ACTIVETEXTCOLOR>0xFFFFFFFF</MENU_ACTIVETEXTCOLOR>
            <MENU_ACTIVEBACKCOLOR>0xFF004B97</MENU_ACTIVEBACKCOLOR>
        </ColorScheme>
    </Main>
</Skin>