<Skin name="Chopper Power">
	<Information>
		<Author>Darkfall</Author>
		<Copyright>2006</Copyright>
		<Version>1.0</Version>
	</Information>
	<IntroMovie EnableAudio="No">Intro.xmv</IntroMovie>
	<LoadingScreen ShowInfo="No">
		<BackGround EnableAudio="No">Load.jpg</BackGround>
	</LoadingScreen>
	<FileManager SafeBorder="Yes">
		<BackGround></BackGround>
	</FileManager>
	<Main Globe="No" Orb="No" Fog="No">
		<Cellwall></Cellwall>
		<BackGround EnableAudio="No">BG.jpg</BackGround>
		<Image Top="40" Left="9" Width="140" Height="140" Source="GameIcon"/>
		<Image Source="GamePreview"/>
		<Menu Scroll="No" Smooth="Yes" Align="Left" ShowIcon="No" ShowArrows="Yes" Rotate="No">
			<Position Top="204" Left="5" Width="582" Height="175" Fixed="No" FixAt="3" MaxItem="6"/>
			<Font></Font>
			<Preview EnableAudio="No" Top="258" Left="462" width="169" Height="126"/>
		</Menu>
		<InfoFont>Comic_12.xpr</InfoFont>
		<Text Left="31" Top="10" Width="" Align="Left" Color="0xFF80FF80" Source="$DateTime$"></Text>
		<Text Left="608" Top="10" Width="" Align="Right" Color="0xFF80FF80" Source="DVD: $DVDTitle$"></Text>
		<Text Left="155" Top="38" Width="480" Align="Left" Color="" Scroll="Yes" Source="$Newsfeed$"></Text>
		<Text Left="31" Top="448" Width="" Align="Left" Color="0xFF80FF80" Source="F: $F_FreeMB$"></Text>
		<Text Left="320" Top="448" Width="" Align="Center" Color="0xFF80FF80" Source="E: $E_FreeMB$"></Text>
		<Text Left="608" Top="448" Width="" Align="Right" Color="0xFF80FF80" Source="C: $C_FreeMB$"></Text>
		<Text Left="608" Top="390" Width="" Align="Right" Color="0xFF0080FF" Source="$SoundTrack$"></Text>
		<Text Left="608" Top="405" Width="" Align="Right" Color="0xFF0080FF" Source="$SongName$"></Text>
		<Text Left="608" Top="420" Width="" Align="Right" Color="0xFF0080FF" Source="$SongTime$"></Text>
		<Text Left="31" Top="390" Width="" Align="Left" Color="" Source="CPU Temp: $CPUTemp$"></Text>
		<Text Left="31" Top="405" Width="" Align="Left" Color="" Source="Video Mode: $VideoMode$"></Text>
		<Text Left="31" Top="420" Width="" Align="Left" Color="" Source="IP: $IP$"></Text>
		<Text Left="320" Top="420" Width="" Align="Center" Color="" Source="UnleashX: v$AppVersion$"></Text>
	</Main>
</Skin>
