<Skin name="Steel">
<Information>
<Author>JhunKOF2k (jaeaye@hotmail.com)</Author>
<Copyright>2004</Copyright>
<Version>1.2938726495 (really!)</Version>
</Information>
	<IntroMovie>intro.wmv</IntroMovie>
	<FileManager>
		<BackGround>filemanager.png</BackGround>
	</FileManager>
	<LoadingScreen ShowInfo="False">
		<BackGround>load.wmv</BackGround>
	</LoadingScreen>
	<Main Globe="False" Orb="False" Fog="False">
	<BackGround EnableAudio="False">background.png</BackGround>
		<Cellwall></Cellwall>
		<Orb></Orb>
		<Icon></Icon>
			<Image Source="GamePreview" />
		<Menu Smooth="False" Align="Left" ShowIcon="False" Rotate="False" ShowArrows="False">
			<Position Top="340" Left="64" Width="358" Height="100" Fixed="True" FixAt="3" MaxItem="5"></Position>
			<Font>XBox_Book_11.xpr</Font>
			<Preview EnableAudio="True" Left="64" Top="48" Width="363" Height="272" Opacity="100" />
		</Menu>
		<InfoFont>XBox_Book_11.xpr</InfoFont>
			<Text Top="190" Left="462" Align="Left" Color="0xFFFFFFFF" Source="$NickName$"></Text>
			<Text Top="224" Left="462" Align="Left" Color="0xFFFFFFFF" Source="IP: $IP$"></Text>
			<Text Top="257" Left="462" Align="Left" Color="0xFFFFFFFF" Source="Time"></Text>
			<Text Top="291" Left="462" Align="Left" Color="0xFFFFFFFF" Source="C: $C_FreeMB$"></Text>
			<Text Top="324" Left="462" Align="Left" Color="0xFFFFFFFF" Source="D: $DVDTitle$"></Text>
			<Text Top="358" Left="376" Align="Middle" Color="0xFFFFFFFF" Source="CPUTempC"></Text>
			<Text Top="358" Left="462" Align="Left" Color="0xFFFFFFFF" Source="E: $E_FreeMB$"></Text>
			<Text Top="392" Left="376" Align="Middle" Color="0xFFFFFFFF" Source="MBTempC"></Text>
			<Text Top="392" Left="462" Align="Left" Color="0xFFFFFFFF" Source="F: $F_FreeMB$"></Text>
			<Text Top="425" Left="376" Align="Middle" Color="0xFFFFFFFF" Source="Play: $SongTime$"></Text>
			<Text Top="425" Left="462" Align="Left" Color="0xFFFFFFFF" Source="Song: $SongName$"></Text>
				<Image Top="48" Left="474" Width="112" Height="112" Opacity="0" Source="GameIcon"></Image>
	</Main>
	<ColorScheme >
		<AMBIENT_FOGCOLOR></AMBIENT_FOGCOLOR>
		<AMBIENT_SKYCOLOR></AMBIENT_SKYCOLOR>
		<AMBIENT_CELLCOLOR></AMBIENT_CELLCOLOR>
 		<CAPTION_TEXTCOLOR>0xFFFFFFFF</CAPTION_TEXTCOLOR>
		<CAPTION_BACKCOLOR>0xFF000000</CAPTION_BACKCOLOR>
		<DIALOG_BORDERCOLOR>0xFFFFFFFF</DIALOG_BORDERCOLOR>
		<DIALOG_BACKCOLOR>0xFF535353</DIALOG_BACKCOLOR>
		<DIALOG_INNER_BORDERCOLOR>0xFF00FF00</DIALOG_INNER_BORDERCOLOR>
		<DIALOG_INNER_BACKCOLOR>0xFF000000</DIALOG_INNER_BACKCOLOR>
		<DIALOG_TEXTCOLOR>0xFFFFFFFF</DIALOG_TEXTCOLOR>
		<DIALOG_DISABLEDTEXT>0xFF646464</DIALOG_DISABLEDTEXT>
		<OPTION_TEXTCOLOR>0xFFFFFFFF</OPTION_TEXTCOLOR>
		<OPTION_ACTIVETEXTCOLOR>0xFF00FF00</OPTION_ACTIVETEXTCOLOR>
		<OPTION_ACTIVEBACKCOLOR>0xFF000000</OPTION_ACTIVEBACKCOLOR>
		<BUTTON_BORDERCOLOR>0xFF00FF00</BUTTON_BORDERCOLOR>
		<BUTTON_TEXTCOLOR>0xFFFFFFFF</BUTTON_TEXTCOLOR>
		<BUTTON_BACKCOLOR>0xFF000000</BUTTON_BACKCOLOR>
		<BUTTON_ACTIVETEXTCOLOR>0xFF000000</BUTTON_ACTIVETEXTCOLOR>
		<BUTTON_ACTIVEBACKCOLOR>0xFF00FF00</BUTTON_ACTIVEBACKCOLOR>
		<KB_KEYBG_HIGHLIGHT>0xFF000000</KB_KEYBG_HIGHLIGHT>
		<KB_KEYBG_DISABLED>0xFF5C5C5C</KB_KEYBG_DISABLED>
		<KB_KEY_PRESSED>0xFFC0C0C0</KB_KEY_PRESSED>
		<KB_KEY_NORMAL>0xff000000</KB_KEY_NORMAL>
		<KB_KEY_DISABLED>0xFF5C5C5C</KB_KEY_DISABLED>
		<KB_KEY_ACTIVEBORDER>0xFF00FF00</KB_KEY_ACTIVEBORDER>
		<KB_KEY_TEXTCOLOR>0xFF00FF00</KB_KEY_TEXTCOLOR>
		<KB_KEY_TEXTBACKCOLOR>0xFF000000</KB_KEY_TEXTBACKCOLOR>
		<KB_KEY_TEXTBORDERCOLOR>0xFF00FF00</KB_KEY_TEXTBORDERCOLOR>
		<MENU_TEXTCOLOR>0xFFFFFFFF</MENU_TEXTCOLOR>
		<MENU_ACTIVETEXTCOLOR>0xFF00FF00</MENU_ACTIVETEXTCOLOR>
		<MENU_BORDERCOLOR></MENU_BORDERCOLOR>
		<MENU_BACKCOLOR></MENU_BACKCOLOR>
		<MENU_ACTIVEBACKCOLOR></MENU_ACTIVEBACKCOLOR>
		<MENU_ACTIVEBORDERCOLOR></MENU_ACTIVEBORDERCOLOR>
	</ColorScheme>
</Skin>
