<Skin name="Made In Mexico">
	<Information>
		<Author>Ruffles_x</Author>
		<Copyright>Copyright 2003</Copyright>
		<Version>0.1</Version>
	</Information>
	<Main Globe="False" Orb="False">
		<InfoFont>ft53_10.XPR</InfoFont>
		<BackGround>back.png</BackGround>
<Image Source="GameIcon" Enable="True" Opacity="100" Top="227" Left="490" Width="68" Height="90" /> 
		<Image Source="GamePreview" />
		<Image Left="0" Top="0" Width="640" Height="480" >bg.png</Image>
		<Menu Smooth="True" Align="Left" Rotate="False" ShowIcon="False">
		<Position Top="130" Left="80" Width="25" Height="175" Fixed="False" FixAt="1" MaxItem="5">
		</Position>
		</Menu>
		<Text Left="95" Top="400" Align="Left" Color="0xFFFFFFFF" Source="SongName"></Text>
		<Text Left="95" Top="420" Align="Left" Color="0xFFFFFFFF" Source="SongTime"></Text>
		<Text Left="295" Top="335" Align="Left" Color="0xFFFFFFFF" Source="CPUTemp"></Text>
		<Text Left="295" Top="355" Align="Left" Color="0xFFFFFFFF" Source="MBTemp"></Text>
		<Text Left="95" Top="335" Align="Left" Color="0xFFFFFFFF" Source="E_FreeMB"></Text>
		<Text Left="95" Top="355" Align="Left" Color="0xFFFFFFFF" Source="F_FreeMB"></Text>
		<"Text Left="250" Top="345" Align="Left" Color="0xFFFFFFFF" Source="IP"></Text">
		<Text Left="605" Top="430" Align="Right" Color="0xFF000000" Source="Newsfeed"></Text>
	</Main>	
	<ColorScheme >
		<AMBIENT_FOGCOLOR>0xFF000000</AMBIENT_FOGCOLOR>
		<AMBIENT_SKYCOLOR></AMBIENT_SKYCOLOR>
		<AMBIENT_CELLCOLOR>0x00FFFFFF</AMBIENT_CELLCOLOR>

		<CAPTION_TEXTCOLOR>0xFFFFFFFF</CAPTION_TEXTCOLOR>
		<CAPTION_BACKCOLOR>0xFF2E438D</CAPTION_BACKCOLOR>
		<DIALOG_BORDERCOLOR>0xFFFFFFFF</DIALOG_BORDERCOLOR>
		<DIALOG_BACKCOLOR>0xFF162043</DIALOG_BACKCOLOR>
		<DIALOG_INNER_BORDERCOLOR>0xFFFFFFFF</DIALOG_INNER_BORDERCOLOR>
		<DIALOG_INNER_BACKCOLOR>0xFF2E438D</DIALOG_INNER_BACKCOLOR>
		<DIALOG_TEXTCOLOR>0xFFFFFFFF</DIALOG_TEXTCOLOR>

		<DIALOG_DISABLEDTEXT>0xFFC0C0C0</DIALOG_DISABLEDTEXT>

		<OPTION_TEXTCOLOR>0xFFFFFFFF</OPTION_TEXTCOLOR>
		<OPTION_ACTIVETEXTCOLOR>0xFFFFFFFF</OPTION_ACTIVETEXTCOLOR>
		<OPTION_ACTIVEBACKCOLOR></OPTION_ACTIVEBACKCOLOR>

		<BUTTON_BORDERCOLOR></BUTTON_BORDERCOLOR>
		<BUTTON_TEXTCOLOR>0xFF02C90C</BUTTON_TEXTCOLOR>
		<BUTTON_BACKCOLOR>0xCD636482</BUTTON_BACKCOLOR>
		<BUTTON_ACTIVETEXTCOLOR>0xFFFFFFFF</BUTTON_ACTIVETEXTCOLOR>
		<BUTTON_ACTIVEBACKCOLOR>0xE102C90C</BUTTON_ACTIVEBACKCOLOR>	
		
		<KB_KEYBG_HIGHLIGHT>0xCC00C000</KB_KEYBG_HIGHLIGHT>
		<KB_KEYBG_DISABLED>0xffc0c0c0</KB_KEYBG_DISABLED>
		<KB_KEY_PRESSED>0xff808080</KB_KEY_PRESSED>
		<KB_KEY_NORMAL>0xff000000</KB_KEY_NORMAL>
		<KB_KEY_DISABLED>0xff808080</KB_KEY_DISABLED>
		<KB_KEY_ACTIVEBORDER>0xff008000</KB_KEY_ACTIVEBORDER>
		<KB_KEY_TEXTCOLOR>0xff000000</KB_KEY_TEXTCOLOR>
		<KB_KEY_TEXTBACKCOLOR>0xffFFFFFF</KB_KEY_TEXTBACKCOLOR>
		<KB_KEY_TEXTBORDERCOLOR>0xff0000FF</KB_KEY_TEXTBORDERCOLOR>
		
		<MENU_TEXTCOLOR>0xFFFFFFFF</MENU_TEXTCOLOR>
		<MENU_ACTIVETEXTCOLOR>0xFF4060B5</MENU_ACTIVETEXTCOLOR>
		<MENU_BORDERCOLOR>0x00000000</MENU_BORDERCOLOR>
		<MENU_BACKCOLOR>0x00000000</MENU_BACKCOLOR>
		<MENU_ACTIVEBACKCOLOR></MENU_ACTIVEBACKCOLOR>
		<MENU_ACTIVEBORDERCOLOR></MENU_ACTIVEBORDERCOLOR>
	</ColorScheme>
</Skin>