﻿<Skin name="KOOL SKIN">
    <Information>
        <Author>JONGO</Author>
        <Version>1</Version>
        <Copyright>2006</Copyright>
        <Skinner Name="UX Architect" Version="1.0c" />
    </Information>
    <Filemanager SafeBorder="False">
        <Background>Fantasy_Babe_9801110056AM300.jpg</Background>
    </Filemanager>
    <LoadingScreen ShowInfo="True">
        <Background>Fantasy_Babe_9801110056AM300.jpg</Background>
    </LoadingScreen>
    <Main Globe="False" Orb="False" Fog="False">
        <Background EnableAudio="False">Fantasy_Babe_9801110056AM300.jpg</Background>
        <InfoFont>Square-10.xpr</InfoFont>
        <Text Top="352" Left="49" Width="150" Scroll="0" Color="0xFFFFFFFF" Source="DVDTitle" Align="Left" />
        <Text Top="441" Left="479" Width="100" Scroll="0" Color="0xFFFFFFFF" Source="SkinAuthor" Align="Middle" />
        <Text Top="402" Left="49" Width="150" Scroll="0" Color="0xFFFFFFFF" Source="E_Free" Align="Left" />
        <Text Top="426" Left="51" Width="150" Scroll="0" Color="0xFFFFFFFF" Source="F_Free" Align="Left" />
        <Text Top="376" Left="49" Width="150" Scroll="0" Color="0xFFFFFFFF" Source="C_Free" Align="Left" />
        <Image Top="41" Left="30" Width="350" Height="251" Source="GameIcon" />
        <Image Source="GamePreview" />
        <Image Top="345" Left="40" Width="333" Height="108" Opacity="100">666.png</Image>
        <Image Top="6" Left="11" Width="384" Height="333" Opacity="100">Project1.png</Image>
        <Image Top="331" Left="19" Width="371" Height="142" Opacity="100">Project1.png</Image>
        <Menu Smooth="True" Align="Left" ShowIcon="False" Rotate="True" ShowArrows="False">
            <Preview EnableAudio="True" Top="41" Left="30" Width="350" Height="251" />
            <Position Top="348" Left="208" Width="150" Height="102" Fixed="True" FixAt="2" MaxItem="4" />
            <Font>Square-10.xpr</Font>
        </Menu>
        <ColorScheme>
            <AMBIENT_FOGCOLOR>0x78FFFFFF</AMBIENT_FOGCOLOR>
            <AMBIENT_SKYCOLOR>0xFF00000F</AMBIENT_SKYCOLOR>
            <AMBIENT_CELLCOLOR>0x7800C000</AMBIENT_CELLCOLOR>
            <CAPTION_TEXTCOLOR>0xFFEAEA47</CAPTION_TEXTCOLOR>
            <CAPTION_BACKCOLOR>0xFF4274FF</CAPTION_BACKCOLOR>
            <DIALOG_BORDERCOLOR>0xFFFFFFFF</DIALOG_BORDERCOLOR>
            <DIALOG_BACKCOLOR>0xFF273CF3</DIALOG_BACKCOLOR>
            <DIALOG_INNER_BORDERCOLOR>0xFFFFFFFF</DIALOG_INNER_BORDERCOLOR>
            <DIALOG_INNER_BACKCOLOR>0xFF09389A</DIALOG_INNER_BACKCOLOR>
            <DIALOG_TEXTCOLOR>0xFFFFFFFF</DIALOG_TEXTCOLOR>
            <DIALOG_DISABLEDTEXT>0xFFB3B3B4</DIALOG_DISABLEDTEXT>
            <OPTION_TEXTCOLOR>0xFFFFFFFF</OPTION_TEXTCOLOR>
            <OPTION_ACTIVETEXTCOLOR>0xFF47EAEA</OPTION_ACTIVETEXTCOLOR>
            <OPTION_ACTIVEBACKCOLOR>0xFF273CF3</OPTION_ACTIVEBACKCOLOR>
            <BUTTON_BORDERCOLOR>0xFFFFFFFF</BUTTON_BORDERCOLOR>
            <BUTTON_TEXTCOLOR>0xFFFFFFFF</BUTTON_TEXTCOLOR>
            <BUTTON_BACKCOLOR>0xFF273CF3</BUTTON_BACKCOLOR>
            <BUTTON_ACTIVETEXTCOLOR>0xFFFFFFFF</BUTTON_ACTIVETEXTCOLOR>
            <BUTTON_ACTIVEBACKCOLOR>0xFF003399</BUTTON_ACTIVEBACKCOLOR>
            <KB_KEYBG_HIGHLIGHT>0xFF0000FF</KB_KEYBG_HIGHLIGHT>
            <KB_KEYBG_DISABLED>0x78C0C0C0</KB_KEYBG_DISABLED>
            <KB_KEY_PRESSED>0xFF008000</KB_KEY_PRESSED>
            <KB_KEY_NORMAL>0xFF000000</KB_KEY_NORMAL>
            <KB_KEY_DISABLED>0xFFFFFFFF</KB_KEY_DISABLED>
            <KB_KEY_ACTIVEBORDER>0xFFFF0000</KB_KEY_ACTIVEBORDER>
            <KB_KEY_TEXTCOLOR>0xFF000000</KB_KEY_TEXTCOLOR>
            <KB_KEY_TEXTBACKCOLOR>0xFFFFFFFF</KB_KEY_TEXTBACKCOLOR>
            <KB_KEY_TEXTBORDERCOLOR>0x780000FF</KB_KEY_TEXTBORDERCOLOR>
            <MENU_TEXTCOLOR>0xFFFFFFFF</MENU_TEXTCOLOR>
            <MENU_ACTIVETEXTCOLOR>0xFF00FFFF</MENU_ACTIVETEXTCOLOR>
        </ColorScheme>
    </Main>
</Skin>