﻿<Skin name="Pam">
    <Information>
        <Author>Treffner</Author>
        <Version>1</Version>
        <Copyright>2006</Copyright>
        <Skinner Name="UX Architect" Version="1.0c" />
    </Information>
    <LoadingScreen ShowInfo="False">
        <Background>PAM.wmv</Background>
    </LoadingScreen>
    <Main Globe="False" Fog="False">
        <Background EnableAudio="False">Pam.jpg</Background>
        <InfoFont>Square-10.xpr</InfoFont>
        <Text Top="13" Left="24" Width="200" Scroll="0" Color="0xFF00FF00" Source="DVDTitle" Align="Left" />
        <Text Top="457" Left="437" Width="200" Scroll="0" Color="0xFF00FF00" Source="IP" Align="Left" />
        <Text Top="460" Left="2" Width="200" Scroll="0" Color="0xFF00FF00" Source="SkinAuthor" Align="Left" />
        <Menu Align="Left" ShowIcon="True" Rotate="True" ShowArrows="False">
            <ItemPos Top="162" Left="424" Width="200"></ItemPos>
            <ItemPos Top="201" Left="435" Width="200"></ItemPos>
            <ItemPos Top="248" Left="446" Width="200"></ItemPos>
            <ItemPos Top="286" Left="435" Width="200"></ItemPos>
            <ItemPos Top="325" Left="416" Width="200"></ItemPos>
            <Font>Tahoma-14.xpr</Font>
        </Menu>
        <ColorScheme>
            <AMBIENT_FOGCOLOR>0x7800FF40</AMBIENT_FOGCOLOR>
            <AMBIENT_SKYCOLOR>0xFF000000</AMBIENT_SKYCOLOR>
            <AMBIENT_CELLCOLOR>0x7800FF40</AMBIENT_CELLCOLOR>
            <CAPTION_TEXTCOLOR>0xFF00FF40</CAPTION_TEXTCOLOR>
            <CAPTION_BACKCOLOR>0xFF000000</CAPTION_BACKCOLOR>
            <DIALOG_BORDERCOLOR>0xFF00FF00</DIALOG_BORDERCOLOR>
            <DIALOG_BACKCOLOR>0xFF000000</DIALOG_BACKCOLOR>
            <DIALOG_INNER_BORDERCOLOR>0xFF00FF40</DIALOG_INNER_BORDERCOLOR>
            <DIALOG_INNER_BACKCOLOR>0xFF000000</DIALOG_INNER_BACKCOLOR>
            <DIALOG_TEXTCOLOR>0xFF00FF40</DIALOG_TEXTCOLOR>
            <DIALOG_DISABLEDTEXT>0xFFCCFFCC</DIALOG_DISABLEDTEXT>
            <OPTION_TEXTCOLOR>0xFF00FF40</OPTION_TEXTCOLOR>
            <OPTION_ACTIVETEXTCOLOR>0xFF00FF40</OPTION_ACTIVETEXTCOLOR>
            <OPTION_ACTIVEBACKCOLOR>0xFF0000FF</OPTION_ACTIVEBACKCOLOR>
            <BUTTON_BORDERCOLOR>0xFF00FF40</BUTTON_BORDERCOLOR>
            <BUTTON_TEXTCOLOR>0xFFCCFFCC</BUTTON_TEXTCOLOR>
            <BUTTON_BACKCOLOR>0xFF000000</BUTTON_BACKCOLOR>
            <BUTTON_ACTIVETEXTCOLOR>0xFF00FF40</BUTTON_ACTIVETEXTCOLOR>
            <BUTTON_ACTIVEBACKCOLOR>0xFF0000FF</BUTTON_ACTIVEBACKCOLOR>
            <KB_KEYBG_HIGHLIGHT>0xFF80FF00</KB_KEYBG_HIGHLIGHT>
            <KB_KEYBG_DISABLED>0x7880FF80</KB_KEYBG_DISABLED>
            <KB_KEY_PRESSED>0xFF00FF40</KB_KEY_PRESSED>
            <KB_KEY_NORMAL>0xFF000000</KB_KEY_NORMAL>
            <KB_KEY_DISABLED>0xFF000000</KB_KEY_DISABLED>
            <KB_KEY_ACTIVEBORDER>0xFF00FF40</KB_KEY_ACTIVEBORDER>
            <KB_KEY_TEXTCOLOR>0xFF00FF00</KB_KEY_TEXTCOLOR>
            <KB_KEY_TEXTBACKCOLOR>0xFF000000</KB_KEY_TEXTBACKCOLOR>
            <KB_KEY_TEXTBORDERCOLOR>0x78000000</KB_KEY_TEXTBORDERCOLOR>
            <MENU_TEXTCOLOR>0xFF00FF40</MENU_TEXTCOLOR>
            <MENU_ACTIVETEXTCOLOR>0xFF00FF40</MENU_ACTIVETEXTCOLOR>
            <MENU_BORDERCOLOR>0xFF00FF40</MENU_BORDERCOLOR>
            <MENU_BACKCOLOR>0xFF000000</MENU_BACKCOLOR>
            <MENU_ACTIVEBACKCOLOR>0xFF0000FF</MENU_ACTIVEBACKCOLOR>
            <MENU_ACTIVEBORDERCOLOR>0xFF0000FF</MENU_ACTIVEBORDERCOLOR>
        </ColorScheme>
    </Main>
</Skin>