<Skin name="Technik Blue">
	<Information>
		<Author>moloko</Author>
		<Copyright>2k4</Copyright>
		<Version>1.0</Version>
	</Information>
		<IntroMovie>intro.wmv</IntroMovie>
		<FileManager>
		<BackGround>filemanager.png</BackGround>
		</FileManager>
	<LoadingScreen ShowInfo="True">
		<BackGround>Load.png</BackGround>
	</LoadingScreen>
	<Main Globe="False" Orb="False">
		<BackGround EnableAudio="True">menu.wmv</BackGround>
		<Image Left="" Top="" Width="640" Height="480" opacity="100">bg.png</Image>
		<Image Top="111" Left="106" Width="136" Height="126" Source="GameIcon" />
		<Image Source="GamePreview" />
		

		<Menu Smooth="true" Align="middle" Rotate="false" ShowIcon="false">
		<Position Top="132" Left="327" Width="209" Height="181" Fixed="false" FixAt="1" MaxItem="7"></Position>
		<Font>XBox_Book_11.xpr</Font>
		<Preview EnableAudio="false" Left="106" Top="111" Width="136" Height="126" />
		</Menu>
		
		<InfoFont>Font_Arial_10.xpr</InfoFont>

                <Text Left="123" Top="30" Align="Left" Color="0xFFFFFFFF" Source="SOUND BY: " />
                <Text Left="207" Top="30" Align="Left" Color="0x99FFFFFF" Source="$SongName$"></Text>
                <Text Left="512" Top="30" Align="Right" Color="0xFFFFFFFF" Source="$SongTime$"></Text>
		<Text Left="175" Top="270" Align="Middle" Color="0x99FFFFFF" Source="DVD: $DVDType$"></Text>
		<Text Left="175" Top="290" Align="Middle" Color="0x99FFFFFF" Source="Date: $DateTime$"></Text>
		<Text Left="175" Top="310" Align="Middle" Color="0x99FFFFFF" Source="E: $E_FreeMB$"></Text>
		<Text Left="175" Top="330" Align="Middle" Color="0x99FFFFFF" Source="F: $F_FreeMB$"></Text>
		<Text Left="123" Top="425" Align="Left" Color="0xFFFFFFFF" Source="$NewsSource$"></Text>
		<Text Left="203" Top="425" Align="Left" Color="0x99FFFFFF" Source="$Newsfeed$"></Text>

		</Main>

	<ColorScheme >
		<AMBIENT_FOGCOLOR>0xFF000000</AMBIENT_FOGCOLOR>
		<AMBIENT_SKYCOLOR></AMBIENT_SKYCOLOR>
		<AMBIENT_CELLCOLOR>0x00FFFFFF</AMBIENT_CELLCOLOR>

                <CAPTION_TEXTCOLOR>0xFF000000</CAPTION_TEXTCOLOR>
                <CAPTION_BACKCOLOR>0xFFE0E0DF</CAPTION_BACKCOLOR>

                <DIALOG_BORDERCOLOR>0xFFFFFFFF</DIALOG_BORDERCOLOR>
                <DIALOG_BACKCOLOR>0xCDE0E0DF</DIALOG_BACKCOLOR>
                <DIALOG_INNER_BORDERCOLOR>0xFF7F7F7F</DIALOG_INNER_BORDERCOLOR>
                <DIALOG_INNER_BACKCOLOR>0xE1ACD5F1</DIALOG_INNER_BACKCOLOR>
                <DIALOG_TEXTCOLOR>0xFF000000</DIALOG_TEXTCOLOR>
                <DIALOG_DISABLEDTEXT>0x7FD1CDC6</DIALOG_DISABLEDTEXT>

                <OPTION_TEXTCOLOR>0xFF000000</OPTION_TEXTCOLOR>
                <OPTION_ACTIVETEXTCOLOR>0xFF5F594F</OPTION_ACTIVETEXTCOLOR>
                <OPTION_ACTIVEBACKCOLOR>0xFF58A7DD</OPTION_ACTIVEBACKCOLOR>

                <BUTTON_BORDERCOLOR>0xFF000000</BUTTON_BORDERCOLOR>
                <BUTTON_TEXTCOLOR>0xFF000000</BUTTON_TEXTCOLOR>
                <BUTTON_BACKCOLOR>0xCDACD5F1</BUTTON_BACKCOLOR>
                <BUTTON_ACTIVETEXTCOLOR>0xFFFFFFFF</BUTTON_ACTIVETEXTCOLOR>
                <BUTTON_ACTIVEBACKCOLOR>0xE157AAE3</BUTTON_ACTIVEBACKCOLOR>	

                <KB_KEYBG_HIGHLIGHT>0xCCACD5F1</KB_KEYBG_HIGHLIGHT>
                <KB_KEYBG_DISABLED>0xff868484</KB_KEYBG_DISABLED>
                <KB_KEY_PRESSED>0xff808080</KB_KEY_PRESSED>
                <KB_KEY_NORMAL>0xff000000</KB_KEY_NORMAL>
                <KB_KEY_DISABLED>0xff808080</KB_KEY_DISABLED>
                <KB_KEY_ACTIVEBORDER>0xffACD5F1</KB_KEY_ACTIVEBORDER>
                <KB_KEY_TEXTCOLOR>0xff000000</KB_KEY_TEXTCOLOR>
                <KB_KEY_TEXTBACKCOLOR>0xff88C4ED</KB_KEY_TEXTBACKCOLOR>
                <KB_KEY_TEXTBORDERCOLOR>0xffffffff</KB_KEY_TEXTBORDERCOLOR>
		
		<MENU_TEXTCOLOR>0x99FFFFFF</MENU_TEXTCOLOR>
		<MENU_ACTIVETEXTCOLOR>0xFFFFFFFF</MENU_ACTIVETEXTCOLOR>
		<MENU_BORDERCOLOR>0x00000000</MENU_BORDERCOLOR>
		<MENU_BACKCOLOR>0x00000000</MENU_BACKCOLOR>
		<MENU_ACTIVEBACKCOLOR></MENU_ACTIVEBACKCOLOR>
		<MENU_ACTIVEBORDERCOLOR></MENU_ACTIVEBORDERCOLOR>
	</ColorScheme>
</Skin>