﻿<Skin name="Spider-Man">
    <Information>
        <Author>Jonathan2007</Author>
        <Version>1</Version>
        <Copyright>2004</Copyright>
        <Skinner Name="UX Architect" Version="1.0c" />
    </Information>
    <Filemanager SafeBorder="False">
        <Background>filemanager.png</Background>
    </Filemanager>
    <LoadingScreen ShowInfo="False">
        <Background>loading.png</Background>
    </LoadingScreen>
    <Main Globe="False" Orb="False" Fog="False">
        <Background EnableAudio="False">background.png</Background>
        <InfoFont>39Smooth-12.xpr</InfoFont>
        <Text Top="50" Left="605" Color="0xFFFFFFFF" Source="F_FreeMB" Align="Right" />
        <Text Top="75" Left="320" Color="0xFFFFFFFF" Source="Newsfeed" Align="Middle" />
        <Text Top="50" Left="320" Color="0xFFFFFFFF" Source="SongTime" Align="Middle" />
        <Text Top="30" Left="320" Color="0xFFFFFFFF" Source="SongName" Align="Middle" />
        <Text Top="30" Left="605" Color="0xFFFFFFFF" Source="E_FreeMB" Align="Right" />
        <Text Top="50" Left="35" Color="0xFFFFFFFF" Source="IP" Align="Left" />
        <Text Top="30" Left="35" Color="0xFFFFFFFF" Source="DVDType" Align="Left" />
        <Image Top="382" Left="15" Width="255" Height="55" Source="GameIcon" />
        <Image Source="GamePreview" />
        <Menu Align="Middle" ShowIcon="False" ShowArrows="False">
            <Preview EnableAudio="True" Top="330" Left="380" Width="200" Height="150" />
            <Position Top="161" Left="349" Width="251" Height="185" Fixed="False" FixAt="2" MaxItem="4" />
            <Font>common-font12.xpr</Font>
        </Menu>
        <ColorScheme>
            <AMBIENT_FOGCOLOR>0xFFFF0000</AMBIENT_FOGCOLOR>
            <AMBIENT_SKYCOLOR>0xFF400000</AMBIENT_SKYCOLOR>
            <AMBIENT_CELLCOLOR>0xFFFFFFFF</AMBIENT_CELLCOLOR>
            <CAPTION_TEXTCOLOR>0xFFFFFFFF</CAPTION_TEXTCOLOR>
            <CAPTION_BACKCOLOR>0xFF000000</CAPTION_BACKCOLOR>
            <DIALOG_BORDERCOLOR>0xFFFFFFFF</DIALOG_BORDERCOLOR>
            <DIALOG_BACKCOLOR>0xD1804000</DIALOG_BACKCOLOR>
            <DIALOG_INNER_BORDERCOLOR>0xFFFFFFFF</DIALOG_INNER_BORDERCOLOR>
            <DIALOG_INNER_BACKCOLOR>0xFF000000</DIALOG_INNER_BACKCOLOR>
            <DIALOG_TEXTCOLOR>0xFFFFFFFF</DIALOG_TEXTCOLOR>
            <DIALOG_DISABLEDTEXT>0xFFB3B3B4</DIALOG_DISABLEDTEXT>
            <OPTION_TEXTCOLOR>0xFFFFFFFF</OPTION_TEXTCOLOR>
            <OPTION_ACTIVETEXTCOLOR>0xFFFFFFFF</OPTION_ACTIVETEXTCOLOR>
            <OPTION_ACTIVEBACKCOLOR>0xFF804040</OPTION_ACTIVEBACKCOLOR>
            <BUTTON_BORDERCOLOR>0xFFFFFFFF</BUTTON_BORDERCOLOR>
            <BUTTON_TEXTCOLOR>0xFFFFFFFF</BUTTON_TEXTCOLOR>
            <BUTTON_BACKCOLOR>0xFF400000</BUTTON_BACKCOLOR>
            <BUTTON_ACTIVETEXTCOLOR>0xFFFFFFFF</BUTTON_ACTIVETEXTCOLOR>
            <BUTTON_ACTIVEBACKCOLOR>0xFF800000</BUTTON_ACTIVEBACKCOLOR>
            <KB_KEYBG_HIGHLIGHT>0xFF800000</KB_KEYBG_HIGHLIGHT>
            <KB_KEYBG_DISABLED>0xFFC0C0C0</KB_KEYBG_DISABLED>
            <KB_KEY_PRESSED>0xFF800000</KB_KEY_PRESSED>
            <KB_KEY_NORMAL>0xFF000000</KB_KEY_NORMAL>
            <KB_KEY_DISABLED>0xFFFFFFFF</KB_KEY_DISABLED>
            <KB_KEY_ACTIVEBORDER>0xFFFFFFFF</KB_KEY_ACTIVEBORDER>
            <KB_KEY_TEXTCOLOR>0xFF000000</KB_KEY_TEXTCOLOR>
            <KB_KEY_TEXTBACKCOLOR>0xFFFFFFFF</KB_KEY_TEXTBACKCOLOR>
            <KB_KEY_TEXTBORDERCOLOR>0xFFFFFFFF</KB_KEY_TEXTBORDERCOLOR>
            <MENU_TEXTCOLOR>0xFF1F4378</MENU_TEXTCOLOR>
            <MENU_ACTIVETEXTCOLOR>0xFF800000</MENU_ACTIVETEXTCOLOR>
        </ColorScheme>
    </Main>
</Skin>