<Skin name="UnleashBlu">
	<Information>
		<Author>hydraulix</Author>
		<Copyright>Copyright 2004</Copyright>
		<Version>4.765152164</Version>
	</Information>
		<FileManager>
			<BackGround>filemanager.png</BackGround>
		</FileManager>
	<LoadingScreen ShowInfo="False">
		<BackGround>loading.png</BackGround>
	</LoadingScreen>
	<Main Globe="True" Orb="False">
		<Image Top="15" Left="315" Width="150" Height="150"  Opacity="0" source="GameIcon" />	
		<Image Source="GamePreview" />		
		<BackGround>blu.png</BackGround>
		<Image Left="315" Top="15" Width="150" Height="150">orbtrans.png</Image>
		<Menu Smooth="true" Align="middle" Rotate="false" ShowIcon="false">
			<Position Top="160" Left="392" Width="200" Height="180" Fixed="False" FixAt="1" MaxItem="7"></Position>
			<Font>XBox_Book_11.xpr</Font>
			<Preview EnableAudio="false" Left="50" Top="130" Width="260" Height="145" />
		</Menu>
		
		<InfoFont>Font_Arial_10.xpr</InfoFont>
		<Text Left="580" Top="355" Align="Right" Color="0xFFFFFFFF" Source="Date - $DateTime$"></Text>
		<Text Left="335" Top="355" Align="Right" Color="0xFFFFFFFF" Source="SongName"></Text>

		<Text Left="195" Top="325" Align="Right" Color="0xFFFFFFFF" Source="IP -"></Text>
		<Text Left="195" Top="305" Align="Right" Color="0xFFFFFFFF" Source="ID -"></Text>

		<Text Left="200" Top="325" Align="Left" Color="0xFF55CCE0" Source="$IP$"></Text>
		<Text Left="200" Top="305" Align="Left" Color="0xFF55CCE0" Source="$NickName$"></Text>

		<Text Left="70" Top="285" Align="Right" Color="0xFFFFFFFF" Source="C -"></Text>
		<Text Left="70" Top="305" Align="Right" Color="0xFFFFFFFF" Source="E -"></Text>
		<Text Left="70" Top="325" Align="Right" Color="0xFFFFFFFF" Source="F -"></Text>
		<Text Left="320" Top="305" Align="Right" Color="0xFFFFFFFF" Source="CPU -"></Text>
		<Text Left="320" Top="325" Align="Right" Color="0xFFFFFFFF" Source="MB -"></Text>
	
		<Text Left="75" Top="285" Align="Left" Color="0xFF55CCE0" Source="$C_FreeMB$"></Text>
		<Text Left="75" Top="305" Align="Left" Color="0xFF55CCE0" Source="$E_FreeMB$"></Text>
		<Text Left="75" Top="325" Align="Left" Color="0xFF55CCE0" Source="$F_FreeMB$"></Text>
		<Text Left="325" Top="305" Align="Left" Color="0xFF55CCE0" Source="$CPUTempC$"></Text>
		<Text Left="325" Top="325" Align="Left" Color="0xFF55CCE0" Source="$MBTempC$"></Text>

		<Text Left="70" Top="410" Align="Left" Color="0xFFFFFFFF" Source="NewsFeed"></Text>

		</Main>

	<ColorScheme >
		<AMBIENT_FOGCOLOR>0xFF000000</AMBIENT_FOGCOLOR>
		<AMBIENT_SKYCOLOR></AMBIENT_SKYCOLOR>
		<AMBIENT_CELLCOLOR>0x00FFFFFF</AMBIENT_CELLCOLOR>

		<CAPTION_TEXTCOLOR>0xFFFFFFFF</CAPTION_TEXTCOLOR>
		<CAPTION_BACKCOLOR>0xFF000000</CAPTION_BACKCOLOR>
		<DIALOG_BORDERCOLOR>0xFFFFFFFF</DIALOG_BORDERCOLOR>
		<DIALOG_BACKCOLOR>0xFF6082FA</DIALOG_BACKCOLOR>
		<DIALOG_INNER_BORDERCOLOR>0xFFFFFFFF</DIALOG_INNER_BORDERCOLOR>
		<DIALOG_INNER_BACKCOLOR>0xFF6082FA</DIALOG_INNER_BACKCOLOR>
		<DIALOG_TEXTCOLOR>0xFFFFFFFF</DIALOG_TEXTCOLOR>

		<DIALOG_DISABLEDTEXT>0xFFC0C0C0</DIALOG_DISABLEDTEXT>

		<OPTION_TEXTCOLOR>0xFFFFFFFF</OPTION_TEXTCOLOR>
		<OPTION_ACTIVETEXTCOLOR>0xFF02FFC7</OPTION_ACTIVETEXTCOLOR>
		<OPTION_ACTIVEBACKCOLOR>0xFF000000</OPTION_ACTIVEBACKCOLOR>

		<BUTTON_BORDERCOLOR></BUTTON_BORDERCOLOR>
		<BUTTON_TEXTCOLOR>0xFF02C90C</BUTTON_TEXTCOLOR>
		<BUTTON_BACKCOLOR>0xCD636482</BUTTON_BACKCOLOR>
		<BUTTON_ACTIVETEXTCOLOR>0xFFFFFFFF</BUTTON_ACTIVETEXTCOLOR>
		<BUTTON_ACTIVEBACKCOLOR>0xE102C90C</BUTTON_ACTIVEBACKCOLOR>	
		
		<KB_KEYBG_HIGHLIGHT>0xCC00C000</KB_KEYBG_HIGHLIGHT>
		<KB_KEYBG_DISABLED>0xffc0c0c0</KB_KEYBG_DISABLED>
		<KB_KEY_PRESSED>0xff808080</KB_KEY_PRESSED>
		<KB_KEY_NORMAL>0xff000000</KB_KEY_NORMAL>
		<KB_KEY_DISABLED>0xff808080</KB_KEY_DISABLED>
		<KB_KEY_ACTIVEBORDER>0xff008000</KB_KEY_ACTIVEBORDER>
		<KB_KEY_TEXTCOLOR>0xff000000</KB_KEY_TEXTCOLOR>
		<KB_KEY_TEXTBACKCOLOR>0xffFFFFFF</KB_KEY_TEXTBACKCOLOR>
		<KB_KEY_TEXTBORDERCOLOR>0xff0000FF</KB_KEY_TEXTBORDERCOLOR>
		
		<MENU_TEXTCOLOR>0xFFFFFFFF</MENU_TEXTCOLOR>
		<MENU_ACTIVETEXTCOLOR>0xFF54CBDF</MENU_ACTIVETEXTCOLOR>
		<MENU_BORDERCOLOR></MENU_BORDERCOLOR>
		<MENU_BACKCOLOR></MENU_BACKCOLOR>
		<MENU_ACTIVEBACKCOLOR>0xFF14364A</MENU_ACTIVEBACKCOLOR>
		<MENU_ACTIVEBORDERCOLOR></MENU_ACTIVEBORDERCOLOR>
	</ColorScheme>
</Skin>