﻿<Skin name="Grey'x">
    <Information>
        <Author>Nicolas</Author>
        <Version>1</Version>
        <Copyright>2005</Copyright>
        <Skinner Name="UX Architect" Version="1.0c" />
    </Information>
    <Filemanager SafeBorder="False">
        <Background>filemanager.png</Background>
    </Filemanager>
    <LoadingScreen ShowInfo="False">
        <Background>loading.png</Background>
    </LoadingScreen>
    <Main Globe="False" Orb="False" Fog="False">
        <Background EnableAudio="False">background.png</Background>
        <InfoFont>Square-10.xpr</InfoFont>
        <Text Top="292" Left="465" Width="200" Scroll="1" Color="0xFF000000" Source="SongName" Align="Left" />
        <Text Top="44" Left="12" Width="200" Scroll="1" Color="0xFF000000" Source="Newsfeed" Align="Left" />
        <Text Top="243" Left="444" Width="200" Scroll="0" Color="0xFF000000" Source="Tray" Align="Left" />
        <Text Top="227" Left="431" Width="200" Scroll="0" Color="0xFF000000" Source="Gateway" Align="Left" />
        <Text Top="211" Left="431" Width="200" Scroll="0" Color="0xFF000000" Source="Subnet" Align="Left" />
        <Text Top="195" Left="431" Width="200" Scroll="0" Color="0xFF000000" Source="IP" Align="Left" />
        <Text Top="151" Left="445" Width="92" Scroll="0" Color="0xFF000000" Source="CPUTemp" Align="Left" />
        <Text Top="135" Left="445" Width="200" Scroll="0" Color="0xFF000000" Source="MBTemp" Align="Left" />
        <Text Top="116" Left="431" Width="200" Scroll="0" Color="0xFF000000" Source="F_FreeMB" Align="Left" />
        <Text Top="100" Left="431" Width="200" Scroll="0" Color="0xFF000000" Source="E_FreeMB" Align="Left" />
        <Text Top="83" Left="431" Width="200" Scroll="0" Color="0xFF000000" Source="C_FreeMB" Align="Left" />
        <Text Top="259" Left="444" Width="200" Scroll="0" Color="0xFF000000" Source="DVDType" Align="Left" />
        <Text Top="53" Left="463" Width="200" Scroll="0" Color="0xFF000000" Source="Time" Align="Left" />
        <Text Top="36" Left="480" Width="200" Scroll="0" Color="0xFF000000" Source="Date" Align="Left" />
        <Image Top="325" Left="462" Width="158" Height="114" Source="GameIcon" />
        <Image Top="67" Left="403" Width="236" Height="118" Opacity="100">Square 1.png</Image>
        <Image Top="178" Left="402" Width="237" Height="118" Opacity="100">Square 1.png</Image>
        <Image Source="GamePreview" />
        <Menu Align="Left" ShowIcon="False" ShowArrows="False">
            <Preview EnableAudio="False" Top="67" Left="42" Width="248" Height="151" />
            <ItemPos Top="255" Left="76" Width="228"></ItemPos>
            <ItemPos Top="290" Left="98" Width="231"></ItemPos>
            <ItemPos Top="327" Left="126" Width="240"></ItemPos>
            <ItemPos Top="363" Left="98" Width="237"></ItemPos>
            <ItemPos Top="398" Left="77" Width="244"></ItemPos>
            <Font>1979-12.xpr</Font>
        </Menu>
        <ColorScheme>
            <AMBIENT_FOGCOLOR>0x00FFFFFF</AMBIENT_FOGCOLOR>
            <AMBIENT_SKYCOLOR>0x0000000F</AMBIENT_SKYCOLOR>
            <AMBIENT_CELLCOLOR>0x0000C000</AMBIENT_CELLCOLOR>
            <CAPTION_TEXTCOLOR>0xFF000000</CAPTION_TEXTCOLOR>
            <CAPTION_BACKCOLOR>0x64C0C0C0</CAPTION_BACKCOLOR>
            <DIALOG_BORDERCOLOR>0xFF000000</DIALOG_BORDERCOLOR>
            <DIALOG_BACKCOLOR>0x64808080</DIALOG_BACKCOLOR>
            <DIALOG_INNER_BORDERCOLOR>0xC8000000</DIALOG_INNER_BORDERCOLOR>
            <DIALOG_INNER_BACKCOLOR>0x5A808080</DIALOG_INNER_BACKCOLOR>
            <DIALOG_TEXTCOLOR>0xFF000000</DIALOG_TEXTCOLOR>
            <DIALOG_DISABLEDTEXT>0xFFFFFFFF</DIALOG_DISABLEDTEXT>
            <OPTION_TEXTCOLOR>0xFFFFFFFF</OPTION_TEXTCOLOR>
            <OPTION_ACTIVETEXTCOLOR>0xFF000000</OPTION_ACTIVETEXTCOLOR>
            <OPTION_ACTIVEBACKCOLOR>0x50C0C0C0</OPTION_ACTIVEBACKCOLOR>
            <BUTTON_BORDERCOLOR>0xC8000000</BUTTON_BORDERCOLOR>
            <BUTTON_TEXTCOLOR>0xFFFFFFFF</BUTTON_TEXTCOLOR>
            <BUTTON_BACKCOLOR>0xFF808080</BUTTON_BACKCOLOR>
            <BUTTON_ACTIVETEXTCOLOR>0xFFFFFFFF</BUTTON_ACTIVETEXTCOLOR>
            <BUTTON_ACTIVEBACKCOLOR>0xFF515151</BUTTON_ACTIVEBACKCOLOR>
            <KB_KEYBG_HIGHLIGHT>0xFF4F9D9D</KB_KEYBG_HIGHLIGHT>
            <KB_KEYBG_DISABLED>0xFFC0C0C0</KB_KEYBG_DISABLED>
            <KB_KEY_PRESSED>0xFF004F4F</KB_KEY_PRESSED>
            <KB_KEY_NORMAL>0xFF000000</KB_KEY_NORMAL>
            <KB_KEY_DISABLED>0x78FFFFFF</KB_KEY_DISABLED>
            <KB_KEY_ACTIVEBORDER>0xFF000000</KB_KEY_ACTIVEBORDER>
            <KB_KEY_TEXTCOLOR>0xFF000000</KB_KEY_TEXTCOLOR>
            <KB_KEY_TEXTBACKCOLOR>0xFFD3D3D3</KB_KEY_TEXTBACKCOLOR>
            <KB_KEY_TEXTBORDERCOLOR>0xFF040404</KB_KEY_TEXTBORDERCOLOR>
            <MENU_TEXTCOLOR>0xFF000000</MENU_TEXTCOLOR>
            <MENU_ACTIVETEXTCOLOR>0xFFFFFFFF</MENU_ACTIVETEXTCOLOR>
            <MENU_ACTIVEBORDERCOLOR>0xFFAAAAAA</MENU_ACTIVEBORDERCOLOR>
        </ColorScheme>
    </Main>
</Skin>