﻿<Skin name="Atlas (GREEN 640x480)">
    <Information>
        <Author>Atltech Industries</Author>
        <Version>1</Version>
        <Copyright>2004</Copyright>
        <Skinner Name="UX Architect" Version="RC1" />
    </Information>
    <IntroMovie>intro.wmv</IntroMovie>
    <LoadingScreen ShowInfo="False">
        <Background>loading.wmv</Background>
    </LoadingScreen>
    <Filemanager SafeBorder="False">
        <Background>filemanager.jpg</Background>
    </Filemanager>
    <Main Globe="False" Orb="False" Fog="False">
        <Background EnableAudio="False">background.wmv</Background>
        <InfoFont>ParkAvenue-12.xpr</InfoFont>
        <Text Top="449" Left="22" Width="77" Scroll="0" Color="0xFFD6FECF" Source="$Date$" />
        <Text Top="432" Left="220" Width="200" Scroll="0" Align="Middle" Color="0xFF000000" Source="$SongTime$" />
        <Text Top="414" Left="230" Width="200" Scroll="0" Align="Middle" Color="0xFFD6FECF" Source="$SongName$" />
        <Text Top="355" Left="171" Width="52" Scroll="0" Color="0xFFFF0000" Source="$CPUTemp$" />
        <Text Top="450" Left="575" Width="60" Scroll="0" Color="0xFFD6FECF" Source="$Time$" />
        <Text Top="296" Left="125" Width="125" Scroll="0" Color="0xFF808080" Source="$F_Free$" />
        <Image Top="87" Left="100" Width="110" Height="210" Opacity="100">unleash.png</Image>
        <Image Top="132" Left="100" Width="101" Height="99" Source="GameIcon" />
        <Image Source="GamePreview" />
        <Image Top="26" Left="-74" Width="449" Height="310" Opacity="100">ring.png</Image>
        <Menu Smooth="True" Align="middle" ShowIcon="False" Rotate="False" ShowArrows="False">
            <Preview EnableAudio="True" Top="132" Left="100" Width="101" Height="100" />
            <ItemPos Top="154" Left="258" Width="200" Align="Middle"></ItemPos>
            <ItemPos Top="206" Left="258" Width="200" Align="Middle"></ItemPos>
            <ItemPos Top="255" Left="258" Width="200" Align="Middle"></ItemPos>
            <ItemPos Top="311" Left="258" Width="200" Align="Middle"></ItemPos>
            <Font>Square-10.xpr</Font>
        </Menu>
        <ColorScheme>
            <AMBIENT_FOGCOLOR>0xFFFFFFFF</AMBIENT_FOGCOLOR>
            <AMBIENT_SKYCOLOR>0xFF00000F</AMBIENT_SKYCOLOR>
            <AMBIENT_CELLCOLOR>0xFF00C000</AMBIENT_CELLCOLOR>
            <CAPTION_TEXTCOLOR>0xFFFFFFFF</CAPTION_TEXTCOLOR>
            <CAPTION_BACKCOLOR>0xFF000000</CAPTION_BACKCOLOR>
            <DIALOG_BORDERCOLOR>0xFFFFFF00</DIALOG_BORDERCOLOR>
            <DIALOG_BACKCOLOR>0xFF008040</DIALOG_BACKCOLOR>
            <DIALOG_INNER_BORDERCOLOR>0xFFFFFF00</DIALOG_INNER_BORDERCOLOR>
            <DIALOG_INNER_BACKCOLOR>0xFF000000</DIALOG_INNER_BACKCOLOR>
            <DIALOG_TEXTCOLOR>0xFFFFFFFF</DIALOG_TEXTCOLOR>
            <DIALOG_DISABLEDTEXT>0xFFB3B3B4</DIALOG_DISABLEDTEXT>
            <OPTION_TEXTCOLOR>0xFFFFFFFF</OPTION_TEXTCOLOR>
            <OPTION_ACTIVETEXTCOLOR>0xFFFFFFFF</OPTION_ACTIVETEXTCOLOR>
            <OPTION_ACTIVEBACKCOLOR>0xFF00FF00</OPTION_ACTIVEBACKCOLOR>
            <BUTTON_BORDERCOLOR>0xFFFFFFFF</BUTTON_BORDERCOLOR>
            <BUTTON_TEXTCOLOR>0xFFFFFFFF</BUTTON_TEXTCOLOR>
            <BUTTON_BACKCOLOR>0xFF008000</BUTTON_BACKCOLOR>
            <BUTTON_ACTIVETEXTCOLOR>0xFF000000</BUTTON_ACTIVETEXTCOLOR>
            <BUTTON_ACTIVEBACKCOLOR>0xFFFFFF00</BUTTON_ACTIVEBACKCOLOR>
            <KB_KEYBG_HIGHLIGHT>0xFFFFFF00</KB_KEYBG_HIGHLIGHT>
            <KB_KEYBG_DISABLED>0xFFC0C0C0</KB_KEYBG_DISABLED>
            <KB_KEY_PRESSED>0xFF008000</KB_KEY_PRESSED>
            <KB_KEY_NORMAL>0xFF000000</KB_KEY_NORMAL>
            <KB_KEY_DISABLED>0xFF808080</KB_KEY_DISABLED>
            <KB_KEY_ACTIVEBORDER>0xFFFFFF00</KB_KEY_ACTIVEBORDER>
            <KB_KEY_TEXTCOLOR>0xFF000000</KB_KEY_TEXTCOLOR>
            <KB_KEY_TEXTBACKCOLOR>0xFFFFFFFF</KB_KEY_TEXTBACKCOLOR>
            <KB_KEY_TEXTBORDERCOLOR>0xFFFFFF00</KB_KEY_TEXTBORDERCOLOR>
            <MENU_TEXTCOLOR>0xFF000000</MENU_TEXTCOLOR>
            <MENU_ACTIVETEXTCOLOR>0xFFFFFFFF</MENU_ACTIVETEXTCOLOR>
        </ColorScheme>
    </Main>
</Skin>