<Skin name="My Unleashx Skin">

	<Information>
		<Author>Tonesto7</Author>
		<Copyright>Copyright 2005</Copyright>
		<Version>1.0</Version>
	</Information>
	
	<FileManager>
  		<BackGround>filemanager.png</BackGround>
 	</FileManager>
	
	<LoadingScreen ShowInfo="True">
  		<BackGround>loading.png</BackGround>
 	</LoadingScreen>
	
	<Main Globe="False" Orb="False" Fog="False">
		<InfoFont>square-10.xpr</InfoFont>
		<BackGround>bg.png</BackGround>
		<Menu Scroll="True" Smooth="True" Align="Left" ShowArrows="False" Rotate="False" ShowIcon="False">
			<Font>square-14.xpr</Font>
			<Position Top="35" Left="40" Width="200" Height="300" Fixed="False" FixAt="3" MaxItem="5"></Position>
		</Menu>
		<GameIcon Enable="True" Opacity="100">
		<Position Top="11" Left="268" Width="128" Height="120" />
		</GameIcon>
		<Text Left="10" Top="380" Align="Left" Color="0xFF000000" Source="C_FreeMB"></Text>
		<Text Left="10" Top="402" Align="Left" Color="0xFF000000" Source="E_FreeMB"></Text>
		<Text Left="10" Top="424" Align="Left" Color="0xFF000000" Source="F_FreeMB"></Text>
		<Text Left="10" Top="446" Align="Left" Color="0xFF000000" Source="G_FreeMB"></Text>
		
		<Text Left="190" Top="410" Align="Left" Color="0xFF000000" Source="IP:$IP$"></Text>
		<Text Left="190" Top="425" Align="Left" Color="0xFF000000" Source="Subnet:$Subnet$"></Text>
		<Text Left="190" Top="440" Align="Left" Color="0xFF000000" Source="Gateway:$Gateway$"></Text>		
		<Text Left="190" Top="455" Align="Left" Color="0xFF000000" Source="FTP Users:$NumClient$"></Text>
		
		<Text Left="410" Top="93" Align="Left" Color="0xFF000000" Source="DVD:$DVDTitle$"></Text>
		<Text Left="410" Top="110" Align="Left" Color="0xFF000000" Source="Tray:$Tray$"></Text>

		<Text Left="490" Top="153" Align="Left" Color="0xFF000000" Source="CPU:$CPUTempF$"></Text>
		<Text Left="490" Top="174" Align="Left" Color="0xFF000000" Source="MB:$MBTempF$"></Text>
		<Text Left="490" Top="195" Align="Left" Color="0xFF000000" Source="Xbox:V1.4"></Text>
		<Text Left="490" Top="216" Align="Left" Color="0xFF000000" Source="Name:$NickName$"></Text>
		<Text Left="490" Top="237" Align="Left" Color="0xFF000000" Source="Videomode:$VideoMode$"></Text>
		<Text Left="490" Top="258" Align="Left" Color="0xFF000000" Source="FanSpeed"></Text>
		<Text Left="490" Top="279" Align="Left" Color="0xFF000000" Source="Threads:$Thread$"></Text>
		<Text Left="490" Top="300" Align="Left" Color="0xFF000000" Source="ChipID:SmartXX"></Text>

		<Text Left="490" Top="337" Align="Left" Color="0xFF000000" Source="Time:$Time$"></Text>
		<Text Left="490" Top="353" Align="Left" Color="0xFF000000" Source="Date:$Date$"></Text>
	

		<Text Left="190" Top="373" Width="260" Color="0xFF000000" Source="Newsfeed"></Text>
		<Text Left="410" Top="24" Width="225" Align="Left" Color="0xFF000000" Source="Track:$SongName$"></Text>
		<Text Left="410" Top="42" Width="225" Align="Left" Color="0xFF000000" Source="Album:$SoundTrack$"></Text>
		<Text Left="410" Top="60" Align="Left" Color="0xFF000000" Source="Track Time:$SongTime$"></Text>
	</Main>

	<ColorScheme >
		<AMBIENT_FOGCOLOR>0xFF000000</AMBIENT_FOGCOLOR>
		<AMBIENT_SKYCOLOR></AMBIENT_SKYCOLOR>
		<AMBIENT_CELLCOLOR>0x00FFFFFF</AMBIENT_CELLCOLOR>
		<CAPTION_TEXTCOLOR>0xFFFFFFFF</CAPTION_TEXTCOLOR>
		<CAPTION_BACKCOLOR>0x202E438D</CAPTION_BACKCOLOR>
		<DIALOG_BORDERCOLOR>0xFFFFFFFF</DIALOG_BORDERCOLOR>
		<DIALOG_BACKCOLOR>0x99162043</DIALOG_BACKCOLOR>
		<DIALOG_INNER_BORDERCOLOR>0xFFFFFFFF</DIALOG_INNER_BORDERCOLOR>
		<DIALOG_INNER_BACKCOLOR>0x802E438D</DIALOG_INNER_BACKCOLOR>
		<DIALOG_TEXTCOLOR>0xFFFFFFFF</DIALOG_TEXTCOLOR>
		<DIALOG_DISABLEDTEXT>0xFF000000</DIALOG_DISABLEDTEXT>
		<OPTION_TEXTCOLOR>0xFFFFFFFF</OPTION_TEXTCOLOR>
		<OPTION_ACTIVETEXTCOLOR>0xFFFFFFFF</OPTION_ACTIVETEXTCOLOR>
		<OPTION_ACTIVEBACKCOLOR></OPTION_ACTIVEBACKCOLOR>
		<BUTTON_BORDERCOLOR></BUTTON_BORDERCOLOR>
		<BUTTON_TEXTCOLOR>0xFF02C90C</BUTTON_TEXTCOLOR>
		<BUTTON_BACKCOLOR>0xFF00000000</BUTTON_BACKCOLOR>
		<BUTTON_ACTIVETEXTCOLOR>0xFFFFFFFF</BUTTON_ACTIVETEXTCOLOR>
		<BUTTON_ACTIVEBACKCOLOR>0xE102C90C</BUTTON_ACTIVEBACKCOLOR>	
		<KB_KEYBG_HIGHLIGHT>0xCC00C000</KB_KEYBG_HIGHLIGHT>
		<KB_KEYBG_DISABLED>0xff000000</KB_KEYBG_DISABLED>
		<KB_KEY_PRESSED>0xff808080</KB_KEY_PRESSED>
		<KB_KEY_NORMAL>0xff000000</KB_KEY_NORMAL>
		<KB_KEY_DISABLED>0xff808080</KB_KEY_DISABLED>
		<KB_KEY_ACTIVEBORDER>0xff008000</KB_KEY_ACTIVEBORDER>
		<KB_KEY_TEXTCOLOR>0xff000000</KB_KEY_TEXTCOLOR>
		<KB_KEY_TEXTBACKCOLOR>0xffFFFFFF</KB_KEY_TEXTBACKCOLOR>
		<KB_KEY_TEXTBORDERCOLOR>0xff000000</KB_KEY_TEXTBORDERCOLOR>
		<MENU_TEXTCOLOR>0xFF000000</MENU_TEXTCOLOR>
		<MENU_ACTIVETEXTCOLOR>0xFF4060B5</MENU_ACTIVETEXTCOLOR>
		<MENU_BORDERCOLOR>0x00000000</MENU_BORDERCOLOR>
		<MENU_BACKCOLOR>0x00000000</MENU_BACKCOLOR>
		<MENU_ACTIVEBACKCOLOR></MENU_ACTIVEBACKCOLOR>
		<MENU_ACTIVEBORDERCOLOR></MENU_ACTIVEBORDERCOLOR>
	</ColorScheme>

</Skin>