<Skin name="X-DOS">
	<Information>
		<Author>sausage-n-muff@shaw.ca</Author>
		<Copyright>2004</Copyright>
		<Version>0.9</Version>
	</Information>
		<IntroMovie Enableaudio="True">intro.xmv</IntroMovie>
	<FileManager>
		<BackGround>FileManager.jpg</BackGround>
	</FileManager>
	<LoadingScreen ShowInfo="False">
		<BackGround Enableaudio="True">loading.xmv</BackGround>
	</LoadingScreen>
		<Main Globe="False" Orb="False" Fog="False">
		<BackGround EnableAudio="TRUE">background.xmv</BackGround>
		<InfoFont>Lucida-10.xpr</InfoFont>
                <GameIcon Enable="False" Opacity="65">
		<Position Top="165" Left="247" Width="145" Height="150" />
		</GameIcon>
		<Menu Smooth="False" Align="Left" ShowIcon="False" Rotate="False" Showarrows="False">
			<BackColor>0x000000</BackColor>
			<BorderColor Width="1">0xFFFFFFFF</BorderColor>
			<Font>Lucida-10.xpr</Font>
			<Position Top="89" Left="70" Width="300" Height="20" Fixed="True" FixAt="1" Maxitem="10"></Position>
		 </Menu>
		<Text Left="318" Top="27" Align="Middle" Color="0xFFffffff" Source=""></Text>
		<Text Left="318" Top="47" Align="Middle" Color="0xFFffffff" Source=""></Text>
		
		<Text Left="37" Top="389" Color="0xFFffffff" Source=""></Text>
		<Text Left="37" Top="409" Color="0xFFffffff" Source=""></Text>
		<Text Left="47" Top="429" Color="0xFFffffff" Source=""></Text>

		<Text Left="603" Top="389" Align="Right" Color="0xFFffffff" Source=""></Text>
		<Text Left="603" Top="409" Align="Right" Color="0xFFffffff" Source=""></Text>
		<Text Left="603" Top="429" Align="Right" Color="0xFFffffff" Source=""></Text>
		<Text Left="603" Top="449" Align="Right" Color="0xFFffffff" Source=""></Text>

		<Text Left="428" Top="63" Align="Left" Color="0xFFffffff" Source=""></Text>
		<Text Left="428" Top="81" Align="Left" Color="0xFFffffff" Source=""></Text>
		<Text Left="428" Top="99" Align="Left" Color="0xFFffffff" Source=""></Text>

	</Main>
	
	<ColorScheme Name="Default">
            <AMBIENT_FOGCOLOR>0x00FFFFFF</AMBIENT_FOGCOLOR>
            <AMBIENT_SKYCOLOR>0xFF00000F</AMBIENT_SKYCOLOR>
            <AMBIENT_CELLCOLOR>0x0000C000</AMBIENT_CELLCOLOR>
            <CAPTION_TEXTCOLOR>0xFF008000</CAPTION_TEXTCOLOR>
            <CAPTION_BACKCOLOR>0xFF000000</CAPTION_BACKCOLOR>
            <DIALOG_BORDERCOLOR>0xFF008000</DIALOG_BORDERCOLOR>
            <DIALOG_BACKCOLOR>0xFF000000</DIALOG_BACKCOLOR>
            <DIALOG_INNER_BORDERCOLOR>0xFF008000</DIALOG_INNER_BORDERCOLOR>
            <DIALOG_INNER_BACKCOLOR>0xFF000000</DIALOG_INNER_BACKCOLOR>
            <DIALOG_TEXTCOLOR>0xFF008000</DIALOG_TEXTCOLOR>
            <DIALOG_DISABLEDTEXT>0xFF004000</DIALOG_DISABLEDTEXT>
            <OPTION_TEXTCOLOR>0xFF008000</OPTION_TEXTCOLOR>
            <OPTION_ACTIVETEXTCOLOR>0xFF00FF00</OPTION_ACTIVETEXTCOLOR>
            <OPTION_ACTIVEBACKCOLOR>0xFF000000</OPTION_ACTIVEBACKCOLOR>
            <BUTTON_BORDERCOLOR>0xFF008000</BUTTON_BORDERCOLOR>
            <BUTTON_TEXTCOLOR>0xFF008000</BUTTON_TEXTCOLOR>
            <BUTTON_BACKCOLOR>0xFF000000</BUTTON_BACKCOLOR>
            <BUTTON_ACTIVETEXTCOLOR>0xFF00FF00</BUTTON_ACTIVETEXTCOLOR>
            <BUTTON_ACTIVEBACKCOLOR>0xFF000000</BUTTON_ACTIVEBACKCOLOR>
            <KB_KEYBG_HIGHLIGHT>0xFF008000</KB_KEYBG_HIGHLIGHT>
            <KB_KEYBG_DISABLED>0x78000000</KB_KEYBG_DISABLED>
            <KB_KEY_PRESSED>0xFF00FF00</KB_KEY_PRESSED>
            <KB_KEY_NORMAL>0xFF008000</KB_KEY_NORMAL>
            <KB_KEY_DISABLED>0xFF00552B</KB_KEY_DISABLED>
            <KB_KEY_ACTIVEBORDER>0xFF00FF00</KB_KEY_ACTIVEBORDER>
            <KB_KEY_TEXTCOLOR>0xFF008000</KB_KEY_TEXTCOLOR>
            <KB_KEY_TEXTBACKCOLOR>0xFF000000</KB_KEY_TEXTBACKCOLOR>
            <KB_KEY_TEXTBORDERCOLOR>0x78008000</KB_KEY_TEXTBORDERCOLOR>
            <MENU_TEXTCOLOR>0xFF008000</MENU_TEXTCOLOR>
            <MENU_ACTIVETEXTCOLOR>0xFF008000</MENU_ACTIVETEXTCOLOR>
	</ColorScheme>
</Skin>