<Skin name="Stitch">
	<Information>
		<Author>XceL</Author>
		<Copyright>Copyright 2003</Copyright>
		<Version>1.0</Version>
	</Information>
	<Main Globe="True" Orb="False">
		<BackGround>stitch.png</BackGround>
		<GameIcon Enable="True" Opacity="90">
			<Position Top="198" Left="63" Width="231" Height="197" />
		</GameIcon>
		<Menu Smooth="True" Align="Middle" ShowIcon="False" Rotate="False">
			<BackColor>0x00FFFFFF</BackColor>
			<BorderColor Width="2">0xFF69BAFF</BorderColor>
			<Font WidthFactor=".5" HeightFactor=".5"></Font>
			<Position Top="150" Left="40" Width="560" Height="20" Fixed="True" FixAt="1" MaxItem="3"></Position>
		</Menu>
		<Text Left="40" Top="30" Align="Left" Color="0xFFFFFFFF" Source="DateTime"></Text>
		<Text Left="40" Top="80" Align="Left" Color="0xFFFFFFFF" Source="C_FreeMB"></Text>
		<Text Left="40" Top="100" Align="Left" Color="0xFFFFFFFF" Source="E_FreeMB"></Text>
		<Text Left="40" Top="120" Align="Left" Color="0xFFFFFFFF" Source="F_FreeMB"></Text>
		
		<Text Left="605" Top="30" Align="Right" Color="0xFFFFFFFF" Source="Tray"></Text>
		<Text Left="605" Top="50" Align="Right" Color="0xFFFFFFFF" Source="NickName"></Text>
		<Text Left="605" Top="80" Align="Right" Color="0xFFFFFFFF" Source="Soundtrack"></Text>
		<Text Left="605" Top="100" Align="Right" Color="0xFFFFFFFF" Source="SongName"></Text>
		<Text Left="605" Top="120" Align="Right" Color="0xFFFFFFFF" Source="SongTime"></Text>
		
		<Text Left="45" Top="410" Align="Left" Color="0xFFFFFFFF" Source="CPUTemp"></Text>
		<Text Left="45" Top="430" Align="Left" Color="0xFFFFFFFF" Source="MBTemp"></Text>
		
		<Text Left="200" Top="410" Align="Left" Color="0xFFFFFFFF" Source="IP"></Text>
		<Text Left="200" Top="430" Align="Left" Color="0xFFFFFFFF" Source="NumClient"></Text>
		<Image Left="315" Top="198" Width="140" Height="197" Opacity="90">lilo.png</Image>
	</Main>
	
	<ColorScheme >
		<AMBIENT_FOGCOLOR>0x00336799</AMBIENT_FOGCOLOR>
		<AMBIENT_SKYCOLOR>0x00336799</AMBIENT_SKYCOLOR>
		<AMBIENT_CELLCOLOR>0xFF336799</AMBIENT_CELLCOLOR>

		<CAPTION_TEXTCOLOR>0xFF69BAFF</CAPTION_TEXTCOLOR>
		<CAPTION_BACKCOLOR>0xFFFFFFFF</CAPTION_BACKCOLOR>
		<DIALOG_BORDERCOLOR>0xFF0C0A18</DIALOG_BORDERCOLOR>
		<DIALOG_BACKCOLOR>0xCD636482</DIALOG_BACKCOLOR>
		<DIALOG_INNER_BORDERCOLOR>0xFF000000</DIALOG_INNER_BORDERCOLOR>
		<DIALOG_INNER_BACKCOLOR>0xFFFFFFFF</DIALOG_INNER_BACKCOLOR>
		<DIALOG_TEXTCOLOR>0xFF69BAFF</DIALOG_TEXTCOLOR>

		<DIALOG_DISABLEDTEXT>0x7F086820</DIALOG_DISABLEDTEXT>

		<OPTION_TEXTCOLOR>0xFF02C90C</OPTION_TEXTCOLOR>
		<OPTION_ACTIVETEXTCOLOR>0xFFFFFFFF</OPTION_ACTIVETEXTCOLOR>
		<OPTION_ACTIVEBACKCOLOR>0xFF02C90C</OPTION_ACTIVEBACKCOLOR>

		<BUTTON_BORDERCOLOR>0xFF0C0A18</BUTTON_BORDERCOLOR>
		<BUTTON_TEXTCOLOR>0xFF02C90C</BUTTON_TEXTCOLOR>
		<BUTTON_BACKCOLOR>0xCD636482</BUTTON_BACKCOLOR>
		<BUTTON_ACTIVETEXTCOLOR>0xFFFFFFFF</BUTTON_ACTIVETEXTCOLOR>
		<BUTTON_ACTIVEBACKCOLOR>0xE102C90C</BUTTON_ACTIVEBACKCOLOR>	
		
		<KB_KEYBG_HIGHLIGHT>0xCC00C000</KB_KEYBG_HIGHLIGHT>
		<KB_KEYBG_DISABLED>0xffc0c0c0</KB_KEYBG_DISABLED>
		<KB_KEY_PRESSED>0xff808080</KB_KEY_PRESSED>
		<KB_KEY_NORMAL>0xff000000</KB_KEY_NORMAL>
		<KB_KEY_DISABLED>0xff808080</KB_KEY_DISABLED>
		<KB_KEY_ACTIVEBORDER>0xff008000</KB_KEY_ACTIVEBORDER>
		<KB_KEY_TEXTCOLOR>0xff000000</KB_KEY_TEXTCOLOR>
		<KB_KEY_TEXTBACKCOLOR>0xffFFFFFF</KB_KEY_TEXTBACKCOLOR>
		<KB_KEY_TEXTBORDERCOLOR>0xff0000FF</KB_KEY_TEXTBORDERCOLOR>
		
		<MENU_TEXTCOLOR>0x00000000</MENU_TEXTCOLOR>
		<MENU_ACTIVETEXTCOLOR>0xFF69BAFF</MENU_ACTIVETEXTCOLOR>
		<MENU_BORDERCOLOR>0x0069BAFF</MENU_BORDERCOLOR>
		<MENU_BACKCOLOR>0x00000000</MENU_BACKCOLOR>
		<MENU_ACTIVEBACKCOLOR>0xFF000000</MENU_ACTIVEBACKCOLOR>
		<MENU_ACTIVEBORDERCOLOR>0xFF69BAFF</MENU_ACTIVEBORDERCOLOR>
	</ColorScheme>
</Skin>