<Skin Name="Unleash-x 360">
	<Information>
		<Author>J</Author>
	<Copyright>connxtion 360</Copyright>
<Version>Two</Version>

	</Information>

	<Intromovie></Intromovie>	

<LoadingScreen ShowInfo="False">
	<background>loading.png</background>
</LoadingScreen>

<Main Globe="False" Orb="False">
	<Background Top="163" Left="372" width="255" hight="161">Background.xmv</Background>		
		<Menu Smooth="TRUE" Align="Left" ShowIcon="FALSE" ShowArrows="False">
		<ItemPos Left="145" Top="162" Width="300" ></ItemPos>
		<ItemPos Left="145" Top="192" Width="300" ></ItemPos>
			<ItemPos Left="145" Top="222" Width="300" ></ItemPos>

		
		<Preview EnableAudio="false" Top="189" Left="322" width="191" Height="149" zIndex="3" />
<Font>Connfont1.xpr</Font>
			</Menu>
			<InfoFont>Connfont1.xpr</InfoFont>

				
				
				<Image Opacity="30" Top="55" Left="100" Width="440" Height="370">background.png</Image>
				<Image Opacity="100" Top="0" Left="0" Width="640" Height="480">Border 2 bars.png</Image>
				<Image Opacity="100" Top="0" Left="0" Width="640" Height="480">Main menu 2 bars.png</Image>
				<Image Opacity="100" Top="0" Left="0" Width="640" Height="480">2 bars.png</Image>

				
				
				<Image Opacity="30" Top="55" Left="60" Width="445" Height="370">background 1 bar.png</Image>
				<Image Opacity="100" Top="0" Left="0" Width="640" Height="480">Main menu 1 bar.png</Image>


	<Image Left="126" Top="67" width="174" Height="75" zIndex="4">Gamertag.png</Image>	
				<Image Opacity="60" Left="127" Top="270" width="173" Height="69" >menu logo.png</Image>
							

	<Text Top="369" Left="175" Align="Left" Color="0xFFE0E0E0" zIndex="3" Source="Play: $DVDTitle$" font="Connfont1"/>
				
				
				
	<Image Left="127" Top="270" width="173" Height="69" Source="GameIcon" />
		<Image Source="Gamepreview" />	

</Main>

	<FileManager>
		<Background>filemanager.png</Background>
	</FileManager>

<Font>Connfont2.xpr</Font>

	<MusicPlayer Top="1" Left="1" Width="640" Height="480" Relative="True">
		<BackGround>music player.PNG</BackGround>

	<Image Left="30" Top="79" width="154" Height="71" zIndex="2">Gamertag.png</Image>	
	<Image Left="179" Top="265" zIndex="4">Button cover.PNG</Image>
	<Image Left="226" Top="265" zIndex="4">Button cover.PNG</Image>
	<Image Left="28" Top="76"zIndex="2">mp border.png</Image>	
<Text Top="47" Left="310" Align="RIGHT" Color="0xFFADADAD" zIndex="3" Source="$Time$" font="Connfont1"/>
	<Image Top="40" Left="284"zIndex="4">Clock overlay.png</Image>
		<Image Top="334" Left="25" width="255" Height="40" zIndex="4">Logo overlay.png</Image>
	
	<Image Top="334" Left="25" width="255" Height="40" zIndex="3">Xbox logo.png</Image>
	
		<Image Left="280" Top="315" zIndex="1">mp_panel.png</Image>
		<Image Left="395" Top="30"  zIndex="1">mp_time_panel.png</Image>
		<Image Left="95" Top="340"  zIndex="1">mp_buttons_panel.png</Image>
		
		<ButtonMap>mp_Buttons.png</ButtonMap>	
		<Element Type="Pause" Left="21" Top="260" Width="75" Height="45" zIndex="3" />
		<Element Type="Prev" Left="76" Top="260" Width="75" Height="45" zIndex="3" />

		<Element Type="Next" Left="121" Top="260" Width="75" Height="45" zIndex="3" />
		<Element Type="Random" Left="131" Top="249" Width="145" Height="49" zIndex="3" />
		<Element Type="Mute" Left="178" Top="272" Width="145" Height="49" zIndex="3" />

		
	<Text Top="145" Left="50" Align="Left" Width="220" Scroll="0" Color="0xFF282828" zIndex="3" Source="C_FreeMB" font="Connfont1"/>
	<Text Top="160" Left="50" Align="Left" Width="220" Scroll="0" Color="0xFF282828" zIndex="3" Source="E_FreeMB" font="Connfont1"/>
	<Text Top="175" Left="50" Align="Left" Width="220" Scroll="0" Color="0xFF282828" zIndex="3" Source="F_FreeMB" font="Connfont1"/>
	<Text Top="420" Left="180" Align="Left" Width="440" Scroll="2" Color="0xFF282828" zIndex="4" Source="Newsfeed" font="Connfont1"/>
	<Text Top="202" Left="50" Align="Left" Color="0xFF282828" zIndex="3" Source="IP $IP$" font="Connfont1"/>
		<Text Top="232" Left="50" Align="Left" Width="205" Scroll="1" Color="0xFF282828" zIndex="3" Source="AppVersion" font="Connfont1"/>

		<Text Left="35" Top="298" Width="240" Height="30" Color="0xFF404040" Source="SongTrack" Scroll="1" Font="Common10" ScaleX="100" ScaleY="120" zIndex="3" />
		<Playlist Top="1" Left="1" Width="640" Height="480" OffsetX=150" OffsetY="70">
			<BackGround>Playlist.png</BackGround>
		</Playlist>

	</MusicPlayer>

	<ColorScheme Name="Default">
	        <AMBIENT_FOGCOLOR>0xFF000000</AMBIENT_FOGCOLOR>
	        <AMBIENT_SKYCOLOR>0xFF000000</AMBIENT_SKYCOLOR>
	        <AMBIENT_CELLCOLOR>0xFFE4E4E4</AMBIENT_CELLCOLOR>
	        <CAPTION_TEXTCOLOR>0xFFFFFFFF</CAPTION_TEXTCOLOR>
	        <CAPTION_BACKCOLOR>0x005B5B5B</CAPTION_BACKCOLOR>
 
                <DIALOG_BORDERCOLOR>0xFFC0C0C0</DIALOG_BORDERCOLOR>
                <DIALOG_BACKCOLOR>0xFF808080</DIALOG_BACKCOLOR>
                <DIALOG_INNER_BORDERCOLOR>0xFF7F7F7F</DIALOG_INNER_BORDERCOLOR>
                <DIALOG_INNER_BACKCOLOR>0xFF808080</DIALOG_INNER_BACKCOLOR>
				<DIALOG_TEXTCOLOR>0xFF282828</DIALOG_TEXTCOLOR>
				<DIALOG_DISABLEDTEXT>0xFF404040</DIALOG_DISABLEDTEXT>
	        
	        <OPTION_TEXTCOLOR>0xFFFFFFFF</OPTION_TEXTCOLOR>
	        <OPTION_ACTIVETEXTCOLOR>0xFF000000</OPTION_ACTIVETEXTCOLOR>
	        <OPTION_ACTIVEBACKCOLOR>0xFFC0C0C0</OPTION_ACTIVEBACKCOLOR>
	        
	        <BUTTON_BORDERCOLOR>0xFFBFBFBF</BUTTON_BORDERCOLOR>
	        <BUTTON_TEXTCOLOR>0xFFBFBFBF</BUTTON_TEXTCOLOR>
	        <BUTTON_BACKCOLOR>0xFF0A0A0A</BUTTON_BACKCOLOR>
	        <BUTTON_ACTIVETEXTCOLOR>0xFF808080</BUTTON_ACTIVETEXTCOLOR>
	        <BUTTON_ACTIVEBACKCOLOR>0xFF565656</BUTTON_ACTIVEBACKCOLOR>
	        
	        <KB_KEYBG_HIGHLIGHT>0xFF656565</KB_KEYBG_HIGHLIGHT>
	        <KB_KEYBG_DISABLED>0xFFC0C0C0</KB_KEYBG_DISABLED>
	        <KB_KEY_PRESSED>0xFFF8F8F8</KB_KEY_PRESSED>
	        <KB_KEY_NORMAL>0xFF000000</KB_KEY_NORMAL>
	        <KB_KEY_DISABLED>0x74000000</KB_KEY_DISABLED>
	        <KB_KEY_ACTIVEBORDER>0xFF000000</KB_KEY_ACTIVEBORDER>
	        <KB_KEY_TEXTCOLOR>0xFF000000</KB_KEY_TEXTCOLOR>
	        <KB_KEY_TEXTBACKCOLOR>0xFFD0D0D0</KB_KEY_TEXTBACKCOLOR>
	        <KB_KEY_TEXTBORDERCOLOR>0xFFFFFFFF</KB_KEY_TEXTBORDERCOLOR>
		
		<MENU_TEXTCOLOR>0xFFE0E0E0</MENU_TEXTCOLOR>
		<MENU_ACTIVETEXTCOLOR>0xFF808080</MENU_ACTIVETEXTCOLOR>
		<MENU_BORDERCOLOR>0x00000000</MENU_BORDERCOLOR>
		<MENU_BACKCOLOR>0x00000000</MENU_BACKCOLOR>
		<MENU_ACTIVEBACKCOLOR>0x00000000</MENU_ACTIVEBACKCOLOR>
		<MENU_ACTIVEBORDERCOLOR>0x00000000</MENU_ACTIVEBORDERCOLOR>
		
		<MMActiveForeColor>0xFFE0E0E0</MMActiveForeColor>
		<MMForeColor>0xFF000000</MMForeColor>
		<MMOffForeColor>0xFFE0E0E0</MMOffForeColor>
		<MMDarkBarColor>0xFF404040</MMDarkBarColor>
		<MMLightBarColor>0xFF404040</MMLightBarColor>
		<MMDarkBackColor>0x99404040</MMDarkBackColor>
		
		<WindowBackCOLOR>0xFF000000</WindowBackCOLOR>
		<WindowForeCOLOR>0xFFFFFFFF</WindowForeCOLOR>
	</ColorScheme>
</Skin>