<Skin name="Harry Potter">
	<Information>
		<Author>Vidar</Author>
		<Copyright>Copyright 2004</Copyright>
		<Version>1.0</Version>
	</Information>
		<IntroMovie></IntroMovie>
		<Main Globe="False" Orb="False" Fog="true">
		<BackGround>menu.jpg</BackGround>
		<Cellwall></Cellwall>
		<Orb></Orb>
		<Image Top="67" Left="498" Width="98" Height="74" Opacity="75" Source="GameIcon" />
		<Menu Align="Left" ShowIcon="False" ShowArrows="false">
            <Position Top="70" Left="21" Width="127" Height="173" Fixed="False" FixAt="2" MaxItem="4" />
            <Font>Square-10.xpr</Font>
        </Menu>
        <InfoFont>Square-10.xpr</InfoFont>
		<Text Left="170" Top="73" Align="Left" Color="0xFF9BAECD" Source="DVDTitle"></Text>
		<Text Left="170" Top="93" Align="Left" Color="0xFF9BAECD" Source="IP"></Text>		
		<Text Left="170" Top="113" Align="Left" Color="0xFF9BAECD" Source="C_FreeMB"></Text>
		<Text Left="170" Top="133" Align="Left" Color="0xFF9BAECD" Source="E_FreeMB"></Text>
		<Text Left="170" Top="153" Align="Left" Color="0xFF9BAECD" Source="F_FreeMB"></Text>
		<Text Left="170" Top="173" Align="Left" Color="0xFF9BAECD" Source="CPUTempC"></Text>
		<Text Left="170" Top="193" Align="Left" Color="0xFF9BAECD" Source="MBTempC"></Text>
		<Text Left="21" Top="280" Align="Left" Color="0xFF000000" Source="SoundTrack"></Text>
		<Text Left="21" Top="300" Align="Left" Color="0xFF000000" Source="SongName"></Text>
		<Text Left="80" Top="450" Align="Left" Color="0xFFDFEAFD" Source="DateTime"></Text>

	</Main>

	<LoadingScreen ShowInfo="false">
		<BackGround>load.jpg</BackGround>
	</LoadingScreen>

	
	<ColorScheme >
		<AMBIENT_FOGCOLOR>0xFF000000</AMBIENT_FOGCOLOR>
		<AMBIENT_SKYCOLOR></AMBIENT_SKYCOLOR>
		<AMBIENT_CELLCOLOR>0x00FFFFFF</AMBIENT_CELLCOLOR>

		<CAPTION_TEXTCOLOR>0x8C181514</CAPTION_TEXTCOLOR>
		<CAPTION_BACKCOLOR>0xFF2E438D</CAPTION_BACKCOLOR>
		<DIALOG_BORDERCOLOR>0xFFFFFFFF</DIALOG_BORDERCOLOR>
		<DIALOG_BACKCOLOR>0xFF162043</DIALOG_BACKCOLOR>
		<DIALOG_INNER_BORDERCOLOR>0xFFFFFFFF</DIALOG_INNER_BORDERCOLOR>
		<DIALOG_INNER_BACKCOLOR>0xFF2E438D</DIALOG_INNER_BACKCOLOR>
		<DIALOG_TEXTCOLOR>0xFFFFFFFF</DIALOG_TEXTCOLOR>

		<DIALOG_DISABLEDTEXT>0x8C181514</DIALOG_DISABLEDTEXT>

		<OPTION_TEXTCOLOR>0xFFFFFFFF</OPTION_TEXTCOLOR>
		<OPTION_ACTIVETEXTCOLOR>0xFFFFFFFF</OPTION_ACTIVETEXTCOLOR>
		<OPTION_ACTIVEBACKCOLOR></OPTION_ACTIVEBACKCOLOR>

		<BUTTON_BORDERCOLOR></BUTTON_BORDERCOLOR>
		<BUTTON_TEXTCOLOR>0xFF02C90C</BUTTON_TEXTCOLOR>
		<BUTTON_BACKCOLOR>0xCD636482</BUTTON_BACKCOLOR>
		<BUTTON_ACTIVETEXTCOLOR>0xFFFFFFFF</BUTTON_ACTIVETEXTCOLOR>
		<BUTTON_ACTIVEBACKCOLOR>0xE102C90C</BUTTON_ACTIVEBACKCOLOR>	
		
		<KB_KEYBG_HIGHLIGHT>0xCC00C000</KB_KEYBG_HIGHLIGHT>
		<KB_KEYBG_DISABLED>0xffc0c0c0</KB_KEYBG_DISABLED>
		<KB_KEY_PRESSED>0xff808080</KB_KEY_PRESSED>
		<KB_KEY_NORMAL>0xff000000</KB_KEY_NORMAL>
		<KB_KEY_DISABLED>0xff808080</KB_KEY_DISABLED>
		<KB_KEY_ACTIVEBORDER>0xff008000</KB_KEY_ACTIVEBORDER>
		<KB_KEY_TEXTCOLOR>0xff000000</KB_KEY_TEXTCOLOR>
		<KB_KEY_TEXTBACKCOLOR>0xffFFFFFF</KB_KEY_TEXTBACKCOLOR>
		<KB_KEY_TEXTBORDERCOLOR>0xff0000FF</KB_KEY_TEXTBORDERCOLOR>
		
		<MENU_TEXTCOLOR>0xFFDFEAFD</MENU_TEXTCOLOR>
		<MENU_ACTIVETEXTCOLOR>0xFF0A090F</MENU_ACTIVETEXTCOLOR>
		<MENU_BORDERCOLOR>0xFFFFFFFF</MENU_BORDERCOLOR>
		<MENU_BACKCOLOR>0xFFFFFFFF</MENU_BACKCOLOR>
		<MENU_ACTIVEBACKCOLOR>0x00000000</MENU_ACTIVEBACKCOLOR>
		<MENU_ACTIVEBORDERCOLOR>0x00000000</MENU_ACTIVEBORDERCOLOR>
	</ColorScheme>
</Skin>