<Skin Name="rogue op">
<Information>
<Author>dragonforce99</Author>
<Copyright>2003 Skinned by Sketchy Skinner</Copyright>
<Version>10</Version>
</Information>
<Main globe="False" Orb="False">
<Background EnableAudio="False">bg.png</background>
<Menu smooth="True" ShowArrows="False" ShowIcon="False" Rotate="False">
<Position left="46" Top="59" Width="165" Height="211" />
<Preview EnableAudio="False" left="226" Top="126" Width="211" Height="225" />
</menu>
<InfoFont>fontc.xpr</InfoFont>

<Text Left="46" Top="300" Align="Left" Color="0xFFFFFFFF" Source="E: $E_FreeMB$"></Text>
<text Left="46" Top="320" Align="Left" Color="0xFFFFFFFF" Source="F: $F_FreeMB$"></text>
<text Left="46" Top="340" Align="Left" Color="0xFFFFFFFF" Source="DVD:$Tray$"/>		
<text Left="46" Top="360" Align="Left" Color="0xFFFFFFFF" Source="CPU: $CPUTemp$"/>		
<text Left="46" Top="380" Align="Left" Color="0xFFFFFFFF" Source="M/B: $MBTemp$"/>		
<text Left="46" Top="400" Align="Left" Color="0xFFFFFFFF" Source="$IP$"/>		

<Image Left="217" Top="140" Width="203" Height="213">game_orb.png</Image>
<GameIcon Enable="True" Opacity="0">
<Position Top="180" Left="255" Width="130" Height="130" />
</GameIcon>



</Main>
<FileManager>
<Background>fmbg.png</Background>
</FileManager>
<LoadingScreen ShowInfo="False">
<Background>load.png</Background>
</LoadingScreen>
<ColorScheme>
<MENU_TEXTCOLOR>0xFF4A5783</MENU_TEXTCOLOR>
<MENU_ACTIVETEXTCOLOR>0xFFFFFFFF</MENU_ACTIVETEXTCOLOR>

<AMBIENT_FOGCOLOR>0xFF000000</AMBIENT_FOGCOLOR>
		<AMBIENT_SKYCOLOR></AMBIENT_SKYCOLOR>
		<AMBIENT_CELLCOLOR>0x00FFFFFF</AMBIENT_CELLCOLOR>

		<CAPTION_TEXTCOLOR>0xFFFFFFFF</CAPTION_TEXTCOLOR>
		<CAPTION_BACKCOLOR>0xFF2E438D</CAPTION_BACKCOLOR>
		<DIALOG_BORDERCOLOR>0xFFFFFFFF</DIALOG_BORDERCOLOR>
		<DIALOG_BACKCOLOR>0xFF162043</DIALOG_BACKCOLOR>
		<DIALOG_INNER_BORDERCOLOR>0xFFFFFFFF</DIALOG_INNER_BORDERCOLOR>
		<DIALOG_INNER_BACKCOLOR>0xFF2E438D</DIALOG_INNER_BACKCOLOR>
		<DIALOG_TEXTCOLOR>0xFFFFFFFF</DIALOG_TEXTCOLOR>

		<DIALOG_DISABLEDTEXT>0xFFC0C0C0</DIALOG_DISABLEDTEXT>

		<OPTION_TEXTCOLOR>0xFFFFFFFF</OPTION_TEXTCOLOR>
		<OPTION_ACTIVETEXTCOLOR>0xFFFFFFFF</OPTION_ACTIVETEXTCOLOR>
		<OPTION_ACTIVEBACKCOLOR></OPTION_ACTIVEBACKCOLOR>

		<BUTTON_BORDERCOLOR></BUTTON_BORDERCOLOR>
		<BUTTON_TEXTCOLOR>0xFF02C90C</BUTTON_TEXTCOLOR>
		<BUTTON_BACKCOLOR>0xCD636482</BUTTON_BACKCOLOR>
		<BUTTON_ACTIVETEXTCOLOR>0xFFFFFFFF</BUTTON_ACTIVETEXTCOLOR>
		<BUTTON_ACTIVEBACKCOLOR>0xE102C90C</BUTTON_ACTIVEBACKCOLOR>	
		
		<KB_KEYBG_HIGHLIGHT>0xCC00C000</KB_KEYBG_HIGHLIGHT>
		<KB_KEYBG_DISABLED>0xffc0c0c0</KB_KEYBG_DISABLED>
		<KB_KEY_PRESSED>0xff808080</KB_KEY_PRESSED>
		<KB_KEY_NORMAL>0xff000000</KB_KEY_NORMAL>
		<KB_KEY_DISABLED>0xff808080</KB_KEY_DISABLED>
		<KB_KEY_ACTIVEBORDER>0xff008000</KB_KEY_ACTIVEBORDER>
		<KB_KEY_TEXTCOLOR>0xff000000</KB_KEY_TEXTCOLOR>
		<KB_KEY_TEXTBACKCOLOR>0xffFFFFFF</KB_KEY_TEXTBACKCOLOR>
		<KB_KEY_TEXTBORDERCOLOR>0xff0000FF</KB_KEY_TEXTBORDERCOLOR>
</ColorSceme>
</Skin>
