
    <Information>
        <Author>Volcom</Author>
        <Version>4</Version>
        <Copyright>2005</Copyright>
        <Skinner Name="UX Architect" Version="1.0c" />
    </Information>
    <IntroMovie>RvB intro..WMV</IntroMovie>
    <Filemanager SafeBorder="False">
        <Background>RvB FE Background alt.png</Background>
    </Filemanager>
    <LoadingScreen ShowInfo="False">
        <Background>RvB loading.png</Background>
    </LoadingScreen>
    <Main Globe="False" Orb="False" Fog="False">
        <Background EnableAudio="False">RvB Background.png</Background>
        <InfoFont>20thCentury-12.xpr</InfoFont>
        <Text Top="67" Left="10" Width="200" Scroll="0" Color="0xFF000000" Source="$NickName$" Align="Left" />
        <Text Top="67" Left="384" Width="289" Scroll="0" Color="0xFF000000" Source="DateTime" Align="Left" />
        <Text Top="366" Left="404" Width="200" Scroll="0" Color="0xFFFFFFFF" Source="IP" Align="Left" />
        <Text Top="449" Left="33" Width="569" Scroll="2" Color="0xFFC0C0C0" Source="$Newsfeed$" Align="Left" />
        <Text Top="366" Left="35" Width="147" Scroll="0" Color="0xFFFFFFFF" Source="DVDTitle" Align="Left" />
        <Text Top="388" Left="407" Width="200" Scroll="0" Color="0xFFFFFFFF" Source="CPUTempF" Align="Left" />
        <Text Top="387" Left="35" Width="200" Scroll="0" Color="0xFFFFFFFF" Source="F_Free" Align="Left" />
        <Image Top="155" Left="407" Width="195" Height="167" Opacity="100">roosterteeth.png</Image>
        <Image Top="155" Left="407" Width="195" Height="167" Opacity="45">rectangle.JPG</Image>
        <Image Top="155" Left="407" Width="195" Height="167" Source="GameIcon" />
        <Image Top="155" Left="407" Width="195" Height="167" Opacity="100">game_logo_mask.png</Image>
        <Menu Align="Left" ShowIcon="False" ShowArrows="False">
            <ItemPos Top="184" Left="19" Width="361"></ItemPos>
            <ItemPos Top="212" Left="18" Width="359"></ItemPos>
            <ItemPos Top="241" Left="19" Width="358"></ItemPos>
            <ItemPos Top="268" Left="19" Width="356"></ItemPos>
            <ItemPos Top="296" Left="19" Width="352"></ItemPos>
            <Font>Square-14.xpr</Font>
        </Menu>
        <ColorScheme>
            <AMBIENT_FOGCOLOR>0x00FFFFFF</AMBIENT_FOGCOLOR>
            <AMBIENT_SKYCOLOR>0x0000000F</AMBIENT_SKYCOLOR>
            <AMBIENT_CELLCOLOR>0x0000C000</AMBIENT_CELLCOLOR>
            <CAPTION_TEXTCOLOR>0xFF000000</CAPTION_TEXTCOLOR>
            <CAPTION_BACKCOLOR>0x640000A0</CAPTION_BACKCOLOR>
            <DIALOG_BORDERCOLOR>0xFF000000</DIALOG_BORDERCOLOR>
            <DIALOG_BACKCOLOR>0xC8000080</DIALOG_BACKCOLOR>
            <DIALOG_INNER_BORDERCOLOR>0xC8000000</DIALOG_INNER_BORDERCOLOR>
            <DIALOG_INNER_BACKCOLOR>0x5A808080</DIALOG_INNER_BACKCOLOR>
            <DIALOG_TEXTCOLOR>0xFF808080</DIALOG_TEXTCOLOR>
            <DIALOG_DISABLEDTEXT>0xFFB3B3B4</DIALOG_DISABLEDTEXT>
            <OPTION_TEXTCOLOR>0xFFFFFFFF</OPTION_TEXTCOLOR>
            <OPTION_ACTIVETEXTCOLOR>0xFFFFFF80</OPTION_ACTIVETEXTCOLOR>
            <OPTION_ACTIVEBACKCOLOR>0x50808080</OPTION_ACTIVEBACKCOLOR>
            <BUTTON_BORDERCOLOR>0xC8000000</BUTTON_BORDERCOLOR>
            <BUTTON_TEXTCOLOR>0xFF000000</BUTTON_TEXTCOLOR>
            <BUTTON_BACKCOLOR>0xFF3F48F8</BUTTON_BACKCOLOR>
            <BUTTON_ACTIVETEXTCOLOR>0xFFFFFFFF</BUTTON_ACTIVETEXTCOLOR>
            <BUTTON_ACTIVEBACKCOLOR>0xFF808080</BUTTON_ACTIVEBACKCOLOR>
            <KB_KEYBG_HIGHLIGHT>0x19575757</KB_KEYBG_HIGHLIGHT>
            <KB_KEYBG_DISABLED>0x78C0C0C0</KB_KEYBG_DISABLED>
            <KB_KEY_PRESSED>0xFF008000</KB_KEY_PRESSED>
            <KB_KEY_NORMAL>0xFF000000</KB_KEY_NORMAL>
            <KB_KEY_DISABLED>0x78808080</KB_KEY_DISABLED>
            <KB_KEY_ACTIVEBORDER>0x00FF0000</KB_KEY_ACTIVEBORDER>
            <KB_KEY_TEXTCOLOR>0xFF000000</KB_KEY_TEXTCOLOR>
            <KB_KEY_TEXTBACKCOLOR>0xFFFFFFFF</KB_KEY_TEXTBACKCOLOR>
            <KB_KEY_TEXTBORDERCOLOR>0x780000FF</KB_KEY_TEXTBORDERCOLOR>
            <MENU_TEXTCOLOR>0x960058B0</MENU_TEXTCOLOR>
            <MENU_ACTIVETEXTCOLOR>0xFFFF6A6A</MENU_ACTIVETEXTCOLOR>
        </ColorScheme>
    </Main>
</Skin>