<Skin name="Snapshots">
	<Information>
		<Author>Nightfella</Author>
		<Copyright> c 2004 </Copyright>
		<Version>1</Version>
	</Information>
		<IntroMovie>intro.wmv</IntroMovie>
	<FileManager>
		<BackGround>fmtp.png</BackGround>
	</FileManager>
	<LoadingScreen ShowInfo="false">
		<BackGround>out.xmv</BackGround>
	</LoadingScreen>
	<Main Globe="false" Orb="False">
		<BackGround>bkg.xmv</BackGround>
		<Image Left="" Top="" Width="640" Height="480" opacity="40">INFO.png</Image>
		<Cellwall></Cellwall>
		<Orb></Orb>
		<Icon>orb.png</Icon>
		<Image Source="GamePreview" />
		<Image Top="110" Left="330" Width="170" Height="140" Opacity=70" Source="GameIcon" />
		<Menu Smooth="TRUE" Align="LEFT" Rotate="true" ShowIcon="false">
		<Position Top="60" Left="80" Width="250" Height="175" Fixed="False" 
                FixAt="1" MaxItem="10">
		</Position>
		<Font>MaiandraGD_10.xpr</Font>
		<Preview EnableAudio="true" Left="130" Top="235" Width="220" Height="170" Opacity="80" />
		</Menu>
		
		<InfoFont>MaiandraGD_10.xpr</InfoFont>
		
		<Text Left="377" Top="280" Align="left" Color="0xFFFFFFFF" Source="$Time$"></Text>
		<Text Left="597" Top="280" Align="right" Color="0xFFFFFFFF" Source="$Date$"></Text>
		<Text Left="377" Top="318" Align="left" Color="0xFFFFFFFF" Source="F_FreeMB"></Text>
		<Text Left="377" Top="355" Align="left" Color="0xFFFFFFFF" Source="MBTemp"></Text>
		<Text Left="597" Top="355" Align="right" Color="0xFFFFFFFF" Source="CPUTemp"></Text>
		<Text Left="377" Top="395" Align="left" Color="0xFFFFFFFF" Source="IP"></Text>
		<Text Left="582" Top="395" Align="right" Color="0xFFFFFFFF" Source="Users:"></Text>
		<Text Left="597" Top="395" Align="right" Color="0xFFFFFFFF" Source="$NumClient$"></Text>
		<Text Left="377" Top="432" Align="left"  Width="220" Color="0xFFFFFFFF" Source="SongName"></Text>
		
		

		
		</Main>

	<ColorScheme >
		<AMBIENT_FOGCOLOR>0xFF000000</AMBIENT_FOGCOLOR>
		<AMBIENT_SKYCOLOR></AMBIENT_SKYCOLOR>
		<AMBIENT_CELLCOLOR>0x00FFFFFF</AMBIENT_CELLCOLOR>

		<CAPTION_TEXTCOLOR>0xFFFFFFFF</CAPTION_TEXTCOLOR>
		<CAPTION_BACKCOLOR>0xFF2E438D</CAPTION_BACKCOLOR>
		<DIALOG_BORDERCOLOR>0xFFFFFFFF</DIALOG_BORDERCOLOR>
		<DIALOG_BACKCOLOR>0xFF162043</DIALOG_BACKCOLOR>
		<DIALOG_INNER_BORDERCOLOR>0xFFFFFFFF</DIALOG_INNER_BORDERCOLOR>
		<DIALOG_INNER_BACKCOLOR>0xFF2E438D</DIALOG_INNER_BACKCOLOR>
		<DIALOG_TEXTCOLOR>0xFFFFFFFF</DIALOG_TEXTCOLOR>

		<DIALOG_DISABLEDTEXT>0xFFC0C0C0</DIALOG_DISABLEDTEXT>

		<OPTION_TEXTCOLOR>0xFFFFFFFF</OPTION_TEXTCOLOR>
		<OPTION_ACTIVETEXTCOLOR>0xFFFFFFFF</OPTION_ACTIVETEXTCOLOR>
		<OPTION_ACTIVEBACKCOLOR></OPTION_ACTIVEBACKCOLOR>

		<BUTTON_BORDERCOLOR></BUTTON_BORDERCOLOR>
		<BUTTON_TEXTCOLOR>0xFF02C90C</BUTTON_TEXTCOLOR>
		<BUTTON_BACKCOLOR>0xCD636482</BUTTON_BACKCOLOR>
		<BUTTON_ACTIVETEXTCOLOR>0xFFFFFFFF</BUTTON_ACTIVETEXTCOLOR>
		<BUTTON_ACTIVEBACKCOLOR>0xE102C90C</BUTTON_ACTIVEBACKCOLOR>	
		
		<KB_KEYBG_HIGHLIGHT>0xCC00C000</KB_KEYBG_HIGHLIGHT>
		<KB_KEYBG_DISABLED>0xffc0c0c0</KB_KEYBG_DISABLED>
		<KB_KEY_PRESSED>0xff808080</KB_KEY_PRESSED>
		<KB_KEY_NORMAL>0xff000000</KB_KEY_NORMAL>
		<KB_KEY_DISABLED>0xff808080</KB_KEY_DISABLED>
		<KB_KEY_ACTIVEBORDER>0xff008000</KB_KEY_ACTIVEBORDER>
		<KB_KEY_TEXTCOLOR>0xff000000</KB_KEY_TEXTCOLOR>
		<KB_KEY_TEXTBACKCOLOR>0xffFFFFFF</KB_KEY_TEXTBACKCOLOR>
		<KB_KEY_TEXTBORDERCOLOR>0xff0000FF</KB_KEY_TEXTBORDERCOLOR>
		
		<MENU_TEXTCOLOR>0x99FFFFFF</MENU_TEXTCOLOR>
		<MENU_ACTIVETEXTCOLOR>0xFFFFFFFF</MENU_ACTIVETEXTCOLOR>
		<MENU_BORDERCOLOR>0x00000000</MENU_BORDERCOLOR>
		<MENU_BACKCOLOR>0x00000000</MENU_BACKCOLOR>
		<MENU_ACTIVEBACKCOLOR></MENU_ACTIVEBACKCOLOR>
		<MENU_ACTIVEBORDERCOLOR></MENU_ACTIVEBORDERCOLOR>
	</ColorScheme>
</Skin>