<Skin name="BlackBox">
	<Information>
		<Author>Jezz</Author>
		<Copyright>Copyright 2004</Copyright>
	 	<Version>1</Version>
	</Information>
	<Main Globe="true" Orb="False" Fog="true">
		<Cellwall></Cellwall>
		<Orb></Orb>
		<Icon></Icon>
		<BackGround>fog.png</BackGround>
		
		<Menu Smooth="False" Align="left" Rotate="false" ShowIcon="false">
		<Position Top="145" Left="57" Width="270" Height="215" Fixed="False" FixAt="1" MaxItem="8"></Position>
		<Preview EnableAudio="False" Left="364" Top="111" Width="243" Height="182"/>
		<Font>dungeon_14.xpr</Font>
		
		</Menu>
		
		<Image Left="366" Top="113" Width="239" Height="178">x.png</Image>
		<Image Left="364" Top="111" Width="243" Height="182" Source="GameIcon" />
		<Image Source="GamePreview"/>
		<Image Left="20" Top="30" Width="600" Height="440">backnew.png</Image>
		<Image Left="370" Top="370" Width="220" Height="2">divide.png</Image>
		<Image Left="370" Top="409" Width="220" Height="2">divide.png</Image>
		
		<InfoFont>dungeon_11.xpr</InfoFont>
                  <Text Top="12" Left="30" Align="Left" Width="582" Scroll="1" Color="0x7070BA1F" Source="$Newsfeed$"></Text>
        
                  <Text Top="37" Left="530" Align="Middle" Color="0xFF538117" Source="$Date$"></Text>
                  <Text Top="52" Left="530" Align="Middle" Color="0xFF538117" Source="$Time$"></Text>
                  
                  <Text Top="338" Left="370" Align="Left" Width="210" Scroll="1" Color="0xFF538117" Source="E_FreeMB"></Text>
                  <Text Top="353" Left="370" Align="Left" Width="210" Scroll="1" Color="0xFF538117" Source="F_FreeMB"></Text>
                  
                  <Text Top="374" Left="370" Align="Left" Width="210" Scroll="1" Color="0xFF538117" Source="CPUTemp"></Text>
                  <Text Top="389" Left="370" Align="Left" Width="210" Scroll="1" Color="0xFF538117" Source="MBTemp"></Text>
                  
                  <Text Top="413" Left="370" Align="Left" Width="210" Scroll="1" Color="0xFF538117" Source="Fan Speed: $FanSpeed$"></Text>
                  <Text Top="428" Left="370" Align="Left" Width="210" Scroll="1" Color="0xFF538117" Source="IP"></Text>  		

                  <Text Top="410" Left="62" Align="Left" Width="262" Scroll="0" Color="0xBB70BA1F" Source="Tray"></Text>
                  <Text Top="427" Left="62" Align="Left" Width="262" Color="0xBB70BA1F" Source="DvdTitle"></Text>
	</Main>

	<IntroMovie></IntroMovie>
        <FileManager SafeBorder="False">
		<BackGround>filemanager.png</BackGround>
		
	</FileManager>
	
	<LoadingScreen ShowInfo="False">
		<BackGround>wait.png</BackGround>
	</LoadingScreen>

<MusicPlayer Top="10" Left="85" Width="484" Height="213" Relative="True">
		<BackGround>mp.png</BackGround>
		
		<Image Left="34" Top="135" Width="417" Height="2">divide.png</Image>
		<Image Left="34" Top="145" Width="417" Height="2">divide.png</Image>
		
		<ButtonMap>mp_Buttons.png</ButtonMap>	
		<Element Type="Play" Left="40" Top="140" Width="32" Height="44" zIndex="3" />
		<Element Type="Pause" Left="72" Top="140" Width="32" Height="44" zIndex="3" />
		<Element Type="Stop" Left="104" Top="140" Width="32" Height="44" zIndex="3" />
		<Element Type="Prev" Left="136" Top="140" Width="32" Height="44" zIndex="3" />
		<Element Type="Next" Left="168" Top="140" Width="32" Height="44" zIndex="3" />
		<Element Type="Mute" Left="240" Top="151" Width="32" Height="22" zIndex="3" />
		<Element Type="Random" Left="272" Top="151" Width="32" Height="22" zIndex="3" />
		<Element Type="PrevTrack" Left="370" Top="140" Width="32" Height="44" />
		<Element Type="NextTrack" Left="402" Top="140" Width="32" Height="44" />
		
		<Element Type="Meter" Left="300" Top="25" Width="210" Height="90" zIndex="2" Relative="True"/>
		<Element Type="Progress" Left="33" Top="135" Width="417" Height="10" Direction="right" zIndex="3"/>
<!--		<Element Type="Volume" Left="298" Top="144" Width="77" Height="16" Direction="right"/>
-->		<Element Type="SongStatus" Left="270" Top="70" Width="20" Height="20" zIndex="2" />


		<Text Left="50" Top="40" Width="80" Height="15" Color="0xFF8BA0B7" Source="Current" Font="Dungeon11" Align="left" ScaleX="100" ScaleY="100" zIndex="3" />
		<Text Left="50" Top="60" Width="95" Height="30" Color="0xFF538117" Source="SongTime" Font="Dungeon14" Align="left" ScaleX="140" ScaleY="140" zIndex="3" />
		<Text Left="160" Top="40" Width="80" Height="15" Color="0xFF8BA0B7" Source="Total" Font="Dungeon11" Align="left" ScaleX="100" ScaleY="100" zIndex="3" />
		<Text Left="160" Top="60" Width="95" Height="30" Color="0xFF538117" Source="SongLength" Font="Dungeon14" Align="left" ScaleX="140" ScaleY="140" zIndex="3" />
		<Text Left="50" Top="90" Width="100" Height="30" Color="0xFF8BA0B7" Source="SongBitRate" Font="Dungeon11" Align="left" ScaleX="100" ScaleY="100" zIndex="3" />
		<Text Left="160" Top="90" Width="80" Height="30" Color="0xFF8BA0B7" Source="SongChannel" Font="Dungeon11" Align="left" ScaleX="100" ScaleY="100" zIndex="3" />
		<Text Left="40" Top="113" Width="400" Height="20" Color="0xFF538117" Source="SongTrack" Scroll="1" Font="Dungeon14" ScaleX="100" ScaleY="100" zIndex="3" />
		<Playlist Top="230" Left="85" Width="483" Height="239" OffsetX="37" OffsetY="34">
			<BackGround>mp_pl.png</BackGround>
		</Playlist>

	</MusicPlayer>	

<ColorScheme Name="Default">
	        <AMBIENT_FOGCOLOR>0x00000000</AMBIENT_FOGCOLOR>
	        <AMBIENT_SKYCOLOR>0x0000000F</AMBIENT_SKYCOLOR>
	        <AMBIENT_CELLCOLOR>0x0000C000</AMBIENT_CELLCOLOR>
	        <CAPTION_TEXTCOLOR>0xFFC0C0C0</CAPTION_TEXTCOLOR>
	        <CAPTION_BACKCOLOR>0x005B5B5B</CAPTION_BACKCOLOR>
	        <DIALOG_BORDERCOLOR>0xBB70BA1F</DIALOG_BORDERCOLOR>
	        <DIALOG_BACKCOLOR>0xFF414141</DIALOG_BACKCOLOR>
	        <DIALOG_INNER_BORDERCOLOR>0xBB70BA1F</DIALOG_INNER_BORDERCOLOR>
	        <DIALOG_INNER_BACKCOLOR>0xFF000000</DIALOG_INNER_BACKCOLOR>
	        <DIALOG_TEXTCOLOR>0xBB70BA1F</DIALOG_TEXTCOLOR>
	        <DIALOG_DISABLEDTEXT>0x55828284</DIALOG_DISABLEDTEXT>
	        <OPTION_TEXTCOLOR>0xBB70BA1F</OPTION_TEXTCOLOR>
	        <OPTION_ACTIVETEXTCOLOR>0xFFFFFF00</OPTION_ACTIVETEXTCOLOR>
	        <OPTION_ACTIVEBACKCOLOR>0x5A414141</OPTION_ACTIVEBACKCOLOR>
	        <BUTTON_BORDERCOLOR>0xFF000000</BUTTON_BORDERCOLOR>
	        <BUTTON_TEXTCOLOR>0xBB70BA1F</BUTTON_TEXTCOLOR>
	        <BUTTON_BACKCOLOR>0xFF525252</BUTTON_BACKCOLOR>
	        <BUTTON_ACTIVETEXTCOLOR>0xFFFFFF00</BUTTON_ACTIVETEXTCOLOR>
	        <BUTTON_ACTIVEBACKCOLOR>0xFF808080</BUTTON_ACTIVEBACKCOLOR>
	        <KB_KEYBG_HIGHLIGHT>0xFF006A00</KB_KEYBG_HIGHLIGHT>
	        <KB_KEYBG_DISABLED>0xFFC0C0C0</KB_KEYBG_DISABLED>
	        <KB_KEY_PRESSED>0xFF00FF00</KB_KEY_PRESSED>
	        <KB_KEY_NORMAL>0xFF000000</KB_KEY_NORMAL>
	        <KB_KEY_DISABLED>0x74000000</KB_KEY_DISABLED>
	        <KB_KEY_ACTIVEBORDER>0xFF000000</KB_KEY_ACTIVEBORDER>
	        <KB_KEY_TEXTCOLOR>0xFF000000</KB_KEY_TEXTCOLOR>
	        <KB_KEY_TEXTBACKCOLOR>0xFFD0D0D0</KB_KEY_TEXTBACKCOLOR>
	        <KB_KEY_TEXTBORDERCOLOR>0xBB70BA1F</KB_KEY_TEXTBORDERCOLOR>
		<MENU_TEXTCOLOR>0xFF538117</MENU_TEXTCOLOR>
		<MENU_ACTIVETEXTCOLOR>0xFFFFF000</MENU_ACTIVETEXTCOLOR>
		<MENU_BORDERCOLOR>0x00000000</MENU_BORDERCOLOR>
		<MENU_BACKCOLOR>0x00000000</MENU_BACKCOLOR>
		<MENU_ACTIVEBACKCOLOR>0x00000000</MENU_ACTIVEBACKCOLOR>
		<MENU_ACTIVEBORDERCOLOR>0x00000000</MENU_ACTIVEBORDERCOLOR>
		<MMActiveForeColor>0xFFFFF000</MMActiveForeColor>
		<MMForeColor>0xFF538117</MMForeColor>
		<MMOffForeColor>0xFF538117</MMOffForeColor>
		<MMDarkBarColor>0xFF3C5D12</MMDarkBarColor>
		<MMLightBarColor>0xFF538117</MMLightBarColor>
		<MMDarkBackColor>0xFF3C5D12</MMDarkBackColor>
		<WindowBackCOLOR>0xFF000000</WindowBackCOLOR>
		<WindowForeCOLOR>0xFF538117</WindowForeCOLOR>
	</ColorScheme>
</Skin>







