<Skin Name="NARUTO-UX">

 <Information>
    <Author>Ton-X</Author>
    <Copyright>2004</Copyright>
    <Version>1</Version>
 </Information>
 <FileManager>
		<BackGround>filemanager.png</BackGround>
 </FileManager>
 <LoadingScreen ShowInfo="True">
  <BackGround>loading.png</BackGround>
 </LoadingScreen>
 <Main globe="False" Orb="False">
 <BackGround>bg.png</BackGround>
 <Image Top="105" Left="200" Width="231" Height="162" Source="GameIcon"/>
 <Image Source="GamePreview" />
 <Menu smooth="False" Align="Middle" ShowArrows="False" ShowIcon="False" Rotate="False">
   <Position left="184" Top="298" Width="270" Height="156" Fixed="True" FixAt="3"/>
   <Preview EnableAudio="True" Top="105" Left="200" Width="230" Height="161" />
   <Preview Top="105" Left="200" Width="230" Height="161" />
   <Font>Verdana_12.xpr</Font>
 </Menu>

<InfoFont>Verdana_9.xpr</InfoFont>
 <Text Left="40" Top="19" Color="0xFF808080" Source="D:"></Text>
 <Text Left="60" Top="19" Width="140" Color="0xFFFFFFFF" Source="DvdTitle" Scroll="0"></Text>
 <Text Left="40" Top="34" Color="0xFF808080" Source="E:"></Text>
 <Text Left="60" Top="34" Color="0xFFFFFFFF" Source="$E_Free$ free"></Text>
 <Text Left="40" Top="49" Color="0xFF808080" Source="F:"></Text>
 <Text Left="60" Top="49" Color="0xFFFFFFFF" Source="$F_Free$ free"></Text> 
 <Text Left="40" Top="64" Color="0xFF808080" Source="XBox:"></Text>
 <Text Left="87" Top="64" Color="0xFFFFFFFF" Source="$Version$"></Text>
 <Text Left="165" Top="64" Color="0xFF808080" Source="CPU:"></Text>
 <Text Left="206" Top="64" Color="0xFFFFFFFF" Source="$CPUTempC$"></Text>
 <Text Left="365" Top="19" Color="0xFF000000" Source="IP: "></Text>
 <Text Left="385" Top="19" Color="0xFFFFFFFF" Source="$IP$"></Text>
 <Text Left="365" Top="34" Color="0xFF000000" Source="Video Mode:"></Text>
 <Text Left="456" Top="34" Color="0xFFFFFFFF" Source="$VideoMode$"></Text>
 <Text Left="365" Top="49" Color="0xFF000000" Source="Time:"></Text>
 <Text Left="406" Top="49" Color="0xFFFFFFFF" Source="$Time$"></Text>
 <Text Left="365" Top="64" Color="0xFF000000" Source="Track:"></Text>
 <Text Left="412" Top="64" Width="102" Color="0xFFFFFFFF" Source="SongName" Scroll="0"></Text>
 <Text Left="516" Top="64" Color="0xFF000000" Source="--"></Text>
 <Text Left="533" Top="64" Color="0xFFFFFFFF" Source="$SongTime$"></Text>
</Main>

 <ColorScheme>
    <AMBIENT_FOGCOLOR>0x00FFFFFF</AMBIENT_FOGCOLOR>
            <AMBIENT_SKYCOLOR>0x0000000F</AMBIENT_SKYCOLOR>
            <AMBIENT_CELLCOLOR>0x0000C000</AMBIENT_CELLCOLOR>
            <CAPTION_TEXTCOLOR>0xFF2978B6</CAPTION_TEXTCOLOR>
            <CAPTION_BACKCOLOR>0xFF000000</CAPTION_BACKCOLOR>
            <DIALOG_BORDERCOLOR>0xFFFFFFFF</DIALOG_BORDERCOLOR>
            <DIALOG_BACKCOLOR>0xFF808080</DIALOG_BACKCOLOR>
            <DIALOG_INNER_BORDERCOLOR>0xFFFFFFFF</DIALOG_INNER_BORDERCOLOR>
            <DIALOG_INNER_BACKCOLOR>0xFF808080</DIALOG_INNER_BACKCOLOR>
            <DIALOG_TEXTCOLOR>0xFFFFFFFF</DIALOG_TEXTCOLOR>
            <DIALOG_DISABLEDTEXT>0xFF3A3A3A</DIALOG_DISABLEDTEXT>
            <OPTION_TEXTCOLOR>0xFFFFFFFF</OPTION_TEXTCOLOR>
            <OPTION_ACTIVETEXTCOLOR>0xFFFFFFFF</OPTION_ACTIVETEXTCOLOR>
            <OPTION_ACTIVEBACKCOLOR>0x00273CF3</OPTION_ACTIVEBACKCOLOR>
            <BUTTON_BORDERCOLOR>0xC8000000</BUTTON_BORDERCOLOR>
            <BUTTON_TEXTCOLOR>0xFFFFFFFF</BUTTON_TEXTCOLOR>
            <BUTTON_BACKCOLOR>0xFF2978B6</BUTTON_BACKCOLOR>
            <BUTTON_ACTIVETEXTCOLOR>0xFFFFFFFF</BUTTON_ACTIVETEXTCOLOR>
            <BUTTON_ACTIVEBACKCOLOR>0xFFA5C310</BUTTON_ACTIVEBACKCOLOR>
            <KB_KEYBG_HIGHLIGHT>0xC8A5C30F</KB_KEYBG_HIGHLIGHT>
            <KB_KEYBG_DISABLED>0x78C0C0C0</KB_KEYBG_DISABLED>
            <KB_KEY_PRESSED>0xFF808080</KB_KEY_PRESSED>
            <KB_KEY_NORMAL>0xFF000000</KB_KEY_NORMAL>
            <KB_KEY_DISABLED>0x78808080</KB_KEY_DISABLED>
            <KB_KEY_ACTIVEBORDER>0xFFFF0000</KB_KEY_ACTIVEBORDER>
            <KB_KEY_TEXTCOLOR>0xFF000000</KB_KEY_TEXTCOLOR>
            <KB_KEY_TEXTBACKCOLOR>0xFFFFFFFF</KB_KEY_TEXTBACKCOLOR>
            <KB_KEY_TEXTBORDERCOLOR>0x780000FF</KB_KEY_TEXTBORDERCOLOR>
            <MENU_TEXTCOLOR>0xFFFFFFFF</MENU_TEXTCOLOR>
            <MENU_ACTIVETEXTCOLOR>0xFF000000</MENU_ACTIVETEXTCOLOR>
 </ColorSceme>
</Skin>