﻿<Skin name="discosanimebabe">
    <Information>
        <Author>DiScO</Author>
        <Version>1</Version>
        <Copyright>2004</Copyright>
        <Skinner Name="UX Architect" Version="1.0c" />
    </Information>
    <LoadingScreen ShowInfo="False">
        <Background>loading.JPG</Background>
    </LoadingScreen>
    <Main Globe="False" Orb="False">
        <Background EnableAudio="False">background.jpg</Background>
        <InfoFont>CenturyGothic-10.xpr</InfoFont>
        <Text Top="342" Left="23" Width="180" Scroll="0" Color="0xFF808080" Source="F_FreeMB" Align="Left" />
        <Text Top="321" Left="23" Width="180" Scroll="0" Color="0xFF808080" Source="E_FreeMB" Align="Left" />
        <Text Top="438" Left="428" Width="178" Scroll="2" Color="0xFFFFFFFF" Source="SongName" Align="Left" />
        <Text Top="12" Left="42" Width="366" Scroll="1" Color="0xFFFFFFFF" Source="Newsfeed" Align="Left" />
        <Text Top="362" Left="21" Width="174" Scroll="0" Color="0xFF808080" Source="C_FreeMB" Align="Left" />
        <Text Top="410" Left="19" Width="200" Scroll="0" Color="0xFFFF8000" Source="$IP$" Align="Left" />
        <Text Top="50" Left="11" Width="218" Scroll="0" Color="0xFFFF8000" Source="AppVersion" Align="Left" />
        <Text Top="59" Left="499" Width="200" Scroll="0" Color="0xFFFF8000" Source="$Time$" Align="Left" />
        <Text Top="83" Left="499" Width="200" Scroll="0" Color="0xFFFF8000" Source="$Date$" Align="Left" />
        <Image Top="251" Left="473" Width="124" Height="121" Source="GameIcon" />
        <Image Top="6" Left="20" Width="425" Height="33" Opacity="100">shadows 2.png</Image>
        <Image Top="297" Left="7" Width="212" Height="108" Opacity="100">shadows 2.png</Image>
        <Image Top="427" Left="414" Width="219" Height="39" Opacity="100">shadows 2.png</Image>
        <Menu Smooth="True" Align="Left" ShowIcon="False" ShowArrows="False" Horizontal="True">
            <ItemPos Top="78" Left="15" Width="200"></ItemPos>
            <ItemPos Top="101" Left="14" Width="200"></ItemPos>
            <ItemPos Top="126" Left="14" Width="200"></ItemPos>
            <ItemPos Top="149" Left="14" Width="200"></ItemPos>
            <ItemPos Top="171" Left="13" Width="200"></ItemPos>
            <ItemPos Top="197" Left="12" Width="200"></ItemPos>
            <ItemPos Top="218" Left="13" Width="200"></ItemPos>
            <ItemPos Top="242" Left="13" Width="200"></ItemPos>
            <ItemPos Top="264" Left="13" Width="200"></ItemPos>
            <Font>CenturyGothic-10.xpr</Font>
        </Menu>
        <ColorScheme>
            <AMBIENT_FOGCOLOR>0x00FFFFFF</AMBIENT_FOGCOLOR>
            <AMBIENT_SKYCOLOR>0x0000000F</AMBIENT_SKYCOLOR>
            <AMBIENT_CELLCOLOR>0x0000C000</AMBIENT_CELLCOLOR>
            <CAPTION_TEXTCOLOR>0xFFFF8000</CAPTION_TEXTCOLOR>
            <CAPTION_BACKCOLOR>0x64808080</CAPTION_BACKCOLOR>
            <DIALOG_BORDERCOLOR>0xFF000000</DIALOG_BORDERCOLOR>
            <DIALOG_BACKCOLOR>0x64808080</DIALOG_BACKCOLOR>
            <DIALOG_INNER_BORDERCOLOR>0xC8000000</DIALOG_INNER_BORDERCOLOR>
            <DIALOG_INNER_BACKCOLOR>0x5A808080</DIALOG_INNER_BACKCOLOR>
            <DIALOG_TEXTCOLOR>0xFFFFFFFF</DIALOG_TEXTCOLOR>
            <DIALOG_DISABLEDTEXT>0xFFB3B3B4</DIALOG_DISABLEDTEXT>
            <OPTION_TEXTCOLOR>0xFFFFFFFF</OPTION_TEXTCOLOR>
            <OPTION_ACTIVETEXTCOLOR>0xFFFF8000</OPTION_ACTIVETEXTCOLOR>
            <OPTION_ACTIVEBACKCOLOR>0x50808080</OPTION_ACTIVEBACKCOLOR>
            <BUTTON_BORDERCOLOR>0xC8000000</BUTTON_BORDERCOLOR>
            <BUTTON_TEXTCOLOR>0xFFFFFFFF</BUTTON_TEXTCOLOR>
            <BUTTON_BACKCOLOR>0xFF525252</BUTTON_BACKCOLOR>
            <BUTTON_ACTIVETEXTCOLOR>0xFFFFFFFF</BUTTON_ACTIVETEXTCOLOR>
            <BUTTON_ACTIVEBACKCOLOR>0xFF808080</BUTTON_ACTIVEBACKCOLOR>
            <KB_KEYBG_HIGHLIGHT>0x19575757</KB_KEYBG_HIGHLIGHT>
            <KB_KEYBG_DISABLED>0x78C0C0C0</KB_KEYBG_DISABLED>
            <KB_KEY_PRESSED>0xFF008000</KB_KEY_PRESSED>
            <KB_KEY_NORMAL>0xFF000000</KB_KEY_NORMAL>
            <KB_KEY_DISABLED>0x78808080</KB_KEY_DISABLED>
            <KB_KEY_ACTIVEBORDER>0xFFFF0000</KB_KEY_ACTIVEBORDER>
            <KB_KEY_TEXTCOLOR>0xFF000000</KB_KEY_TEXTCOLOR>
            <KB_KEY_TEXTBACKCOLOR>0xFFFFFFFF</KB_KEY_TEXTBACKCOLOR>
            <KB_KEY_TEXTBORDERCOLOR>0x780000FF</KB_KEY_TEXTBORDERCOLOR>
            <MENU_TEXTCOLOR>0x96FFFFFF</MENU_TEXTCOLOR>
            <MENU_ACTIVETEXTCOLOR>0xFFFFFFFF</MENU_ACTIVETEXTCOLOR>
        </ColorScheme>
    </Main>
</Skin>