<Skin Name="InformativeMoon">

	<Information>
		<Author>Itay Szekely</Author>
		<Copyright>Based on MoonScape by Likuid123 and Mars Landing by Erik Sundquist</Copyright>
		<Version>1</Version>
	</Information>

	<Main globe="True" Orb="False" Fog="True">
		<Background EnableAudio="False">bg.png</background>
		<Cellwall>tile.png</Cellwall>
		<Image Top="33" Left="407" width="200" Height="200">orb.png</Image>

		<Preview EnableAudio="True" Left="345" Top="236 Width="208" Height="156"/>
		<Image Top="33" Left="407" width="200" Height="200" Source="GameIcon"/>
		<Image Source="GamePreview"/>

		<Menu smooth="False" ShowArrows="True" ShowIcon="True" Rotate="False">
			<Position left="50" Top="40" Width="370" Height="250" />
		</Menu>

		<Text Left="380" Top="236" Align="Left" Color="0xFF7FC9FF" Source="DVD"></Text>
		<Text Left="480" Top="236" Align="Left" Color="0xFF7FC9FF" Source=": $DVDTitle$"></Text>
		<Text Left="380" Top="251" Align="Left" Color="0xFF7FC9FF" Source="Video Mode"></Text>
		<Text Left="480" Top="251" Align="Left" Color="0xFF7FC9FF" Source=": $VideoMode$"></Text>
		<Text Left="380" Top="266" Align="Left" Color="0xFF7FC9FF" Source="XBox Name"></Text>
		<Text Left="480" Top="266" Align="Left" Color="0xFF7FC9FF" Source=": $NickName$"></Text>
		<Text Left="380" Top="282" Align="Left" Color="0xFF7FC9FF" Source="M/B Temp"></Text>
		<Text Left="480" Top="282" Align="Left" Color="0xFF7FC9FF" Source=": $MBTemp$"></Text>
		<Text Left="380" Top="298" Align="Left" Color="0xFF7FC9FF" Source="CPU Temp"></Text>
		<Text Left="480" Top="298" Align="Left" Color="0xFF7FC9FF" Source=": $CPUTemp$"></Text>
		<Text Left="380" Top="313" Align="Left" Color="0xFF7FC9FF" Source="Fan Speed"></Text>
		<Text Left="480" Top="313" Align="Left" Color="0xFF7FC9FF" Source=": $FanSpeed$"></Text>
		<Text Left="380" Top="329" Align="Left" Color="0xFF7FC9FF" Source="C: Free"></Text>
		<Text Left="480" Top="329" Align="Left" Color="0xFF7FC9FF" Source=": $C_FreeMB$"></Text>
		<Text Left="380" Top="345" Align="Left" Color="0xFF7FC9FF" Source="E: Free"></Text>
		<Text Left="480" Top="345" Align="Left" Color="0xFF7FC9FF" Source=": $E_FreeMB$"></Text>
		<Text Left="380" Top="361" Align="Left" Color="0xFF7FC9FF" Source="F: Free"></Text>
		<Text Left="480" Top="361" Align="Left" Color="0xFF7FC9FF" Source=": $F_FreeMB$"></Text>

		<Text Left="50"  Top="298" Align="Left" Color="0xFF7FC9FF" Source="$DateTime$"></Text>
		<Text Left="50"  Top="313" Align="Left" Color="0xFF7FC9FF" Source="IP Address "></Text>
		<Text Left="140" Top="313" Align="Left" Color="0xFF7FC9FF" Source=": $IP$"></Text>
		<Text Left="50"  Top="329" Align="Left" Color="0xFF7FC9FF" Source="Clients"></Text>
		<Text Left="140" Top="329" Align="Left" Color="0xFF7FC9FF" Source=": $NumClient$"></Text>

		<Text Left="50"  Top="377" Align="Left" Color="0xFF000000" Source="Song Time:"></Text>
		<Text Left="165" Top="377" Align="Left" Color="0xFF000000" Source="$SongTime$"></Text>
		<Text Left="50"  Top="393" Align="Left" Color="0xFF000000" Source="Sound Track:"></Text>
		<Text Left="165" Top="393" Align="Left" Color="0xFF000000" Source="$SoundTrack$"></Text>
		<Text Left="50"  Top="409" Align="Left" Color="0xFF000000" Source="Song Name:"></Text>
		<Text Left="165" Top="409" Align="Left" Color="0xFF000000" Source="$SongName$"></Text>

		<Text Left="50" Top="436" Width="135" Align="Left" Color="0xFF000000" Source="$NewsSource$:"></Text>
		<Text Left="190" Top="436" Width="420" Align="Left" Color="0xFF000000" Source="$Newsfeed$"></Text>
	</Main>

	<FileManager>
		<Background>fmbg.png</Background>
	</FileManager>

	<LoadingScreen ShowInfo="False">
		<Background>loading.wmv</Background>
	</LoadingScreen>

	<ColorScheme>
		<AMBIENT_FOGCOLOR>0xFF000D56</AMBIENT_FOGCOLOR>
		<AMBIENT_SKYCOLOR>0xFF000200</AMBIENT_SKYCOLOR>
		<AMBIENT_CELLCOLOR>0xFFC0C0C0</AMBIENT_CELLCOLOR>

		<CAPTION_TEXTCOLOR>0xFF1CCC00</CAPTION_TEXTCOLOR>
		<CAPTION_BACKCOLOR>0xFF000000</CAPTION_BACKCOLOR>
		<DIALOG_BORDERCOLOR>0xFFFFFFFF</DIALOG_BORDERCOLOR>
		<DIALOG_BACKCOLOR>0xCD1E34F2</DIALOG_BACKCOLOR>
		<DIALOG_INNER_BORDERCOLOR>0xFFFFE2B4</DIALOG_INNER_BORDERCOLOR>
		<DIALOG_INNER_BACKCOLOR>0xE1003399</DIALOG_INNER_BACKCOLOR>
		<DIALOG_TEXTCOLOR>0xFFFFFFFF</DIALOG_TEXTCOLOR>
		<DIALOG_DISABLEDTEXT>0x7F0000C0</DIALOG_DISABLEDTEXT>
		<OPTION_TEXTCOLOR>0xFFFFFFFF</OPTION_TEXTCOLOR>
		<OPTION_ACTIVETEXTCOLOR>0xFF40FFFF</OPTION_ACTIVETEXTCOLOR>
		<OPTION_ACTIVEBACKCOLOR>0xFF000080</OPTION_ACTIVEBACKCOLOR>
		<BUTTON_BORDERCOLOR>0xFFFFE2B4</BUTTON_BORDERCOLOR>
		<BUTTON_TEXTCOLOR>0xFF993300</BUTTON_TEXTCOLOR>
		<BUTTON_BACKCOLOR>0xCD1E34F2</BUTTON_BACKCOLOR>
		<BUTTON_ACTIVETEXTCOLOR>0xFFFFFFFF</BUTTON_ACTIVETEXTCOLOR>
		<BUTTON_ACTIVEBACKCOLOR>0xE1003399</BUTTON_ACTIVEBACKCOLOR>

		<KB_KEYBG_HIGHLIGHT>0xcc0000C0</KB_KEYBG_HIGHLIGHT>
		<KB_KEYBG_DISABLED>0xffc0c0c0</KB_KEYBG_DISABLED>
		<KB_KEY_PRESSED>0xff808080</KB_KEY_PRESSED>
		<KB_KEY_NORMAL>0xff000000</KB_KEY_NORMAL>
		<KB_KEY_DISABLED>0xff808080</KB_KEY_DISABLED>
		<KB_KEY_ACTIVEBORDER>0xff0000FF</KB_KEY_ACTIVEBORDER>
		<KB_KEY_TEXTCOLOR>0xff000000</KB_KEY_TEXTCOLOR>
		<KB_KEY_TEXTBACKCOLOR>0xffFFFFFF</KB_KEY_TEXTBACKCOLOR>
		<KB_KEY_TEXTBORDERCOLOR>0xff0000FF</KB_KEY_TEXTBORDERCOLOR>

		<MENU_TEXTCOLOR>0xFF7FC9FF</MENU_TEXTCOLOR>
		<MENU_ACTIVETEXTCOLOR>0xFFEC00AC</MENU_ACTIVETEXTCOLOR>
		<MENU_BORDERCOLOR>0x00000000</MENU_BORDERCOLOR>
		<MENU_BACKCOLOR>0x00000000</MENU_BACKCOLOR>
		<MENU_ACTIVEBACKCOLOR>0x00000000</MENU_ACTIVEBACKCOLOR>
		<MENU_ACTIVEBORDERCOLOR>0x00000000</MENU_ACTIVEBORDERCOLOR>
	</ColorSceme>
</Skin>
