<Skin name="November 9">
         <Information>
                  <Author>CramX</Author>
                  <Copyright>2004</Copyright>
                  <Version>1.0 </Version>
         </Information>
         <IntroMovie>intro.xmv</IntroMovie>
         
         <FileManager>
                  <BackGround>chief.jpg</BackGround>
         </FileManager>
         <LoadingScreen ShowInfo="True">
                  <BackGround>intro.xmv</BackGround>
         </LoadingScreen>
         <Main Globe="true" Orb="false" Fog="false">
                  <BackGround EnableAudio="False" Opacity="50"></BackGround>
                  <Cellwall>cell.png</Cellwall>
                  <Orb>orb.png</Orb>
                  <Icon></Icon>
                  <Menu  Scroll="1" Smooth="True" Align="middle" ShowIcon="False" Rotate="False" ShowArrows="false">
                           <Position Top="392" Left="142" Width="170" Height="50" Fixed="true" FixAt="1" MaxItem="6"></Position>
                  <Font>Halo_18.xpr</Font>
                           <Preview EnableAudio="False" Top="180" Left="245" Width="85" Height="130" />
                  </Menu>
                  <InfoFont>Font_12.xpr</InfoFont>
                  <Text Top="460" Left="365" Align="Left" Color="0x00000000" Source="Ip"></Text>
                  <Text Top="" Left="" Align="Left" Color="0xFF000000" Source=""></Text>
                  <Text Top="5" Left="120" Align="right" Color="0x00000000" Source="SongName" Width="110" Scroll="2"></Text>
                  <Text Top="5" Left="235" Align="Left" Color="0x00000000" Source="SongTime" Width="200" Scroll="0"></Text>

                  <Image Top="1" Left="515" Width="150" Height="100" Opacity="70">back.png</Image>
                  <Image Top="1" Left="230" Width="450" Height="450" Opacity="40">sphere.png</Image>
                  <Image Top="1" Left="100" Width="200" Height="25" Opacity="90">cadre.png</Image>
                  <Image Top="290" Left="530" Width="57" Height="57" Opacity="100">eye.png</Image>
                  <Image Top="145" Left="30" Width="57" Height="57" Opacity="100">eye.png</Image>
                  <Image Top="205" Left="360" Width="60" Height="60" Opacity="60">.png</Image>
                  <Image Top="165" Left="390" Width="68" Height="68" Opacity="65">.png</Image>
                  <Image Top="130" Left="420" Width="75" Height="75" Opacity="70">.png</Image>
                  <Image Top="100" Left="95" Width="350" Height="350" Opacity="90">sphere.png</Image>
                  <Image Width="640" Height="480"></Image> 
                  <Image Top="180" Left="245" Width="85" Height="130" Opacity="50" Source="GameIcon"></Image>
                  <Image Source="GamePreview"/>
                  <Image Width="640" Height="480">bg.png</Image>
                  <Image Top="15" Left="550" Width="85" Height="65" Opacity="85" Source="GameIcon"></Image>
                  <Image Top="1" Left="545" Width="130" Height="100" Opacity="80">tv.png</Image>
                  <Image Top="140" Left="380" Width="225" Height="150" Opacity="40">.png</Image>
                  <Image Top="455" Left="350" Width="300" Height="25" Opacity="90">cadre.png</Image>
                  <Image Top="140" Left="550" Width="140" Height="140" Opacity="85">.png</Image>
                  <Image Top="250" Left="480" Width="200" Height="200" Opacity="95">.png</Image>
                  <Image Top="302" Left="278" Width="55" Height="35" Opacity="100" >.png</Image>
                  <Image Top="420" Left="130" Width="40" Height="40" Opacity="100">eye.png</Image>
                  <Image Top="390" Left="130" Width="185" Height="25" Opacity="70">cadre.png</Image>


                  </Main>
         <ColorScheme >
               
			<AMBIENT_FOGCOLOR>0xFF031500</AMBIENT_FOGCOLOR>
			<AMBIENT_SKYCOLOR>0xFF000000</AMBIENT_SKYCOLOR>
			<AMBIENT_CELLCOLOR>0xFFFFFFFF</AMBIENT_CELLCOLOR>
		      <CAPTION_TEXTCOLOR>0xFFFFFF00</CAPTION_TEXTCOLOR>
		      <CAPTION_BACKCOLOR>0xFF28590F</CAPTION_BACKCOLOR>
		      <DIALOG_BORDERCOLOR>0xFFFFFFFF</DIALOG_BORDERCOLOR>
		      <DIALOG_BACKCOLOR>0xff000000</DIALOG_BACKCOLOR>
		      <DIALOG_INNER_BORDERCOLOR>0xFFFFE2B4</DIALOG_INNER_BORDERCOLOR>
		      <DIALOG_INNER_BACKCOLOR>0xff000000</DIALOG_INNER_BACKCOLOR>
		      <DIALOG_TEXTCOLOR>0xFFFFFFFF</DIALOG_TEXTCOLOR>
		      <DIALOG_DISABLEDTEXT>0x7F195408</DIALOG_DISABLEDTEXT>
		      <OPTION_TEXTCOLOR>0xFFFFFFFF</OPTION_TEXTCOLOR>
		      <OPTION_ACTIVETEXTCOLOR>0xFF072700</OPTION_ACTIVETEXTCOLOR>
		      <OPTION_ACTIVEBACKCOLOR>0xFF8EA700</OPTION_ACTIVEBACKCOLOR>
		      <BUTTON_BORDERCOLOR>0xFF008000</BUTTON_BORDERCOLOR>
		      <BUTTON_TEXTCOLOR>0xFF77AB39</BUTTON_TEXTCOLOR>
		      <BUTTON_BACKCOLOR>0xCD93AF00</BUTTON_BACKCOLOR>
		      <BUTTON_ACTIVETEXTCOLOR>0xFFFFFFFF</BUTTON_ACTIVETEXTCOLOR>
		      <BUTTON_ACTIVEBACKCOLOR>0xE1072700</BUTTON_ACTIVEBACKCOLOR>
		      <KB_KEYBG_HIGHLIGHT>0xCC00C000</KB_KEYBG_HIGHLIGHT>
		      <KB_KEYBG_DISABLED>0xffc0c0c0</KB_KEYBG_DISABLED>
		      <KB_KEY_PRESSED>0xff808080</KB_KEY_PRESSED>
		      <KB_KEY_NORMAL>0xff000000</KB_KEY_NORMAL>
		      <KB_KEY_DISABLED>0xff808080</KB_KEY_DISABLED>
		      <KB_KEY_ACTIVEBORDER>0xffFF0000</KB_KEY_ACTIVEBORDER>
		      <KB_KEY_TEXTCOLOR>0xff000000</KB_KEY_TEXTCOLOR>
		      <KB_KEY_TEXTBACKCOLOR>0xffFFFFFF</KB_KEY_TEXTBACKCOLOR>
		      <KB_KEY_TEXTBORDERCOLOR>0xffFF0000</KB_KEY_TEXTBORDERCOLOR>
			<MENU_TEXTCOLOR>0x00000000</MENU_TEXTCOLOR>
			<MENU_ACTIVETEXTCOLOR>0x00000000</MENU_ACTIVETEXTCOLOR>
			<MENU_BORDERCOLOR>0x00000000</MENU_BORDERCOLOR>
			<MENU_BACKCOLOR>0x00000000</MENU_BACKCOLOR>
			<MENU_ACTIVEBACKCOLOR>0x00000000</MENU_ACTIVEBACKCOLOR>
			<MENU_ACTIVEBORDERCOLOR>0x00000000</MENU_ACTIVEBORDERCOLOR>
         </ColorScheme>
</Skin>



.





















































































































































































































































































































































































































































































































































































































































































































