﻿<Skin name="Sig">
    <Information>
        <Author>Ace664</Author>
        <Version>2</Version>
        <Copyright>2010</Copyright>
        <Skinner Name="UX Architect" Version="1.0c" />
    </Information>
    <Main>
        <Cellwall>sig-sauer-logo.jpg</Cellwall>
        <InfoFont>Square-10.xpr</InfoFont>
        <Text Top="360" Left="37" Width="200" Scroll="0" Color="0xFFFFFFFF" Source="IP" Align="Middle" />
        <Text Top="386" Left="38" Width="200" Scroll="0" Color="0xFFFFFFFF" Source="Subnet" Align="Middle" />
        <Text Top="412" Left="38" Width="200" Scroll="0" Color="0xFFFFFFFF" Source="Gateway" Align="Middle" />
        <Text Top="343" Left="481" Width="109" Scroll="0" Color="0xFFFFFFFF" Source="DateTime" Align="Middle" />
        <Text Top="436" Left="481" Width="116" Scroll="0" Color="0xFFFFFFFF" Source="FanSpeed" Align="Middle" />
        <Text Top="413" Left="483" Width="112" Scroll="0" Color="0xFFFFFFFF" Source="MBTempF" Align="Middle" />
        <Text Top="390" Left="482" Width="112" Scroll="0" Color="0xFFFFFFFF" Source="CPUTempF" Align="Middle" />
        <Text Top="366" Left="482" Width="111" Scroll="0" Color="0xFFFFFFFF" Source="NickName" Align="Middle" />
        <Text Top="11" Left="58" Width="531" Scroll="2" Color="0xFFFFFFFF" Source="Newsfeed" Align="Left" />
        <Image Top="150" Left="403" Width="203" Height="169" Opacity="100">sig.png</Image>
        <Image Top="343" Left="0" Width="267" Height="106" Opacity="100">Display.png</Image>
        <Image Top="326" Left="438" Width="191" Height="140" Opacity="100">Display.png</Image>
        <Image Top="3" Left="23" Width="611" Height="34" Opacity="100">shadows 2.png</Image>
        <Menu Align="Left" ShowIcon="False" ShowArrows="False">
            <ItemPos Top="137" Left="282" Width="200"></ItemPos>
            <ItemPos Top="177" Left="302" Width="200"></ItemPos>
            <ItemPos Top="217" Left="322" Width="200"></ItemPos>
            <ItemPos Top="257" Left="302" Width="200"></ItemPos>
            <ItemPos Top="297" Left="282" Width="200"></ItemPos>
            <Font>Square-10.xpr</Font>
        </Menu>
        <ColorScheme>
            <AMBIENT_FOGCOLOR>0x190C0147</AMBIENT_FOGCOLOR>
            <AMBIENT_SKYCOLOR>0xFF00000F</AMBIENT_SKYCOLOR>
            <AMBIENT_CELLCOLOR>0xFF0080FF</AMBIENT_CELLCOLOR>
            <CAPTION_TEXTCOLOR>0xFFFFFFFF</CAPTION_TEXTCOLOR>
            <CAPTION_BACKCOLOR>0xFF0080FF</CAPTION_BACKCOLOR>
            <DIALOG_BORDERCOLOR>0xFF0080FF</DIALOG_BORDERCOLOR>
            <DIALOG_BACKCOLOR>0x9F000000</DIALOG_BACKCOLOR>
            <DIALOG_INNER_BORDERCOLOR>0xFF0080FF</DIALOG_INNER_BORDERCOLOR>
            <DIALOG_INNER_BACKCOLOR>0xFF000000</DIALOG_INNER_BACKCOLOR>
            <DIALOG_TEXTCOLOR>0xFFFFFFFF</DIALOG_TEXTCOLOR>
            <DIALOG_DISABLEDTEXT>0xFFB3B3B4</DIALOG_DISABLEDTEXT>
            <OPTION_TEXTCOLOR>0xFFFFFFFF</OPTION_TEXTCOLOR>
            <OPTION_ACTIVETEXTCOLOR>0xFFFFFFFF</OPTION_ACTIVETEXTCOLOR>
            <OPTION_ACTIVEBACKCOLOR>0xFF0080FF</OPTION_ACTIVEBACKCOLOR>
            <BUTTON_BORDERCOLOR>0xFFFFFFFF</BUTTON_BORDERCOLOR>
            <BUTTON_TEXTCOLOR>0xFFFFFFFF</BUTTON_TEXTCOLOR>
            <BUTTON_BACKCOLOR>0x980000A0</BUTTON_BACKCOLOR>
            <BUTTON_ACTIVETEXTCOLOR>0xFFFFFFFF</BUTTON_ACTIVETEXTCOLOR>
            <BUTTON_ACTIVEBACKCOLOR>0xFF0080FF</BUTTON_ACTIVEBACKCOLOR>
            <KB_KEYBG_HIGHLIGHT>0xFF0080FF</KB_KEYBG_HIGHLIGHT>
            <KB_KEYBG_DISABLED>0xFFC0C0C0</KB_KEYBG_DISABLED>
            <KB_KEY_PRESSED>0xFF000000</KB_KEY_PRESSED>
            <KB_KEY_NORMAL>0xFF000000</KB_KEY_NORMAL>
            <KB_KEY_DISABLED>0xFFFFFFFF</KB_KEY_DISABLED>
            <KB_KEY_ACTIVEBORDER>0xFF808080</KB_KEY_ACTIVEBORDER>
            <KB_KEY_TEXTCOLOR>0xFF000000</KB_KEY_TEXTCOLOR>
            <KB_KEY_TEXTBACKCOLOR>0xFFFFFFFF</KB_KEY_TEXTBACKCOLOR>
            <KB_KEY_TEXTBORDERCOLOR>0xFFFFFF00</KB_KEY_TEXTBORDERCOLOR>
            <MENU_TEXTCOLOR>0xFFFFFFFF</MENU_TEXTCOLOR>
            <MENU_ACTIVETEXTCOLOR>0xFF3C3C3C</MENU_ACTIVETEXTCOLOR>
        </ColorScheme>
    </Main>
</Skin>