<Skin name="Stealth Mode V2 White">
	<Information>
		<Author>neverwill</Author>
		<Copyright>Copyright 2005 to whenever</Copyright>
	 	<Version>2</Version>
	</Information>
	<Fonts>
		<Font Name="Common10">common-font10.xpr</Font>
		<Font Name="Common14">common-font14.xpr</Font>
		<Font Name="Special">special-normal-pal.xpr</Font>
		<Font Name="SpecialBold">special-bold.xpr</Font>
		<Font Name="Square10">square-10.xpr</Font>
		<Font Name="Square12">square-12.xpr</Font>
	</Fonts>	
	<Main Globe="false" Orb="False" Fog="false">
		<Cellwall></Cellwall>
		<Orb></Orb>
		<Icon></Icon>
		<BackGround></BackGround>
		

        <Menu Align="Left" ShowIcon="False" ShowArrows="False" Scroll="1">
	    <Preview EnableAudio="False" Top="62" Left="127" Width="515" Height="355" />
            <ItemPos Top="167" Left="108" Width="182"></ItemPos>
            <ItemPos Top="200" Left="97" Width="193"></ItemPos>
            <ItemPos Top="234" Left="89" Width="201"></ItemPos>
            <ItemPos Top="266" Left="93" Width="198"></ItemPos>
            <ItemPos Top="299" Left="106" Width="184"></ItemPos>
            <Font>Common-font14.xpr</Font>
        </Menu>

		<Image Top="0" Left="-120" Width="350" Height="480" zIndex="2" Source="GameIcon" />	 
		<Image Top="190" Left="315" Width="72" Height="101" zIndex="8" Source="GameIcon" />
		<Image zIndex="4" Source="GamePreview" />
		<Image Left="0" Top="0" Width="640" Height="480" zIndex="6">greyoverlayleft.png</Image>
		<Image Left="0" Top="0" Width="640" Height="480" zIndex="1">greysolidleft.png</Image>
		<Image Left="0" Top="0" Width="640" Height="480" zIndex="7">greenline.png</Image>
		<Image Left="0" Top="0" Width="640" Height="480" zIndex="3">background.png</Image>
		<Image Left="0" Top="0" Width="640" Height="480" zIndex="5">topoverlay.png</Image>
		
		<InfoFont>Common10</InfoFont>    
                  <Text Top="385" Left="440" Align="Left" Width="200" Scroll="0" Color="0xFF000000" Font="Common10" zIndex="8" Source="SongName"></Text>
        	  <Text Top="405" Left="440" Width="200" Align="Left" Scroll="0" Color="0xFF000000" Font="Common10" zIndex="8" Source="SongTime" />
                  <Text Top="63" Left="216" Width="200" Align="Left" Scroll="0" Color="0xFF000000" ScaleX="100" ScaleY="100" Font="common10" zIndex="8" Source="E_FreeMB"></Text>
                  <Text Top="82" Left="216" Align="Left" Width="200" Scroll="0" Color="0xFF000000" ScaleX="100" ScaleY="100" Font="common10" zIndex="8" Source="F_FreeMB"></Text>
             	  <Text Top="41" Left="190" Align="Left" Color="0xFFFFFFFF" ScaleX="100" ScaleY="100"  Font="square10" zIndex="8" Source="$Time$"></Text>
             	  <Text Top="82" Left="439" Width="200" Align="Left" Color="0xFF000000" ScaleX="100" ScaleY="100"  Font="common10" zIndex="8" Source="DVDTitle"></Text>
		  <Text Top="63" Left="439" Width="200" Align="Left" Color="0xFF000000" ScaleX="100" ScaleY="100"  Font="common10" zIndex="8" Source="DVD">DVD</Text>
                  <Text Top="385" Left="216" Align="Left" Width="200" Scroll="0" Color="0xFF000000" ScaleX="100" ScaleY="100" Font="Common10" zIndex="8" Source="News Feed - $NewsSource$"></Text>  		
                  <Text Top="405" Left="216" Align="Left" Width="165" Scroll="1" Color="0xFF000000" Font="Common10" ScaleX="100" ScaleY="100" zIndex="8" Source="Newsfeed"></Text> 
         </Main>

	<IntroMovie></IntroMovie>
        <FileManager SafeBorder="true">
		<BackGround>filemanager.png</BackGround>
		
	</FileManager>
	
	<LoadingScreen ShowInfo="False">
		<BackGround>loading.png</BackGround>
	</LoadingScreen>
	
	<MusicPlayer Top="1" Left="1" Width="640" Height="480" Relative="True">
		<BackGround>mp.png</BackGround>

		
		<Image Left="350" Top="310" zIndex="2">Audio.png</Image>		

		
		<ButtonMap>mp_Buttons.png</ButtonMap>	
		<Element Type="Play" Left="348" Top="247" Width="32" Height="44" zIndex="4" />
		<Element Type="Pause" Left="308" Top="275" Width="32" Height="44" zIndex="4" />
		<Element Type="Stop" Left="296" Top="317" Width="32" Height="44" zIndex="4" />
		<Element Type="Prev" Left="310" Top="360" Width="32" Height="44" zIndex="4" />
		<Element Type="Next" Left="351" Top="387" Width="32" Height="44" zIndex="4" />
		<Element Type="PrevTrack" Left="402" Top="381" Width="32" Height="44" zIndex="4" />
		<Element Type="NextTrack" Left="430" Top="347" Width="32" Height="44" zIndex="4" />		


		<Element Type="Meter" Left="508" Top="240" Width="60" Height="50" zIndex="1" Relative="True"/>
		<Element Type="Progress" Left="413" Top="290" Width="77" Height="5" Direction="right" zIndex="3"/>
		<Element Type="Volume" Left="420" Top="300" Width="60" Height="5" Direction="right" zIndex="3"/>


		
		<Text Left="420" Top="255" Width="95" Height="30" Color="0xFFFFFFFF" Source="SongTime" Font="Common14" Align="left" ScaleX="140" ScaleY="140" zIndex="3" />		
		<Text Left="408" Top="240" Width="90" Height="30" Color="0xFFFFFFFF" Source="SongTrack" Scroll="1" Font="common10" ScaleX="100" ScaleY="120" zIndex="3" />
		<Text Left="80" Top="240" Width="95" Height="30" Color="0xFFFFFFFF" Source="SongLength" Font="Common14" Align="left" ScaleX="140" ScaleY="140" zIndex="3" />

		<Playlist Top="30" Left="25" Width="362" Height="203" OffsetX="7" OffsetY="7" zindex="1">
			<BackGround>Playlist.png</BackGround>
		</Playlist>

	</MusicPlayer>

	<ColorScheme Name="Default">
            <AMBIENT_FOGCOLOR>0x78FFFFFF</AMBIENT_FOGCOLOR>
            <AMBIENT_SKYCOLOR>0xFF00000F</AMBIENT_SKYCOLOR>
            <AMBIENT_CELLCOLOR>0x7800C000</AMBIENT_CELLCOLOR>
            <CAPTION_TEXTCOLOR>0xFFFFFFFF</CAPTION_TEXTCOLOR>
            <CAPTION_BACKCOLOR>0xFF0000E1</CAPTION_BACKCOLOR>
            <DIALOG_BORDERCOLOR>0xFFFFFFFF</DIALOG_BORDERCOLOR>
            <DIALOG_BACKCOLOR>0xDB000000</DIALOG_BACKCOLOR>
            <DIALOG_INNER_BORDERCOLOR>0xFFFFFFFF</DIALOG_INNER_BORDERCOLOR>
            <DIALOG_INNER_BACKCOLOR>0xB3353535</DIALOG_INNER_BACKCOLOR>
            <DIALOG_TEXTCOLOR>0xFFFFFFFF</DIALOG_TEXTCOLOR>
            <DIALOG_DISABLEDTEXT>0xFFB3B3B4</DIALOG_DISABLEDTEXT>
            <OPTION_TEXTCOLOR>0xFFFFFFFF</OPTION_TEXTCOLOR>
            <OPTION_ACTIVETEXTCOLOR>0xFFFFFFFF</OPTION_ACTIVETEXTCOLOR>
            <OPTION_ACTIVEBACKCOLOR>0xFF000000</OPTION_ACTIVEBACKCOLOR>
            <BUTTON_BORDERCOLOR>0xFFFFFFFF</BUTTON_BORDERCOLOR>
            <BUTTON_TEXTCOLOR>0xFFFFFFFF</BUTTON_TEXTCOLOR>
            <BUTTON_BACKCOLOR>0xFF273CF3</BUTTON_BACKCOLOR>
            <BUTTON_ACTIVETEXTCOLOR>0xFFFFFFFF</BUTTON_ACTIVETEXTCOLOR>
            <BUTTON_ACTIVEBACKCOLOR>0xFF003399</BUTTON_ACTIVEBACKCOLOR>
            <KB_KEYBG_HIGHLIGHT>0xFF050505</KB_KEYBG_HIGHLIGHT>
            <KB_KEYBG_DISABLED>0xFFC0C0C0</KB_KEYBG_DISABLED>
            <KB_KEY_PRESSED>0xFF008000</KB_KEY_PRESSED>
            <KB_KEY_NORMAL>0xFF000000</KB_KEY_NORMAL>
            <KB_KEY_DISABLED>0xFFFFFFFF</KB_KEY_DISABLED>
            <KB_KEY_ACTIVEBORDER>0xFFFF0000</KB_KEY_ACTIVEBORDER>
            <KB_KEY_TEXTCOLOR>0xFF000000</KB_KEY_TEXTCOLOR>
            <KB_KEY_TEXTBACKCOLOR>0xFFFFFFFF</KB_KEY_TEXTBACKCOLOR>
            <KB_KEY_TEXTBORDERCOLOR>0xFF0000FF</KB_KEY_TEXTBORDERCOLOR>
            <MENU_TEXTCOLOR>0xFFFFFFFFF</MENU_TEXTCOLOR>
            <MENU_ACTIVETEXTCOLOR>0xFF00FF00</MENU_ACTIVETEXTCOLOR>
		<MMActiveForeColor>0xFFFFFFFF</MMActiveForeColor>
		<MMForeColor>0xFFADADAD</MMForeColor>
		<MMOffForeColor>0xFF000000</MMOffForeColor>
		<MMDarkBarColor>0xFFFFFFFF</MMDarkBarColor>
		<MMLightBarColor>0xFFFFFFFF</MMLightBarColor>
		<MMDarkBackColor>0xFF000000</MMDarkBackColor>
		<WindowBackCOLOR>0xFFFFFFFF</WindowBackCOLOR>
		<WindowForeCOLOR>0xFFFFFFFF</WindowForeCOLOR>
	</ColorScheme>
</Skin>














