<Skin name="Dale">
	<Information>
		<Author>kruedog</Author>
		<Copyright>Copyright 2005</Copyright>
		<Version>0.1</Version>
	</Information>
	<FileManager>
		<BackGround>dalemain.jpg</BackGround>
	</FileManager>
	<Main Globe="False" Orb="False">
		<BackGround>daleloading.jpg</BackGround>
		<GameIcon Enable="True" Opacity="100">
			<Position Top="170" Left="428" Width="155" Height="142" />
		</GameIcon>
		<Menu Smooth="True" ShowIcon="False">
		<Position Top="150" Left="50" Width="220" Height="210" Fixed="False" FixAt="1" MaxItem="5">
		</Position>
		
		<Font>Eurostile_Bold_14_shadow.xpr</Font>
		</menu>
		<InfoFont>fontc.xpr</InfoFont>
		<text Left="420" Top="55" Align="Left" Color="0xFFFFFFFF" Source="$Time$"></Text>
		<Text Left="525" Top="55" Align="Left" Color="0xFFFFFFFF" Source="$Date$"></text>
		
		<text Left="40" Top="425" Align="Left" Color="0xFFFFFFFF" Source="F: $F_FreeMB$"></text>
		<text Left="520" Top="425" Align="Left" Color="0xFFFFFFFF" Source="DVD:$Tray$"/>
		
		
		
		<text Left="420" Top="40" Align="Left" Color="0xFFFFFFFF" Source="IP"/>
		
		
		
		
		
		
			
		
	</Main>

	
	<ColorScheme >
		<AMBIENT_FOGCOLOR></AMBIENT_FOGCOLOR>
		<AMBIENT_SKYCOLOR></AMBIENT_SKYCOLOR>
		<AMBIENT_CELLCOLOR></AMBIENT_CELLCOLOR>

		<CAPTION_TEXTCOLOR>0xFFFFFFFF</CAPTION_TEXTCOLOR>
		<CAPTION_BACKCOLOR>0x5d060E24</CAPTION_BACKCOLOR>
		<DIALOG_BORDERCOLOR>0x5dFFFFFF</DIALOG_BORDERCOLOR>
		<DIALOG_BACKCOLOR>0x5d060E24</DIALOG_BACKCOLOR>
		<DIALOG_INNER_BORDERCOLOR>0x5d727272</DIALOG_INNER_BORDERCOLOR>
		<DIALOG_INNER_BACKCOLOR>0x5d727272</DIALOG_INNER_BACKCOLOR>
		<DIALOG_TEXTCOLOR>0xFFFFFFFF</DIALOG_TEXTCOLOR>

		<DIALOG_DISABLEDTEXT>0xFF202020</DIALOG_DISABLEDTEXT>

		<OPTION_TEXTCOLOR>0xFF000000</OPTION_TEXTCOLOR>
		<OPTION_ACTIVETEXTCOLOR>0xFF000000</OPTION_ACTIVETEXTCOLOR>
		<OPTION_ACTIVEBACKCOLOR>0xFFB80900</OPTION_ACTIVEBACKCOLOR>

		<BUTTON_BORDERCOLOR></BUTTON_BORDERCOLOR>
		<BUTTON_TEXTCOLOR>0xFF000000</BUTTON_TEXTCOLOR>
		<BUTTON_BACKCOLOR>0xffA0A0A0</BUTTON_BACKCOLOR>
		<BUTTON_ACTIVETEXTCOLOR>0x5dA0A0A0</BUTTON_ACTIVETEXTCOLOR>
		<BUTTON_ACTIVEBACKCOLOR>0xFFFFFFFF</BUTTON_ACTIVEBACKCOLOR>	
		
		<KB_KEYBG_HIGHLIGHT>0xCC00C000</KB_KEYBG_HIGHLIGHT>
		<KB_KEYBG_DISABLED>0xffc0c0c0</KB_KEYBG_DISABLED>
		<KB_KEY_PRESSED>0xff808080</KB_KEY_PRESSED>
		<KB_KEY_NORMAL>0xff000000</KB_KEY_NORMAL>
		<KB_KEY_DISABLED>0xff808080</KB_KEY_DISABLED>
		<KB_KEY_ACTIVEBORDER>0xff000000</KB_KEY_ACTIVEBORDER>
		<KB_KEY_TEXTCOLOR>0xff000000</KB_KEY_TEXTCOLOR>
		<KB_KEY_TEXTBACKCOLOR>0xffFFFFFF</KB_KEY_TEXTBACKCOLOR>
		<KB_KEY_TEXTBORDERCOLOR>0xff000000</KB_KEY_TEXTBORDERCOLOR>
		
		<MENU_TEXTCOLOR>0xFFFFFFFF</MENU_TEXTCOLOR>
		<MENU_ACTIVETEXTCOLOR>0xFF5D55FF</MENU_ACTIVETEXTCOLOR>
		<MENU_BORDERCOLOR></MENU_BORDERCOLOR>
		<MENU_BACKCOLOR></MENU_BACKCOLOR>
		<MENU_ACTIVEBACKCOLOR></MENU_ACTIVEBACKCOLOR>
		<MENU_ACTIVEBORDERCOLOR></MENU_ACTIVEBORDERCOLOR>
	</ColorScheme>
</Skin>