<Skin name="Spike">
	<Information>
		<Author>Doc FX</Author>
		<Copyright>Copyright 2003</Copyright>
		<Version>Spike v1.0</Version>
	</Information>
	<IntroMovie>E:\Dashboards\Skins\Spike\Intro.xmv</IntroMovie>
	<FileManager>
		<BackGround>FMBG.png</BackGround>
	</FileManager>
	<LoadingScreen ShowInfo="True">
		<BackGround>Loading.xmv</BackGround>
	</LoadingScreen>
	<Main Globe="False" Orb="False">
		<BackGround>background.xmv</BackGround>
		<GameIcon Enable="True" Opacity="70">
		<Position Top="165" Left="247" Width="145" Height="150" />
		</GameIcon>
		<Menu Smooth="True" Align="Left" ShowIcon="False" Rotate="False">
			<BackColor>0x000000</BackColor>
			<BorderColor Width="1">0xFFFFFFFF</BorderColor>
			<Font WidthFactor="1.0" HeightFactor="1.0"></Font>
			<Position Top="190" Left="420" Width="200" Height="75" Fixed="True" FixAt="2"></Position>
		</Menu>
		<Text Left="320" Top="28" Align="Middle" Color="0xFF000000" Source="DateTime"></Text>
		<Text Left="318" Top="27" Align="Middle" Color="0xFFffffff" Source="DateTime"></Text>

		<Text Left="40" Top="64" Align="Left" Color="0xFF000000" Source="CPUTemp"></Text>
		<Text Left="38" Top="63" Align="Left" Color="0xFFf588d3" Source="CPUTemp"></Text>
		<Text Left="40" Top="82" Align="Left" Color="0xFF000000" Source="MBTemp"></Text>
		<Text Left="38" Top="81" Align="Left" Color="0xFFf588d3" Source="MBTemp"></Text>
		<Text Left="40" Top="100" Align="Left" Color="0xFF000000" Source="NumClient"></Text>
		<Text Left="38" Top="99" Align="Left" Color="0xFFf588d3" Source="NumClient"></Text>

		<Text Left="430" Top="64" Align="Left" Color="0xFF000000" Source="Tray"></Text>
		<Text Left="428" Top="63" Align="Left" Color="0xFFf588d3" Source="Tray"></Text>
		<Text Left="430" Top="82" Align="Left" Color="0xFF000000" Source="E_FreeMB"></Text>
		<Text Left="428" Top="81" Align="Left" Color="0xFFf588d3" Source="E_FreeMB"></Text>
		<Text Left="430" Top="100" Align="Left" Color="0xFF000000" Source="F_FreeMB"></Text>
		<Text Left="428" Top="99" Align="Left" Color="0xFFf588d3" Source="F_FreeMB"></Text>
		
		<Text Left="35" Top="390" Color="0xFF000000" Source="SoundTrack"></Text>
		<Text Left="33" Top="389" Color="0xFFf588d3" Source="SoundTrack"></Text>
		<Text Left="35" Top="410" Color="0xFF000000" Source="SongName"></Text>
		<Text Left="33" Top="409" Color="0xFFf588d3" Source="SongName"></Text>
		<Text Left="35" Top="430" Color="0xFF000000" Source="SongTime"></Text>
		<Text Left="33" Top="429" Color="0xFFf588d3" Source="SongTime"></Text>

		<Text Left="605" Top="390" Align="Right" Color="0xFF000000" Source="IP"></Text>
		<Text Left="603" Top="389" Align="Right" Color="0xFFf588d3" Source="IP"></Text>
		<Text Left="605" Top="410" Align="Right" Color="0xFF000000" Source="NickName"></Text>
		<Text Left="603" Top="409" Align="Right" Color="0xFFf588d3" Source="NickName"></Text>
		<Text Left="605" Top="430" Align="Right" Color="0xFF000000" Source="SkinVersion"></Text>
		<Text Left="603" Top="429" Align="Right" Color="0xFFf588d3" Source="SkinVersion"></Text>

		<Text Left="320" Top="120" Color="0xFF000000"  Align="Middle"Source="News: "></Text>
		<Text Left="318" Top="119" Color="0xFFbbdd3d"  Align="Middle"Source="News: "></Text>
		<Text Left="320" Top="140" Color="0xFF000000" Source="Newsfeed" Align="Middle"></Text>
		<Text Left="318" Top="139" Color="0xFF999999" Source="Newsfeed" Align="Middle"></Text>
	</Main>
	
	<ColorScheme Name="Default">
		<AMBIENT_FOGCOLOR>0xFF200000</AMBIENT_FOGCOLOR>
		<AMBIENT_SKYCOLOR>0xFF400000</AMBIENT_SKYCOLOR>
		<AMBIENT_CELLCOLOR>0x06C4310A</AMBIENT_CELLCOLOR>

		<CAPTION_TEXTCOLOR>0xFFFFFFFF</CAPTION_TEXTCOLOR>
		<CAPTION_BACKCOLOR>0xC7000000</CAPTION_BACKCOLOR>
		<DIALOG_BORDERCOLOR>0x00000000</DIALOG_BORDERCOLOR>
		<DIALOG_BACKCOLOR>0xFF808080</DIALOG_BACKCOLOR>
		<DIALOG_INNER_BORDERCOLOR>0x00000000</DIALOG_INNER_BORDERCOLOR>
		<DIALOG_INNER_BACKCOLOR>0xFF626262</DIALOG_INNER_BACKCOLOR>
		<DIALOG_TEXTCOLOR>0xFFFFFFFF</DIALOG_TEXTCOLOR>

		<DIALOG_DISABLEDTEXT>0x7FC00000</DIALOG_DISABLEDTEXT>

		<OPTION_TEXTCOLOR>0xFFffffff</OPTION_TEXTCOLOR>
		<OPTION_ACTIVETEXTCOLOR>0xFF000000</OPTION_ACTIVETEXTCOLOR>
		<OPTION_ACTIVEBACKCOLOR>0xFFf03333</OPTION_ACTIVEBACKCOLOR>

		<BUTTON_BORDERCOLOR>0xFFFFFFFF</BUTTON_BORDERCOLOR>
		<BUTTON_TEXTCOLOR>0xFFFFFFFF</BUTTON_TEXTCOLOR>
		<BUTTON_BACKCOLOR>0xFF0055EA</BUTTON_BACKCOLOR>
		<BUTTON_ACTIVETEXTCOLOR>0xFF0055EA</BUTTON_ACTIVETEXTCOLOR>
		<BUTTON_ACTIVEBACKCOLOR>0xFFFFFFFF</BUTTON_ACTIVEBACKCOLOR>	
		
		<KB_KEYBG_HIGHLIGHT>0xCC00C000</KB_KEYBG_HIGHLIGHT>
		<KB_KEYBG_DISABLED>0xffc0c0c0</KB_KEYBG_DISABLED>
		<KB_KEY_PRESSED>0xff808080</KB_KEY_PRESSED>
		<KB_KEY_NORMAL>0xff000000</KB_KEY_NORMAL>
		<KB_KEY_DISABLED>0xff808080</KB_KEY_DISABLED>
		<KB_KEY_ACTIVEBORDER>0xff008000</KB_KEY_ACTIVEBORDER>
		<KB_KEY_TEXTCOLOR>0xff000000</KB_KEY_TEXTCOLOR>
		<KB_KEY_TEXTBACKCOLOR>0xffFFFFFF</KB_KEY_TEXTBACKCOLOR>
		<KB_KEY_TEXTBORDERCOLOR>0xff0000FF</KB_KEY_TEXTBORDERCOLOR>
		
		<MENU_TEXTCOLOR>0x55FFFFFF</MENU_TEXTCOLOR>
		<MENU_ACTIVETEXTCOLOR>0xFFddff5f</MENU_ACTIVETEXTCOLOR>
		<MENU_BORDERCOLOR>0x00000000</MENU_BORDERCOLOR>
		<MENU_BACKCOLOR>0x00000000</MENU_BACKCOLOR>
		<MENU_ACTIVEBACKCOLOR>0x00000000</MENU_ACTIVEBACKCOLOR>
		<MENU_ACTIVEBORDERCOLOR>0x00000000</MENU_ACTIVEBORDERCOLOR>
	</ColorScheme>
</Skin>