﻿<Skin name="Burnout3">
    <Information>
        <Author>babyb</Author>
        <Version>1</Version>
        <Copyright>2004</Copyright>
        <Skinner Name="UX Architect" Version="1.0c" />
    </Information>
    <Filemanager SafeBorder="False">
        <Background>Burnout_fm.jpg</Background>
    </Filemanager>
    <LoadingScreen ShowInfo="False">
        <Background>Burnout_ld.jpg</Background>
    </LoadingScreen>
    <Main Globe="False" Orb="False" Fog="False">
        <Background EnableAudio="False">Burnout_main.jpg</Background>
        <InfoFont>Square-10.xpr</InfoFont>
        <Text Top="164" Left="15" Width="150" Scroll="0" Color="0xFF000000" Source="G_FreeMB" Align="Left" />
        <Text Top="144" Left="15" Width="150" Scroll="0" Color="0xFF000000" Source="F_FreeMB" Align="Left" />
        <Text Top="124" Left="15" Width="150" Scroll="0" Color="0xFF000000" Source="E_FreeMB" Align="Left" />
        <Text Top="104" Left="15" Width="150" Scroll="0" Color="0xFF000000" Source="CPUTemp" Align="Left" />
        <Text Top="84" Left="15" Width="150" Scroll="0" Color="0xFF000000" Source="$NickName$" Align="Left" />
        <Text Top="64" Left="15" Width="150" Scroll="0" Color="0xFF000000" Source="$IP$" Align="Left" />
        <Text Top="42" Left="43" Width="125" Scroll="2" Color="0xFFFFFFFF" Source="Tray" Align="Left" />
        <Image Top="11" Left="365" Width="77" Height="77" Source="GameIcon" />
        <Image Top="11" Left="365" Width="77" Height="77" Opacity="100">Burnout_icon.png</Image>
        <Image Top="12" Left="441" Width="147" Height="136" Opacity="100">Burnout_vid.png</Image>
        <Image Source="GamePreview" />
        <Menu Align="Left" ShowIcon="False" ShowArrows="False">
            <Preview EnableAudio="True" Top="11" Left="441" Width="146" Height="136" />
            <Position Top="211" Left="17" Width="146" Height="210" Fixed="False" FixAt="2" MaxItem="9" />
            <Font>Tahoma-10.xpr</Font>
        </Menu>
	<Image Opacity="100" Top="11" Left="365" Width="77" Height="77">Burnout_icon.png</Image>
	<Image Opacity="100" Top="12" Left="441" Width="147" Height="136">Burnout_vid.png</Image>

        <ColorScheme>
            <AMBIENT_FOGCOLOR>0xFF8080FF</AMBIENT_FOGCOLOR>
            <AMBIENT_SKYCOLOR>0xFF00000F</AMBIENT_SKYCOLOR>
            <AMBIENT_CELLCOLOR>0xFF0080FF</AMBIENT_CELLCOLOR>
            <CAPTION_TEXTCOLOR>0xFFFFFFFF</CAPTION_TEXTCOLOR>
            <CAPTION_BACKCOLOR>0xFF0080FF</CAPTION_BACKCOLOR>
            <DIALOG_BORDERCOLOR>0xFF0080FF</DIALOG_BORDERCOLOR>
            <DIALOG_BACKCOLOR>0x9F000000</DIALOG_BACKCOLOR>
            <DIALOG_INNER_BORDERCOLOR>0xFF0080FF</DIALOG_INNER_BORDERCOLOR>
            <DIALOG_INNER_BACKCOLOR>0xFF000000</DIALOG_INNER_BACKCOLOR>
            <DIALOG_TEXTCOLOR>0xFFFFFFFF</DIALOG_TEXTCOLOR>
            <DIALOG_DISABLEDTEXT>0xFFB3B3B4</DIALOG_DISABLEDTEXT>
            <OPTION_TEXTCOLOR>0xFFFFFFFF</OPTION_TEXTCOLOR>
            <OPTION_ACTIVETEXTCOLOR>0xFFFFFFFF</OPTION_ACTIVETEXTCOLOR>
            <OPTION_ACTIVEBACKCOLOR>0xFF0080FF</OPTION_ACTIVEBACKCOLOR>
            <BUTTON_BORDERCOLOR>0xFFFFFFFF</BUTTON_BORDERCOLOR>
            <BUTTON_TEXTCOLOR>0xFFFFFFFF</BUTTON_TEXTCOLOR>
            <BUTTON_BACKCOLOR>0x980000A0</BUTTON_BACKCOLOR>
            <BUTTON_ACTIVETEXTCOLOR>0xFFFFFFFF</BUTTON_ACTIVETEXTCOLOR>
            <BUTTON_ACTIVEBACKCOLOR>0xFF0080FF</BUTTON_ACTIVEBACKCOLOR>
            <KB_KEYBG_HIGHLIGHT>0xFF0080FF</KB_KEYBG_HIGHLIGHT>
            <KB_KEYBG_DISABLED>0xFFC0C0C0</KB_KEYBG_DISABLED>
            <KB_KEY_PRESSED>0xFF008000</KB_KEY_PRESSED>
            <KB_KEY_NORMAL>0xFF000000</KB_KEY_NORMAL>
            <KB_KEY_DISABLED>0xFFFFFFFF</KB_KEY_DISABLED>
            <KB_KEY_ACTIVEBORDER>0xFF808080</KB_KEY_ACTIVEBORDER>
            <KB_KEY_TEXTCOLOR>0xFF000000</KB_KEY_TEXTCOLOR>
            <KB_KEY_TEXTBACKCOLOR>0xFFFFFFFF</KB_KEY_TEXTBACKCOLOR>
            <KB_KEY_TEXTBORDERCOLOR>0xFFFFFF00</KB_KEY_TEXTBORDERCOLOR>
            <MENU_TEXTCOLOR>0xFF000000</MENU_TEXTCOLOR>
            <MENU_ACTIVETEXTCOLOR>0xFFFFFFFF</MENU_ACTIVETEXTCOLOR>
            <MENU_BORDERCOLOR>0xFF0080FF</MENU_BORDERCOLOR>
            <MENU_BACKCOLOR>0xFFFFFFFF</MENU_BACKCOLOR>
            <MENU_ACTIVEBACKCOLOR>0xFF0080FF</MENU_ACTIVEBACKCOLOR>
            <MENU_ACTIVEBORDERCOLOR>0xFFFFFFFF</MENU_ACTIVEBORDERCOLOR>
        </ColorScheme>
    </Main>
</Skin>