<Skin name="RagnaroX">
	<Information>
		<Author>JohnCrichton</Author>
		<Copyright>Copyright 2004</Copyright>
                <Version>1.0</Version>
	</Information>
               <Main Globe="False" Orb="False">
		<BackGround EnableAudio="True">bg.png</BackGround>


<Image Top="105" Left="45" Width="127" Height="132" Source="GameIcon" />
<Image Top="105" Left="222" Width="127" Height="132" Source="GameGamePreview" />
<Image Source="GamePreview"/>
<Preview EnableAudio="True"/>
<Menu Smooth="False" Align="middle" ShowIcon="False" Rotate="False" ShowArrows="False">
            <Preview EnableAudio="True" Top="105" Left="222" Width="127" Height="132" />
            <ItemPos Left="435" Top="125" width="200"></ItemPos>
	    <ItemPos Left="435" Top="155" width="200"></ItemPos>
	    <ItemPos Left="435" Top="185" width="200"></ItemPos>
	    <ItemPos Left="435" Top="215" width="200"></ItemPos>
            <Font>text.xpr</Font>
<Preview Top="105" Left="22" Width="127" Height="132"/>
        </Menu>

<InfoFont>info.xpr</InfoFont>	

		<Text Left="50" Top="285" Width="300" Align="left" Scroll="2" Color="0xff000000" Source="$Newsfeed$" />
<Text Left="533" Top="13" Align="left" Color="0xFF000000" Source="$Time$"></Text>
       

		<Text Left="90" Top="455" Align="left" Color="0xFF000000" Source="IP"></Text>
		
		<*Text Left="10" Top="100" Align="left" Color="0xFF000000" Source="Tray"></Text>
		<Text Left="30" Top="440" Align="left" Color="0xFF000000" Source="G_FreeMB"></Text>
		<Text Left="30" Top="425" Align="left" Color="0xFF000000" Source="F_FreeMB"></Text>
		<Text Left="30" Top="410" Align="left" Color="0xFF000000" Source="E_FreeMB"></Text>
		
		<Text Left="85" Top="15" Color="0xFF000000" Source="DVD: $DVDTitle$"></Text>
		<*Text Left="95" Top="15" Color="0xFF000000" Source="DVD: $Tray$"></Text>
				
		<Text Left="190" Top="410" Align="Left" Color="0xFF000000" Source="$Version$" />
		<Text Left="190" Top="425" Align="Left" Color="0xFF000000" Source="MBTemp"></Text>
		<Text Left="190" Top="440" Align="Left" Color="0xFF000000" Source="CPUTemp"></Text>
<Text Left="90" Top="385" Align="Left" Color="0xFF000000" Source="Xbox Name: $NickName$"></Text>
		

	</Main>
<LoadingScreen ShowInfo="False" EnableAudio="True">
		<BackGround EnableAudio="True">"Loading.wmv"</BackGround>
	</LoadingScreen>
	
	<ColorScheme>
		<AMBIENT_SKYCOLOR>0xFFFBE4D2</AMBIENT_SKYCOLOR>
		

		<CAPTION_TEXTCOLOR>0xFF000000</CAPTION_TEXTCOLOR>
		<CAPTION_BACKCOLOR>0xFFA4BCEB</CAPTION_BACKCOLOR>
		<DIALOG_BORDERCOLOR>0xFF000000</DIALOG_BORDERCOLOR>
		<DIALOG_BACKCOLOR>0xffffffff</DIALOG_BACKCOLOR>
		<DIALOG_INNER_BORDERCOLOR>0xff000000</DIALOG_INNER_BORDERCOLOR>
		<DIALOG_INNER_BACKCOLOR>0xffffffff</DIALOG_INNER_BACKCOLOR>
		<DIALOG_TEXTCOLOR>0xFF000000</DIALOG_TEXTCOLOR>

		<DIALOG_DISABLEDTEXT>0xff808080</DIALOG_DISABLEDTEXT>

		<OPTION_TEXTCOLOR>0xFF000000</OPTION_TEXTCOLOR>
		<OPTION_ACTIVETEXTCOLOR>0xFF000000</OPTION_ACTIVETEXTCOLOR>
		<OPTION_ACTIVEBACKCOLOR>0xFFAFC3EB</OPTION_ACTIVEBACKCOLOR>

		<BUTTON_BORDERCOLOR>0xFFAFC3EB</BUTTON_BORDERCOLOR>
		<BUTTON_TEXTCOLOR>0xFF000000</BUTTON_TEXTCOLOR>
		<BUTTON_BACKCOLOR>0xffffffff</BUTTON_BACKCOLOR>
		<BUTTON_ACTIVETEXTCOLOR>0xFfffffff</BUTTON_ACTIVETEXTCOLOR>
		<BUTTON_ACTIVEBACKCOLOR>0xffAFC3EB</BUTTON_ACTIVEBACKCOLOR>	
		
		<KB_KEYBG_HIGHLIGHT>0xCCff4040</KB_KEYBG_HIGHLIGHT>
		<KB_KEYBG_DISABLED>0xffc0c0c0</KB_KEYBG_DISABLED>
		<KB_KEY_PRESSED>0xff000000</KB_KEY_PRESSED>
		<KB_KEY_NORMAL>0xffffffff</KB_KEY_NORMAL>
		<KB_KEY_DISABLED>0xffc0c0c0</KB_KEY_DISABLED>
		<KB_KEY_ACTIVEBORDER>0xffAFC3EB</KB_KEY_ACTIVEBORDER>
		<KB_KEY_TEXTCOLOR>0xff000000</KB_KEY_TEXTCOLOR>
		<KB_KEY_TEXTBACKCOLOR>0xffAFC1EB</KB_KEY_TEXTBACKCOLOR>
		<KB_KEY_TEXTBORDERCOLOR>0xffc0c0c0</KB_KEY_TEXTBORDERCOLOR>

		<MENU_TEXTCOLOR>0xFF000000</MENU_TEXTCOLOR>
		<MENU_ACTIVETEXTCOLOR>0xff3367FD</MENU_ACTIVETEXTCOLOR>
		<MENU_BORDERCOLOR>0x0017C600</MENU_BORDERCOLOR>
		<MENU_BACKCOLOR>0xFF000fff</MENU_BACKCOLOR>
			

	</ColorScheme>
</Skin>