<Skin Name="Undead">
	<Information>
		<Author>Night Hawk</Author>
		<Copyright>2004</Copyright>
		<Version>1.0</Version>
	</Information>
	
	<Main globe="False" Orb="False">
	<GameIcon Enable="True" Opacity="100">
		<Position Top="282" Left="503" Width="70" Height="70"/>
	</GameIcon>
	<InfoFont>info.xpr</InfoFont>
	<Background EnableAudio="True">bg.jpg</background>
	<Menu smooth="True" Align="Middle" ShowArrows="False" ShowIcon="False" Rotate="False">
		<Position Left="438" Top="380" Width="176" Height="41"/>
	<Preview EnableAudio="False" left="370" Top="173" Width="121" Height="111" />
	<Font>menu.xpr</Font>
	</Menu>
		<Text Left="45" Top="162" Align="Left" Color="0xFFFFFFFF" Source="SoundTrack"></Text>
		<Text Left="45" Top="182" Align="Left" Color="0xFFFFFFFF" Source="SongName"></Text>
		<Text Left="45" Top="202" Align="Left" Color="0xFFFFFFFF" Source="SongTime"></Text>
		
		<Text Left="45" Top="322" Align="Left" Color="0xFFFFFFFF" Source="IP"></Text>
		<Text Left="45" Top="342" Align="Left" Color="0xFFFFFFFF" Source="Subnet"></Text>
				
		<Text Left="45" Top="362" Align="Left" Color="0xFFFFFFFF" Source="C_FreeMB"></Text>
		<Text Left="45" Top="382" Align="Left" Color="0xFFFFFFFF" Source="E_FreeMB"></Text>
		<Text Left="45" Top="402" Align="Left" Color="0xFFFFFFFF" Source="DVDType"></Text>
		
		<Text Left="560" Top="420" Align="Right" Color="0xFFFFFFFF" Source="$DateTime$"></Text>
		
		<Image Source="GamePreview"/>
	</Main>
	<FileManager>
		<Background>fmbg.jpg</Background>
	</FileManager>
	<LoadingScreen ShowInfo="True">
		<Background>ls.jpg</Background>
	</LoadingScreen>
	<ColorScheme>
		<AMBIENT_FOGCOLOR>0xFF002000</AMBIENT_FOGCOLOR>
		<AMBIENT_SKYCOLOR>0xFF004000</AMBIENT_SKYCOLOR>
		<AMBIENT_CELLCOLOR>0x0600C000</AMBIENT_CELLCOLOR>

		<CAPTION_TEXTCOLOR>0xFFFFFFC0</CAPTION_TEXTCOLOR>
		<CAPTION_BACKCOLOR>0xFF686485</CAPTION_BACKCOLOR>

		<DIALOG_BORDERCOLOR>0xFFFFFFFF</DIALOG_BORDERCOLOR>
		<DIALOG_BACKCOLOR>0xCD1E34F2</DIALOG_BACKCOLOR>
		<DIALOG_INNER_BORDERCOLOR>0xFFFFE2B4</DIALOG_INNER_BORDERCOLOR>
		<DIALOG_INNER_BACKCOLOR>0xE1003399</DIALOG_INNER_BACKCOLOR>
		<DIALOG_TEXTCOLOR>0xFFFFFFFF</DIALOG_TEXTCOLOR>
		<DIALOG_DISABLEDTEXT>0x7F0000C0</DIALOG_DISABLEDTEXT>

		<OPTION_TEXTCOLOR>0xFF02C90C</OPTION_TEXTCOLOR>
		<OPTION_ACTIVETEXTCOLOR>0xFFFFFFFF</OPTION_ACTIVETEXTCOLOR>
		<OPTION_ACTIVEBACKCOLOR>0xFF13169B</OPTION_ACTIVEBACKCOLOR>

		<BUTTON_BORDERCOLOR>0xFF0C0A18</BUTTON_BORDERCOLOR>
		<BUTTON_TEXTCOLOR>0xFF02C90C</BUTTON_TEXTCOLOR>
		<BUTTON_BACKCOLOR>0xCD636482</BUTTON_BACKCOLOR>
		<BUTTON_ACTIVETEXTCOLOR>0xFFFFFFFF</BUTTON_ACTIVETEXTCOLOR>
		<BUTTON_ACTIVEBACKCOLOR>0xE102C90C</BUTTON_ACTIVEBACKCOLOR>	

		<KB_KEYBG_HIGHLIGHT>0xCC00C000</KB_KEYBG_HIGHLIGHT>
		<KB_KEYBG_DISABLED>0xffc0c0c0</KB_KEYBG_DISABLED>
		<KB_KEY_PRESSED>0xff808080</KB_KEY_PRESSED>
		<KB_KEY_NORMAL>0xff000000</KB_KEY_NORMAL>
		<KB_KEY_DISABLED>0xff808080</KB_KEY_DISABLED>
		<KB_KEY_ACTIVEBORDER>0xff008000</KB_KEY_ACTIVEBORDER>
		<KB_KEY_TEXTCOLOR>0xff000000</KB_KEY_TEXTCOLOR>
		<KB_KEY_TEXTBACKCOLOR>0xffFFFFFF</KB_KEY_TEXTBACKCOLOR>
		<KB_KEY_TEXTBORDERCOLOR>0xff0000FF</KB_KEY_TEXTBORDERCOLOR>

		<MENU_BORDERCOLOR>0x00000000</MENU_BORDERCOLOR>
		<MENU_BACKCOLOR>0x00000000</MENU_BACKCOLOR>
		<MENU_ACTIVEBACKCOLOR>0x00000000</MENU_ACTIVEBACKCOLOR>
		<MENU_ACTIVEBORDERCOLOR>0x00000000</MENU_ACTIVEBORDERCOLOR>
		<MENU_TEXTCOLOR>0xFFD1D1D1</MENU_TEXTCOLOR>
		<MENU_ACTIVETEXTCOLOR>0xFFFFFFFF</MENU_ACTIVETEXTCOLOR>
	</ColorScheme>
</Skin>
