<Skin Name="ease">
<Information>
<Author>crobar</Author>
<Version>1</Version>
</Information>
<Main globe="true" Orb="false">
<Background EnableAudio="False">bg.png</background>

<Image Source="GamePreview"/>

<Preview EnableAudio="True"/>

<Image Left="" Top="" Width="640" Height="480">bg2.png</Image>
<Image Top="21" Left="487" width="95" Height="95" Source="GameIcon"/>
<Image Left="" Top="" Width="640" Height="480">bg3.png</Image>
<Menu smooth="True" ShowArrows="false" ShowIcon="False" Rotate="true">
<Position left="50" Top="77" Width="277" Height="265"/>
<Font>text.xpr</Font>
<Preview Top="277" Left="441" Width="165" Height="126"/>
</menu>
<InfoFont>info.xpr</InfoFont>		
<Text Left="332" Top="40" Align="Left" Color="0xFF000000" Source="Time: $Time$"></Text>
<Text Left="332" Top="60" Align="Left" Color="0xFF000000" Source="Date: $Date$"></text>
<Text Left="55" Top="405" Align="Left" Color="0xFF000000" Source="F: $F_FreeMB$"></Text>
<Text Left="55" Top="425" Align="Left" Color="0xFF000000" Source="G: $G_FreeMB$"></text>
<Text Left="332" Top="425" Align="Left" Color="0xFF000000" Source="DVD:$Tray$"/>		
<Text Left="332" Top="405" Align="Left" Color="0xFF000000" Source="IP"/>		
</Main>
<FileManager>
<Background>file.png</Background>
</FileManager>

<LoadingScreen ShowInfo="false">
<Background>loading.png</Background>
</LoadingScreen>

<ColorScheme>
<AMBIENT_FOGCOLOR></AMBIENT_FOGCOLOR>
<AMBIENT_SKYCOLOR>0xFF000000</AMBIENT_SKYCOLOR>
<AMBIENT_CELLCOLOR>0xffFFFFFF</AMBIENT_CELLCOLOR>
<CAPTION_TEXTCOLOR>0xFF000000</CAPTION_TEXTCOLOR>
<CAPTION_BACKCOLOR>0xFFBABABA</CAPTION_BACKCOLOR>
<DIALOG_BORDERCOLOR>0xFF000000</DIALOG_BORDERCOLOR>
<DIALOG_BACKCOLOR>0xFFBABABA</DIALOG_BACKCOLOR>
<DIALOG_INNER_BORDERCOLOR>0xFFBABABA</DIALOG_INNER_BORDERCOLOR>
<DIALOG_INNER_BACKCOLOR>0xFF3396B2</DIALOG_INNER_BACKCOLOR>
<DIALOG_TEXTCOLOR>0xFF000000</DIALOG_TEXTCOLOR>
<DIALOG_DISABLEDTEXT>0xFFBABABA</DIALOG_DISABLEDTEXT>
<OPTION_TEXTCOLOR>0xFF000000</OPTION_TEXTCOLOR>
<OPTION_ACTIVETEXTCOLOR>0xFF000000</OPTION_ACTIVETEXTCOLOR>
<OPTION_ACTIVEBACKCOLOR>0xFFBABABA</OPTION_ACTIVEBACKCOLOR>
<BUTTON_BORDERCOLOR>0xFF3396B2</BUTTON_BORDERCOLOR>
<BUTTON_TEXTCOLOR>0xFF000000</BUTTON_TEXTCOLOR>
<BUTTON_BACKCOLOR>0xFFBABABA</BUTTON_BACKCOLOR>
<BUTTON_ACTIVETEXTCOLOR>0xFFBABABA</BUTTON_ACTIVETEXTCOLOR>
<BUTTON_ACTIVEBACKCOLOR>0xFFFFFFFF</BUTTON_ACTIVEBACKCOLOR>	
<KB_KEYBG_HIGHLIGHT>0xCC3396B2</KB_KEYBG_HIGHLIGHT>
<KB_KEYBG_DISABLED>0xffc0c0c0</KB_KEYBG_DISABLED>
<KB_KEY_PRESSED>0xff808080</KB_KEY_PRESSED>
<KB_KEY_NORMAL>0xff000000</KB_KEY_NORMAL>
<KB_KEY_DISABLED>0xff808080</KB_KEY_DISABLED>
<KB_KEY_ACTIVEBORDER>0xFF3396B2</KB_KEY_ACTIVEBORDER>
<KB_KEY_TEXTCOLOR>0xff000000</KB_KEY_TEXTCOLOR>
<KB_KEY_TEXTBACKCOLOR>0xffFFFFFF</KB_KEY_TEXTBACKCOLOR>
<KB_KEY_TEXTBORDERCOLOR>0xff000000</KB_KEY_TEXTBORDERCOLOR>
<MENU_TEXTCOLOR>0xFFBABABA</MENU_TEXTCOLOR>
<MENU_ACTIVETEXTCOLOR>0xFFFFFFFF</MENU_ACTIVETEXTCOLOR>
<MENU_BORDERCOLOR></MENU_BORDERCOLOR>
<MENU_BACKCOLOR></MENU_BACKCOLOR>
<MENU_ACTIVEBACKCOLOR></MENU_ACTIVEBACKCOLOR>
<MENU_ACTIVEBORDERCOLOR></MENU_ACTIVEBORDERCOLOR>
</ColorSceme>
</Skin>