<Skin name="Deathstars">
    <Information>
        <Author>Benke</Author>
        <Version>1</Version>
        <Copyright>2006</Copyright>
    </Information>

    <Filemanager SafeBorder="False">
        <Background></Background>
    </Filemanager>

    <LoadingScreen ShowInfo="True">
        <Background>launch.png</Background>
    </LoadingScreen>

    <Main Orb="False" Fog="False">
        <Background EnableAudio="False">background.png</Background>
        <InfoFont></InfoFont>
        <Text Top="420" Left="416" Width="200" Scroll="0" Color="0xFF000000" Source="$DateTime$" Align="Left" />
        <Text Top="435" Left="416" Width="200" Scroll="0" Color="0xFF000000" Source="IP" Align="Left" />
        <Text Top="350" Left="416" Width="230" Scroll="1" Color="0xFF000000" Source="DVD: $DVDTitle$" Align="Left" />
	<Text Top="420" Left="70" Width="300" Scroll="1" Color="0xFF000000" Source="SoundTrack" Align="Left" />
        <Text Top="435" Left="70" Width="300" Scroll="1" Color="0xFF000000" Source="SongName" Align="Left" />
        <Image Top="15" Left="520" Width="100" Height="100" Source="GameIcon" />
        
	<Menu Smooth="True" Align="Left" ShowIcon="False" ShowArrows="False">
            <Preview EnableAudio="True" Top="53" Left="349" Width="251" Height="159" />
            <Position Top="240" Left="70" Width="320" Height="150" Fixed="False" FixAt="5" MaxItem="8" />
            <Font>Square-14.xpr</Font>
	</Menu>
    </Main>

        <ColorScheme>
	    <AMBIENT_FOGCOLOR>0xFF000000</AMBIENT_FOGCOLOR>
            <AMBIENT_SKYCOLOR>0xFF000000</AMBIENT_SKYCOLOR>
            <AMBIENT_CELLCOLOR>0xFFE4E4E4</AMBIENT_CELLCOLOR>
            <CAPTION_TEXTCOLOR>0xFFFFFFFF</CAPTION_TEXTCOLOR>
            <CAPTION_BACKCOLOR>0x96000000</CAPTION_BACKCOLOR>
            <DIALOG_BORDERCOLOR>0xFF7F7F7F</DIALOG_BORDERCOLOR>
            <DIALOG_BACKCOLOR>0x96292929</DIALOG_BACKCOLOR>
            <DIALOG_INNER_BORDERCOLOR>0xFF7F7F7F</DIALOG_INNER_BORDERCOLOR>
            <DIALOG_INNER_BACKCOLOR>0xFF000000</DIALOG_INNER_BACKCOLOR>
            <DIALOG_TEXTCOLOR>0xFF949494</DIALOG_TEXTCOLOR>
            <DIALOG_DISABLEDTEXT>0xFF404040</DIALOG_DISABLEDTEXT>
            <OPTION_TEXTCOLOR>0xFF838383</OPTION_TEXTCOLOR>
            <OPTION_ACTIVETEXTCOLOR>0xFFFFFFFF</OPTION_ACTIVETEXTCOLOR>
            <OPTION_ACTIVEBACKCOLOR>0xFF565656</OPTION_ACTIVEBACKCOLOR>
            <BUTTON_BORDERCOLOR>0xFFBFBFBF</BUTTON_BORDERCOLOR>
            <BUTTON_TEXTCOLOR>0xFFFFFFFF</BUTTON_TEXTCOLOR>
            <BUTTON_BACKCOLOR>0xFF808080</BUTTON_BACKCOLOR>
            <BUTTON_ACTIVETEXTCOLOR>0xFFFFFFFF</BUTTON_ACTIVETEXTCOLOR>
            <BUTTON_ACTIVEBACKCOLOR>0x96000000</BUTTON_ACTIVEBACKCOLOR>
            <KB_KEYBG_HIGHLIGHT>0xFF656565</KB_KEYBG_HIGHLIGHT>
            <KB_KEYBG_DISABLED>0xFFC0C0C0</KB_KEYBG_DISABLED>
            <KB_KEY_PRESSED>0xFFF8F8F8</KB_KEY_PRESSED>
            <KB_KEY_NORMAL>0xFF000000</KB_KEY_NORMAL>
            <KB_KEY_DISABLED>0x74000000</KB_KEY_DISABLED>
            <KB_KEY_ACTIVEBORDER>0x74000000</KB_KEY_ACTIVEBORDER>
            <KB_KEY_TEXTCOLOR>0xFF000000</KB_KEY_TEXTCOLOR>
            <KB_KEY_TEXTBACKCOLOR>0xFFFFFFFF</KB_KEY_TEXTBACKCOLOR>
            <KB_KEY_TEXTBORDERCOLOR>0xFF000000</KB_KEY_TEXTBORDERCOLOR>
            <MENU_TEXTCOLOR>0x96FFFFFF</MENU_TEXTCOLOR>
            <MENU_ACTIVETEXTCOLOR>0xFF000000</MENU_ACTIVETEXTCOLOR>
        </ColorScheme>

</Skin>