<Skin Name="Castlevania">
<Information>
<Author>Ace664</Author>
<Copyright>2009 Skinned by Sketchy Skinner</Copyright>
<Version>1</Version>
</Information>
<IntroMovie>C:\xodash\media\live.xmv</IntroMovie>
<Main globe="False" Orb="False">
<InfoFont>info.xpr</InfoFont>
<Background EnableAudio="True">bg.jpg</background>
<Menu Smooth="True" ShowIcon="False" Rotate="False">
			<ItemPos Left="98" Top="60"></ItemPos>
			<ItemPos Left="104" Top="99"></ItemPos>
			<ItemPos Left="103" Top="138"></ItemPos>
			<ItemPos Left="96" Top="177"></ItemPos>
<Preview EnableAudio="False" left="168" Top="335" Width="117" Height="117"/>
<Font>menu.xpr</Font>
</Menu>
	<Text Left="41" Top="255" Align="Left" Color="0xFFD2D200" Source="DvdTitle"></Text>
	<Text Left="41" Top="292" Align="Left" Color="0x99FFFFFF" Source="DateTime"></Text>
<Text Left="163" Top="329" Align="Left" Color="0xFFD2D200" Source="CPUTemp"></Text>
<Text Left="163" Top="366" Align="Left" Color="0x99FFFFFF" Source="MBTemp"></Text>
<Text Left="163" Top="403" Align="Left" Color="0xFFD2D200" Source="NickName"></Text>
	<Text Left="41" Top="440" Align="Left" width="554" scroll="2" Color="0xFFD2D200" Source="Newsfeed"></Text>


	<Text Left="595" Top="33" Align="Right" Color="0xFFEAEA00" Source="IP"></Text>
	<Text Left="595" Top="70" Align="Right" Color="0x99FFFFFF" Source="E_Free"></Text>
	<Text Left="595" Top="107" Align="Right" Color="0xFFEAEA00" Source="F_Free"></Text>
	<Text Left="595" Top="144" Align="Right" Color="0x99FFFFFF" Source="G_Free"></Text>

<Text Left="595" Top="329" Align="Right" Color="0x99FFFFFF" Source="SongName"></Text>
<Text Left="595" Top="366" Align="Right" Color="0xFFD2D200" Source="SoundTrack"></Text>
<Text Left="595" Top="403" Align="Right" Color="0x99FFFFFF" Source="SongTime"></Text>
<Image Top="335" Left="41" width="117" Height="117" Source="GameIcon"/>
<Image Top=Source="GamePreview"/>
</Main>
<FileManager>
<Background>fmbg.jpg</Background>
</FileManager>
<LoadingScreen ShowInfo="False">
<Background>ls.jpg</Background>
</LoadingScreen>
<ColorScheme>
<AMBIENT_FOGCOLOR>0xFF200000</AMBIENT_FOGCOLOR>
		<AMBIENT_SKYCOLOR>0xFF400000</AMBIENT_SKYCOLOR>
		<AMBIENT_CELLCOLOR>0x06C4310A</AMBIENT_CELLCOLOR>

		<CAPTION_TEXTCOLOR>0xFFFFFFFF</CAPTION_TEXTCOLOR>
		<CAPTION_BACKCOLOR>0xC7000000</CAPTION_BACKCOLOR>
		<DIALOG_BORDERCOLOR>0x0xFFD2D200</DIALOG_BORDERCOLOR>
		<DIALOG_BACKCOLOR>0xFF808080</DIALOG_BACKCOLOR>
		<DIALOG_INNER_BORDERCOLOR>0xFFD2D200</DIALOG_INNER_BORDERCOLOR>
		<DIALOG_INNER_BACKCOLOR>0xFF626262</DIALOG_INNER_BACKCOLOR>
		<DIALOG_TEXTCOLOR>0xFFFFFFFF</DIALOG_TEXTCOLOR>

		<DIALOG_DISABLEDTEXT>0x7FC00000</DIALOG_DISABLEDTEXT>

		<OPTION_TEXTCOLOR>0xFFffffff</OPTION_TEXTCOLOR>
		<OPTION_ACTIVETEXTCOLOR>0xFF1E1E1E</OPTION_ACTIVETEXTCOLOR>
		<OPTION_ACTIVEBACKCOLOR>0xFFD2D200</OPTION_ACTIVEBACKCOLOR>

		<BUTTON_BORDERCOLOR>0xFFFFFFFF</BUTTON_BORDERCOLOR>
		<BUTTON_TEXTCOLOR>0xFFFFFFFF</BUTTON_TEXTCOLOR>
		<BUTTON_BACKCOLOR>0xFF0055EA</BUTTON_BACKCOLOR>
		<BUTTON_ACTIVETEXTCOLOR>0xFF0055EA</BUTTON_ACTIVETEXTCOLOR>
		<BUTTON_ACTIVEBACKCOLOR>0xFFFFFFFF</BUTTON_ACTIVEBACKCOLOR>	
		
		<KB_KEYBG_HIGHLIGHT>0xCC00C000</KB_KEYBG_HIGHLIGHT>
		<KB_KEYBG_DISABLED>0xffc0c0c0</KB_KEYBG_DISABLED>
		<KB_KEY_PRESSED>0xff808080</KB_KEY_PRESSED>
		<KB_KEY_NORMAL>0xff000000</KB_KEY_NORMAL>
		<KB_KEY_DISABLED>0xff808080</KB_KEY_DISABLED>
		<KB_KEY_ACTIVEBORDER>0xff008000</KB_KEY_ACTIVEBORDER>
		<KB_KEY_TEXTCOLOR>0xff000000</KB_KEY_TEXTCOLOR>
		<KB_KEY_TEXTBACKCOLOR>0xffFFFFFF</KB_KEY_TEXTBACKCOLOR>
		<KB_KEY_TEXTBORDERCOLOR>0xff0000FF</KB_KEY_TEXTBORDERCOLOR>
		
		<MENU_TEXTCOLOR>0x99FFFFFF</MENU_TEXTCOLOR>
		<MENU_ACTIVETEXTCOLOR>0xFFD2D200</MENU_ACTIVETEXTCOLOR>
		<MENU_BORDERCOLOR>0x00000000</MENU_BORDERCOLOR>
		<MENU_BACKCOLOR>0x00000000</MENU_BACKCOLOR>
		<MENU_ACTIVEBACKCOLOR>0x00000000</MENU_ACTIVEBACKCOLOR>
		<MENU_ACTIVEBORDERCOLOR>0x00000000</MENU_ACTIVEBORDERCOLOR>
	</ColorScheme>
</Skin>
