<Skin name="what boredom leads to...">
	<Information>
		<Author>brokntrigun</Author>
		<Copyright>Copyright 2005</Copyright>
		<Version>whatever the fuck you want</Version>
	</Information>
	<IntroMovie>xbox.wmv</IntroMovie>
	
	<Main Globe="False" Orb="False" Fog="False">
		<InfoFont>ti.xpr</InfoFont>
		<BackGround>bg.png</BackGround>    
		<Image Top="55" Left="23" Width="68" Height="56" Source="GameIcon" />
		<Image Source="GamePreview" />		
		
				  
		

	<Menu ShowArrows="False" Smooth="True" ShowIcon="False" Rotate="True" Scroll="True">
		<Position Top="210" Left="45" Width="288" Height="300"></Position>
		<Font>Adler_12.xpr</Font>
	</Menu>	
				  <Text Top="14" Left="450" Align="Middle" Color="0xFF0080FF" Source="$Time$"></Text>
                  <Text Top="14" Left="570" Align="Middle" Color="0xFF0080FF" Source="$Date$"></Text>
				  
                  <Text Top="155" Left="100"  Align="Left" Width="400" Color="0xFF0080FF" Source="$Newsfeed$"></Text>
				  
                  <Text Top="200" Left="375" Align="Left" Width="210" Scroll="1" Color="0xFF0080FF" Source="CPUTemp"></Text>
                  <Text Top="220" Left="375" Align="Left" Width="210" Scroll="1" Color="0xFF0080FF" Source="MBTemp"></Text>
                  
				  <Text Top="250" Left="375" Align="Left" Width="210" Scroll="1" Color="0xFF0080FF" Source="C_FreeMB"></Text>
                  <Text Top="270" Left="375" Align="Left" Width="210" Scroll="1" Color="0xFF0080FF" Source="E_FreeMB"></Text>
                                   
                  <Text Top="300" Left="375" Align="Left" Width="210" Scroll="1" Color="0xFF0080FF" Source="DvdTitle"></Text>
                  <Text Top="320" Left="375" Align="Left" Width="210" Scroll="1" Color="0xFF0080FF" Source="Tray"></Text>
				  			  
                  <Text Top="350" Left="375" Align="Left" Width="210" Scroll="1" Color="0xFF0080FF" Source="Video Mode: $VideoMode$"></Text>
                  <Text Top="370" Left="375" Align="Left" Width="210" Scroll="1" Color="0xFF0080FF" Source="Fan Speed: $FanSpeed$"></Text>
				   
				  <Text Top="400" Left="375" Align="Left" Color="0xFF0080FF" Source="NumClient"></Text>
                  <Text Top="420" Left="375" Align="Left" Width="210" Scroll="1" Color="0xFF0080FF" Source="IP"></Text>
	</Main>

	<LoadingScreen ShowInfo="False">
		<BackGround>loading.png</BackGround>
	</LoadingScreen>

	<FileManager>
		<BackGround></BackGround>
	</FileManager>
	
	<ColorScheme >
		<AMBIENT_FOGCOLOR>0xFF011647</AMBIENT_FOGCOLOR>
		<AMBIENT_SKYCOLOR></AMBIENT_SKYCOLOR>
		<AMBIENT_CELLCOLOR>0x00011647</AMBIENT_CELLCOLOR>

		<CAPTION_TEXTCOLOR>0xFFFFFFFF</CAPTION_TEXTCOLOR>
		<CAPTION_BACKCOLOR>0xFF000000</CAPTION_BACKCOLOR>
		<DIALOG_BORDERCOLOR>0xFFFFFFFF</DIALOG_BORDERCOLOR>
		<DIALOG_BACKCOLOR>0xFF1976B7</DIALOG_BACKCOLOR>
		<DIALOG_INNER_BORDERCOLOR>0xFFFFFFFF</DIALOG_INNER_BORDERCOLOR>
		<DIALOG_INNER_BACKCOLOR>0xFF1976B7</DIALOG_INNER_BACKCOLOR>
		<DIALOG_TEXTCOLOR>0xFFFFFFFF</DIALOG_TEXTCOLOR>

		<DIALOG_DISABLEDTEXT>0xFFC0C0C0</DIALOG_DISABLEDTEXT>

		<OPTION_TEXTCOLOR>0xFFffffff</OPTION_TEXTCOLOR>
		<OPTION_ACTIVETEXTCOLOR>0xFFFFFD02</OPTION_ACTIVETEXTCOLOR>
		<OPTION_ACTIVEBACKCOLOR>0xFF000000</OPTION_ACTIVEBACKCOLOR>

		<BUTTON_BORDERCOLOR>0xFF000000</BUTTON_BORDERCOLOR>
		<BUTTON_TEXTCOLOR>0xFF02C90C</BUTTON_TEXTCOLOR>
		<BUTTON_BACKCOLOR>0xFF06870D</BUTTON_BACKCOLOR>
		<BUTTON_ACTIVETEXTCOLOR>0xFFFFFFFF</BUTTON_ACTIVETEXTCOLOR>
		<BUTTON_ACTIVEBACKCOLOR>0xE102C90C</BUTTON_ACTIVEBACKCOLOR>	
		
		<KB_KEYBG_HIGHLIGHT>0xCC00C000</KB_KEYBG_HIGHLIGHT>
		<KB_KEYBG_DISABLED>0xffc0c0c0</KB_KEYBG_DISABLED>
		<KB_KEY_PRESSED>0xff808080</KB_KEY_PRESSED>
		<KB_KEY_NORMAL>0xff000000</KB_KEY_NORMAL>
		<KB_KEY_DISABLED>0xff808080</KB_KEY_DISABLED>
		<KB_KEY_ACTIVEBORDER>0xff008000</KB_KEY_ACTIVEBORDER>
		<KB_KEY_TEXTCOLOR>0xff000000</KB_KEY_TEXTCOLOR>
		<KB_KEY_TEXTBACKCOLOR>0xffFFFFFF</KB_KEY_TEXTBACKCOLOR>
		<KB_KEY_TEXTBORDERCOLOR>0xff0000FF</KB_KEY_TEXTBORDERCOLOR>
		
		<MENU_TEXTCOLOR>0xFF0080FF</MENU_TEXTCOLOR>
		<MENU_ACTIVETEXTCOLOR>0xFF000000</MENU_ACTIVETEXTCOLOR>
		<MENU_BORDERCOLOR>0x00000000</MENU_BORDERCOLOR>
		<MENU_BACKCOLOR>0x00000000</MENU_BACKCOLOR>
		<MENU_ACTIVEBACKCOLOR>0x00000000</MENU_ACTIVEBACKCOLOR>
		<MENU_ACTIVEBORDERCOLOR>0x00000000</MENU_ACTIVEBORDERCOLOR>
	</ColorScheme>
</Skin>