﻿<Skin name="BlueMetal">
    <Information>
        <Author>Pier-Luc</Author>
        <Version>1</Version>
        <Copyright>2004</Copyright>
        <Skinner Name="UX Architect" Version="1.0c" />
    </Information>
    <Filemanager SafeBorder="False">
        <Background>file.jpg</Background>
    </Filemanager>
    <LoadingScreen ShowInfo="False">
        <Background>chargement.jpg</Background>
    </LoadingScreen>
    <Main Globe="False" Orb="False" Fog="False">
        <Background EnableAudio="False">flamef.jpg</Background>
        <InfoFont>20thCentury-12.xpr</InfoFont>
        <Text Top="306" Left="368" Width="200" Scroll="0" Color="0xFFFFFFFF" Source="$NickName$" Align="Middle" />
        <Text Top="107" Left="272" Width="200" Scroll="0" Color="0xFFFFFFFF" Source="$C_Free$ libre" Align="Left" />
        <Text Top="136" Left="272" Width="200" Scroll="0" Color="0xFFFFFFFF" Source="$E_Free$ libre" Align="Left" />
        <Text Top="165" Left="272" Width="200" Scroll="0" Color="0xFFFFFFFF" Source="$F_Free$ libre" Align="Left" />
        <Text Top="324" Left="371" Width="200" Scroll="0" Color="0xFFFFFFFF" Source="$Time$" Align="Middle" />
        <Text Top="394" Left="30" Width="200" Scroll="0" Color="0xFF00FFFF" Source="SongName" Align="Left" />
        <Text Top="104" Left="2702" Width="200" Scroll="0" Color="0xFFFFFFFF" Source="$C_Free$" Align="Left" />
        <Text Top="415" Left="293" Width="200" Scroll="0" Color="0xFFFFFFFF" Source="IP de la Xbox--&gt; $IP$" Align="Right" />
        <Text Top="413" Left="30" Width="200" Scroll="0" Color="0xFF09B5F7" Source="SongTime" Align="Left" />
        <Text Top="396" Left="221" Width="272" Scroll="0" Color="0xFFC0C0C0" Source="Lecteur DVD--&gt; $DVDTitle$" Align="Right" />
        <Image Top="366" Left="526" Width="96" Height="84" Opacity="100">Ring.png</Image>
        <Image Top="185" Left="24" Width="169" Height="152" Source="GameIcon" />
        <Image Top="391" Left="549" Width="62" Height="44" Opacity="100">unleashx10.png</Image>
        <Image Source="GamePreview" />
        <Menu Align="Middle" ShowIcon="False" ShowArrows="False">
            <Preview EnableAudio="False" Top="17" Left="27" Width="163" Height="145" />
            <ItemPos Top="35" Left="433" Width="180"></ItemPos>
            <ItemPos Top="73" Left="433" Width="180"></ItemPos>
            <ItemPos Top="111" Left="434" Width="180"></ItemPos>
            <ItemPos Top="149" Left="434" Width="180"></ItemPos>
            <ItemPos Top="187" Left="433" Width="180"></ItemPos>
            <Font>Tahoma-14.xpr</Font>
        </Menu>
        <ColorScheme>
            <AMBIENT_FOGCOLOR>0xFF0000FF</AMBIENT_FOGCOLOR>
            <AMBIENT_SKYCOLOR>0xFF00000F</AMBIENT_SKYCOLOR>
            <AMBIENT_CELLCOLOR>0xFF0080FF</AMBIENT_CELLCOLOR>
            <CAPTION_TEXTCOLOR>0xFFFFFFFF</CAPTION_TEXTCOLOR>
            <CAPTION_BACKCOLOR>0xFF0080FF</CAPTION_BACKCOLOR>
            <DIALOG_BORDERCOLOR>0xFF0080FF</DIALOG_BORDERCOLOR>
            <DIALOG_BACKCOLOR>0x9F000000</DIALOG_BACKCOLOR>
            <DIALOG_INNER_BORDERCOLOR>0xFF0080FF</DIALOG_INNER_BORDERCOLOR>
            <DIALOG_INNER_BACKCOLOR>0xFF000000</DIALOG_INNER_BACKCOLOR>
            <DIALOG_TEXTCOLOR>0xFFFFFFFF</DIALOG_TEXTCOLOR>
            <DIALOG_DISABLEDTEXT>0xFFB3B3B4</DIALOG_DISABLEDTEXT>
            <OPTION_TEXTCOLOR>0xFFFFFFFF</OPTION_TEXTCOLOR>
            <OPTION_ACTIVETEXTCOLOR>0xFFFFFFFF</OPTION_ACTIVETEXTCOLOR>
            <OPTION_ACTIVEBACKCOLOR>0xFF0080FF</OPTION_ACTIVEBACKCOLOR>
            <BUTTON_BORDERCOLOR>0xFFFFFFFF</BUTTON_BORDERCOLOR>
            <BUTTON_TEXTCOLOR>0xFFFFFFFF</BUTTON_TEXTCOLOR>
            <BUTTON_BACKCOLOR>0x980000A0</BUTTON_BACKCOLOR>
            <BUTTON_ACTIVETEXTCOLOR>0xFFFFFFFF</BUTTON_ACTIVETEXTCOLOR>
            <BUTTON_ACTIVEBACKCOLOR>0xFF0080FF</BUTTON_ACTIVEBACKCOLOR>
            <KB_KEYBG_HIGHLIGHT>0xFF0080FF</KB_KEYBG_HIGHLIGHT>
            <KB_KEYBG_DISABLED>0xFFC0C0C0</KB_KEYBG_DISABLED>
            <KB_KEY_PRESSED>0xFF008000</KB_KEY_PRESSED>
            <KB_KEY_NORMAL>0xFF000000</KB_KEY_NORMAL>
            <KB_KEY_DISABLED>0xFFFFFFFF</KB_KEY_DISABLED>
            <KB_KEY_ACTIVEBORDER>0xFF808080</KB_KEY_ACTIVEBORDER>
            <KB_KEY_TEXTCOLOR>0xFF000000</KB_KEY_TEXTCOLOR>
            <KB_KEY_TEXTBACKCOLOR>0xFFFFFFFF</KB_KEY_TEXTBACKCOLOR>
            <KB_KEY_TEXTBORDERCOLOR>0xFFFFFF00</KB_KEY_TEXTBORDERCOLOR>
            <MENU_TEXTCOLOR>0xFFFFFF00</MENU_TEXTCOLOR>
            <MENU_ACTIVETEXTCOLOR>0xFFC0C0C0</MENU_ACTIVETEXTCOLOR>
            <MENU_BORDERCOLOR>0xFF0080FF</MENU_BORDERCOLOR>
            <MENU_ACTIVEBACKCOLOR>0x7B0080C0</MENU_ACTIVEBACKCOLOR>
            <MENU_ACTIVEBORDERCOLOR>0xFF3A3A3A</MENU_ACTIVEBORDERCOLOR>
        </ColorScheme>
    </Main>
</Skin>