<Skin Name="Console UI">

 <Information>
    <Author>Dunny</Author>
    <Copyright>2004</Copyright>
    <Version>1</Version>
 </Information>

 <LoadingScreen ShowInfo="True">
  <BackGround>loading.png</BackGround>
 </LoadingScreen>
 
 <Main globe="False" Orb="False">
 <BackGround>bg.png</BackGround>
 <Image Top="98" Left="378" Width="165" Height="147" Source="GameIcon"/>
 <Image Source="GamePreview" />
 <Menu smooth="False" Align="Middle" ShowArrows="False" ShowIcon="False" Rotate="False">
   <Position left="366" Top="291" Width="200" Height="90" />
   <Preview Top="98" Left="378" Width="165" Height="147" />
   <Font>menufont.xpr</Font>
 </Menu>

<InfoFont>Verdana_10.xpr</InfoFont>
 <Text Left="123" Top="41" Color="0xFF80FF80" Source="C:"></Text>
 <Text Left="139" Top="41" Color="0xFFFFFFFF" Source="$C_Free$ free"></Text>
 <Text Left="123" Top="61" Color="0xFF80FF80" Source="D:"></Text>
 <Text Left="139" Top="61" Width="140" Color="0xFFFFFFFF" Source="DvdTitle" Scroll="1"></Text>
 <Text Left="123" Top="81" Color="0xFF80FF80" Source="E:"></Text>
 <Text Left="139" Top="81" Color="0xFFFFFFFF" Source="$E_Free$ free"></Text>
 <Text Left="123" Top="101" Color="0xFF80FF80" Source="F:"></Text>
 <Text Left="139" Top="101" Color="0xFFFFFFFF" Source="$F_Free$ free"></Text>
 <Text Left="123" Top="148" Color="0xFF80FF80" Source="Time:"></Text>
 <Text Left="164" Top="148" Color="0xFFFFFFFF" Source="$Time$"></Text>
 <Text Left="123" Top="167" Color="0xFF80FF80" Source="Date:"></Text>
 <Text Left="165" Top="167" Color="0xFFFFFFFF" Source="$Date$"></Text>
 <Text Left="123" Top="187" Color="0xFF80FF80" Source="M/B:"></Text>
 <Text Left="160" Top="187" Color="0xFFFFFFFF" Source="$MBTempC$"></Text>
 <Text Left="123" Top="207" Color="0xFF80FF80" Source="CPU:"></Text>
 <Text Left="159" Top="207" Color="0xFFFFFFFF" Source="$CPUTempC$"></Text>
 <Text Left="123" Top="227" Color="0xFF80FF80" Source="Fan Speed:"></Text>
 <Text Left="205" Top="227" Color="0xFFFFFFFF" Source="$FanSpeed$"></Text>
 <Text Left="123" Top="247" Color="0xFF80FF80" Source="XBox:"></Text>
 <Text Left="167" Top="247" Color="0xFFFFFFFF" Source="$Version$"></Text>
 <Text Left="123" Top="298" Color="0xFF80FF80" Source="IP:"></Text>
 <Text Left="144" Top="298" Color="0xFFFFFFFF" Source="$IP$"></Text>
 <Text Left="123" Top="318" Color="0xFF80FF80" Source="Users:"></Text>
 <Text Left="169" Top="318" Color="0xFFFFFFFF" Source="$NumClient$"></Text>
 <Text Left="123" Top="338" Color="0xFF80FF80" Source="Subnet:"></Text>
 <Text Left="180" Top="338" Color="0xFFFFFFFF" Source="$Subnet$"></Text>
 <Text Left="123" Top="383" Color="0xFF80FF80" Source="Track:"></Text>
 <Text Left="169" Top="383" Width="125" Color="0xFFFFFFFF" Source="SongName" Scroll="1"></Text>
 <Text Left="123" Top="403" Color="0xFF80FF80" Source="Album:"></Text>
 <Text Left="174" Top="403" Width="120" Color="0xFFFFFFFF" Source="SoundTrack" Scroll="1"></Text>
 <Text Left="123" Top="423" Color="0xFF80FF80" Source="Time:"></Text>
 <Text Left="165" Top="423" Color="0xFFFFFFFF" Source="$SongTime$ secs"></Text>
</Main>

 <ColorScheme>
    <MENU_TEXTCOLOR>0xFFFFFFFF</MENU_TEXTCOLOR>
    <MENU_ACTIVETEXTCOLOR>0xFF80FF80</MENU_ACTIVETEXTCOLOR>
 </ColorSceme>
</Skin>