﻿<Skin name="x-pand">
    <Information>
        <Author>neverwill</Author>
        <Version>1</Version>
        <Copyright>2005</Copyright>
        <Skinner Name="UX Architect" Version="1.0c" />
    </Information>
    <Filemanager>
        <Background>filemanager.png</Background>
    </Filemanager>
    <Main Orb="False" Fog="False">
	<Background EnableAudio="False">back.png</Background>
        <InfoFont>Square-10.xpr</InfoFont>

        <Image Top="63" Left="63" Width="534" Height="347" Opacity="100">behindeverything.png</Image>
        <Image Top="115" Left="397" Width="179" Height="124" Opacity="100">beindvidpreview.png</Image>
        
        <Image Source="GamePreview" />	
	<Image Top="225" Left="405" Width="84" Height="56" Source="GameIcon" />
        <Image Top="63" Left="63" Width="535" Height="347" Opacity="100">mainoverlay.png</Image>
        <Menu Align="Middle" ShowIcon="False" ShowArrows="False">
            <Preview EnableAudio="False" Top="123" Left="410" Width="140" Height="97" />
           
            <ItemPos Top="200" Left="88" Width="218"></ItemPos>
            <ItemPos Top="225" Left="88" Width="218"></ItemPos>
            <ItemPos Top="250" Left="88" Width="218"></ItemPos>
            <ItemPos Top="275" Left="88" Width="218"></ItemPos>
	    <ItemPos Top="300" Left="88" Width="210"></ItemPos>
	    <ItemPos Top="325" Left="88" Width="210"></ItemPos>
	    <ItemPos Top="350" Left="88" Width="210"></ItemPos>
	    <ItemPos Top="375" Left="88" Width="210"></ItemPos>
	    
            <Font>Square-12.xpr</Font>
        </Menu>

	<InfoFont>Square-12.xpr</InfoFont>
		<Text Left="320" Top="295" Align="left" Color="0xffFFFFFF" Source="E: $E_FreeMB$"></Text>
		<Text Left="320" Top="323" Align="left" Color="0xffFFFFFF" Source="F: $F_FreeMB$"></Text>
		<Text Top="351" Left="320" Width="200" Scroll="1" Color="0xFFFFFFFF" Source="$SongName$" Align="Left" />
       		<Text Top="120" Left="150" Width="90" Scroll="0" Color="0xffFFFFFF" Source="$Time$" Align="Middle" />
		<Text Top="145" Left="134" Width="124" Scroll="0" Color="0xffFFFFFF" Source="$Date$" Align="Middle" />

        <ColorScheme>
            <AMBIENT_FOGCOLOR>0x78FFFFFF</AMBIENT_FOGCOLOR>
            <AMBIENT_SKYCOLOR>0xFF000000</AMBIENT_SKYCOLOR>
            <AMBIENT_CELLCOLOR>0x64007500</AMBIENT_CELLCOLOR>
            <CAPTION_TEXTCOLOR>0xFF91FC8D</CAPTION_TEXTCOLOR>
            <CAPTION_BACKCOLOR>0xFF51B9F0</CAPTION_BACKCOLOR>
            <DIALOG_BORDERCOLOR>0xFFFFFFFF</DIALOG_BORDERCOLOR>
            <DIALOG_BACKCOLOR>0x64007500</DIALOG_BACKCOLOR>
            <DIALOG_INNER_BORDERCOLOR>0xFFFFFFFF</DIALOG_INNER_BORDERCOLOR>
            <DIALOG_INNER_BACKCOLOR>0x78007500</DIALOG_INNER_BACKCOLOR>
            <DIALOG_TEXTCOLOR>0xFFFFFFFF</DIALOG_TEXTCOLOR>
            <DIALOG_DISABLEDTEXT>0xFFB3B3B4</DIALOG_DISABLEDTEXT>
            <OPTION_TEXTCOLOR>0xFFFFFFFF</OPTION_TEXTCOLOR>
            <OPTION_ACTIVETEXTCOLOR>0xFFFFFFFF</OPTION_ACTIVETEXTCOLOR>
            <OPTION_ACTIVEBACKCOLOR>0xC8030934</OPTION_ACTIVEBACKCOLOR>
            <BUTTON_BORDERCOLOR>0xFFFFFFFF</BUTTON_BORDERCOLOR>
            <BUTTON_TEXTCOLOR>0xFFFFFFFF</BUTTON_TEXTCOLOR>
            <BUTTON_BACKCOLOR>0xFF273CF3</BUTTON_BACKCOLOR>
            <BUTTON_ACTIVETEXTCOLOR>0xFFFFFFFF</BUTTON_ACTIVETEXTCOLOR>
            <BUTTON_ACTIVEBACKCOLOR>0xFF003399</BUTTON_ACTIVEBACKCOLOR>
            <KB_KEYBG_HIGHLIGHT>0xE10000FF</KB_KEYBG_HIGHLIGHT>
            <KB_KEYBG_DISABLED>0x78C0C0C0</KB_KEYBG_DISABLED>
            <KB_KEY_PRESSED>0xFF008000</KB_KEY_PRESSED>
            <KB_KEY_NORMAL>0xFF000000</KB_KEY_NORMAL>
            <KB_KEY_DISABLED>0xFFFFFFFF</KB_KEY_DISABLED>
            <KB_KEY_ACTIVEBORDER>0xFFFF0000</KB_KEY_ACTIVEBORDER>
            <KB_KEY_TEXTCOLOR>0xFF000000</KB_KEY_TEXTCOLOR>
            <KB_KEY_TEXTBACKCOLOR>0xFFFFFFFF</KB_KEY_TEXTBACKCOLOR>
            <KB_KEY_TEXTBORDERCOLOR>0x780000FF</KB_KEY_TEXTBORDERCOLOR>
            <MENU_TEXTCOLOR>0xFF000000</MENU_TEXTCOLOR>
            <MENU_ACTIVETEXTCOLOR>0xFFFFFFFF</MENU_ACTIVETEXTCOLOR>
            <MENU_ACTIVEBACKCOLOR>0x32000000</MENU_ACTIVEBACKCOLOR>
        </ColorScheme>
    </Main>
</Skin>