﻿<Skin name="Saint Seiya Hades">
    <Information>
        <Author>RaNe & Zemial</Author>
        <Version>1</Version>
        <Copyright>2004</Copyright>
        <Skinner Name="UX Architect" Version="RC1" />
    </Information>
    <IntroMovie></IntroMovie>
    <Filemanager SafeBorder="False">
        <Background>file_manager.png</Background>
    </Filemanager>
    <LoadingScreen ShowInfo="False">
        <Background>loading.jpg</Background>
    </LoadingScreen>
    <Main Globe="False" Orb="False" Fog="False">
        <Background EnableAudio="False">background.jpg</Background>
        <InfoFont>Square-10.xpr</InfoFont>
        <Text Top="443" Left="446" Width="165" Scroll="2" Color="0xFFFFFFFF" Source="Newsfeed" />
        <Text Top="423" Left="446" Width="200" Scroll="0" Color="0xFFFFFF80" Source="Pseudo:" />
	<Text Top="423" Left="512" Width="200" Scroll="0" Color="0xFFFFFFFF" Source="$NickName$" />
        <Text Top="405" Left="446" Width="200" Scroll="0" Color="0xFFFFFF80" Source="Gateway:" />
	<Text Top="405" Left="522" Width="200" Scroll="0" Color="0xFFFFFFFF" Source="$Gateway$" />
        <Text Top="389" Left="447" Width="200" Scroll="0" Color="0xFFFFFF80" Source="IP:" />
	<Text Top="389" Left="470" Width="200" Scroll="0" Color="0xFFFFFFFF" Source="$IP$" />
        <Text Top="374" Left="447" Width="200" Scroll="0" Color="0xFFFFFF80" Source="XboX:" />
	<Text Top="374" Left="496" Width="200" Scroll="0" Color="0xFFFFFFFF" Source="$Version$" />
        <Text Top="358" Left="445" Width="200" Scroll="0" Color="0xFFFFFF80" Source="CPU:" />
	<Text Top="358" Left="486" Width="200" Scroll="0" Color="0xFFFFFFFF" Source="$CPUTemp$" />
        <Text Top="341" Left="445" Width="200" Scroll="0" Color="0xFFFFFF80" Source="M/B:" />
	<Text Top="341" Left="488" Width="200" Scroll="0" Color="0xFFFFFFFF" Source="$MBTemp$" />
        <Text Top="324" Left="447" Width="200" Scroll="0" Color="0xFFFFFF80" Source="Date:" />
	<Text Top="324" Left="491" Width="200" Scroll="0" Color="0xFFFFFFFF" Source="$Date$" />
        <Text Top="308" Left="447" Width="200" Scroll="0" Color="0xFFFFFF80" Source="Heure:" />
	<Text Top="308" Left="502" Width="200" Scroll="0" Color="0xFFFFFFFF" Source="$Time$" />
        <Text Top="292" Left="447" Width="200" Scroll="0" Color="0xFFFFFF80" Source="F:" />
	<Text Top="292" Left="466" Width="200" Scroll="0" Color="0xFFFFFFFF" Source="$F_Free$" />
        <Text Top="275" Left="446" Width="200" Scroll="0" Color="0xFFFFFF80" Source="E:" />
	<Text Top="275" Left="466" Width="200" Scroll="0" Color="0xFFFFFFFF" Source="$E_Free$" />
        <Text Top="259" Left="446" Width="200" Scroll="0" Color="0xFFFFFF80" Source="D:" />
	<Text Top="259" Left="466" Width="200" Scroll="0" Color="0xFFFFFFFF" Source="$Tray$" />
        <Image Top="342" Left="49" Width="118" Height="116" Source="GameIcon" />
        <Menu Smooth="True" Align="Middle" ShowIcon="False" ShowArrows="False">
            <Position Top="61" Left="23" Width="177" Height="253" Fixed="False" FixAt="4" MaxItem="10" />
            <Font>Square-10.xpr</Font>
        </Menu>
        <ColorScheme>
            <AMBIENT_FOGCOLOR>0x78FFFFFF</AMBIENT_FOGCOLOR>
            <AMBIENT_SKYCOLOR>0xFF000000</AMBIENT_SKYCOLOR>
            <AMBIENT_CELLCOLOR>0x780000A0</AMBIENT_CELLCOLOR>
            <CAPTION_TEXTCOLOR>0xFFC0C0C0</CAPTION_TEXTCOLOR>
            <CAPTION_BACKCOLOR>0xFF008080</CAPTION_BACKCOLOR>
            <DIALOG_BORDERCOLOR>0xFF000000</DIALOG_BORDERCOLOR>
            <DIALOG_BACKCOLOR>0xFF004080</DIALOG_BACKCOLOR>
            <DIALOG_INNER_BORDERCOLOR>0xFF808080</DIALOG_INNER_BORDERCOLOR>
            <DIALOG_INNER_BACKCOLOR>0xFF004080</DIALOG_INNER_BACKCOLOR>
            <DIALOG_TEXTCOLOR>0xFFFFFFFF</DIALOG_TEXTCOLOR>
            <DIALOG_DISABLEDTEXT>0xFFFF8000</DIALOG_DISABLEDTEXT>
            <OPTION_TEXTCOLOR>0xFFFFFFFF</OPTION_TEXTCOLOR>
            <OPTION_ACTIVETEXTCOLOR>0xFFC0C0C0</OPTION_ACTIVETEXTCOLOR>
            <OPTION_ACTIVEBACKCOLOR>0x00000000</OPTION_ACTIVEBACKCOLOR>
            <BUTTON_BORDERCOLOR>0xFF808080</BUTTON_BORDERCOLOR>
            <BUTTON_TEXTCOLOR>0xFFFFFFFF</BUTTON_TEXTCOLOR>
            <BUTTON_BACKCOLOR>0xFF004080</BUTTON_BACKCOLOR>
            <BUTTON_ACTIVETEXTCOLOR>0xFFFFFFFF</BUTTON_ACTIVETEXTCOLOR>
            <BUTTON_ACTIVEBACKCOLOR>0xFF408080</BUTTON_ACTIVEBACKCOLOR>
            <KB_KEYBG_HIGHLIGHT>0xFF004080</KB_KEYBG_HIGHLIGHT>
            <KB_KEYBG_DISABLED>0x78C0C0C0</KB_KEYBG_DISABLED>
            <KB_KEY_PRESSED>0xFF0000FF</KB_KEY_PRESSED>
            <KB_KEY_NORMAL>0xFF000000</KB_KEY_NORMAL>
            <KB_KEY_DISABLED>0xFFFFFFFF</KB_KEY_DISABLED>
            <KB_KEY_ACTIVEBORDER>0xFF408080</KB_KEY_ACTIVEBORDER>
            <KB_KEY_TEXTCOLOR>0xFF000000</KB_KEY_TEXTCOLOR>
            <KB_KEY_TEXTBACKCOLOR>0xFFFFFFFF</KB_KEY_TEXTBACKCOLOR>
            <KB_KEY_TEXTBORDERCOLOR>0x78808080</KB_KEY_TEXTBORDERCOLOR>
            <MENU_TEXTCOLOR>0xFFFFFFFF</MENU_TEXTCOLOR>
            <MENU_ACTIVETEXTCOLOR>0xFFFFFFFF</MENU_ACTIVETEXTCOLOR>
            <MENU_BORDERCOLOR>0xFF808080</MENU_BORDERCOLOR>
            <MENU_BACKCOLOR>0xFF004080</MENU_BACKCOLOR>
            <MENU_ACTIVEBACKCOLOR>0xFF008080</MENU_ACTIVEBACKCOLOR>
            <MENU_ACTIVEBORDERCOLOR>0xFF808080</MENU_ACTIVEBORDERCOLOR>
        </ColorScheme>
    </Main>
</Skin>