<Skin name="blueAssasin">
	<Information>
		<Author>dtawx</Author>
		<Copyright>Copyright 2003</Copyright>
		<Version>1.0</Version>
	</Information>
	<Main Globe="True" Orb="False">
		<Background EnableAudio="False">bg.png</background>
		<Orb>orb.png</Orb>
		<Icon>orb.png</Icon>
		<GameIcon Enable="True" Opacity="29">
		<Position Top="172" Left="50" Width="188" Height="121" />
		</GameIcon>
		<Menu smooth="True" ShowArrows="False" ShowIcon="false" Rotate="False" Align="left">		
		<Position Top="170" Left="260" Width="290" Height="120" Fixed="False" FixAt="1" MaxItem="5">
		</Position>
		</Menu>

		<Text Left="460" Top="92" Align="Right" Color="0xFFFFFFFF" Source="Tray"></Text>
		<Text Left="50" Top="92" Align="Left" Color="0xFFFFFFFF" Source="NumClient"></Text>

		<Text Left="155" Top="92" Align="Left" Color="0xFFBDDFFB" Source="$IP$"></Text>
		<Text Left="139" Top="335" Align="Left" Color="0xFFFFFFFF" Source="CPUTemp"></Text>
		<Text Left="139" Top="352" Align="Left" Color="0xFFFFFFFF" Source="MBTemp"></Text>
		<Text Left="550" Top="345" Align="Right" Color="0xFFA0D1EB" Source="C_FreeMB"></Text>
		<Text Left="550" Top="362" Align="Right" Color="0xFFFFFFFF" Source="E_FreeMB"></Text>
		<Text Left="550" Top="405" Align="Right" Color="0xFFA0D1EB" Source="F_FreeMB"></Text>
		<Text Left="550" Top="422" Align="Right" Color="0xFFFFFFFF" Source="G_FreeMB"></Text>


<Text Left="194" Top="135" Align="Left" Color="0xFFFFFFFF" Source="SongName"></Text>
<Text Left="131" Top="135" Align="Left" Color="0xFFA0D1EB" Source="SongTime"></Text>

<Text Left="189" Top="369" Align="Left" Color="0xFFFFFFFF" Source="VideoMode"></Text>
<Text Left="80" Top="369" Align="Left" Color="0xFFA0D1EB" Source="Video Mode:"></Text>

<Text Left="345" Top="277" Align="Left" Color="0xFF000000" Source="DateTime"></Text>
<Text Left="346" Top="278" Align="Left" Color="0xFF66B5DF" Source="DateTime"></Text>

<Text Left="80" Top="342" Align="Left" Color="0xFFA0D1EB" Source="Temp:"></Text>

<Text Left="159" Top="387" Align="Left" Color="0xFFFFFFFF" Source="Version"></Text>
<Text Left="80" Top="387" Align="Left" Color="0xFFA0D1EB" Source="Version:"></Text>

<Text Left="142" Top="404" Align="Left" Color="0xFFFFFFFF" Source="LaunchMode"></Text>
<Text Left="80" Top="404" Align="Left" Color="0xFFA0D1EB" Source="Mode:"></Text>


<Text Left="152" Top="422" Align="Left" Color="0xFFFFFFFF" Source="FanSpeed"></Text>
<Text Left="80" Top="422" Align="Left" Color="0xFFA0D1EB" Source="Cooling:"></Text>


<Text Left="406" Top="30" Align="left" Color="0xFFFFFFFF" Source="NickName"></Text>


	</Main>

	
	<ColorScheme >
		<AMBIENT_FOGCOLOR>0xFF000000</AMBIENT_FOGCOLOR>
		<AMBIENT_SKYCOLOR></AMBIENT_SKYCOLOR>
		<AMBIENT_CELLCOLOR>0x00FFFFFF</AMBIENT_CELLCOLOR>

		<CAPTION_TEXTCOLOR>0xFFFFFFFF</CAPTION_TEXTCOLOR>
		<CAPTION_BACKCOLOR>0xFF2E438D</CAPTION_BACKCOLOR>
		<DIALOG_BORDERCOLOR>0xFFFFFFFF</DIALOG_BORDERCOLOR>
		<DIALOG_BACKCOLOR>0x51C1C1</DIALOG_BACKCOLOR>
		<DIALOG_INNER_BORDERCOLOR>0xFFFFFFFF</DIALOG_INNER_BORDERCOLOR>
		<DIALOG_INNER_BACKCOLOR>0xFF0E8BF1</DIALOG_INNER_BACKCOLOR>
		<DIALOG_TEXTCOLOR>0xFFFFFFFF</DIALOG_TEXTCOLOR>

		<DIALOG_DISABLEDTEXT>0xFFC0C0C0</DIALOG_DISABLEDTEXT>

		<OPTION_TEXTCOLOR>0xFFFFFFFF</OPTION_TEXTCOLOR>
		<OPTION_ACTIVETEXTCOLOR>0xFFFFFFFF</OPTION_ACTIVETEXTCOLOR>
		<OPTION_ACTIVEBACKCOLOR></OPTION_ACTIVEBACKCOLOR>

		<BUTTON_BORDERCOLOR></BUTTON_BORDERCOLOR>
		<BUTTON_TEXTCOLOR>0xFF02C90C</BUTTON_TEXTCOLOR>
		<BUTTON_BACKCOLOR>0xCD636482</BUTTON_BACKCOLOR>
		<BUTTON_ACTIVETEXTCOLOR>0xFFFFFFFF</BUTTON_ACTIVETEXTCOLOR>
		<BUTTON_ACTIVEBACKCOLOR>0xE102C90C</BUTTON_ACTIVEBACKCOLOR>	
		
		<KB_KEYBG_HIGHLIGHT>0xCC00C000</KB_KEYBG_HIGHLIGHT>
		<KB_KEYBG_DISABLED>0xffc0c0c0</KB_KEYBG_DISABLED>
		<KB_KEY_PRESSED>0xff808080</KB_KEY_PRESSED>
		<KB_KEY_NORMAL>0xff000000</KB_KEY_NORMAL>
		<KB_KEY_DISABLED>0xff808080</KB_KEY_DISABLED>
		<KB_KEY_ACTIVEBORDER>0xff008000</KB_KEY_ACTIVEBORDER>
		<KB_KEY_TEXTCOLOR>0xff000000</KB_KEY_TEXTCOLOR>
		<KB_KEY_TEXTBACKCOLOR>0xffFFFFFF</KB_KEY_TEXTBACKCOLOR>
		<KB_KEY_TEXTBORDERCOLOR>0xff0000FF</KB_KEY_TEXTBORDERCOLOR>

		<MENU_TEXTCOLOR>0xFF81BEFC</MENU_TEXTCOLOR>
		<MENU_ACTIVETEXTCOLOR>0xFF4060B5</MENU_ACTIVETEXTCOLOR>
		<MENU_BORDERCOLOR>0x00000000</MENU_BORDERCOLOR>
		<MENU_BACKCOLOR>0x00000000</MENU_BACKCOLOR>
		<MENU_ACTIVEBACKCOLOR></MENU_ACTIVEBACKCOLOR>
		<MENU_ACTIVEBORDERCOLOR></MENU_ACTIVEBORDERCOLOR>
	</ColorScheme>
</Skin>