<Skin name="Green Athloni - Kyro v4">
	<Information>
	  <Author>Athloni - Kyro</Author> <!-- Kyro, that's my nick ;) -->
	</Information>
	<Main Globe="True" Orb="True" Fog="True">
	  <Background>fog.png</Background>
	  <Orb>orb_und.png</Orb>
	  <Cellwall>Cell.png</Cellwall>
	  <Image>bgms.png</Image> <!-- little change for the IP & the free space -->
	  <Image Source="GameIcon" />
	  <Image Left="130" Top="118" Width="110" Height="110" Source="GamePreview" />
	  <Image Left="90" Top="83" Width="233" Height="233" Opacity="100">orb_up.png</Image>
	  <Menu Smooth="False" Align="Left" ShowArrows="True" Rotate="False" ShowIcon="False">
	      <Preview EnableAudio="False" Left="148" Top="136" Width="130" Height="136" />
	      <!-- font changed to look more like the one in the original dash -->
		<font>XBox_Book_15.xpr</font> 
		<Position Top="104" Left="364" Width="230" Height="260" Fixed="False" FixAt="1" MaxItem="8">
		</Position>
		</Menu>
		<!-- IP added in the middle of the gfx on the left up corner (the gfx is long enough to show the longest ip possible static or dhcp) -->
		<Text Left="20" Top="9" Align="Middle" Width="240" Color="0xFF5C9F33" Source="IP"></text>
		
		<!-- little changes on the coordinates of time, cpu & mb temp to aligne better with the gfx -->
		<Text Left="558" Top="57" Align="Right" Color="0xFF000000" Source="Time"></text>
		
		<!-- Free space aligned to the left for a better viewing -->
		<Text Left="222" Top="382" Align="Left" Color="0xFF5C9F33" Source="C_FreeMB"></Text>
		<Text Left="222" Top="402" Align="Left" Color="0xFF5C9F33" Source="E_FreeMB"></text>
		
		<!-- Temperatures aligned to the right for a better viewing -->
		<Text Left="428" Top="422" Align="Right" Color="0xFF5C9F33" Source="CPUTemp"></text>
		<Text Left="428" Top="442" Align="Right" Color="0xFF5C9F33" Source="MBTemp"></text>
		
		<!-- little change to the coords to align to the left, it corrects a bug when state was changing -->
		<Text Left="492" Top="367" Align="Left" Color="0xFF000000" Source="Tray"></text>
	</Main>
	<LoadingScreen>
	<Background>loading.png</Background>
	</LoadingScreen>
	<ColorScheme >
		<AMBIENT_FOGCOLOR>0xFF153101</AMBIENT_FOGCOLOR>
		
		<!-- Remove the blue background when screen is not calibrated -->
		<AMBIENT_SKYCOLOR>0xff000000</AMBIENT_SKYCOLOR>
		
		<AMBIENT_CELLCOLOR>0xFFFFFFFF</AMBIENT_CELLCOLOR>

		<CAPTION_TEXTCOLOR>0xFFFFFFFF</CAPTION_TEXTCOLOR>
		<CAPTION_BACKCOLOR>0xFF000000</CAPTION_BACKCOLOR>
		<DIALOG_BORDERCOLOR>0xFFFFFFFF</DIALOG_BORDERCOLOR>
		<DIALOG_BACKCOLOR>0xFF06870D</DIALOG_BACKCOLOR>
		<DIALOG_INNER_BORDERCOLOR>0xFFFFFFFF</DIALOG_INNER_BORDERCOLOR>
		<DIALOG_INNER_BACKCOLOR>0xFF06870D</DIALOG_INNER_BACKCOLOR>
		<DIALOG_TEXTCOLOR>0xFFFFFFFF</DIALOG_TEXTCOLOR>
		<DIALOG_DISABLEDTEXT>0xFFC0C0C0</DIALOG_DISABLEDTEXT>

		<OPTION_TEXTCOLOR>0xFFffffff</OPTION_TEXTCOLOR>
		<OPTION_ACTIVETEXTCOLOR>0xFFFFFD02</OPTION_ACTIVETEXTCOLOR>
		<OPTION_ACTIVEBACKCOLOR>0xFF000000</OPTION_ACTIVEBACKCOLOR>

		<BUTTON_BORDERCOLOR>0xFF000000</BUTTON_BORDERCOLOR>
		<BUTTON_TEXTCOLOR>0xFF02C90C</BUTTON_TEXTCOLOR>
		<BUTTON_BACKCOLOR>0xFF06870D</BUTTON_BACKCOLOR>
		<BUTTON_ACTIVETEXTCOLOR>0xFFFFFFFF</BUTTON_ACTIVETEXTCOLOR>
		<BUTTON_ACTIVEBACKCOLOR>0xE102C90C</BUTTON_ACTIVEBACKCOLOR>	
		
		<KB_KEYBG_HIGHLIGHT>0xCC00C000</KB_KEYBG_HIGHLIGHT>
		<KB_KEYBG_DISABLED>0xffc0c0c0</KB_KEYBG_DISABLED>
		<KB_KEY_PRESSED>0xff808080</KB_KEY_PRESSED>
		<KB_KEY_NORMAL>0xff000000</KB_KEY_NORMAL>
		<KB_KEY_DISABLED>0xff808080</KB_KEY_DISABLED>
		<KB_KEY_ACTIVEBORDER>0xff008000</KB_KEY_ACTIVEBORDER>
		<KB_KEY_TEXTCOLOR>0xff000000</KB_KEY_TEXTCOLOR>
		<KB_KEY_TEXTBACKCOLOR>0xffFFFFFF</KB_KEY_TEXTBACKCOLOR>
		<KB_KEY_TEXTBORDERCOLOR>0xff0000FF</KB_KEY_TEXTBORDERCOLOR>
			
			<MENU_TEXTCOLOR>0xFF72C63F</MENU_TEXTCOLOR>
			<MENU_ACTIVETEXTCOLOR>0xFF000000</MENU_ACTIVETEXTCOLOR>
			<MENU_BORDERCOLOR>0x00000000</MENU_BORDERCOLOR>
			<MENU_BACKCOLOR>0x00000000</MENU_BACKCOLOR>
			<MENU_ACTIVEBACKCOLOR>0xFFA8CC00</MENU_ACTIVEBACKCOLOR>
			<MENU_ACTIVEBORDERCOLOR>0x00000000</MENU_ACTIVEBORDERCOLOR>
	</ColorScheme>
</Skin>