﻿<Skin name="Farscape">
    <Information>
        <Author>TheChief</Author>
        <Version>1</Version>
        <Copyright>2004</Copyright>
        <Skinner Name="UX Architect" Version="1.0c" />
    </Information>
    <IntroMovie>intro.wmv</IntroMovie>
    <Filemanager SafeBorder="False">
        <Background>filemanager.png</Background>
    </Filemanager>
    <LoadingScreen ShowInfo="False">
        <Background>loading.wmv</Background>
    </LoadingScreen>
    <Main Globe="False" Orb="False" Fog="False">
        <Background EnableAudio="False">background.xmv</Background>
        <InfoFont>Square-10.xpr</InfoFont>
        <Text Top="98" Left="9" Width="200" Scroll="0" Color="0xFFDFCDA2" Source="Gateway" Align="Left" />
        <Text Top="113" Left="9" Width="200" Scroll="0" Color="0xFFDFCDA2" Source="Subnet" Align="Left" />
        <Text Top="84" Left="9" Width="200" Scroll="0" Color="0xFFDFCDA2" Source="IP" Align="Left" />
        <Text Top="359" Left="9" Width="132" Scroll="0" Color="0xFFDFCDA2" Source="CPUTempC" Align="Left" />
        <Text Top="386" Left="9" Width="132" Scroll="0" Color="0xFFDFCDA2" Source="FanSpeed" Align="Left" />
        <Text Top="372" Left="9" Width="132" Scroll="0" Color="0xFFDFCDA2" Source="MBTempC" Align="Left" />
        <Text Top="417" Left="9" Width="200" Scroll="0" Color="0xFFDFCDA2" Source="C_FreeMB" Align="Left" />
        <Text Top="434" Left="9" Width="200" Scroll="0" Color="0xFFDFCDA2" Source="E_FreeMB" Align="Left" />
        <Text Top="437" Left="490" Width="145" Scroll="0" Color="0xFFDFCDA2" Source="Time" Align="Left" />
        <Text Top="453" Left="491" Width="145" Scroll="0" Color="0xFFDFCDA2" Source="Date" Align="Left" />
        <Text Top="451" Left="9" Width="200" Scroll="0" Color="0xFFDFCDA2" Source="F_FreeMB" Align="Left" />
        <Text Top="455" Left="221" Width="233" Scroll="2" Color="0xFFDFCDA2" Source="Newsfeed" Align="Left" />
        <Image Top="35" Left="345" Width="75" Height="76" Source="GameIcon" />
        <Menu Scroll="True" Align="Left" ShowIcon="False">
            <Position Top="22" Left="444" Width="155" Height="104" Fixed="False" FixAt="2" MaxItem="5" />
            <Font>Square-10.xpr</Font>
        </Menu>
        <ColorScheme>
            <AMBIENT_FOGCOLOR>0xFFFF0000</AMBIENT_FOGCOLOR>
            <AMBIENT_SKYCOLOR>0xFF400000</AMBIENT_SKYCOLOR>
            <AMBIENT_CELLCOLOR>0xFFFFFFFF</AMBIENT_CELLCOLOR>
            <CAPTION_TEXTCOLOR>0xFFFFFFFF</CAPTION_TEXTCOLOR>
            <CAPTION_BACKCOLOR>0xFF000000</CAPTION_BACKCOLOR>
            <DIALOG_BORDERCOLOR>0xFFFFFFFF</DIALOG_BORDERCOLOR>
            <DIALOG_BACKCOLOR>0xD1804000</DIALOG_BACKCOLOR>
            <DIALOG_INNER_BORDERCOLOR>0xFFFFFFFF</DIALOG_INNER_BORDERCOLOR>
            <DIALOG_INNER_BACKCOLOR>0xFF000000</DIALOG_INNER_BACKCOLOR>
            <DIALOG_TEXTCOLOR>0xFFFFFFFF</DIALOG_TEXTCOLOR>
            <DIALOG_DISABLEDTEXT>0xFFB3B3B4</DIALOG_DISABLEDTEXT>
            <OPTION_TEXTCOLOR>0xFFFFFFFF</OPTION_TEXTCOLOR>
            <OPTION_ACTIVETEXTCOLOR>0xFFFFFFFF</OPTION_ACTIVETEXTCOLOR>
            <OPTION_ACTIVEBACKCOLOR>0xFF804040</OPTION_ACTIVEBACKCOLOR>
            <BUTTON_BORDERCOLOR>0xFFFFFFFF</BUTTON_BORDERCOLOR>
            <BUTTON_TEXTCOLOR>0xFFFFFFFF</BUTTON_TEXTCOLOR>
            <BUTTON_BACKCOLOR>0xFF400000</BUTTON_BACKCOLOR>
            <BUTTON_ACTIVETEXTCOLOR>0xFFFFFFFF</BUTTON_ACTIVETEXTCOLOR>
            <BUTTON_ACTIVEBACKCOLOR>0xFF800000</BUTTON_ACTIVEBACKCOLOR>
            <KB_KEYBG_HIGHLIGHT>0xFF800000</KB_KEYBG_HIGHLIGHT>
            <KB_KEYBG_DISABLED>0xFFC0C0C0</KB_KEYBG_DISABLED>
            <KB_KEY_PRESSED>0xFF008000</KB_KEY_PRESSED>
            <KB_KEY_NORMAL>0xFF000000</KB_KEY_NORMAL>
            <KB_KEY_DISABLED>0xFFFFFFFF</KB_KEY_DISABLED>
            <KB_KEY_ACTIVEBORDER>0xFFFFFFFF</KB_KEY_ACTIVEBORDER>
            <KB_KEY_TEXTCOLOR>0xFF000000</KB_KEY_TEXTCOLOR>
            <KB_KEY_TEXTBACKCOLOR>0xFFFFFFFF</KB_KEY_TEXTBACKCOLOR>
            <KB_KEY_TEXTBORDERCOLOR>0xFFFFFFFF</KB_KEY_TEXTBORDERCOLOR>
            <MENU_TEXTCOLOR>0xFF9C6D43</MENU_TEXTCOLOR>
            <MENU_ACTIVETEXTCOLOR>0xFFFFFFFF</MENU_ACTIVETEXTCOLOR>
        </ColorScheme>
    </Main>
</Skin>