<Skin name="NEUTEK_girl01">
	<Information>
		<Author>SILX-PeNe</Author>
		<Copyright>Copyright 2003</Copyright>
		<Version>4.2</Version>
	</Information>
	<Main Globe="True" Orb="False">
		<BackGround>neutekgirl01.png</BackGround>
		<Cellwall>Cell.png</Cellwall>
		<Orb>orb.png</Orb>
		<Icon>orb.png</Icon>
		<Image Left="192" Top="102" Width="221" Height="221">image.png</Image>
		<GameIcon Enable="True" Opacity="0">
			<Position Top="111" Left="213" Width="182" Height="182" />
		</GameIcon>
		<InfoFont>Morpheus_10.xpr</InfoFont>
		<Menu Smooth="False" Align="Right" Rotate="False" ShowIcon="False">
		<Position Top="334" Left="45" Width="310" Height="95" Fixed="False" FixAt="1" MaxItem="8">
		</Position>
		<Font>Morpheus_14.xpr</Font>
		</Menu>
		<Text Left="47" Top="158" Align="Left" Color="0xFFD4D4D4" Source="$DateTime$" />
		<Text Left="47" Top="172" Align="Left" Color="0xFFC0C0C0" Source="Unit ID - $NickName$"></Text>
		<Text Left="47" Top="186" Align="Left" Color="0xFFB2B2B2" Source="XBox $Version$"></Text>
		<Text Left="47" Top="200" Align="Left" Color="0xFF9F9F9F" Source="IP - $IP$"></Text>
		<Text Left="47" Top="214" Align="Left" Color="0xFF8B8B8B" Source="Users - $NumClient$"></Text>
		<Text Left="47" Top="228" Align="Left" Color="0xFF7F7F7F" Source="E:\$E_FreeMB$"></Text>
		<Text Left="47" Top="242" Align="Left" Color="0xFF757575" Source="F:\$F_FreeMB$"></Text>
		<Text Left="47" Top="256" Align="Left" Color="0xFF646464" Source="G:\$G_FreeMB$"></Text>
		<Text Left="47" Top="270" Align="Left" Color="0xFF515151" Source="Optical - $DVDType$"></Text>
		<Text Left="47" Top="284" Align="Left" Color="0xFF000000" Source="$SongName$"></Text>
	</Main>

	
		<ColorScheme Name="Default">
			<AMBIENT_FOGCOLOR>0xFF000040</AMBIENT_FOGCOLOR>
			<AMBIENT_SKYCOLOR>0xFF000040</AMBIENT_SKYCOLOR>
			<AMBIENT_CELLCOLOR>0x065A79CE</AMBIENT_CELLCOLOR>

			<CAPTION_TEXTCOLOR>0xFFFFFFC0</CAPTION_TEXTCOLOR>
			<CAPTION_BACKCOLOR>0xFF4274FF</CAPTION_BACKCOLOR>
			<DIALOG_BORDERCOLOR>0xFFFFFFFF</DIALOG_BORDERCOLOR>
			<DIALOG_BACKCOLOR>0xCD1E34F2</DIALOG_BACKCOLOR>
			<DIALOG_INNER_BORDERCOLOR>0xFFFFE2B4</DIALOG_INNER_BORDERCOLOR>
			<DIALOG_INNER_BACKCOLOR>0xE1003399</DIALOG_INNER_BACKCOLOR>
			<DIALOG_TEXTCOLOR>0xFFFFFFFF</DIALOG_TEXTCOLOR>

			<DIALOG_DISABLEDTEXT>0x7F0000C0</DIALOG_DISABLEDTEXT>

			<OPTION_TEXTCOLOR>0xFFFFFFFF</OPTION_TEXTCOLOR>
			<OPTION_ACTIVETEXTCOLOR>0xFF40FFFF</OPTION_ACTIVETEXTCOLOR>
			<OPTION_ACTIVEBACKCOLOR>0xFF000080</OPTION_ACTIVEBACKCOLOR>

			<BUTTON_BORDERCOLOR>0xFFFFE2B4</BUTTON_BORDERCOLOR>
			<BUTTON_TEXTCOLOR>0xFF993300</BUTTON_TEXTCOLOR>
			<BUTTON_BACKCOLOR>0xCD1E34F2</BUTTON_BACKCOLOR>
			<BUTTON_ACTIVETEXTCOLOR>0xFFFFFFFF</BUTTON_ACTIVETEXTCOLOR>
			<BUTTON_ACTIVEBACKCOLOR>0xE1003399</BUTTON_ACTIVEBACKCOLOR>	
			
			<KB_KEYBG_HIGHLIGHT>0xcc0000C0</KB_KEYBG_HIGHLIGHT>
			<KB_KEYBG_DISABLED>0xffc0c0c0</KB_KEYBG_DISABLED>
			<KB_KEY_PRESSED>0xff808080</KB_KEY_PRESSED>
			<KB_KEY_NORMAL>0xff000000</KB_KEY_NORMAL>
			<KB_KEY_DISABLED>0xff808080</KB_KEY_DISABLED>
			<KB_KEY_ACTIVEBORDER>0xff0000FF</KB_KEY_ACTIVEBORDER>
			<KB_KEY_TEXTCOLOR>0xff000000</KB_KEY_TEXTCOLOR>
			<KB_KEY_TEXTBACKCOLOR>0xffFFFFFF</KB_KEY_TEXTBACKCOLOR>
			<KB_KEY_TEXTBORDERCOLOR>0xff0000FF</KB_KEY_TEXTBORDERCOLOR>
			
			<MENU_TEXTCOLOR>0xFF4F4F4F</MENU_TEXTCOLOR>
			<MENU_ACTIVETEXTCOLOR>0xFFA7C1E9</MENU_ACTIVETEXTCOLOR>
			<MENU_BORDERCOLOR>0x00000000</MENU_BORDERCOLOR>
			<MENU_BACKCOLOR>0x00000000</MENU_BACKCOLOR>
			<MENU_ACTIVEBACKCOLOR>0x00000000</MENU_ACTIVEBACKCOLOR>
			<MENU_ACTIVEBORDERCOLOR>0x00000000</MENU_ACTIVEBORDERCOLOR>
		</ColorScheme>
</Skin>