﻿<Skin name="Blue infernos">
    <Information>
        <Author>Streamercrow</Author>
        <Version>1</Version>
        <Copyright>2010</Copyright>
        <Skinner Name="UX Architect" Version="1.0c" />
    </Information>
    <IntroMovie>intro.xmv</IntroMovie>
    <Filemanager SafeBorder="False">
        <Background>55700-Kore - Default.png</Background>
    </Filemanager>
    <Main Orb="False">
        <Background EnableAudio="False">background.xmv</Background>
        <InfoFont>1979-10.xpr</InfoFont>
        <Text Top="390" Left="508" Width="65" Scroll="0" Color="0xFFFFFFFF" Source="SongTime" Align="Left" />
        <Text Top="416" Left="8" Width="200" Scroll="0" Color="0xFFFFFFFF" Source="MBTemp" Align="Left" />
        <Text Top="388" Left="8" Width="200" Scroll="0" Color="0xFF000000" Source="Gateway" Align="Middle" />
        <Text Top="364" Left="8" Width="200" Scroll="0" Color="0xFF000000" Source="IP" Align="Middle" />
        <Text Top="27" Left="437" Width="200" Scroll="0" Color="0xFF000000" Source="Date" Align="Left" />
        <Text Top="8" Left="437" Width="200" Scroll="0" Color="0xFF000000" Source="Time" Align="Left" />
        <Text Top="49" Left="219" Width="200" Scroll="0" Color="0xFF000000" Source="F_Total" Align="Left" />
        <Text Top="28" Left="219" Width="200" Scroll="0" Color="0xFF000000" Source="F_Free" Align="Left" />
        <Text Top="80" Left="7" Width="200" Scroll="0" Color="0xFF000000" Source="G_Free" Align="Left" />
        <Text Top="51" Left="13" Width="200" Scroll="0" Color="0xFF000000" Source="C_Total" Align="Left" />
        <Text Top="7" Left="6" Width="200" Scroll="0" Color="0xFF000000" Source="DVDTitle" Align="Middle" />
        <Text Top="397" Left="284" Width="200" Scroll="2" Color="0xFFFFFFFF" Source="SongName" Align="Left" />
        <Text Top="448" Left="17" Width="200" Scroll="0" Color="0xFFFFFFFF" Source="CPUTemp" Align="Left" />
        <Text Top="28" Left="14" Width="200" Scroll="0" Color="0xFFFFFFFF" Source="C_Free" Align="Left" />
        <Image Top="112" Left="-272" Width="102" Height="95" Opacity="100">Paw.png</Image>
        <Image Top="0" Left="-94" Width="88" Height="73" Opacity="100">shadows 3.png</Image>
        <Image Top="1" Left="0" Width="641" Height="476" Opacity="100">xbox copy.png</Image>
        <Image Top="93" Left="305" Width="301" Height="227" Opacity="100">Cool 2.png</Image>
        <Image Source="GamePreview" />
        <Menu Smooth="True" Align="Left" ShowIcon="False" Rotate="True" ShowArrows="False">
            <Preview EnableAudio="True" Top="140" Left="95" Width="213" Height="148" />
            <ItemPos Top="120" Left="337" Width="200"></ItemPos>
            <ItemPos Top="160" Left="357" Width="200"></ItemPos>
            <ItemPos Top="200" Left="377" Width="200"></ItemPos>
            <ItemPos Top="240" Left="357" Width="200"></ItemPos>
            <ItemPos Top="280" Left="337" Width="200"></ItemPos>
            <Font>1979-12.xpr</Font>
        </Menu>
        <ColorScheme>
            <AMBIENT_FOGCOLOR>0x7EFFFFFF</AMBIENT_FOGCOLOR>
            <AMBIENT_SKYCOLOR>0xFF000000</AMBIENT_SKYCOLOR>
            <AMBIENT_CELLCOLOR>0x000080FF</AMBIENT_CELLCOLOR>
            <CAPTION_TEXTCOLOR>0xFFFFFFFF</CAPTION_TEXTCOLOR>
            <CAPTION_BACKCOLOR>0x7E0080FF</CAPTION_BACKCOLOR>
            <DIALOG_BORDERCOLOR>0x670080FF</DIALOG_BORDERCOLOR>
            <DIALOG_BACKCOLOR>0x4C000000</DIALOG_BACKCOLOR>
            <DIALOG_INNER_BORDERCOLOR>0xB00080FF</DIALOG_INNER_BORDERCOLOR>
            <DIALOG_INNER_BACKCOLOR>0x7E000000</DIALOG_INNER_BACKCOLOR>
            <DIALOG_TEXTCOLOR>0xFFFFFFFF</DIALOG_TEXTCOLOR>
            <DIALOG_DISABLEDTEXT>0xFFB3B3B4</DIALOG_DISABLEDTEXT>
            <OPTION_TEXTCOLOR>0xFFFFFFFF</OPTION_TEXTCOLOR>
            <OPTION_ACTIVETEXTCOLOR>0xFFFFFFFF</OPTION_ACTIVETEXTCOLOR>
            <OPTION_ACTIVEBACKCOLOR>0xA20080FF</OPTION_ACTIVEBACKCOLOR>
            <BUTTON_BORDERCOLOR>0xFF8080FF</BUTTON_BORDERCOLOR>
            <BUTTON_TEXTCOLOR>0xFFFFFFFF</BUTTON_TEXTCOLOR>
            <BUTTON_BACKCOLOR>0x8E0000A0</BUTTON_BACKCOLOR>
            <BUTTON_ACTIVETEXTCOLOR>0xFFFFFFFF</BUTTON_ACTIVETEXTCOLOR>
            <BUTTON_ACTIVEBACKCOLOR>0x9F0080FF</BUTTON_ACTIVEBACKCOLOR>
            <KB_KEYBG_HIGHLIGHT>0xFF0080FF</KB_KEYBG_HIGHLIGHT>
            <KB_KEYBG_DISABLED>0xFFC0C0C0</KB_KEYBG_DISABLED>
            <KB_KEY_PRESSED>0xFF008000</KB_KEY_PRESSED>
            <KB_KEY_NORMAL>0xFF000000</KB_KEY_NORMAL>
            <KB_KEY_DISABLED>0xFFFFFFFF</KB_KEY_DISABLED>
            <KB_KEY_ACTIVEBORDER>0xFF808080</KB_KEY_ACTIVEBORDER>
            <KB_KEY_TEXTCOLOR>0xFF000000</KB_KEY_TEXTCOLOR>
            <KB_KEY_TEXTBACKCOLOR>0xFFFFFFFF</KB_KEY_TEXTBACKCOLOR>
            <KB_KEY_TEXTBORDERCOLOR>0xFF00FFFF</KB_KEY_TEXTBORDERCOLOR>
            <MENU_TEXTCOLOR>0xFFFFFFFF</MENU_TEXTCOLOR>
            <MENU_ACTIVETEXTCOLOR>0xFF00FFFF</MENU_ACTIVETEXTCOLOR>
            <MENU_BORDERCOLOR>0xA20080FF</MENU_BORDERCOLOR>
            <MENU_BACKCOLOR>0x14000000</MENU_BACKCOLOR>
            <MENU_ACTIVEBORDERCOLOR>0x958080FF</MENU_ACTIVEBORDERCOLOR>
        </ColorScheme>
    </Main>
</Skin>