<Skin name="DumbUser">
    <Information>
        <Author>Your Name</Author>
        <Version>1</Version>
        <Copyright>2004</Copyright>
        <Skinner Name="UX Architect" Version="1.0c" />
    </Information>
    <Main Globe="True" Orb="False" Fog="True">
        <Background EnableAudio="False">back.png</Background>
        <Image Top="312" Left="119" Width="191" Height="144" Source="GameIcon" />
        <Image Source="GamePreview" />
        <Menu Align="Middle" ShowIcon="False" ShowArrows="true">
            <Preview EnableAudio="False" Top="312" Left="338" Width="191" Height="144" />
            <Position Top="134" Left="58" Width="528" Height="115" Fixed="False" FixAt="0" MaxItem="4" />
            <Font>CaptionFont</Font>
        </Menu>
        
	<InfoFont>dungeon_11.xpr</InfoFont>
	<Text Top="25" Left="530" Align="Middle" Color="0xFF538117" ScaleX="120" ScaleY="120" Source="$Time$"></Text>
	<Text Top="43" Left="530" Align="Middle" Color="0xFF538117" ScaleX="100" ScaleY="100" Source="$Date$"></Text>

	<ColorScheme Name="Default">
	        <AMBIENT_FOGCOLOR>0xFF000000</AMBIENT_FOGCOLOR>
	        <AMBIENT_SKYCOLOR>0xFF000000</AMBIENT_SKYCOLOR>
	        <AMBIENT_CELLCOLOR>0xFF00F000</AMBIENT_CELLCOLOR>
	        <CAPTION_TEXTCOLOR>0xFFFFFFFF</CAPTION_TEXTCOLOR>
	        <CAPTION_BACKCOLOR>0x005B5B5B</CAPTION_BACKCOLOR>
	        <DIALOG_BORDERCOLOR>0xFF70BA1F</DIALOG_BORDERCOLOR>
            <DIALOG_BACKCOLOR>0xFF0A0A0A</DIALOG_BACKCOLOR>
            <DIALOG_INNER_BORDERCOLOR>0xFF70BA1F</DIALOG_INNER_BORDERCOLOR>
            <DIALOG_INNER_BACKCOLOR>0xFF000000</DIALOG_INNER_BACKCOLOR>
	        <DIALOG_TEXTCOLOR>0xFF538117</DIALOG_TEXTCOLOR>
	        <DIALOG_DISABLEDTEXT>0x55828284</DIALOG_DISABLEDTEXT>
	        <OPTION_TEXTCOLOR>0xFF538117</OPTION_TEXTCOLOR>
	        <OPTION_ACTIVETEXTCOLOR>0xFFFFFF00</OPTION_ACTIVETEXTCOLOR>
	        <OPTION_ACTIVEBACKCOLOR>0x5A414141</OPTION_ACTIVEBACKCOLOR>
	        <BUTTON_BORDERCOLOR>0xFF70BA1F</BUTTON_BORDERCOLOR>
	        <BUTTON_TEXTCOLOR>0xFF70BA1F</BUTTON_TEXTCOLOR>
	        <BUTTON_BACKCOLOR>0xFF0A0A0A</BUTTON_BACKCOLOR>
	        <BUTTON_ACTIVETEXTCOLOR>0xFF000000</BUTTON_ACTIVETEXTCOLOR>
	        <BUTTON_ACTIVEBACKCOLOR>0xBB70BA1F</BUTTON_ACTIVEBACKCOLOR>
	        <KB_KEYBG_HIGHLIGHT>0xFF006A00</KB_KEYBG_HIGHLIGHT>
	        <KB_KEYBG_DISABLED>0xFFC0C0C0</KB_KEYBG_DISABLED>
	        <KB_KEY_PRESSED>0xFF00FF00</KB_KEY_PRESSED>
	        <KB_KEY_NORMAL>0xFF000000</KB_KEY_NORMAL>
	        <KB_KEY_DISABLED>0x74000000</KB_KEY_DISABLED>
	        <KB_KEY_ACTIVEBORDER>0xFF000000</KB_KEY_ACTIVEBORDER>
	        <KB_KEY_TEXTCOLOR>0xFF000000</KB_KEY_TEXTCOLOR>
	        <KB_KEY_TEXTBACKCOLOR>0xFFD0D0D0</KB_KEY_TEXTBACKCOLOR>
	        <KB_KEY_TEXTBORDERCOLOR>0xFF70BA1F</KB_KEY_TEXTBORDERCOLOR>
		<MENU_TEXTCOLOR>0xFF538117</MENU_TEXTCOLOR>
		<MENU_ACTIVETEXTCOLOR>0xFFFFF000</MENU_ACTIVETEXTCOLOR>
		<MENU_BORDERCOLOR>0x00000000</MENU_BORDERCOLOR>
		<MENU_BACKCOLOR>0x00000000</MENU_BACKCOLOR>
		<MENU_ACTIVEBACKCOLOR>0x00000000</MENU_ACTIVEBACKCOLOR>
		<MENU_ACTIVEBORDERCOLOR>0x00000000</MENU_ACTIVEBORDERCOLOR>
	</ColorScheme>
    </Main>
    <LoadingScreen ShowInfo="False">
	<BackGround>wait.png</BackGround>
    </LoadingScreen>
    <FileManager SafeBorder="False" DrawBorder="False"></FileManager>

</Skin>