﻿<Skin name="Wolvie">
    <Information>
        <Author>Caine</Author>
        <Version>1</Version>
        <Copyright>2005</Copyright>
        <Skinner Name="UX Architect" Version="1.0c" />
    </Information>
    <Filemanager SafeBorder="False">
        <Background>wolvieintro.jpg</Background>
    </Filemanager>
    <LoadingScreen ShowInfo="False">
        <Background>wolvieload.jpg</Background>
    </LoadingScreen>
    <Main Globe="False" Orb="False" Fog="False">
        <Background EnableAudio="False">wolvie.jpg</Background>
        <InfoFont>Square-10.xpr</InfoFont>
        <Text Top="35" Left="18" Width="200" Scroll="0" Color="0xFF747591" Source="Time" Align="Left" />
        <Text Top="52" Left="17" Width="200" Scroll="0" Color="0xFF747591" Source="Date" Align="Left" />
        <Text Top="354" Left="221" Width="200" Scroll="2" Color="0xFF747591" Source="Newsfeed" Align="Left" />
        <Text Top="101" Left="18" Width="200" Scroll="0" Color="0xFFFFFFFF" Source="CPUTempF" Align="Left" />
        <Text Top="117" Left="18" Width="200" Scroll="0" Color="0xFFFFFFFF" Source="MBTempF" Align="Left" />
        <Text Top="110" Left="300" Width="200" Scroll="0" Color="0xFFFFFFFF" Source="C_Free" Align="Left" />
        <Text Top="143" Left="301" Width="200" Scroll="0" Color="0xFFFFFFFF" Source="F_Free" Align="Left" />
        <Text Top="126" Left="300" Width="200" Scroll="0" Color="0xFFFFFFFF" Source="E_Free" Align="Left" />
        <Text Top="24" Left="419" Width="200" Scroll="0" Color="0xFF747591" Source="IP" Align="Right" />
        <Text Top="38" Left="420" Width="200" Scroll="0" Color="0xFF747591" Source="Subnet" Align="Right" />
        <Text Top="52" Left="421" Width="200" Scroll="0" Color="0xFF747591" Source="Gateway" Align="Right" />
        <Image Top="47" Left="247" Width="164" Height="42" Opacity="100">UnleashX.png</Image>
        <Menu Align="Left" ShowIcon="False" ShowArrows="False">
            <Position Top="162" Left="15" Width="190" Height="130" Fixed="True" FixAt="2" MaxItem="4" />
            <Font>Tahoma-12.xpr</Font>
        </Menu>
        <ColorScheme>
            <AMBIENT_FOGCOLOR>0xFFA3A7B2</AMBIENT_FOGCOLOR>
            <AMBIENT_SKYCOLOR>0xFF0000A0</AMBIENT_SKYCOLOR>
            <AMBIENT_CELLCOLOR>0xFFFFFFFF</AMBIENT_CELLCOLOR>
            <CAPTION_TEXTCOLOR>0xFFFFFFFF</CAPTION_TEXTCOLOR>
            <CAPTION_BACKCOLOR>0xFF000000</CAPTION_BACKCOLOR>
            <DIALOG_BORDERCOLOR>0xFFFFFFFF</DIALOG_BORDERCOLOR>
            <DIALOG_BACKCOLOR>0xD1A3A7B2</DIALOG_BACKCOLOR>
            <DIALOG_INNER_BORDERCOLOR>0xFFFFFFFF</DIALOG_INNER_BORDERCOLOR>
            <DIALOG_INNER_BACKCOLOR>0xFF000000</DIALOG_INNER_BACKCOLOR>
            <DIALOG_TEXTCOLOR>0xFFFFFFFF</DIALOG_TEXTCOLOR>
            <DIALOG_DISABLEDTEXT>0xFFB3B3B4</DIALOG_DISABLEDTEXT>
            <OPTION_TEXTCOLOR>0xFFFFFFFF</OPTION_TEXTCOLOR>
            <OPTION_ACTIVETEXTCOLOR>0xFFFFFFFF</OPTION_ACTIVETEXTCOLOR>
            <OPTION_ACTIVEBACKCOLOR>0xFFA3A7B2</OPTION_ACTIVEBACKCOLOR>
            <BUTTON_BORDERCOLOR>0xFFFFFFFF</BUTTON_BORDERCOLOR>
            <BUTTON_TEXTCOLOR>0xFFFFFFFF</BUTTON_TEXTCOLOR>
            <BUTTON_BACKCOLOR>0xFF747591</BUTTON_BACKCOLOR>
            <BUTTON_ACTIVETEXTCOLOR>0xFF000000</BUTTON_ACTIVETEXTCOLOR>
            <BUTTON_ACTIVEBACKCOLOR>0xFFC0C0C0</BUTTON_ACTIVEBACKCOLOR>
            <KB_KEYBG_HIGHLIGHT>0xFF747591</KB_KEYBG_HIGHLIGHT>
            <KB_KEYBG_DISABLED>0xFFC0C0C0</KB_KEYBG_DISABLED>
            <KB_KEY_PRESSED>0xFF000080</KB_KEY_PRESSED>
            <KB_KEY_NORMAL>0xFF000000</KB_KEY_NORMAL>
            <KB_KEY_DISABLED>0xFFFFFFFF</KB_KEY_DISABLED>
            <KB_KEY_ACTIVEBORDER>0xFF808080</KB_KEY_ACTIVEBORDER>
            <KB_KEY_TEXTCOLOR>0xFF000000</KB_KEY_TEXTCOLOR>
            <KB_KEY_TEXTBACKCOLOR>0xFFFFFFFF</KB_KEY_TEXTBACKCOLOR>
            <KB_KEY_TEXTBORDERCOLOR>0xFF8080FF</KB_KEY_TEXTBORDERCOLOR>
            <MENU_TEXTCOLOR>0xFFFFFFFF</MENU_TEXTCOLOR>
            <MENU_ACTIVETEXTCOLOR>0xFFFFFFFF</MENU_ACTIVETEXTCOLOR>
            <MENU_BORDERCOLOR>0xFF747591</MENU_BORDERCOLOR>
            <MENU_BACKCOLOR>0xFF000000</MENU_BACKCOLOR>
            <MENU_ACTIVEBACKCOLOR>0xFF747591</MENU_ACTIVEBACKCOLOR>
            <MENU_ACTIVEBORDERCOLOR>0xFFFFFFFF</MENU_ACTIVEBORDERCOLOR>
        </ColorScheme>
    </Main>
</Skin>