<Skin name="The Sims">
    <Information>
        <Author>BigDumbYak</Author>
        <Version>2</Version>
        <Copyright>2005</Copyright>
        <Skinner Name="UX Architect" Version="1.0c" />
    </Information>
    <Filemanager SafeBorder="True">
        <Background>filemanager.png</Background>
    </Filemanager>
    <LoadingScreen ShowInfo="False">
        <Background>loading.png</Background>
    </LoadingScreen>
    <Main Globe="False" Orb="False" Fog="False">
        <Background EnableAudio="False">simsbkg.png</Background>
        <InfoFont>Square-10.xpr</InfoFont>
        <Text Top="380" Left="32" Width="360" Scroll="0" Color="0xFFFFFFFF" Source="Newsfeed" Align="Left" />
        <Text Top="352" Left="32" Width="573" Scroll="0" Color="0xFFFFFFFF" Source="NewsSource" Align="Left" />
        <Text Top="440" Left="380" Width="200" Scroll="0" Color="0xFFFFFFFF" Source="MBTempC" Align="Middle" />
        <Text Top="440" Left="60" Width="200" Scroll="0" Color="0xFFFFFFFF" Source="CPUTempC" Align="Middle" />
        <Text Top="43" Left="210" Width="220" Scroll="0" Color="0xFFFFFFFF" Source="DateTime" Align="Middle" />
        <Text Top="358" Left="420" Width="200" Scroll="0" Color="0xFFFFFFFF" Source="E_FreeMB" Align="Right" />
        <Text Top="340" Left="420" Width="200" Scroll="0" Color="0xFFFFFFFF" Source="C_FreeMB" Align="Right" />
        <Text Top="394" Left="420" Width="200" Scroll="0" Color="0xFFFFFFFF" Source="G_FreeMB" Align="Right" />
        <Text Top="376" Left="420" Width="200" Scroll="0" Color="0xFFFFFFFF" Source="F_FreeMB" Align="Right" />
        <Text Top="274" Left="93" Width="119" Scroll="0" Color="0xFFFFFFFF" Source="SongTime" Align="Middle" />
        <Text Top="16" Left="455" Width="165" Scroll="1" Color="0xFFFFFFFF" Source="SoundTrack" Align="Left" />
        <Text Top="39" Left="455" Width="165" Scroll="1" Color="0xFFFFFFFF" Source="SongName" Align="Left" />
        <Shape Type="RoundedBox" Left="402" Top="338" Width="223" Height="76" BorderColor="0xFFFFFFFF" BackColor="0xFF0061A5"></Shape>
        <Image Top="100" Left="78" Width="152" Height="152" Source="GameIcon" />
        <Image Top="93" Left="63" Width="183" Height="168" Opacity="100">simsgameiconoverlay.png</Image>
        <Menu Scroll="True" Smooth="True" Align="Left" ShowIcon="False" Rotate="True" ShowArrows="False">
            <Position Top="95" Left="459" Width="142" Height="205" Fixed="True" FixAt="2" MaxItem="8" />
            <Font>SimsLLHP-12.xpr</Font>
        </Menu>

	<MusicPlayer Top="10" Left="70" Width="484" Height="213" Relative="False">
		<BackGround>mp.png</BackGround>
		<ButtonMap>mp_buttons.png</ButtonMap>	
		<Element Type="Play" Left="128" Top="146" Width="32" Height="44" zIndex="3" />
		<Element Type="Pause" Left="172" Top="146" Width="32" Height="44" zIndex="3" />
		<Element Type="Stop" Left="216" Top="146" Width="32" Height="44" zIndex="3" />
		<Element Type="Prev" Left="260" Top="146" Width="32" Height="44" zIndex="3" />
		<Element Type="Next" Left="304" Top="146" Width="32" Height="44" zIndex="3" />
		<Element Type="Mute" Left="348" Top="157" Width="32" Height="22" zIndex="3" />
		<Element Type="Random" Left="392" Top="157" Width="32" Height="22" zIndex="3" />
		<Element Type="PrevTrack" Left="436" Top="146" Width="32" Height="44" />
		<Element Type="NextTrack" Left="480" Top="146" Width="32" Height="44" />
		
		<Text Left="453" Top="119" Align="Middle" Width="105" Height="30" Color="0xFFFFFFFF" Source="SongTime" Font="Special" Align="left" ScaleX="100" ScaleY="100" zIndex="3" />
		<Text Left="128" Top="123" Width="285" Height="30" Color="0xFFFFFFFF" Source="SongTrack" Scroll="2" Font="SpecialBold" ScaleX="100" ScaleY="100" zIndex="3" />
		<Playlist Top="155" Left="1" Width="640" Height="437" OffsetX="85" OffsetY="92">
			<BackGround>playlist.png</BackGround>
		</Playlist>

	</MusicPlayer>

        <ColorScheme>
            <AMBIENT_FOGCOLOR>0x78FFFFFF</AMBIENT_FOGCOLOR>
            <AMBIENT_SKYCOLOR>0xFF00000F</AMBIENT_SKYCOLOR>
            <AMBIENT_CELLCOLOR>0x7800C000</AMBIENT_CELLCOLOR>
            <CAPTION_TEXTCOLOR>0xFFFFFFFF</CAPTION_TEXTCOLOR>
            <CAPTION_BACKCOLOR>0xFF000039</CAPTION_BACKCOLOR>
            <DIALOG_BORDERCOLOR>0xFFFFFFFF</DIALOG_BORDERCOLOR>
            <DIALOG_BACKCOLOR>0xFF0061A5</DIALOG_BACKCOLOR>
            <DIALOG_INNER_BORDERCOLOR>0xFFFFFFFF</DIALOG_INNER_BORDERCOLOR>
            <DIALOG_INNER_BACKCOLOR>0xFF000039</DIALOG_INNER_BACKCOLOR>
            <DIALOG_TEXTCOLOR>0xFFFFFFFF</DIALOG_TEXTCOLOR>
            <DIALOG_DISABLEDTEXT>0xFFB3B3B4</DIALOG_DISABLEDTEXT>
            <OPTION_TEXTCOLOR>0xFFFFFFFF</OPTION_TEXTCOLOR>
            <OPTION_ACTIVETEXTCOLOR>0xFF0061A5</OPTION_ACTIVETEXTCOLOR>
            <OPTION_ACTIVEBACKCOLOR>0x78FFFFFF</OPTION_ACTIVEBACKCOLOR>
            <BUTTON_BORDERCOLOR>0xFF000039</BUTTON_BORDERCOLOR>
            <BUTTON_TEXTCOLOR>0xFFFFFFFF</BUTTON_TEXTCOLOR>
            <BUTTON_BACKCOLOR>0xFF000039</BUTTON_BACKCOLOR>
            <BUTTON_ACTIVETEXTCOLOR>0xFFFFFF00</BUTTON_ACTIVETEXTCOLOR>
            <BUTTON_ACTIVEBACKCOLOR>0xFF119FFF</BUTTON_ACTIVEBACKCOLOR>
            <KB_KEYBG_HIGHLIGHT>0xFF0000FF</KB_KEYBG_HIGHLIGHT>
            <KB_KEYBG_DISABLED>0x78C0C0C0</KB_KEYBG_DISABLED>
            <KB_KEY_PRESSED>0xFF0061A5</KB_KEY_PRESSED>
            <KB_KEY_NORMAL>0xFF000000</KB_KEY_NORMAL>
            <KB_KEY_DISABLED>0xFFFFFFFF</KB_KEY_DISABLED>
            <KB_KEY_ACTIVEBORDER>0xFFFFFFFF</KB_KEY_ACTIVEBORDER>
            <KB_KEY_TEXTCOLOR>0xFF000000</KB_KEY_TEXTCOLOR>
            <KB_KEY_TEXTBACKCOLOR>0xFFFFFFFF</KB_KEY_TEXTBACKCOLOR>
            <KB_KEY_TEXTBORDERCOLOR>0xFF0061A5</KB_KEY_TEXTBORDERCOLOR>
            <MENU_TEXTCOLOR>0xFFFFFFFF</MENU_TEXTCOLOR>
            <MENU_ACTIVETEXTCOLOR>0xFFFFFFFF</MENU_ACTIVETEXTCOLOR>
            <MENU_ACTIVEBACKCOLOR>0x800000FF</MENU_ACTIVEBACKCOLOR>
            <MENU_ACTIVEBORDERCOLOR>0xFF0000A0</MENU_ACTIVEBORDERCOLOR>
        </ColorScheme>
    </Main>
</Skin>