<Skin name="Grand Theft Auto: Vice City">
    <Information>
        <Author>David Leon</Author>
        <Version>1</Version>
        <Copyright>Colombia - January 2009</Copyright>
        <Skinner Name="UX Architect" Version="1.0c" />
    </Information>
    <Filemanager DrawBorder="False">
        <Background>FileManager.png</Background>
    </Filemanager>
    <LoadingScreen ShowInfo="False">
        <Background>Loading.png</Background>
    </LoadingScreen>
    <Main Globe="False" Orb="False" Fog="False">
        <Background EnableAudio="False">BackGround.png</Background>
        <InfoFont>Tahoma-12.xpr</InfoFont>

		<Text Top="40" Left="40" Color="0xFF5CE288" Source="DateTime" Align="Left" />
		<Text Top="70" Left="40" Color="0xFF5CE288" Source="$IP$" Align="Left" />
		<Text Top="90" Left="40" Color="0xFF5CE288" Source="$Gateway$" Align="Left" />

		<Text Top="40" Left="605" Color="0xFF5CE288" Source="NickName" Align="Right" />
		<Text Top="63" Left="605" Color="0xFF000000" Source="DVD: $DVDTitle$" Align="Right" />

		<Text Top="285" Left="365" Color="0xFF5CE288" Source="C_FreeMB" Align="Left" />
		<Text Top="305" Left="365" Color="0xFF5CE288" Source="E_FreeMB" Align="Left" />
		<Text Top="325" Left="365" Color="0xFF5CE288" Source="F_FreeMB" Align="Left" />

		<Text Top="352" Left="365" Scroll="1" Color="0xFF000000" Source="SongName" Align="Left" />
		<Text Top="372" Left="365" Color="0xFF000000" Source="SongTime" Align="Left" />

		<Text Top="400" Left="365" Color="0xFF5CE288" Source="CPUTempC" Align="Left" />
		<Text Top="420" Left="365" Color="0xFF5CE288" Source="MBTempC" Align="Left" />

        <Image Top="126" Left="140" Width="100" Height="100" Source="GameIcon" />
        <Image Source="GamePreview" />
        <Menu Align="Left" ShowIcon="True" ShowArrows="True" Scroll="1">
            <Preview EnableAudio="False" Top="90" Left="357" Width="243" Height="182" />
            <Position Top="250" Left="35" Width="300" Height="214" />
            <Font>Square-14.xpr</Font>
        </Menu>
        <ColorScheme>
            <AMBIENT_FOGCOLOR>0x78FFFFFF</AMBIENT_FOGCOLOR>
            <AMBIENT_SKYCOLOR>0xFF00000F</AMBIENT_SKYCOLOR>
            <AMBIENT_CELLCOLOR>0x7800C000</AMBIENT_CELLCOLOR>

            <CAPTION_TEXTCOLOR>0xFFFFFFFF</CAPTION_TEXTCOLOR>
            <CAPTION_BACKCOLOR>0xC8000000</CAPTION_BACKCOLOR>

            <DIALOG_BORDERCOLOR>0xFF000000</DIALOG_BORDERCOLOR>
            <DIALOG_BACKCOLOR>0xA3C9BBA7</DIALOG_BACKCOLOR>
            <DIALOG_INNER_BORDERCOLOR>0xFF000000</DIALOG_INNER_BORDERCOLOR>
            <DIALOG_INNER_BACKCOLOR>0xA39C8B67</DIALOG_INNER_BACKCOLOR>
            <DIALOG_TEXTCOLOR>0xFF363636</DIALOG_TEXTCOLOR>
            <DIALOG_DISABLEDTEXT>0xFFB3B3B4</DIALOG_DISABLEDTEXT>

            <OPTION_TEXTCOLOR>0xFF363636</OPTION_TEXTCOLOR>
            <OPTION_ACTIVETEXTCOLOR>0xFF5CE288</OPTION_ACTIVETEXTCOLOR>
            <OPTION_ACTIVEBACKCOLOR>0xFF0380C2</OPTION_ACTIVEBACKCOLOR>

            <BUTTON_BORDERCOLOR>0xFF000000</BUTTON_BORDERCOLOR>
            <BUTTON_TEXTCOLOR>0xFFFFFFFF</BUTTON_TEXTCOLOR>
            <BUTTON_BACKCOLOR>0xA3C9BBA7</BUTTON_BACKCOLOR>
            <BUTTON_ACTIVETEXTCOLOR>0xFF5CE288</BUTTON_ACTIVETEXTCOLOR>
            <BUTTON_ACTIVEBACKCOLOR>0xA39C8B67</BUTTON_ACTIVEBACKCOLOR>

            <KB_KEYBG_HIGHLIGHT>0xFF1D78E7</KB_KEYBG_HIGHLIGHT>
            <KB_KEYBG_DISABLED>0x78C0C0C0</KB_KEYBG_DISABLED>
            <KB_KEY_PRESSED>0xFF17D202</KB_KEY_PRESSED>
            <KB_KEY_NORMAL>0xFF000000</KB_KEY_NORMAL>
            <KB_KEY_DISABLED>0x7817D202</KB_KEY_DISABLED>
            <KB_KEY_ACTIVEBORDER>0xFF17D202</KB_KEY_ACTIVEBORDER>
            <KB_KEY_TEXTCOLOR>0xFF000000</KB_KEY_TEXTCOLOR>
            <KB_KEY_TEXTBACKCOLOR>0xFFE0DFD6</KB_KEY_TEXTBACKCOLOR>
            <KB_KEY_TEXTBORDERCOLOR>0x78000000</KB_KEY_TEXTBORDERCOLOR>

            <MENU_TEXTCOLOR>0xFFDFD184</MENU_TEXTCOLOR>
            <MENU_ACTIVETEXTCOLOR>0xFF5CE288</MENU_ACTIVETEXTCOLOR>
        </ColorScheme>
    </Main>
</Skin>