﻿<Skin name="CleanSteel">
    <Information>
        <Author>XBNormUK</Author>
        <Version>1</Version>
        <Copyright>2006</Copyright>
     
    </Information>
    <Filemanager>
        <Background>filemanager.png</Background>
    </Filemanager>
    <LoadingScreen ShowInfo="False">
        <Background>loading.png</Background>
    </LoadingScreen>
    <Main Globe="False" Orb="False" Fog="False">
        <Background EnableAudio="False">background.png</Background>
        <InfoFont>Common-font10.xpr</InfoFont>

        <Text Top="35" Left="465" Width="200" Scroll="1" Color="0xFF1F323B" Source="$DateTime$" Align="Left" zIndex="4" />

	<Text Top="65" Left="50" Width="200" Scroll="0" Color="0xFF1F323B" Source="$NickName$" Align="Left" />

	<Text Top="220" Left="50" Width="200" Scroll="0" Color="0xFF1F323B" Source="Software Version :" Align="Left" />
	<Text Top="220" Left="175" Width="200" Scroll="0" Color="0xFF1F323B" Source="$AppVersion$" Align="Left" />
	<Text Top="232" Left="50" Width="200" Scroll="1" Color="0xFF1F323B" Source="Hardware Version :" Align="Left" zIndex="4" />
	<Text Top="232" Left="180" Width="200" Scroll="1" Color="0xFF1F323B" Source="Version" Align="Left" zIndex="4" />
	<Text Top="244" Left="50" Width="200" Scroll="1" Color="0xFF1F323B" Source="Harware Temp :" Align="Left" zIndex="4" />
	<Text Top="244" Left="158" Width="200" Scroll="1" Color="0xFF1F323B" Source="CPUTempC" Align="Left" zIndex="4" />
        <Text Top="256" Left="158" Width="80" Scroll="1" Color="0xFF1F323B" Source="MBTempC" Align="Left" zIndex="4" />

	<Text Top="268" Left="50" Width="200" Scroll="1" Color="0xFF1F323B" Source="Free Space :" Align="Left" zIndex="4" />
	<Text Top="268" Left="130" Width="178" Scroll="1" Color="0xFF1F323B" Source="C_FreeMB" Align="Left" zIndex="4" />
  	<Text Top="280" Left="130" Width="200" Scroll="1" Color="0xFF1F323B" Source="E_FreeMB" Align="Left" zIndex="4" />
  	<Text Top="292" Left="130" Width="200" Scroll="1" Color="0xFF1F323B" Source="F_FreeMB" Align="Left" zIndex="4" />
        
	<Text Top="304" Left="50" Width="150" Scroll="1" Color="0xFF1F323B" Source="IP" Align="Left" zIndex="4" />
        <Text Top="316" Left="50" Width="150" Scroll="1" Color="0xFF1F323B" Source="Subnet" Align="Left" zIndex="4" /> 
 	<Text Top="328" Left="50" Width="150" Scroll="1" Color="0xFF1F323B" Source="Disc Type :" Align="Left" zIndex="4" />
   	<Text Top="328" Left="125" Width="150" Scroll="1" Color="0xFF1F323B" Source="$Tray$" Align="Left" zIndex="4" />
	<Text Top="340" Left="50" Width="153" Scroll="1" Color="0xFF1F323B" Source="Disc Title :" Align="Left" zIndex="4" />
	<Text Top="340" Left="125" Width="153" Scroll="1" Color="0xFF1F323B" Source="$DVDTitle$" Align="Left" zIndex="4" />
        
	<Text Top="360" Left="50" Width="190" Scroll="1" Color="0xFF1F323B" Source="Audio Now Playing..." Align="Left" />
	<Text Top="372" Left="50" Width="190" Scroll="1" Color="0xFF1F323B" Source="$SongName$" Align="Left" />
        <Text Top="384" Left="50" Width="190" Scroll="1" Color="0xFF1F323B" Source="$SoundTrack$" Align="Left" />
        <Text Top="396" Left="50" Width="190" Scroll="1" Color="0xFF1F323B" Source="$SongTime$" Align="Left" />
     
        <Text Top="430" Left="50" Width="190" Scroll="1" Color="0xFF1F323B" Source="Latest Headlines..." Align="Left" />
	<Text Top="454" Left="50" Width="600" Scroll="2" Color="0xFF1F323B" Source="$Newsfeed$" Align="Left" />
        <Text Top="442" Left="50" Width="200" Scroll="1" Color="0xFF1F323B" Source="$NewsSource$" Align="Left" />
     
    
	<Image Top="10" Left="420" Width="40" Height="40" Source="GameIcon" />
        <Image Source="GamePreview" />
        <Menu Scroll="True" Smooth="True" Align="Left" ShowIcon="False">
            <Preview EnableAudio="False" Top="90" Left="55" Width="215" Height="114" zIndex="5" />
            <Position Top="90" Left="370" Width="230" Height="315" Fixed="False" FixAt="2" MaxItem="7" />
            <Font>Common-font14.xpr</Font>
        </Menu>
 </Main> 
<MusicPlayer Top="10" Left="70" Width="484" Height="213" Relative="True">
		<BackGround>mp.png</BackGround>
		<Image Left="43" Top="129" Width="425" Height="12" zIndex="4">progress_over.png</Image>
		<Image Left="55" Top="55" zIndex="2">Audio.png</Image>
		<Image Left="310" Top="50" Width="135" Height="80" zIndex="3">MP_Bar_Overlay.png</Image>
		<Image Left="253" Top="180" Width="198" Height="17" zIndex="4">Volume_Overlay.png</Image>
		<Image Left="253" Top="180" Width="198" Height="17" zIndex="2">Volume_Back.png</Image>
		
		<ButtonMap>mp_Buttons.png</ButtonMap>	
		<Element Type="Play" Left="60" Top="135" Width="32" Height="44" zIndex="3" />
		<Element Type="Pause" Left="92" Top="135" Width="32" Height="44" zIndex="3" />
		<Element Type="Stop" Left="124" Top="135" Width="32" Height="44" zIndex="3" />
		<Element Type="Prev" Left="156" Top="135" Width="32" Height="44" zIndex="3" />
		<Element Type="Next" Left="198" Top="135" Width="32" Height="44" zIndex="3" />
		<Element Type="Mute" Left="260" Top="146" Width="32" Height="22" zIndex="3" />
		<Element Type="Random" Left="292" Top="146" Width="32" Height="22" zIndex="3" />
		<Element Type="PrevTrack" Left="380" Top="135" Width="32" Height="44" />
		<Element Type="NextTrack" Left="412" Top="135" Width="32" Height="44" />
		
		<Element Type="Meter" Left="310" Top="50" Width="210" Height="80" zIndex="2" Relative="True"/>
		<Element Type="Progress" Left="43" Top="130" Width="425" Height="10" Direction="right" zIndex="3"/>
		<Element Type="Volume" Left="253" Top="180" Width="198" Height="10" Direction="right" zIndex="3"/>


		<Text Left="145" Top="50" Width="80" Height="15" Color="0xFFFFFFFF" Source="Current" Font="Common10" Align="left" ScaleX="100" ScaleY="100" zIndex="3" />
		<Text Left="145" Top="65" Width="95" Height="30" Color="0xFFFFFFFF" Source="SongTime" Font="Common14" Align="left" ScaleX="140" ScaleY="140" zIndex="3" />
		<Text Left="240" Top="50" Width="80" Height="15" Color="0xFFFFFFFF" Source="Total" Font="Common10" Align="left" ScaleX="100" ScaleY="100" zIndex="3" />
		<Text Left="240" Top="65" Width="95" Height="30" Color="0xFFFFFFFF" Source="SongLength" Font="Common14" Align="left" ScaleX="140" ScaleY="140" zIndex="3" />
		<Text Left="145" Top="100" Width="100" Height="30" Color="0xFFFFFFFF" Source="SongBitRate" Font="Common10" Align="left" ScaleX="100" ScaleY="100" zIndex="3" />
		<Text Left="240" Top="100" Width="80" Height="30" Color="0xFFFFFFFF" Source="SongChannel" Font="Common10" Align="left" ScaleX="100" ScaleY="100" zIndex="3" />
		<Text Left="65" Top="12" Width="390" Height="30" Color="0xFFFFFFFF" Source="SongTrack" Scroll="1" Font="SpecialBold" ScaleX="100" ScaleY="120" zIndex="3" />
		<Playlist Top="155" Left="1" Width="640" Height="437" OffsetX="85" OffsetY="92">
			<BackGround>Playlist.png</BackGround>
		</Playlist>

	</MusicPlayer>
	
    <ColorScheme Name="Default">
            <AMBIENT_FOGCOLOR>0x00FFFFFF</AMBIENT_FOGCOLOR>
            <AMBIENT_SKYCOLOR>0x0000000F</AMBIENT_SKYCOLOR>
            <AMBIENT_CELLCOLOR>0x0000C000</AMBIENT_CELLCOLOR>
            <CAPTION_TEXTCOLOR>0xFF000000</CAPTION_TEXTCOLOR>
            <CAPTION_BACKCOLOR>0x64808080</CAPTION_BACKCOLOR>
            <DIALOG_BORDERCOLOR>0xFF000000</DIALOG_BORDERCOLOR>
            <DIALOG_BACKCOLOR>0x64566974</DIALOG_BACKCOLOR>
            <DIALOG_INNER_BORDERCOLOR>0xC8000000</DIALOG_INNER_BORDERCOLOR>
            <DIALOG_INNER_BACKCOLOR>0x5A808080</DIALOG_INNER_BACKCOLOR>
            <DIALOG_TEXTCOLOR>0xFFFFFFFF</DIALOG_TEXTCOLOR>
            <DIALOG_DISABLEDTEXT>0xFFB3B3B4</DIALOG_DISABLEDTEXT>
            <OPTION_TEXTCOLOR>0x96FFFFFF</OPTION_TEXTCOLOR>
            <OPTION_ACTIVETEXTCOLOR>0xFF000000</OPTION_ACTIVETEXTCOLOR>
            <OPTION_ACTIVEBACKCOLOR>0x50808080</OPTION_ACTIVEBACKCOLOR>
            <BUTTON_BORDERCOLOR>0xC8000000</BUTTON_BORDERCOLOR>
            <BUTTON_TEXTCOLOR>0xFFFFFFFF</BUTTON_TEXTCOLOR>
            <BUTTON_BACKCOLOR>0xFF566974</BUTTON_BACKCOLOR>
            <BUTTON_ACTIVETEXTCOLOR>0xFFFFFFFF</BUTTON_ACTIVETEXTCOLOR>
            <BUTTON_ACTIVEBACKCOLOR>0xFF808080</BUTTON_ACTIVEBACKCOLOR>
            <KB_KEYBG_HIGHLIGHT>0x19575757</KB_KEYBG_HIGHLIGHT>
            <KB_KEYBG_DISABLED>0x78C0C0C0</KB_KEYBG_DISABLED>
            <KB_KEY_PRESSED>0xFF1F323B</KB_KEY_PRESSED>
            <KB_KEY_NORMAL>0xFF000000</KB_KEY_NORMAL>
            <KB_KEY_DISABLED>0xFF1F323B</KB_KEY_DISABLED>
            <KB_KEY_ACTIVEBORDER>0xFF1F323B</KB_KEY_ACTIVEBORDER>
            <KB_KEY_TEXTCOLOR>0xFF000000</KB_KEY_TEXTCOLOR>
            <KB_KEY_TEXTBACKCOLOR>0xFFFFFFFF</KB_KEY_TEXTBACKCOLOR>
            <KB_KEY_TEXTBORDERCOLOR>0x780000FF</KB_KEY_TEXTBORDERCOLOR>
            <MENU_TEXTCOLOR>0x96FFFFFF</MENU_TEXTCOLOR>
            <MENU_ACTIVETEXTCOLOR>0xFFFFFFFF</MENU_ACTIVETEXTCOLOR>
		<MMActiveForeColor>0xFFFFFFFF</MMActiveForeColor>
		<MMForeColor>0xFFADADAD</MMForeColor>
		<MMOffForeColor>0xFFFFFFFF</MMOffForeColor>
		<MMDarkBarColor>0xFFFFFFFF</MMDarkBarColor>
		<MMLightBarColor>0xFFFFFFFF</MMLightBarColor>
		<MMDarkBackColor>0xFF4C585D</MMDarkBackColor>
		<WindowBackCOLOR>0xFF000000</WindowBackCOLOR>
		<WindowForeCOLOR>0xFFFFFFFF</WindowForeCOLOR>
	</ColorScheme>
 
</Skin>