﻿<Skin name="Black-Blue-White">
    <Information>
        <Author>RocafellaSqualie</Author>
        <Version>1</Version>
        <Copyright>2004</Copyright>
        <Skinner Name="UX Architect" Version="1.0" />
    </Information>
    <LoadingScreen ShowInfo="True">
        <Background>bground.png</Background>
    </LoadingScreen>
    <Main Globe="False" Orb="False" Fog="False">
        <Background EnableAudio="False">bground.png</Background>
        <InfoFont>Square-10.xpr</InfoFont>
        <Text Top="400" Left="476" Width="138" Scroll="2" Color="0xFFFFFFFF" Source="NewsSource" />
        <Text Top="25" Left="423" Width="195" Scroll="0" Color="0xFFFFFFFF" Source="C_FreeMB" />
        <Text Top="95" Left="423" Width="195" Scroll="0" Color="0xFFFFFFFF" Source="F_FreeMB" />
        <Text Top="60" Left="423" Width="195" Scroll="0" Color="0xFFFFFFFF" Source="E_FreeMB" />
        <Text Top="200" Left="423" Width="195" Scroll="0" Color="0xFFFFFFFF" Source="FanSpeed" />
        <Text Top="165" Left="423" Width="195" Scroll="0" Color="0xFFFFFFFF" Source="MBTemp" />
        <Text Top="130" Left="423" Width="195" Scroll="0" Color="0xFFFFFFFF" Source="CPUTemp" />
        <Text Top="94" Left="250" Width="145" Scroll="0" Color="0xFFFFFFFF" Source="SongTime" Align="Middle" />
        <Text Top="59" Left="250" Width="145" Scroll="0" Color="0xFFFFFFFF" Source="SoundTrack" Align="Middle" />
        <Text Top="24" Left="250" Width="145" Scroll="0" Color="0xFFFFFFFF" Source="SongName" Align="Middle" />
        <Text Top="434" Left="355" Width="262" Scroll="2" Color="0xFFFFFFFF" Source="Newsfeed" Align="Right" />
        <Text Top="130" Left="27" Width="195" Scroll="0" Color="0xFFFFFFFF" Source="Tray" Align="Left" />
        <Text Top="95" Left="27" Width="195" Scroll="0" Color="0xFFFFFFFF" Source="IP" Align="Left" />
        <Text Top="60" Left="27" Width="195" Scroll="0" Color="0xFFFFFFFF" Source="DateTime" Align="Left" />
        <Text Top="25" Left="27" Width="195" Scroll="0" Color="0xFFFFFFFF" Source="NickName" Align="Left" />
        <Shape Type="RoundedBox" Left="25" Top="190" Width="280" Height="230" BorderColor="0xFF000000" BackColor="0xFF000000"></Shape>
        <Shape Type="RoundedBox" Left="350" Top="430" Width="270" Height="30" BorderColor="0xFF000000" BackColor="0xFF000000"></Shape>
        <Shape Type="RoundedBox" Left="470" Top="395" Width="150" Height="30" BorderColor="0xFF000000" BackColor="0xFF000000"></Shape>
        <Shape Type="RoundedBox" Left="420" Top="195" Width="200" Height="30" BorderColor="0xFF000000" BackColor="0xFF000000"></Shape>
        <Shape Type="RoundedBox" Left="420" Top="160" Width="200" Height="30" BorderColor="0xFF000000" BackColor="0xFF000000"></Shape>
        <Shape Type="RoundedBox" Left="420" Top="125" Width="200" Height="30" BorderColor="0xFF000000" BackColor="0xFF000000"></Shape>
        <Shape Type="RoundedBox" Left="420" Top="90" Width="200" Height="30" BorderColor="0xFF000000" BackColor="0xFF000000"></Shape>
        <Shape Type="RoundedBox" Left="420" Top="55" Width="200" Height="30" BorderColor="0xFF000000" BackColor="0xFF000000"></Shape>
        <Shape Type="RoundedBox" Left="420" Top="20" Width="200" Height="30" BorderColor="0xFF000000" BackColor="0xFF000000"></Shape>
        <Shape Type="RoundedBox" Left="247" Top="20" Width="150" Height="30" BorderColor="0xFF000000" BackColor="0xFF000000"></Shape>
        <Shape Type="RoundedBox" Left="247" Top="55" Width="150" Height="30" BorderColor="0xFF000000" BackColor="0xFF000000"></Shape>
        <Shape Type="RoundedBox" Left="247" Top="90" Width="150" Height="30" BorderColor="0xFF000000" BackColor="0xFF000000"></Shape>
        <Shape Type="RoundedBox" Left="25" Top="125" Width="200" Height="30" BorderColor="0xFF000000" BackColor="0xFF000000"></Shape>
        <Shape Type="RoundedBox" Left="25" Top="90" Width="200" Height="30" BorderColor="0xFF000000" BackColor="0xFF000000"></Shape>
        <Shape Type="RoundedBox" Left="25" Top="55" Width="200" Height="30" BorderColor="0xFF000000" BackColor="0xFF000000"></Shape>
        <Shape Type="RoundedBox" Left="25" Top="20" Width="200" Height="30" BorderColor="0xFF000000" BackColor="0xFF000000"></Shape>
        <Image Top="244" Left="325" Width="135" Height="135" Source="GameIcon" />
        <Image Source="GamePreview" />
        <Menu Scroll="True" Align="Left" ShowIcon="False" ShowArrows="False">
            <Preview EnableAudio="False" Top="244" Left="460" Width="160" Height="135" />
            <ItemPos Top="195" Left="30" Width="270"></ItemPos>
            <ItemPos Top="220" Left="30" Width="270"></ItemPos>
            <ItemPos Top="245" Left="30" Width="270"></ItemPos>
            <ItemPos Top="270" Left="30" Width="270"></ItemPos>
            <ItemPos Top="295" Left="30" Width="270"></ItemPos>
            <ItemPos Top="320" Left="30" Width="270"></ItemPos>
            <ItemPos Top="345" Left="30" Width="270"></ItemPos>
            <ItemPos Top="370" Left="30" Width="270"></ItemPos>
            <ItemPos Top="395" Left="30" Width="270"></ItemPos>
            <Font>CenturyGothic-10.xpr</Font>
        </Menu>
        <ColorScheme>
            <AMBIENT_FOGCOLOR>0x78000055</AMBIENT_FOGCOLOR>
            <AMBIENT_SKYCOLOR>0xFF00000F</AMBIENT_SKYCOLOR>
            <AMBIENT_CELLCOLOR>0x78FFFFFF</AMBIENT_CELLCOLOR>
            <CAPTION_TEXTCOLOR>0xFFFFFFFF</CAPTION_TEXTCOLOR>
            <CAPTION_BACKCOLOR>0xFF000055</CAPTION_BACKCOLOR>
            <DIALOG_BORDERCOLOR>0xFFFFFFFF</DIALOG_BORDERCOLOR>
            <DIALOG_BACKCOLOR>0xFF000000</DIALOG_BACKCOLOR>
            <DIALOG_INNER_BORDERCOLOR>0xFFFFFFFF</DIALOG_INNER_BORDERCOLOR>
            <DIALOG_INNER_BACKCOLOR>0xFF000055</DIALOG_INNER_BACKCOLOR>
            <DIALOG_TEXTCOLOR>0xFFFFFFFF</DIALOG_TEXTCOLOR>
            <DIALOG_DISABLEDTEXT>0xFF000000</DIALOG_DISABLEDTEXT>
            <OPTION_TEXTCOLOR>0xFFFFFFFF</OPTION_TEXTCOLOR>
            <OPTION_ACTIVETEXTCOLOR>0xFFFFFFFF</OPTION_ACTIVETEXTCOLOR>
            <OPTION_ACTIVEBACKCOLOR>0xFF000000</OPTION_ACTIVEBACKCOLOR>
            <BUTTON_BORDERCOLOR>0xFFFFFFFF</BUTTON_BORDERCOLOR>
            <BUTTON_TEXTCOLOR>0xFF000000</BUTTON_TEXTCOLOR>
            <BUTTON_BACKCOLOR>0xFF000055</BUTTON_BACKCOLOR>
            <BUTTON_ACTIVETEXTCOLOR>0xFFFFFFFF</BUTTON_ACTIVETEXTCOLOR>
            <BUTTON_ACTIVEBACKCOLOR>0xFF000055</BUTTON_ACTIVEBACKCOLOR>
            <KB_KEYBG_HIGHLIGHT>0xFF000055</KB_KEYBG_HIGHLIGHT>
            <KB_KEYBG_DISABLED>0x78C0C0C0</KB_KEYBG_DISABLED>
            <KB_KEY_PRESSED>0xFF000055</KB_KEY_PRESSED>
            <KB_KEY_NORMAL>0xFF000000</KB_KEY_NORMAL>
            <KB_KEY_DISABLED>0xFF000000</KB_KEY_DISABLED>
            <KB_KEY_ACTIVEBORDER>0xFFFFFFFF</KB_KEY_ACTIVEBORDER>
            <KB_KEY_TEXTCOLOR>0xFFFFFFFF</KB_KEY_TEXTCOLOR>
            <KB_KEY_TEXTBACKCOLOR>0xFF000055</KB_KEY_TEXTBACKCOLOR>
            <KB_KEY_TEXTBORDERCOLOR>0x78000055</KB_KEY_TEXTBORDERCOLOR>
            <MENU_TEXTCOLOR>0xFFFFFFFF</MENU_TEXTCOLOR>
            <MENU_ACTIVETEXTCOLOR>0xFFFFFFFF</MENU_ACTIVETEXTCOLOR>
            <MENU_BORDERCOLOR>0xFF000000</MENU_BORDERCOLOR>
            <MENU_BACKCOLOR>0xFF000000</MENU_BACKCOLOR>
            <MENU_ACTIVEBACKCOLOR>0xFF000055</MENU_ACTIVEBACKCOLOR>
            <MENU_ACTIVEBORDERCOLOR>0xFF000055</MENU_ACTIVEBORDERCOLOR>
        </ColorScheme>
    </Main>
</Skin>