<Skin Name="Decepticons">
<Information>
<Author>crobar</Author>
<Version>1</Version>
</Information>
<Main globe="false" Orb="false">
<Background EnableAudio="False">floor.png</background>

<Image Source="GamePreview"/>

<Preview EnableAudio="True"/>
<Image Top="299" Left="249" width="120" Height="120" Source="GameIcon"/>
<Image Left="" Top="" Width="640" Height="480">base.png</Image>

<Menu smooth="false" ShowArrows="false" ShowIcon="False" Rotate="false">
<ItemPos Left="55" Top="125" Width="240"></ItemPos>
<ItemPos Left="60" Top="145" Width="240"></ItemPos>
<ItemPos Left="65" Top="165" Width="240"></ItemPos>
<ItemPos Left="70" Top="185" Width="240"></ItemPos>
<ItemPos Left="75" Top="205" Width="240"></ItemPos>
<ItemPos Left="80" Top="225" Width="240"></ItemPos>
<Preview Top="297" Left="90" Width="143" Height="120"/>
<Font>TransRobotics.xpr</Font>
  </Menu>

<InfoFont>TransRobotics.xpr</InfoFont>		
<Text Left="195" Top="30" Align="Left" Color="0xffFFFFFF" Source="$Time$"></Text>
<Text Left="56" Top="30" Align="Left" Color="0xffFFFFFF" Source="$Date$"></text>
<Text Left="60" Top="50" Align="Left" Color="0xffFFFFFF" Source="F: $F_FreeMB$"></Text>
<Text Left="65" Top="70" Align="Left" Color="0xffFFFFFF" Source="G: $G_FreeMB$"></text>		
<Text Left="70" Top="90" Align="Left" Color="0xffFFFFFF" Source="IP"/>		
</Main>

<FileManager>
<Background>file.png</Background>
</FileManager>

<LoadingScreen ShowInfo="false">
</LoadingScreen>

<ColorScheme>
<AMBIENT_FOGCOLOR></AMBIENT_FOGCOLOR>
<AMBIENT_SKYCOLOR>0xFF000000</AMBIENT_SKYCOLOR>
<AMBIENT_CELLCOLOR>0xffFFFFFF</AMBIENT_CELLCOLOR>
<CAPTION_TEXTCOLOR>0xFF000000</CAPTION_TEXTCOLOR>
<CAPTION_BACKCOLOR>0xFFAB85BE</CAPTION_BACKCOLOR>
<DIALOG_BORDERCOLOR>0xFF000000</DIALOG_BORDERCOLOR>
<DIALOG_BACKCOLOR>0xFFAB85BE</DIALOG_BACKCOLOR>
<DIALOG_INNER_BORDERCOLOR>0xFFAB85BE</DIALOG_INNER_BORDERCOLOR>
<DIALOG_INNER_BACKCOLOR>0xFFEA00FF</DIALOG_INNER_BACKCOLOR>
<DIALOG_TEXTCOLOR>0xFF000000</DIALOG_TEXTCOLOR>
<DIALOG_DISABLEDTEXT>0xFFAB85BE</DIALOG_DISABLEDTEXT>
<OPTION_TEXTCOLOR>0xFF000000</OPTION_TEXTCOLOR>
<OPTION_ACTIVETEXTCOLOR>0xFF000000</OPTION_ACTIVETEXTCOLOR>
<OPTION_ACTIVEBACKCOLOR>0xFFAB85BE</OPTION_ACTIVEBACKCOLOR>
<BUTTON_BORDERCOLOR>0xFFAB85BE</BUTTON_BORDERCOLOR>
<BUTTON_TEXTCOLOR>0xFF000000</BUTTON_TEXTCOLOR>
<BUTTON_BACKCOLOR>0xFFAB85BE</BUTTON_BACKCOLOR>
<BUTTON_ACTIVETEXTCOLOR>0xFFAB85BE</BUTTON_ACTIVETEXTCOLOR>
<BUTTON_ACTIVEBACKCOLOR>0xFFFFFFFF</BUTTON_ACTIVEBACKCOLOR>	
<KB_KEYBG_HIGHLIGHT>0xCC500078</KB_KEYBG_HIGHLIGHT>
<KB_KEYBG_DISABLED>0xFFAB85BE</KB_KEYBG_DISABLED>
<KB_KEY_PRESSED>0xFFAB85BE</KB_KEY_PRESSED>
<KB_KEY_NORMAL>0xff000000</KB_KEY_NORMAL>
<KB_KEY_DISABLED>0xFFAB85BE</KB_KEY_DISABLED>
<KB_KEY_ACTIVEBORDER>0xFFAB85BE</KB_KEY_ACTIVEBORDER>
<KB_KEY_TEXTCOLOR>0xff000000</KB_KEY_TEXTCOLOR>
<KB_KEY_TEXTBACKCOLOR>0xffFFFFFF</KB_KEY_TEXTBACKCOLOR>
<KB_KEY_TEXTBORDERCOLOR>0xff000000</KB_KEY_TEXTBORDERCOLOR>
<MENU_TEXTCOLOR>0xFFAB85BE</MENU_TEXTCOLOR>
<MENU_ACTIVETEXTCOLOR>0xFFFFFFFF</MENU_ACTIVETEXTCOLOR>
<MENU_BORDERCOLOR></MENU_BORDERCOLOR>
<MENU_BACKCOLOR></MENU_BACKCOLOR>
<MENU_ACTIVEBACKCOLOR></MENU_ACTIVEBACKCOLOR>
<MENU_ACTIVEBORDERCOLOR></MENU_ACTIVEBORDERCOLOR>
</ColorSceme>
</Skin>