﻿<Skin name="Chip">
    <Information>
        <Author>Tulipa Negra</Author>
        <Version>1</Version>
        <Copyright>2004</Copyright>
        <Skinner Name="UX Architect" Version="1.0c" />
    </Information>
    <IntroMovie>intro Red.xmv</IntroMovie>
    <Filemanager SafeBorder="False">
        <Background>filemaneger.jpg</Background>
    </Filemanager>
    <LoadingScreen ShowInfo="False">
        <Background>loading.jpg</Background>
    </LoadingScreen>
    <Main Globe="False" Orb="False" Fog="False">
        <Background EnableAudio="False">chip.jpg</Background>
        <InfoFont>Square-10.xpr</InfoFont>
        <Text Top="47" Left="311" Width="107" Scroll="0" Color="0xFFFFFFFF" Source="CPUTempC" Align="Middle" />
        <Text Top="267" Left="350" Width="200" Scroll="0" Color="0xFFFFFF00" Source="C_FreeMB" Align="Left" />
        <Text Top="335" Left="355" Width="200" Scroll="0" Color="0xFFFFFF00" Source="F_FreeMB" Align="Left" />
        <Text Top="298" Left="352" Width="200" Scroll="0" Color="0xFFFFFF00" Source="E_FreeMB" Align="Left" />
        <Text Top="199" Left="195" Width="253" Scroll="0" Color="0xFFFFFFFF" Source="SongName" Align="Middle" />
        <Text Top="14" Left="419" Width="139" Scroll="0" Color="0xFFFFFFFF" Source="DVDTitle" Align="Middle" />
        <Text Top="13" Left="96" Width="200" Scroll="0" Color="0xFFFFFFFF" Source="DateTime" Align="Middle" />
        <Text Top="74" Left="312" Width="105" Scroll="0" Color="0xFFFFFFFF" Source="MBTempC" Align="Middle" />
        <Text Top="170" Left="62" Width="200" Scroll="0" Color="0xFFFFFFFF" Source="IP" Align="Left" />
        <Text Top="436" Left="240" Width="200" Scroll="0" Color="0xFFFFFFFF" Source="SkinAuthor" Align="Left" />
        <Text Top="168" Left="428" Width="154" Scroll="0" Color="0xFFFFFFFF" Source="FanSpeed" Align="Left" />
        <Image Top="36" Left="426" Width="128" Height="128" Source="GameIcon" />
        <Image Source="GamePreview" />
        <Menu Scroll="True" Align="Middle" ShowIcon="False" ShowArrows="False">
            <Preview EnableAudio="False" Top="33" Left="81" Width="218" Height="134" />
            <ItemPos Top="269" Left="74" Width="200"></ItemPos>
            <ItemPos Top="294" Left="77" Width="200"></ItemPos>
            <ItemPos Top="323" Left="83" Width="200"></ItemPos>
            <ItemPos Top="354" Left="88" Width="200"></ItemPos>
            <ItemPos Top="386" Left="91" Width="200"></ItemPos>
            <Font>39Smooth-12.xpr</Font>
        </Menu>
        <ColorScheme>
            <AMBIENT_FOGCOLOR>0xFFFFFFFF</AMBIENT_FOGCOLOR>
            <AMBIENT_SKYCOLOR>0xFF00000F</AMBIENT_SKYCOLOR>
            <AMBIENT_CELLCOLOR>0xFF00C000</AMBIENT_CELLCOLOR>
            <CAPTION_TEXTCOLOR>0xFFFFFFFF</CAPTION_TEXTCOLOR>
            <CAPTION_BACKCOLOR>0xFF000000</CAPTION_BACKCOLOR>
            <DIALOG_BORDERCOLOR>0xFFFFFFFF</DIALOG_BORDERCOLOR>
            <DIALOG_BACKCOLOR>0xD1800080</DIALOG_BACKCOLOR>
            <DIALOG_INNER_BORDERCOLOR>0xFFFFFFFF</DIALOG_INNER_BORDERCOLOR>
            <DIALOG_INNER_BACKCOLOR>0xFF000000</DIALOG_INNER_BACKCOLOR>
            <DIALOG_TEXTCOLOR>0xFFFFFFFF</DIALOG_TEXTCOLOR>
            <DIALOG_DISABLEDTEXT>0xFFB3B3B4</DIALOG_DISABLEDTEXT>
            <OPTION_TEXTCOLOR>0xFFFFFFFF</OPTION_TEXTCOLOR>
            <OPTION_ACTIVETEXTCOLOR>0xFFFFFFFF</OPTION_ACTIVETEXTCOLOR>
            <OPTION_ACTIVEBACKCOLOR>0xFF800080</OPTION_ACTIVEBACKCOLOR>
            <BUTTON_BORDERCOLOR>0xFFFFFFFF</BUTTON_BORDERCOLOR>
            <BUTTON_TEXTCOLOR>0xFFFFFFFF</BUTTON_TEXTCOLOR>
            <BUTTON_BACKCOLOR>0xFF800080</BUTTON_BACKCOLOR>
            <BUTTON_ACTIVETEXTCOLOR>0xFFFFFFFF</BUTTON_ACTIVETEXTCOLOR>
            <BUTTON_ACTIVEBACKCOLOR>0xFF8080C0</BUTTON_ACTIVEBACKCOLOR>
            <KB_KEYBG_HIGHLIGHT>0xFF800080</KB_KEYBG_HIGHLIGHT>
            <KB_KEYBG_DISABLED>0xFFC0C0C0</KB_KEYBG_DISABLED>
            <KB_KEY_PRESSED>0xFF008000</KB_KEY_PRESSED>
            <KB_KEY_NORMAL>0xFF000000</KB_KEY_NORMAL>
            <KB_KEY_DISABLED>0xFF808080</KB_KEY_DISABLED>
            <KB_KEY_ACTIVEBORDER>0xFFFF0000</KB_KEY_ACTIVEBORDER>
            <KB_KEY_TEXTCOLOR>0xFF000000</KB_KEY_TEXTCOLOR>
            <KB_KEY_TEXTBACKCOLOR>0xFFFFFFFF</KB_KEY_TEXTBACKCOLOR>
            <KB_KEY_TEXTBORDERCOLOR>0xFFFFFF00</KB_KEY_TEXTBORDERCOLOR>
            <MENU_TEXTCOLOR>0xFFFF0000</MENU_TEXTCOLOR>
            <MENU_ACTIVETEXTCOLOR>0xFFFFFFFF</MENU_ACTIVETEXTCOLOR>
            <MENU_BORDERCOLOR>0xFFFFFFFF</MENU_BORDERCOLOR>
            <MENU_BACKCOLOR>0xFF000000</MENU_BACKCOLOR>
            <MENU_ACTIVEBACKCOLOR>0xFF800080</MENU_ACTIVEBACKCOLOR>
            <MENU_ACTIVEBORDERCOLOR>0xFFFFFFFF</MENU_ACTIVEBORDERCOLOR>
        </ColorScheme>
    </Main>
</Skin>