<Skin Name="NFS - Most Wanted">

<Information>
	<Author>acme-4</Author>
	<Copyright>copyright 2005</Copyright>
	<Version>1.0</Version>
</Information>

<FileManager>
	<Background>NFSMW-FM.jpg</Background>
</FileManager>

<LoadingScreen ShowInfo="True">
	<Background>NFSMW-load.jpg</Background>
</LoadingScreen>

<Main globe="True" Orb="False" Fog="False">

<Image Left="520" Top="15" Width="100" Height="100">acme4.png</Image>

<Background EnableAudio="True">NFSMW-BG.jpg</background>

<Menu smooth="False" ShowArrows="False" ShowIcon="False" Rotate="False">
	<Position left="10" Top="120" Width="400" Height="255" />
	<Preview EnableAudio="True" left="589" Top="38" Width="45" Height="45" />
	<Font>DOBOJfont_16.xpr</Font>
</Menu>

<InfoFont>20th_Century_Font_14.xpr</InfoFont>

<Text Left="20" Top="395" Align="Left" Color="0xFFF54EFA" Source="SongName"></Text>
<Text Left="20" Top="415" Align="Left" Color="0xFFF54EFA" Source="SongTime"></Text>
<Text Left="20" Top="435" Align="Left" Color="0xFFFFFFFF" Source="DVD: $DVDTitle$"></Text>
<Text Left="20" Top="455" Align="Left" Color="0xFFFFFFFF" Source="E_FreeMB"></Text>
<Text Left="620" Top="355" Align="Right" Color="0xFFFFFFFF" Source="ID: $NickName$"></Text>
<Text Left="620" Top="375" Align="Right" Color="0xFFFFFFFF" Source="V/M: $VideoMode$"></Text>
<Text Left="620" Top="395" Align="Right" Color="0xFFFFFFFF" Source="CPU: $CPUTempC$"></Text>
<Text Left="620" Top="415" Align="Right" Color="0xFFFFFFFF" Source="M/B: $MBTempC$"></Text>
<Text Left="620" Top="435" Align="Right" Color="0xFFFFFFFF" Source="IP: $IP$"></Text>
<Text Left="620" Top="455" Align="Right" Color="0xFFF54EFA" Source="DateTime"></Text>
<Image Left="35" Top="15" Width="100" Height="100" Source="GameIcon" />

</Main>

<ColorScheme>
    <AMBIENT_FOGCOLOR>0xFFFF0000</AMBIENT_FOGCOLOR>
    <AMBIENT_SKYCOLOR>0xFF000000</AMBIENT_SKYCOLOR>
    <AMBIENT_CELLCOLOR>0xFFFFFFFF</AMBIENT_CELLCOLOR>
    <CAPTION_TEXTCOLOR>0xFFFFFFFF</CAPTION_TEXTCOLOR>
    <CAPTION_BACKCOLOR>0xFF000000</CAPTION_BACKCOLOR>
    <DIALOG_BORDERCOLOR>0xFFFFFFFF</DIALOG_BORDERCOLOR>
    <DIALOG_BACKCOLOR>0xD1804000</DIALOG_BACKCOLOR>
    <DIALOG_INNER_BORDERCOLOR>0xFFFFFFFF</DIALOG_INNER_BORDERCOLOR>
    <DIALOG_INNER_BACKCOLOR>0xFF000000</DIALOG_INNER_BACKCOLOR>
    <DIALOG_TEXTCOLOR>0xFFFFFFFF</DIALOG_TEXTCOLOR>
    <DIALOG_DISABLEDTEXT>0xFFB3B3B4</DIALOG_DISABLEDTEXT>
    <OPTION_TEXTCOLOR>0xFFFFFFFF</OPTION_TEXTCOLOR>
    <OPTION_ACTIVETEXTCOLOR>0xFFFFFFFF</OPTION_ACTIVETEXTCOLOR>
    <OPTION_ACTIVEBACKCOLOR>0xFF804040</OPTION_ACTIVEBACKCOLOR>
    <BUTTON_BORDERCOLOR>0xFFFFFFFF</BUTTON_BORDERCOLOR>
    <BUTTON_TEXTCOLOR>0xFFFFFFFF</BUTTON_TEXTCOLOR>
    <BUTTON_BACKCOLOR>0xFF2C3698</BUTTON_BACKCOLOR>
    <BUTTON_ACTIVETEXTCOLOR>0xFFFFFFFF</BUTTON_ACTIVETEXTCOLOR>
    <BUTTON_ACTIVEBACKCOLOR>0xFF800000</BUTTON_ACTIVEBACKCOLOR>
    <KB_KEYBG_HIGHLIGHT>0xFF800000</KB_KEYBG_HIGHLIGHT>
    <KB_KEYBG_DISABLED>0xFFC0C0C0</KB_KEYBG_DISABLED>
    <KB_KEY_PRESSED>0xFF008000</KB_KEY_PRESSED>
    <KB_KEY_NORMAL>0xFF000000</KB_KEY_NORMAL>
    <KB_KEY_DISABLED>0xFFFFFFFF</KB_KEY_DISABLED>
    <KB_KEY_ACTIVEBORDER>0xFFFFFFFF</KB_KEY_ACTIVEBORDER>
    <KB_KEY_TEXTCOLOR>0xFF000000</KB_KEY_TEXTCOLOR>
    <KB_KEY_TEXTBACKCOLOR>0xFFFFFFFF</KB_KEY_TEXTBACKCOLOR>
    <KB_KEY_TEXTBORDERCOLOR>0xFFFFFFFF</KB_KEY_TEXTBORDERCOLOR>
    <MENU_TEXTCOLOR>0xFFFFFFFF</MENU_TEXTCOLOR>
    <MENU_ACTIVETEXTCOLOR>0xFF2C3698</MENU_ACTIVETEXTCOLOR>
</ColorScheme>

</Skin>