﻿<Skin name="Farcry evo">
    <Information>
        <Author>Tommyb227</Author>
        <Version>1</Version>
        <Copyright>2006</Copyright>
        <Skinner Name="UX Architect" Version="1.0c" />
    </Information>
    <Main Globe="False" Orb="False" Fog="False">
        <Background EnableAudio="False">images_38.jpg</Background>
        <InfoFont>Square-10.xpr</InfoFont>
        <Text Top="417" Left="401" Width="231" Scroll="0" Color="0xFFFF8000" Source="AppVersion" Align="Left" />
        <Text Top="243" Left="401" Width="229" Scroll="0" Color="0xFFFF8000" Source="DateTime" Align="Left" />
        <Text Top="73" Left="392" Width="200" Scroll="0" Color="0xFFFF8000" Source="SoundTrack" Align="Left" />
        <Text Top="55" Left="392" Width="200" Scroll="0" Color="0xFFFF8000" Source="SongName" Align="Left" />
        <Text Top="15" Left="392" Width="228" Scroll="0" Color="0xFFFF8000" Source="DVDTitle" Align="Left" />
        <Text Top="32" Left="393" Width="200" Scroll="0" Color="0xFFFF8000" Source="Tray" Align="Left" />
        <Text Top="264" Left="401" Width="200" Scroll="0" Color="0xFFFF8000" Source="FanSpeed" Align="Left" />
        <Text Top="303" Left="400" Width="200" Scroll="0" Color="0xFFFF8000" Source="MBTempF" Align="Left" />
        <Text Top="284" Left="400" Width="200" Scroll="0" Color="0xFFFF8000" Source="CPUTempF" Align="Left" />
        <Text Top="373" Left="400" Width="200" Scroll="0" Color="0xFFFF8000" Source="Gateway" Align="Left" />
        <Text Top="393" Left="400" Width="200" Scroll="0" Color="0xFFFF8000" Source="MAC" Align="Left" />
        <Text Top="352" Left="400" Width="200" Scroll="0" Color="0xFFFF8000" Source="Subnet" Align="Left" />
        <Text Top="332" Left="400" Width="200" Scroll="0" Color="0xFFFF8000" Source="IP" Align="Left" />
        <Text Top="449" Left="103" Width="533" Scroll="0" Color="0xFFFF8000" Source="Newsfeed" Align="Left" />
        <Text Top="449" Left="8" Width="92" Scroll="0" Color="0xFFFF8000" Source="NewsSource" Align="Left" />
        <Image Source="GamePreview" />
        <Image Top="277" Left="173" Width="128" Height="128" Source="GameIcon" />
        <Menu Smooth="True" Align="Left" ShowIcon="False" ShowArrows="False">
            <Preview EnableAudio="True" Top="95" Left="6" Width="161" Height="180" />
            <Position Top="281" Left="6" Width="211" Height="131" Fixed="True" FixAt="2" MaxItem="4" />
            <Font>Tahoma-10.xpr</Font>
        </Menu>
        <ColorScheme>
            <AMBIENT_FOGCOLOR>0x00FFFFFF</AMBIENT_FOGCOLOR>
            <AMBIENT_SKYCOLOR>0x0000000F</AMBIENT_SKYCOLOR>
            <AMBIENT_CELLCOLOR>0x0000C000</AMBIENT_CELLCOLOR>
            <CAPTION_TEXTCOLOR>0xFFFF8000</CAPTION_TEXTCOLOR>
            <CAPTION_BACKCOLOR>0x64808080</CAPTION_BACKCOLOR>
            <DIALOG_BORDERCOLOR>0xFF000000</DIALOG_BORDERCOLOR>
            <DIALOG_BACKCOLOR>0x64808080</DIALOG_BACKCOLOR>
            <DIALOG_INNER_BORDERCOLOR>0xC8000000</DIALOG_INNER_BORDERCOLOR>
            <DIALOG_INNER_BACKCOLOR>0x5A808080</DIALOG_INNER_BACKCOLOR>
            <DIALOG_TEXTCOLOR>0xFFFFFFFF</DIALOG_TEXTCOLOR>
            <DIALOG_DISABLEDTEXT>0xFFB3B3B4</DIALOG_DISABLEDTEXT>
            <OPTION_TEXTCOLOR>0xFFFFFFFF</OPTION_TEXTCOLOR>
            <OPTION_ACTIVETEXTCOLOR>0xFFFF8000</OPTION_ACTIVETEXTCOLOR>
            <OPTION_ACTIVEBACKCOLOR>0x50808080</OPTION_ACTIVEBACKCOLOR>
            <BUTTON_BORDERCOLOR>0xC8000000</BUTTON_BORDERCOLOR>
            <BUTTON_TEXTCOLOR>0xFFFFFFFF</BUTTON_TEXTCOLOR>
            <BUTTON_BACKCOLOR>0xFF525252</BUTTON_BACKCOLOR>
            <BUTTON_ACTIVETEXTCOLOR>0xFFFFFFFF</BUTTON_ACTIVETEXTCOLOR>
            <BUTTON_ACTIVEBACKCOLOR>0xFF808080</BUTTON_ACTIVEBACKCOLOR>
            <KB_KEYBG_HIGHLIGHT>0x19575757</KB_KEYBG_HIGHLIGHT>
            <KB_KEYBG_DISABLED>0x78C0C0C0</KB_KEYBG_DISABLED>
            <KB_KEY_PRESSED>0xFF008000</KB_KEY_PRESSED>
            <KB_KEY_NORMAL>0xFF000000</KB_KEY_NORMAL>
            <KB_KEY_DISABLED>0x78808080</KB_KEY_DISABLED>
            <KB_KEY_ACTIVEBORDER>0xFFFF0000</KB_KEY_ACTIVEBORDER>
            <KB_KEY_TEXTCOLOR>0xFF000000</KB_KEY_TEXTCOLOR>
            <KB_KEY_TEXTBACKCOLOR>0xFFFFFFFF</KB_KEY_TEXTBACKCOLOR>
            <KB_KEY_TEXTBORDERCOLOR>0x780000FF</KB_KEY_TEXTBORDERCOLOR>
            <MENU_TEXTCOLOR>0x96FF8000</MENU_TEXTCOLOR>
            <MENU_ACTIVETEXTCOLOR>0xFFFF8000</MENU_ACTIVETEXTCOLOR>
        </ColorScheme>
    </Main>
</Skin>