<Skin Name="Electricity">
	<Information>
		<Author>Graphics by Enzo, skin.xml by Tweaqr</Author>
		<Copyright>2004</Copyright>
		<Version>1.0</Version>
	</Information>
	<FileManager>
		<BackGround>FileManager.png</BackGround> 
	</FileManager>
	<LoadingScreen ShowInfo="True">
		<BackGround>loading.png</BackGround> 
	</LoadingScreen>
	<Main Globe="False" Orb="False" Fog="False">
		<Cellwall>Cell.png</Cellwall> 
		<Menu Smooth="True" Align="middle" ShowIcon="false" Rotate="true" ShowArrows="False">
			<BackColor>0x000000</BackColor> 
			<BorderColor Width="2">0xFF000000</BorderColor> 
			<Font WidthFactor="1.5" HeightFactor="1.5">Impact_14.xpr</Info>
			<Position Top="350" Left="170" Width="300" Height="130" Fixed="False" FixAt="0" MaxItem="4" />
			<Preview EnableAudio="True" Left="447" Top="41" width="118" Height="110" />
		</Menu>
		<InfoFont>Impact_10.xpr</InfoFont>
		<Text Left="39" Top="42" Align="Left" Color="0xFF000000" Source="$IP$"></Text>
		<Text Left="70" Top="54" Align="Left" Color="0xFF000000" Source="$Gateway$"></Text>
		<Text Left="48" Top="66" Align="Left" Color="0xFF000000" Source="$DNS1$"></Text>
		
		<Text Left="39" Top="116" Align="Left" Color="0xFF000000" Source="$C_Free$"></Text>
		<Text Left="39" Top="129" Align="Left" Color="0xFF000000" Source="$E_Free$"></Text>
		<Text Left="39" Top="142" Align="Left" Color="0xFF000000" Source="$F_Free$"></Text>
		
		<Text Left="49" Top="181" Align="Left" Color="0xFF000000" Source="$CPUTemp$"></Text>
		<Text Left="47" Top="194" Align="Left" Color="0xFF000000" Source="$MBTemp$"></Text>

		<Text Left="54" Top="249" Align="Left" Color="0xFF000000" Source="$Time$"></Text>
		<Text Left="54" Top="261" Align="Left" Color="0xFF000000" Source="$Date$"></Text>

		<Image Left="0" Top="0" Width="640" Height="480" Opacity="100"> bg.png</Image>
		<Image Top="41" Left="447" width="118" Height="110" Source="GameIcon" />
		<Preview EnableAudio="True" left="447" Top="41" Width="113" Height="113" />
		<Image Source="GamePreview"/>
		<Image Left="0" Top="0" Width="640" Height="480" Opacity="100">overlay.png</Image>
	</Main>
	<ColorScheme >
		<AMBIENT_FOGCOLOR>0xFF000000</AMBIENT_FOGCOLOR>
		<AMBIENT_SKYCOLOR></AMBIENT_SKYCOLOR>
		<AMBIENT_CELLCOLOR>0x00FFFFFF</AMBIENT_CELLCOLOR>

		<CAPTION_TEXTCOLOR>0xFFFFFFFF</CAPTION_TEXTCOLOR>
		<CAPTION_BACKCOLOR>0xFF2E438D</CAPTION_BACKCOLOR>
		<DIALOG_BORDERCOLOR>0xFFFFFFFF</DIALOG_BORDERCOLOR>
		<DIALOG_BACKCOLOR>0xFF162043</DIALOG_BACKCOLOR>
		<DIALOG_INNER_BORDERCOLOR>0xFFFFFFFF</DIALOG_INNER_BORDERCOLOR>
		<DIALOG_INNER_BACKCOLOR>0xFF2E438D</DIALOG_INNER_BACKCOLOR>
		<DIALOG_TEXTCOLOR>0xFFFFFFFF</DIALOG_TEXTCOLOR>

		<DIALOG_DISABLEDTEXT>0xFFC0C0C0</DIALOG_DISABLEDTEXT>

		<OPTION_TEXTCOLOR>0xFFFFFFFF</OPTION_TEXTCOLOR>
		<OPTION_ACTIVETEXTCOLOR>0xFFFFFFFF</OPTION_ACTIVETEXTCOLOR>
		<OPTION_ACTIVEBACKCOLOR></OPTION_ACTIVEBACKCOLOR>

		<BUTTON_BORDERCOLOR></BUTTON_BORDERCOLOR>
		<BUTTON_TEXTCOLOR>0xFF02C90C</BUTTON_TEXTCOLOR>
		<BUTTON_BACKCOLOR>0xCD636482</BUTTON_BACKCOLOR>
		<BUTTON_ACTIVETEXTCOLOR>0xFFFFFFFF</BUTTON_ACTIVETEXTCOLOR>
		<BUTTON_ACTIVEBACKCOLOR>0xE102C90C</BUTTON_ACTIVEBACKCOLOR>	
		
		<KB_KEYBG_HIGHLIGHT>0xCC00C000</KB_KEYBG_HIGHLIGHT>
		<KB_KEYBG_DISABLED>0xffc0c0c0</KB_KEYBG_DISABLED>
		<KB_KEY_PRESSED>0xff808080</KB_KEY_PRESSED>
		<KB_KEY_NORMAL>0xff000000</KB_KEY_NORMAL>
		<KB_KEY_DISABLED>0xff808080</KB_KEY_DISABLED>
		<KB_KEY_ACTIVEBORDER>0xff008000</KB_KEY_ACTIVEBORDER>
		<KB_KEY_TEXTCOLOR>0xff000000</KB_KEY_TEXTCOLOR>
		<KB_KEY_TEXTBACKCOLOR>0xffFFFFFF</KB_KEY_TEXTBACKCOLOR>
		<KB_KEY_TEXTBORDERCOLOR>0xff0000FF</KB_KEY_TEXTBORDERCOLOR>

		<MENU_TEXTCOLOR>0xFF0D2A6E</MENU_TEXTCOLOR>
		<MENU_ACTIVETEXTCOLOR>0xFF3E6BAF</MENU_ACTIVETEXTCOLOR>
		<MENU_BORDERCOLOR>0x00000000</MENU_BORDERCOLOR>
		<MENU_BACKCOLOR>0x00000000</MENU_BACKCOLOR>
		<MENU_ACTIVEBACKCOLOR>0x00000000</MENU_ACTIVEBACKCOLOR>
		<MENU_ACTIVEBORDERCOLOR>0x00000000</MENU_ACTIVEBORDERCOLOR>
	</ColorScheme>
</Skin>