<Skin name="MsDash Red">
	<Information>
	  <Author>Athloni</Author>
	</Information>
	<Main Globe="True" Orb="True" Fog="True">
	  <Background>fog.png</Background>
	  <Orb>orb_und.png</Orb>
	  <Cellwall>Cell.png</Cellwall>
	  <Image>bgms.png</Image>
	  <Image Source="GameIcon" />
	  <Image Left="130" Top="118" Width="110" Height="110" Source="GamePreview" />
	  <Image Left="90" Top="83" Width="233" Height="233" Opacity="100">orb_up.png</Image>
	  <Menu Smooth="False" Align="Left" ShowArrows="True" Rotate="False" ShowIcon="False">
	      <Preview EnableAudio="False" Left="148" Top="136" Width="130" Height="136" />
		<font>Crystal_clear_14.xpr</font>
		<itempos left="325" top="96" width="240"></itempos>
		<itempos left="340" top="138" width="240"></itempos>
		<itempos left="345" top="180" width="240"></itempos>
		<itempos left="340" top="222" width="240"></itempos>
		<itempos left="327" top="264" width="240"></itempos>
		<itempos left="294" top="306" width="240"></itempos>
		</Menu>
		<*Text Left="540" Top="40" Align="Right" Color="0xFF75870A" Source="Time"></Text>
		<*Text Left="230" Top="410" Align="Left" Color="0xFF75870A" Source="CPUTemp"></Text>
		<*Text Left="230" Top="430" Align="Left" Color="0xFF75870A" Source="MBTemp"></Text>
		<*Text Left="30" Top="410" Align="Left" Color="0xFF75870A" Source="E_FreeMB"></Text>
		<*Text Left="30" Top="430" Align="Left" Color="0xFF75870A" Source="F_FreeMB"></Text>
		<*Text Left="460" Top="390" Color="0xFF1B2600" Source="Tray"></Text>
		<*Text Left="350" Top="370" Width="260" Color="0xFF1B2600" Source="SongName"></Text>
		<*Text Left="370" Top="430" Width="250" Color="0xFF75870A" Source="Newsfeed"></Text>
	<Shape Type="Rectangle" Left="324" Top="96" Width="241" Height="26" BorderColor="0xFF752727" BackColor="0xFF44090C"></Shape>
	<Shape Type="Rectangle" Left="339" Top="138" Width="241" Height="26" BorderColor="0xFF752727" BackColor="0xFF44090C"></Shape>
	<Shape Type="Rectangle" Left="344" Top="180" Width="241" Height="26" BorderColor="0xFF752727" BackColor="0xFF44090C"></Shape>
	<Shape Type="Rectangle" Left="339" Top="222" Width="241" Height="26" BorderColor="0xFF752727" BackColor="0xFF44090C"></Shape>
	<Shape Type="Rectangle" Left="326" Top="264" Width="241" Height="26" BorderColor="0xFF752727" BackColor="0xFF44090C"></Shape>
	<Shape Type="Rectangle" Left="293" Top="306" Width="241" Height="26" BorderColor="0xFF752727" BackColor="0xFF44090C"></Shape>
	</Main>
	<LoadingScreen>
	<Background>loading.png</Background>
	</LoadingScreen>
	<ColorScheme >
		<AMBIENT_FOGCOLOR>0xFF351101</AMBIENT_FOGCOLOR>
		<AMBIENT_SKYCOLOR>0x00000000</AMBIENT_SKYCOLOR>
		<AMBIENT_CELLCOLOR>0xFFFFFFFF</AMBIENT_CELLCOLOR>

            <CAPTION_TEXTCOLOR>0xFFE4DADB</CAPTION_TEXTCOLOR>
            <CAPTION_BACKCOLOR>0xFF000000</CAPTION_BACKCOLOR>
             
            <DIALOG_BORDERCOLOR>0xFFFFFFFF</DIALOG_BORDERCOLOR>
            <DIALOG_BACKCOLOR>0xD1FF0000</DIALOG_BACKCOLOR>
            <DIALOG_INNER_BORDERCOLOR>0xFFFFFFFF</DIALOG_INNER_BORDERCOLOR>
            <DIALOG_INNER_BACKCOLOR>0xFF000000</DIALOG_INNER_BACKCOLOR>
            <DIALOG_TEXTCOLOR>0xFFFFFFFF</DIALOG_TEXTCOLOR>
            <DIALOG_DISABLEDTEXT>0xFFB3B3B4</DIALOG_DISABLEDTEXT>
             
            <OPTION_TEXTCOLOR>0xFFFFFFFF</OPTION_TEXTCOLOR>
            <OPTION_ACTIVETEXTCOLOR>0xFFFFFFFF</OPTION_ACTIVETEXTCOLOR>
            <OPTION_ACTIVEBACKCOLOR>0xFFFF0000</OPTION_ACTIVEBACKCOLOR>
             
            <BUTTON_BORDERCOLOR>0xFFFFFFFF</BUTTON_BORDERCOLOR>
            <BUTTON_TEXTCOLOR>0xFFFFFFFF</BUTTON_TEXTCOLOR>
            <BUTTON_BACKCOLOR>0xFFFF0000</BUTTON_BACKCOLOR>
            <BUTTON_ACTIVETEXTCOLOR>0xFFFFFFFF</BUTTON_ACTIVETEXTCOLOR>
            <BUTTON_ACTIVEBACKCOLOR>0xFFC0C0C0</BUTTON_ACTIVEBACKCOLOR>
             
            <KB_KEYBG_HIGHLIGHT>0xFFFF0000</KB_KEYBG_HIGHLIGHT>
            <KB_KEYBG_DISABLED>0x78C0C0C0</KB_KEYBG_DISABLED>
            <KB_KEY_PRESSED>0xFF800009</KB_KEY_PRESSED>
            <KB_KEY_NORMAL>0xFF000000</KB_KEY_NORMAL>
            <KB_KEY_DISABLED>0xFF808080</KB_KEY_DISABLED>
            <KB_KEY_ACTIVEBORDER>0xFFFF0000</KB_KEY_ACTIVEBORDER>
            <KB_KEY_TEXTCOLOR>0xFF000000</KB_KEY_TEXTCOLOR>
            <KB_KEY_TEXTBACKCOLOR>0xFFFFFFFF</KB_KEY_TEXTBACKCOLOR>
            <KB_KEY_TEXTBORDERCOLOR>0x78FFFFFF</KB_KEY_TEXTBORDERCOLOR>
			
		<MENU_TEXTCOLOR>0xFFCC3F01</MENU_TEXTCOLOR>
		<MENU_ACTIVETEXTCOLOR>0xFF070001</MENU_ACTIVETEXTCOLOR>
		<MENU_ACTIVEBACKCOLOR>0xFFAF2201</MENU_ACTIVEBACKCOLOR>
		<MENU_ACTIVEBORDERCOLOR>0xFFF57E49</MENU_ACTIVEBORDERCOLOR>
	</ColorScheme>
</Skin>