<Skin Name="Veronica Zemanova">
<Information>
<Author>51vh50</Author>
<Copyright>2005 Skinned by Sketchy Skinner</Copyright>
<Version>1</Version>
</Information>

<FileManager>
<Background>bg.jpg</Background>
</FileManager>

<LoadingScreen ShowInfo="False">
<Background>ls.jpg</Background>
</LoadingScreen>

<Main globe="False" Orb="False">
<Image Top="0" Left="216" width="242" Height="254" Opacity="100">overlay.png</Image>
<GameIcon Enable="True">
  <Position Top="2" Left="245" Width="185" Height="222" />
  </GameIcon>
<Background EnableAudio="True">bg.jpg</background>
<Menu smooth="True" ShowArrows="False" ShowIcon="False" Rotate="True">
<Position left="40" Top="355" Width="260" Height="100" />
<Preview EnableAudio="False" left="525" Top="5" Width="104" Height="81" />
</Menu>
<Text Left="45" Top="75" Align="Left" Color="0xFF686485" Source="DvdTitle"></Text>
<Text Left="45" Top="95" Align="Left" Color="0xFF686485" Source="C_FreeMB"></Text>
<Text Left="45" Top="115" Align="Left" Color="0xFF686485" Source="E_FreeMB"></Text>
<Text Left="45" Top="135" Align="Left" Color="0xFF686485" Source="F_FreeMB"></Text>
<Text Left="45" Top="155" Align="Left" Color="0xFF686485" Source="IP"></Text>
<Text Left="45" Top="175" Align="Left" Color="0xFF686485" Source="Date"></Text>
<Text Left="45" Top="195" Align="Left" Color="0xFF686485" Source="Time"></Text>
<Text Left="45" Top="215" Align="Left" Color="0xFF686485" Source="SongName"></Text>
<Text Left="65" Top="235" Align="Left" Color="0xFF686485" Source="SongTime"></Text>
</Main>

<ColorScheme>
<AMBIENT_FOGCOLOR>0x78FFFFFF</AMBIENT_FOGCOLOR>
<AMBIENT_SKYCOLOR>0xFF000000</AMBIENT_SKYCOLOR>
<AMBIENT_CELLCOLOR>0xFFFFFFFF</AMBIENT_CELLCOLOR>

<CAPTION_TEXTCOLOR>0xFFFFFFC0</CAPTION_TEXTCOLOR>
<CAPTION_BACKCOLOR>0xFF686485</CAPTION_BACKCOLOR>

<DIALOG_BORDERCOLOR>0xFF0C0A18</DIALOG_BORDERCOLOR>
<DIALOG_BACKCOLOR>0xCD636482</DIALOG_BACKCOLOR>
<DIALOG_INNER_BORDERCOLOR>0xFF636482</DIALOG_INNER_BORDERCOLOR>
<DIALOG_INNER_BACKCOLOR>0xE1004100</DIALOG_INNER_BACKCOLOR>
<DIALOG_TEXTCOLOR>0xFFFFFFFF</DIALOG_TEXTCOLOR>
<DIALOG_DISABLEDTEXT>0x7F086820</DIALOG_DISABLEDTEXT>

<OPTION_TEXTCOLOR>0xFF02C90C</OPTION_TEXTCOLOR>
<OPTION_ACTIVETEXTCOLOR>0xFFFFFFFF</OPTION_ACTIVETEXTCOLOR>
<OPTION_ACTIVEBACKCOLOR>0xFF02C90C</OPTION_ACTIVEBACKCOLOR>

<BUTTON_BORDERCOLOR>0xFFFFFFFF</BUTTON_BORDERCOLOR>
<BUTTON_TEXTCOLOR>0xFF02C90C</BUTTON_TEXTCOLOR>
<BUTTON_BACKCOLOR>0xFF400000</BUTTON_BACKCOLOR>
<BUTTON_ACTIVETEXTCOLOR>0xFFFFFFFF</BUTTON_ACTIVETEXTCOLOR>
<BUTTON_ACTIVEBACKCOLOR>0xFF800000</BUTTON_ACTIVEBACKCOLOR>

<KB_KEYBG_HIGHLIGHT>0xCC00C000</KB_KEYBG_HIGHLIGHT>
<KB_KEYBG_DISABLED>0xffc0c0c0</KB_KEYBG_DISABLED>
<KB_KEY_PRESSED>0xff808080</KB_KEY_PRESSED>
<KB_KEY_NORMAL>0xff000000</KB_KEY_NORMAL>
<KB_KEY_DISABLED>0xff808080</KB_KEY_DISABLED>
<KB_KEY_ACTIVEBORDER>0xff008000</KB_KEY_ACTIVEBORDER>
<KB_KEY_TEXTCOLOR>0xff000000</KB_KEY_TEXTCOLOR>
<KB_KEY_TEXTBACKCOLOR>0xffFFFFFF</KB_KEY_TEXTBACKCOLOR>
<KB_KEY_TEXTBORDERCOLOR>0xff0000FF</KB_KEY_TEXTBORDERCOLOR>

<MENU_TEXTCOLOR>0xFFFF0000</MENU_TEXTCOLOR>
<MENU_ACTIVETEXTCOLOR>0xFFFFFF00</MENU_ACTIVETEXTCOLOR>
</ColorScheme>
</Skin>



