﻿<Skin name="Red Blackbox">
    <Information>
        <Author>Lin3tremor</Author>
        <Version>1</Version>
        <Copyright>COPYRIGHT 2004</Copyright>
        <Skinner Name="UX Architect" Version="1.0c" />
    </Information>
    <Filemanager SafeBorder="False">
        <Background>FILEMANAGER.PNG</Background>
    </Filemanager>
    <LoadingScreen ShowInfo="False">
        <Background>WAIT.PNG</Background>
    </LoadingScreen>
    <Main>
        <Background EnableAudio="False">FOG.PNG</Background>
        <Orb>blatt_04.jpg</Orb>
        <InfoFont>DUNGEON_11.XPR</InfoFont>
        <Text Top="410" Left="366" Width="200" Scroll="0" Color="0xFFFFFFFF" Source="DVDTitle" Align="Left" />
        <Text Top="390" Left="366" Width="200" Scroll="0" Color="0xFFFFFFFF" Source="Tray" Align="Left" />
        <Text Top="427" Left="366" Width="200" Scroll="0" Color="0xFFFFFFFF" Source="IP" Align="Left" />
        <Text Top="370" Left="366" Width="200" Scroll="0" Color="0xFFFFFFFF" Source="F_FreeMB" Align="Left" />
        <Text Top="52" Left="494" Width="112" Scroll="0" Color="0xFFFFFFFF" Source="Date" Align="Middle" />
        <Text Top="33" Left="517" Width="85" Scroll="0" Color="0xFFFFFFFF" Source="Time" Align="Middle" />
        <Text Top="350" Left="365" Width="200" Scroll="0" Color="0xFFFFFFFF" Source="E_FreeMB" Align="Left" />
        <Text Top="333" Left="364" Width="200" Scroll="0" Color="0xFFFFFFFF" Source="C_FreeMB" Align="Left" />
        <Text Top="405" Left="126" Width="200" Scroll="0" Color="0xFFFFFFFF" Source="SongTime" Align="Right" />
        <Text Top="425" Left="58" Width="200" Scroll="0" Color="0xFFFFFFFF" Source="SoundTrack" Align="Left" />
        <Text Top="404" Left="58" Width="200" Scroll="0" Color="0xFFFFFFFF" Source="SongName" Align="Left" />
        <Text Top="4" Left="11" Width="200" Scroll="0" Color="0xFFFFFFFF" Source="NewsSource" Align="Middle" />
        <Text Top="6" Left="259" Width="311" Scroll="0" Color="0xFFFFFFFF" Source="Newsfeed" Align="Middle" />
        <Image Top="113" Left="366" Width="239" Height="178" Opacity="100">X.PNG</Image>
        <Image Top="111" Left="364" Width="243" Height="182" Source="GameIcon" />
        <Image Top="30" Left="20" Width="600" Height="440" Opacity="100">BACKNEW.PNG</Image>
        <Image Top="370" Left="370" Width="220" Height="2" Opacity="100">DIVIDE.PNG</Image>
        <Image Top="409" Left="370" Width="220" Height="2" Opacity="100">DIVIDE.PNG</Image>
        <Image Source="GamePreview" />
        <Menu Align="Left" ShowIcon="False" ShowArrows="False">
            <Preview EnableAudio="True" Top="111" Left="364" Width="243" Height="182" />
            <Position Top="145" Left="57" Width="257" Height="190" Fixed="False" FixAt="1" MaxItem="8" />
            <Font>DUNGEON_14.XPR</Font>
        </Menu>
        <ColorScheme>
            <AMBIENT_FOGCOLOR>0xFFFF1515</AMBIENT_FOGCOLOR>
            <AMBIENT_SKYCOLOR>0x77FF0000</AMBIENT_SKYCOLOR>
            <AMBIENT_CELLCOLOR>0x78FF0000</AMBIENT_CELLCOLOR>
            <CAPTION_TEXTCOLOR>0xFFFFFFFF</CAPTION_TEXTCOLOR>
            <CAPTION_BACKCOLOR>0xFF000000</CAPTION_BACKCOLOR>
            <DIALOG_BORDERCOLOR>0xFFFFFFFF</DIALOG_BORDERCOLOR>
            <DIALOG_BACKCOLOR>0xD1FF0000</DIALOG_BACKCOLOR>
            <DIALOG_INNER_BORDERCOLOR>0xFFFFFFFF</DIALOG_INNER_BORDERCOLOR>
            <DIALOG_INNER_BACKCOLOR>0xFF000000</DIALOG_INNER_BACKCOLOR>
            <DIALOG_TEXTCOLOR>0xFFFFFFFF</DIALOG_TEXTCOLOR>
            <DIALOG_DISABLEDTEXT>0xFFB3B3B4</DIALOG_DISABLEDTEXT>
            <OPTION_TEXTCOLOR>0xFFFFFFFF</OPTION_TEXTCOLOR>
            <OPTION_ACTIVETEXTCOLOR>0xFFFFFFFF</OPTION_ACTIVETEXTCOLOR>
            <OPTION_ACTIVEBACKCOLOR>0xFFFF0000</OPTION_ACTIVEBACKCOLOR>
            <BUTTON_BORDERCOLOR>0xFFFFFFFF</BUTTON_BORDERCOLOR>
            <BUTTON_TEXTCOLOR>0xFFFFFFFF</BUTTON_TEXTCOLOR>
            <BUTTON_BACKCOLOR>0xFFFF0000</BUTTON_BACKCOLOR>
            <BUTTON_ACTIVETEXTCOLOR>0xFFFFFFFF</BUTTON_ACTIVETEXTCOLOR>
            <BUTTON_ACTIVEBACKCOLOR>0xFFC0C0C0</BUTTON_ACTIVEBACKCOLOR>
            <KB_KEYBG_HIGHLIGHT>0xFFFF0000</KB_KEYBG_HIGHLIGHT>
            <KB_KEYBG_DISABLED>0x78C0C0C0</KB_KEYBG_DISABLED>
            <KB_KEY_PRESSED>0xFF008000</KB_KEY_PRESSED>
            <KB_KEY_NORMAL>0xFF000000</KB_KEY_NORMAL>
            <KB_KEY_DISABLED>0xFF808080</KB_KEY_DISABLED>
            <KB_KEY_ACTIVEBORDER>0xFFFF0000</KB_KEY_ACTIVEBORDER>
            <KB_KEY_TEXTCOLOR>0xFF000000</KB_KEY_TEXTCOLOR>
            <KB_KEY_TEXTBACKCOLOR>0xFFFFFFFF</KB_KEY_TEXTBACKCOLOR>
            <KB_KEY_TEXTBORDERCOLOR>0x78FFFFFF</KB_KEY_TEXTBORDERCOLOR>
            <MENU_TEXTCOLOR>0xFFFFFFFF</MENU_TEXTCOLOR>
            <MENU_ACTIVETEXTCOLOR>0xFFFFFFFF</MENU_ACTIVETEXTCOLOR>
            <MENU_BORDERCOLOR>0xFFFFFFFF</MENU_BORDERCOLOR>
            <MENU_BACKCOLOR>0xFF000000</MENU_BACKCOLOR>
            <MENU_ACTIVEBACKCOLOR>0xFFFF0000</MENU_ACTIVEBACKCOLOR>
            <MENU_ACTIVEBORDERCOLOR>0xFFFFFFFF</MENU_ACTIVEBORDERCOLOR>
        </ColorScheme>
    </Main>
</Skin>