<Skin name="Chicas">
	<Information>
		<Author>JayXteR</Author>
		<Copyright>Copyright 2003</Copyright>
		<Version>1.0</Version>
	</Information>
	<IntroMovie>C:\Skins\Chicas\intro.wmv</IntroMovie>
	<FileManager>
	<BackGround>menu.png</BackGround>
	</FileManager>
	<LoadingScreen ShowInfo="False">
	<BackGround>loading.wmv</BackGround>
	</LoadingScreen>
	<Main Globe="True" Orb="False" Fog="False">		
		<Image Left="0" Top="0" Width="640" Height="480" Opacity="100">background.png</ Shape>
		<Cellwall>cell.png</Cellwall>
		<Menu Smooth="True" Align="Left" ShowIcon="False" Rotate="False" ShowArrows="False">
			<BackColor>0xFFFFFFFF</BackColor>
			<BorderColor Width="2">0xFFFFFFFF</BorderColor>
			<Position Top="360" Left="280" Width="240" Height="25" Fixed="False" FixAt="1" 							MaxItem="1"/>
		<Preview EnableAudio="False" Left="47" Top="360" Width="130" Height="98" />
		<Font>Bauer_12.xpr</Font>
		</Menu>

<InfoFont>Bauer_10.xpr</InfoFont>
		
		<Text Left="200" Top="409" Align="Left" Color="0xFFFFFFFF" Source="Newsfeed"></Text>
		<Text Left="47" Top="60" Align="Left" Color="0xFFFFFFFF" Source="$CPUTemp$" />
		<Text Left="47" Top="80" Align="Left" Color="0xFFFFFFFF" Source="$MBTemp$" />
		<Text Left="47" Top="100" Align="Left" Color="0xFFFFFFFF" Source="$Date$" />
		<Text Left="47" Top="120" Align="Left" Color="0xFFFFFFFF" Source="$NickName$"></Text>
		<Text Left="47" Top="140" Align="Left" Color="0xFFFFFFFF" Source="XBox $Version$"></Text>
		<Text Left="47" Top="160" Align="Left" Color="0xFFFFFFFF" Source="$IP$"></Text>
		<Text Left="47" Top="180" Align="Left" Color="0xFFFFFFFF" Source="USERS- $NumClient$"></Text>
		<Text Left="47" Top="200" Align="Left" Color="0xFFFFFFFF" Source="$E_FreeMB$"></Text>
		<Text Left="47" Top="220" Align="Left" Color="0xFFFFFFFF" Source="$F_FreeMB$"></Text>
		<Text Left="47" Top="240" Align="Left" Color="0xFFFFFFFF" Source="$G_FreeMB$"></Text>
		<Text Left="47" Top="260" Align="Left" Color="0xFFFFFFFF" Source="DVD- $DVDType$"></Text>
		<Text Left="47" Top="280" Align="Left" Color="0xFFFFFFFF" Source="$Time$"></Text>
		<Text Left="47" Top="300" Align="Left" Color="0xFFFFFFFF" Source="$SoundTrack$"></Text>
		<Text Left="47" Top="320" Align="Left" Color="0xFFFFFFFF" Source="$SongName$"></Text>
		<Text Left="47" Top="340" Align="Left" Color="0xFFFFFFFF" Source="$SongTime$"></Text>
		<Image Top="360" Left="47" width="130" Height="98" Source="GameIcon"/>
		<Image Source="GamePreview"/>
	</Main>
	
	<ColorScheme >
                        <AMBIENT_FOGCOLOR>0xFF000020</AMBIENT_FOGCOLOR>
			<AMBIENT_SKYCOLOR>0xFF000020</AMBIENT_SKYCOLOR>
			<AMBIENT_CELLCOLOR>0xFFFFFFFF</AMBIENT_CELLCOLOR>		                        			
		<CAPTION_TEXTCOLOR>0xFFFFFFFF</CAPTION_TEXTCOLOR>
		<CAPTION_BACKCOLOR>0x00000000</CAPTION_BACKCOLOR>
		<DIALOG_BORDERCOLOR>0xFFFFFFFF</DIALOG_BORDERCOLOR>
		<DIALOG_BACKCOLOR>0x00000000</DIALOG_BACKCOLOR>
		<DIALOG_INNER_BORDERCOLOR>0xFF8000FF</DIALOG_INNER_BORDERCOLOR>
		<DIALOG_INNER_BACKCOLOR>0xFF8000FF</DIALOG_INNER_BACKCOLOR>
		<DIALOG_TEXTCOLOR>0xFFFFFFFF</DIALOG_TEXTCOLOR>

		<DIALOG_DISABLEDTEXT>0xff808080</DIALOG_DISABLEDTEXT>

		<OPTION_TEXTCOLOR>0xff808080</OPTION_TEXTCOLOR>
		<OPTION_ACTIVETEXTCOLOR>0x00000000</OPTION_ACTIVETEXTCOLOR>
		<OPTION_ACTIVEBACKCOLOR>0xFF000000</OPTION_ACTIVEBACKCOLOR>

		<BUTTON_BORDERCOLOR></BUTTON_BORDERCOLOR>
		<BUTTON_TEXTCOLOR>0xFF000000</BUTTON_TEXTCOLOR>
		<BUTTON_BACKCOLOR>0xFFA0A0A0</BUTTON_BACKCOLOR>
		<BUTTON_ACTIVETEXTCOLOR>0xFFA0A0A0</BUTTON_ACTIVETEXTCOLOR>
		<BUTTON_ACTIVEBACKCOLOR>0x00000000</BUTTON_ACTIVEBACKCOLOR>	
		
		<KB_KEYBG_HIGHLIGHT>0xFF8000FF</KB_KEYBG_HIGHLIGHT>
		<KB_KEYBG_DISABLED>0xffc0c0c0</KB_KEYBG_DISABLED>
		<KB_KEY_PRESSED>0xff808080</KB_KEY_PRESSED>
		<KB_KEY_NORMAL>0xff000000</KB_KEY_NORMAL>
		<KB_KEY_DISABLED>0xff808080</KB_KEY_DISABLED>
		<KB_KEY_ACTIVEBORDER>0xff000000</KB_KEY_ACTIVEBORDER>
		<KB_KEY_TEXTCOLOR>0xff000000</KB_KEY_TEXTCOLOR>
		<KB_KEY_TEXTBACKCOLOR>0xffFFFFFF</KB_KEY_TEXTBACKCOLOR>
		<KB_KEY_TEXTBORDERCOLOR>0xff000000</KB_KEY_TEXTBORDERCOLOR>
		
		<MENU_TEXTCOLOR>0xFFFFFFFF</MENU_TEXTCOLOR>
		<MENU_ACTIVETEXTCOLOR>0xFF869CB3</MENU_ACTIVETEXTCOLOR>
		<MENU_BORDERCOLOR></MENU_BORDERCOLOR>
		<MENU_BACKCOLOR></MENU_BACKCOLOR>
		<MENU_ACTIVEBACKCOLOR></MENU_ACTIVEBACKCOLOR>
		<MENU_ACTIVEBORDERCOLOR></MENU_ACTIVEBORDERCOLOR>

	</ColorScheme>
</skin>