<Skin name="Spirit Unleashed">
	<Information>
		<Author>Inertia</Author>
		<Copyright>Copyright 2004</Copyright>
		<Version>1.0</Version>
	</Information>
		<FileManager>
			<BackGround>akiback.jpg</BackGround>
		</FileManager>
		<LoadingScreen ShowInfo="false">
			<BackGround>akiload.jpg</BackGround>
		</LoadingScreen>
		<Main Globe="False" Orb="False">
		<BackGround>aki.jpg</BackGround>

		<Image Top="124" Left="407" width="48" Height="56" Source="GameIcon"/>
		<Image Source="GamePreview" />

		<Menu Smooth="True" Align="left" Rotate="false" ShowArrows="false" ShowIcon="false" Fixed="true" FixAt="1" MaxItem="5">
		<Position Top="206" Left="411" Width="142" Height="135" />
		<Preview EnableAudio="false" Left="187" Top="223" Width="171" Height="141" />
		<Font>XBox_Book_11.xpr</Font>
		</Menu>
		
		<Image Opacity="100" Top="117" Left="401" Width="62" Height="74">iconoverlay.png</Image>
		<Image Opacity="100" Top="217" Left="183" Width="182" Height="156">vidoverlay.png</Image>

		<InfoFont>XBox_Book_11.xpr</InfoFont>
		<Text Left="252" Top="124" Align="Left" Color="0xFF808992" Source="$IP$"></Text>
		<Text Left="252" Top="143" Width="98" Align="Left" Color="0xFF808992" Source="$SongName$"></Text>
		<Text Left="252" Top="162" Align="Left" Color="0xFF808992" Source="$CPUTemp$"></Text>
		<Text Left="252" Top="180" Align="Left" Color="0xFF808992" Source="$E_FreeMB$"></Text>
		<Text Left="252" Top="199" Align="Left" Color="0xFF808992" Source="$F_FreeMB$"></Text>
		<Text Left="466" Top="124" Align="Left" Color="0xFF808992" Source="DVD: $Tray$"></Text>
		<Text Left="466" Top="142" Align="Left" Color="0xFF808992" Source="$Time$"></Text>
		<Text Left="466" Top="160" Align="Left" Color="0xFF808992" Source="$Date$"></Text>
	
		</Main>

	<ColorScheme >
<AMBIENT_FOGCOLOR></AMBIENT_FOGCOLOR>
<AMBIENT_SKYCOLOR></AMBIENT_SKYCOLOR>
<AMBIENT_CELLCOLOR></AMBIENT_CELLCOLOR>

<CAPTION_TEXTCOLOR>0xFF6C7681</CAPTION_TEXTCOLOR>
<CAPTION_BACKCOLOR>0x5CEBEBED</CAPTION_BACKCOLOR>

<DIALOG_BORDERCOLOR>0xFF999EA6</DIALOG_BORDERCOLOR>
<DIALOG_BACKCOLOR>0x5CCACECE</DIALOG_BACKCOLOR>
<DIALOG_INNER_BORDERCOLOR>0xFF7F7F7F</DIALOG_INNER_BORDERCOLOR>
<DIALOG_INNER_BACKCOLOR>0x5C999EA6</DIALOG_INNER_BACKCOLOR>
<DIALOG_TEXTCOLOR>0xFFFFFFFF</DIALOG_TEXTCOLOR>
<DIALOG_DISABLEDTEXT>0x7FB8C0C7</DIALOG_DISABLEDTEXT>

<OPTION_TEXTCOLOR>0xFFFFFFFF</OPTION_TEXTCOLOR>
<OPTION_ACTIVETEXTCOLOR>0xFF6D4E47</OPTION_ACTIVETEXTCOLOR>
<OPTION_ACTIVEBACKCOLOR>0xFFA2ACB8</OPTION_ACTIVEBACKCOLOR>

<BUTTON_BORDERCOLOR>0xFF000000</BUTTON_BORDERCOLOR>
<BUTTON_TEXTCOLOR>0xFFFFFFFF</BUTTON_TEXTCOLOR>
<BUTTON_BACKCOLOR>0xCD8E8679</BUTTON_BACKCOLOR>
<BUTTON_ACTIVETEXTCOLOR>0xFFFFFFFF</BUTTON_ACTIVETEXTCOLOR>
<BUTTON_ACTIVEBACKCOLOR>0xE1686258</BUTTON_ACTIVEBACKCOLOR>	

<KB_KEYBG_HIGHLIGHT>0xCC8E8679</KB_KEYBG_HIGHLIGHT>
<KB_KEYBG_DISABLED>0xff868484</KB_KEYBG_DISABLED>
<KB_KEY_PRESSED>0xff808080</KB_KEY_PRESSED>
<KB_KEY_NORMAL>0xff000000</KB_KEY_NORMAL>
<KB_KEY_DISABLED>0xff808080</KB_KEY_DISABLED>
<KB_KEY_ACTIVEBORDER>0xff6B655B</KB_KEY_ACTIVEBORDER>
<KB_KEY_TEXTCOLOR>0xff000000</KB_KEY_TEXTCOLOR>
<KB_KEY_TEXTBACKCOLOR>0xff847C6F</KB_KEY_TEXTBACKCOLOR>
<KB_KEY_TEXTBORDERCOLOR>0xffffffff</KB_KEY_TEXTBORDERCOLOR>
		
		<MENU_TEXTCOLOR>0xFF979FA8</MENU_TEXTCOLOR>
		<MENU_ACTIVETEXTCOLOR>0xFF808992</MENU_ACTIVETEXTCOLOR>
		<MENU_BORDERCOLOR>0x00000000</MENU_BORDERCOLOR>
		<MENU_BACKCOLOR>0x00000000</MENU_BACKCOLOR>
		<MENU_ACTIVEBACKCOLOR>0x00000000</MENU_ACTIVEBACKCOLOR>
		<MENU_ACTIVEBORDERCOLOR>0x00000000</MENU_ACTIVEBORDERCOLOR>
	</ColorScheme>
</Skin>