<Skin name="Blue">
	<Information>
		<Author>Tweaqr</Author>
		<Copyright>Copyright 2003</Copyright>
		<Version>1.0</Version>
	</Information>
	<Main  Globe="True" Orb="False">
		<Cellwall>Cell.png</Cellwall>
		<Menu Smooth="True" Align="left" ShowIcon=" True" Rotate="true">
			<ItemPos Left="78" Top="131"></ItemPos>
			<ItemPos Left="78" Top="166"></ItemPos>
			<ItemPos Left="78" Top="200"></ItemPos>
			<ItemPos Left="78" Top="235"></ItemPos>
			<ItemPos Left="78" Top="270"></ItemPos>
			<ItemPos Left="78" Top="303"></ItemPos>
			<ItemPos Left="78" Top="339"></ItemPos>
			<BackColor>0x000000</BackColor>
			<BorderColor Width="2">0xFFFFFFFF</BorderColor>
			<Font WidthFactor="1.5" HeightFactor="1.5"></Font>
			<Preview EnableAudio="True" Left="306" Top="56" Width="257" Height="175" />
		</Menu>

		<Text Left="75" Top="91" Left="75" Width="215" Height="24" Align="middle" Color="0xFFFFFFFF" Source="$NickName$"></Text>

		<Text Left="63" Top="392" Align="Left" Color="0xFFFFFFFF" Source="DateTime"></Text>

		<Text Left="341" Top="232" Align="Left" Color="0xFFFFFFFF" Source="C_FreeMB"></Text>
		<Text Left="341" Top="252" Align="Left" Color="0xFFFFFFFF" Source="E_FreeMB"></Text>
		<Text Left="341" Top="272" Align="Left" Color="0xFFFFFFFF" Source="F_FreeMB"></Text>
		<Text Left="341" Top="292" Align="Left" Color="0xFFFFFFFF" Source="IP"></Text>
		<Text Left="341" Top="312" Align="Left" Color="0xFFFFFFFF" Source="NumClient"></Text>
		<Text Left="341" Top="332" Align="Left" Color="0xFFFFFFFF" Source="Tray"></Text>
		<Text Left="341" Top="352" Align="Left"Color="0xFFFFFFFF" Source="SongName"></Text>
		<Text Left="341" Top="372" Align="Left"Color="0xFFFFFFFF" Source="SongTime"></Text>

		<Image Source="GamePreview" />
		<Image Left="485" Top="32" Width="113" Height="92" Opacity="90" source="gameicon" />
		<Image Left="0" Top="0" Width="640" Height="480" Opacity="100">Background.png</Image>
	</Main>
	
		<ColorScheme Name="Blue">
			<AMBIENT_FOGCOLOR>0xFF000040</AMBIENT_FOGCOLOR>
			<AMBIENT_SKYCOLOR>0xFF000040</AMBIENT_SKYCOLOR>
			<AMBIENT_CELLCOLOR>0x065A79CE</AMBIENT_CELLCOLOR>

			<CAPTION_TEXTCOLOR>0xFFFFFFC0</CAPTION_TEXTCOLOR>
			<CAPTION_BACKCOLOR>0xFF4274FF</CAPTION_BACKCOLOR>
			<DIALOG_BORDERCOLOR>0xFFFFFFFF</DIALOG_BORDERCOLOR>
			<DIALOG_BACKCOLOR>0xCD1E34F2</DIALOG_BACKCOLOR>
			<DIALOG_INNER_BORDERCOLOR>0xFFFFE2B4</DIALOG_INNER_BORDERCOLOR>
			<DIALOG_INNER_BACKCOLOR>0xE1003399</DIALOG_INNER_BACKCOLOR>
			<DIALOG_TEXTCOLOR>0xFFFFFFFF</DIALOG_TEXTCOLOR>

			<DIALOG_DISABLEDTEXT>0x7F0000C0</DIALOG_DISABLEDTEXT>

			<OPTION_TEXTCOLOR>0xFFFFFFFF</OPTION_TEXTCOLOR>
			<OPTION_ACTIVETEXTCOLOR>0xFF40FFFF</OPTION_ACTIVETEXTCOLOR>
			<OPTION_ACTIVEBACKCOLOR>0xFF000080</OPTION_ACTIVEBACKCOLOR>

			<BUTTON_BORDERCOLOR>0xFFFFE2B4</BUTTON_BORDERCOLOR>
			<BUTTON_TEXTCOLOR>0xFF993300</BUTTON_TEXTCOLOR>
			<BUTTON_BACKCOLOR>0xCD1E34F2</BUTTON_BACKCOLOR>
			<BUTTON_ACTIVETEXTCOLOR>0xFFFFFFFF</BUTTON_ACTIVETEXTCOLOR>
			<BUTTON_ACTIVEBACKCOLOR>0xE1003399</BUTTON_ACTIVEBACKCOLOR>	
			
			<KB_KEYBG_HIGHLIGHT>0xcc0000C0</KB_KEYBG_HIGHLIGHT>
			<KB_KEYBG_DISABLED>0xffc0c0c0</KB_KEYBG_DISABLED>
			<KB_KEY_PRESSED>0xff808080</KB_KEY_PRESSED>
			<KB_KEY_NORMAL>0xff000000</KB_KEY_NORMAL>
			<KB_KEY_DISABLED>0xff808080</KB_KEY_DISABLED>
			<KB_KEY_ACTIVEBORDER>0xff0000FF</KB_KEY_ACTIVEBORDER>
			<KB_KEY_TEXTCOLOR>0xff000000</KB_KEY_TEXTCOLOR>
			<KB_KEY_TEXTBACKCOLOR>0xffFFFFFF</KB_KEY_TEXTBACKCOLOR>
			<KB_KEY_TEXTBORDERCOLOR>0xff0000FF</KB_KEY_TEXTBORDERCOLOR>
			
			<MENU_TEXTCOLOR>0x99FFFFFF</MENU_TEXTCOLOR>
			<MENU_ACTIVETEXTCOLOR>0xFFFBFA8F</MENU_ACTIVETEXTCOLOR>
			<MENU_BORDERCOLOR>0x00000000</MENU_BORDERCOLOR>
			<MENU_BACKCOLOR>0x00000000</MENU_BACKCOLOR>
			<MENU_ACTIVEBACKCOLOR>0x00000000</MENU_ACTIVEBACKCOLOR>
			<MENU_ACTIVEBORDERCOLOR>0x00000000</MENU_ACTIVEBORDERCOLOR>
		</ColorScheme>
</Skin>