<Skin name="[skinname]">
	<Information>
		<Author>[maker]</Author>
		<Copyright>[copy]</Copyright>
		<Version>[ver]</Version>
	</Information>
		<IntroMovie Enableaudio="[enaud1]">[drive][Skindir]\[customdir]\Intro.wmv</IntroMovie>
	<FileManager>
		<BackGround>FileManager.jpg</BackGround>
	</FileManager>
	<LoadingScreen ShowInfo="[loadinfo]">
		<BackGround Enableaudio="[enaud3]">Loading.wmv</BackGround>
	</LoadingScreen>
		<Main Globe="[globe]" Orb="[orb]" Fog="[fog]">
		<BackGround EnableAudio="[enaud2]">backround.wmv</BackGround>
		<GameIcon Enable="[gameicon]" Opacity="65">
		<Position Top="165" Left="247" Width="145" Height="150" />
		</GameIcon>
		<Menu Smooth="[smooth]" Align="Middle" ShowIcon="[menuicon]" Rotate="[rotate]" Showarrows="[arrows]">
			<BackColor>0x000000</BackColor>
			<BorderColor Width="1">0xFFFFFFFF</BorderColor>
			<Font WidthFactor="1.0" HeightFactor="1.0"></Font>
			<Position Top="360" Left="220" Width="200" Height="85" Fixed="True" FixAt="2" Maxitem="10"></Position>
		</Menu>
		<Text Left="318" Top="27" Align="Middle" Color="0xFFffffff" Source="[time]"></Text>
		<Text Left="318" Top="47" Align="Middle" Color="0xFFffffff" Source="[region]"></Text>
		
		<Text Left="37" Top="389" Color="0xFFffffff" Source="[track]"></Text>
		<Text Left="37" Top="409" Color="0xFFffffff" Source="[song]"></Text>
		<Text Left="47" Top="429" Color="0xFFffffff" Source="[tracktime]"></Text>

		<Text Left="603" Top="389" Align="Right" Color="0xFFffffff" Source="[cdrom]"></Text>
		<Text Left="603" Top="409" Align="Right" Color="0xFFffffff" Source="[freee]"></Text>
		<Text Left="603" Top="429" Align="Right" Color="0xFFffffff" Source="[freef]"></Text>
		<Text Left="603" Top="449" Align="Right" Color="0xFFffffff" Source="[freeg]"></Text>

		<Text Left="428" Top="63" Align="Left" Color="0xFFffffff" Source="[author]"></Text>
		<Text Left="428" Top="81" Align="Left" Color="0xFFffffff" Source="[copyri]"></Text>
		<Text Left="428" Top="99" Align="Left" Color="0xFFffffff" Source="[skinver]"></Text>

	</Main>
	
	<ColorScheme Name="Default">
		<AMBIENT_FOGCOLOR>0xFF200000</AMBIENT_FOGCOLOR>
		<AMBIENT_SKYCOLOR>0xFF400000</AMBIENT_SKYCOLOR>
		<AMBIENT_CELLCOLOR>0x06C4310A</AMBIENT_CELLCOLOR>

		<CAPTION_TEXTCOLOR>0xFFFFFFFF</CAPTION_TEXTCOLOR>
		<CAPTION_BACKCOLOR>0xC7000000</CAPTION_BACKCOLOR>
		<DIALOG_BORDERCOLOR>0x00000000</DIALOG_BORDERCOLOR>
		<DIALOG_BACKCOLOR>0xFF808080</DIALOG_BACKCOLOR>
		<DIALOG_INNER_BORDERCOLOR>0x00000000</DIALOG_INNER_BORDERCOLOR>
		<DIALOG_INNER_BACKCOLOR>0xFF626262</DIALOG_INNER_BACKCOLOR>
		<DIALOG_TEXTCOLOR>0xFFFFFFFF</DIALOG_TEXTCOLOR>

		<DIALOG_DISABLEDTEXT>0x7FC00000</DIALOG_DISABLEDTEXT>

		<OPTION_TEXTCOLOR>0xFFffffff</OPTION_TEXTCOLOR>
		<OPTION_ACTIVETEXTCOLOR>0xFF000000</OPTION_ACTIVETEXTCOLOR>
		<OPTION_ACTIVEBACKCOLOR>0xFFf03333</OPTION_ACTIVEBACKCOLOR>

		<BUTTON_BORDERCOLOR>0xFFFFFFFF</BUTTON_BORDERCOLOR>
		<BUTTON_TEXTCOLOR>0xFFFFFFFF</BUTTON_TEXTCOLOR>
		<BUTTON_BACKCOLOR>0xFF0055EA</BUTTON_BACKCOLOR>
		<BUTTON_ACTIVETEXTCOLOR>0xFF0055EA</BUTTON_ACTIVETEXTCOLOR>
		<BUTTON_ACTIVEBACKCOLOR>0xFFFFFFFF</BUTTON_ACTIVEBACKCOLOR>	
		
		<KB_KEYBG_HIGHLIGHT>0xCC00C000</KB_KEYBG_HIGHLIGHT>
		<KB_KEYBG_DISABLED>0xffc0c0c0</KB_KEYBG_DISABLED>
		<KB_KEY_PRESSED>0xff808080</KB_KEY_PRESSED>
		<KB_KEY_NORMAL>0xff000000</KB_KEY_NORMAL>
		<KB_KEY_DISABLED>0xff808080</KB_KEY_DISABLED>
		<KB_KEY_ACTIVEBORDER>0xff008000</KB_KEY_ACTIVEBORDER>
		<KB_KEY_TEXTCOLOR>0xff000000</KB_KEY_TEXTCOLOR>
		<KB_KEY_TEXTBACKCOLOR>0xffFFFFFF</KB_KEY_TEXTBACKCOLOR>
		<KB_KEY_TEXTBORDERCOLOR>0xff0000FF</KB_KEY_TEXTBORDERCOLOR>
		
		<MENU_TEXTCOLOR>0x55FFFFFF</MENU_TEXTCOLOR>
		<MENU_ACTIVETEXTCOLOR>0xFFddff5f</MENU_ACTIVETEXTCOLOR>
		<MENU_BORDERCOLOR>0x00000000</MENU_BORDERCOLOR>
		<MENU_BACKCOLOR>0x00000000</MENU_BACKCOLOR>
		<MENU_ACTIVEBACKCOLOR>0x00000000</MENU_ACTIVEBACKCOLOR>
		<MENU_ACTIVEBORDERCOLOR>0x00000000</MENU_ACTIVEBORDERCOLOR>
	</ColorScheme>
</Skin>