<Skin name="Alien device">
	<Information>
		<Author>twilight</Author>
		<Copyright>Copyright 2003</Copyright>
		<Version>1</Version>
	</Information>
		<IntroMovie>C:\skins\skin\intro.wmv</IntroMovie>
		<FileManager>
			<BackGround>back.jpg</BackGround>
		</FileManager>
	<LoadingScreen ShowInfo="False">
		<BackGround>loading.jpg</BackGround>
	</LoadingScreen>
	<Main Globe="True" Orb="False">
		<BackGround>bgblueback.png</BackGround>
		<Cellwall>Cell1.png</Cellwall>
		<Orb>orb.png</Orb>
		<Icon>orb.png</Icon>
		<Image Source="GamePreview" />
	
		<GameIcon Enable="True" Opacity="0">
			<Position Top="40" Left="270" Width="104" Height="77" />
		</GameIcon>
		
		<Menu Smooth="False" Align="middle" Rotate="false" ShowIcon="false">
		<Position Top="353" Left="192" Width="254" Height="104" Fixed="False" 
                FixAt="1" MaxItem="8">
		</Position>
		<Font>XBox_Book_11.xpr</Font>
		<Preview EnableAudio="false" Left="72" Top="90" Width="176" Height="134" />
		</Menu>
		
		<InfoFont>Font_Arial_10.xpr</InfoFont>
		<Text Left="433" Top="134" Align="Left" Color="0xFF0D1F0C" Source="$F_FreeMB$ Free"></Text>
		<Text Left="433" Top="112" Align="Left" Color="0xFF0D1F0C" Source="$E_FreeMB$  Free"></Text>
		<Text Left="433" Top="154" Align="Left" Color="0xFF0D1F0C" Source="$G_FreeMB$ Free"></Text>
		

		<Text Left="435" Top="194" Align="Left" Color="0xFF0D1F0C" Source="$IP$"></Text>
	

		<Text Left="271" Top="265" Align="Left" Color="0xFF55CCE0" Source="$CPUTempC$"></Text>
		
		<Text Left="325" Top="265" Align="Left" Color="0xFF55CCE0" Source="$MBTempC$"></Text>
	
		
		</Main>

	<ColorScheme >
		<AMBIENT_FOGCOLOR>0xFF000000</AMBIENT_FOGCOLOR>
		<AMBIENT_SKYCOLOR></AMBIENT_SKYCOLOR>
		<AMBIENT_CELLCOLOR>0x00FFFFFF</AMBIENT_CELLCOLOR>

		<CAPTION_TEXTCOLOR>0xFFFFFFFF</CAPTION_TEXTCOLOR>
		<CAPTION_BACKCOLOR>0xFF000000</CAPTION_BACKCOLOR>
		<DIALOG_BORDERCOLOR>0xFFFFFFFF</DIALOG_BORDERCOLOR>
		<DIALOG_BACKCOLOR>0xFF6082FA</DIALOG_BACKCOLOR>
		<DIALOG_INNER_BORDERCOLOR>0xFFFFFFFF</DIALOG_INNER_BORDERCOLOR>
		<DIALOG_INNER_BACKCOLOR>0xFF6082FA</DIALOG_INNER_BACKCOLOR>
		<DIALOG_TEXTCOLOR>0xFFFFFFFF</DIALOG_TEXTCOLOR>

		<DIALOG_DISABLEDTEXT>0xFFC0C0C0</DIALOG_DISABLEDTEXT>

		<OPTION_TEXTCOLOR>0xFFFFFFFF</OPTION_TEXTCOLOR>
		<OPTION_ACTIVETEXTCOLOR>0xFF02FFC7</OPTION_ACTIVETEXTCOLOR>
		<OPTION_ACTIVEBACKCOLOR>0xFF000000</OPTION_ACTIVEBACKCOLOR>

		<BUTTON_BORDERCOLOR></BUTTON_BORDERCOLOR>
		<BUTTON_TEXTCOLOR>0xFF02C90C</BUTTON_TEXTCOLOR>
		<BUTTON_BACKCOLOR>0xCD636482</BUTTON_BACKCOLOR>
		<BUTTON_ACTIVETEXTCOLOR>0xFFFFFFFF</BUTTON_ACTIVETEXTCOLOR>
		<BUTTON_ACTIVEBACKCOLOR>0xE102C90C</BUTTON_ACTIVEBACKCOLOR>	
		
		<KB_KEYBG_HIGHLIGHT>0xCC00C000</KB_KEYBG_HIGHLIGHT>
		<KB_KEYBG_DISABLED>0xffc0c0c0</KB_KEYBG_DISABLED>
		<KB_KEY_PRESSED>0xff808080</KB_KEY_PRESSED>
		<KB_KEY_NORMAL>0xff000000</KB_KEY_NORMAL>
		<KB_KEY_DISABLED>0xff808080</KB_KEY_DISABLED>
		<KB_KEY_ACTIVEBORDER>0xff008000</KB_KEY_ACTIVEBORDER>
		<KB_KEY_TEXTCOLOR>0xff000000</KB_KEY_TEXTCOLOR>
		<KB_KEY_TEXTBACKCOLOR>0xffFFFFFF</KB_KEY_TEXTBACKCOLOR>
		<KB_KEY_TEXTBORDERCOLOR>0xff0000FF</KB_KEY_TEXTBORDERCOLOR>
		
		<MENU_TEXTCOLOR>0xFF000000</MENU_TEXTCOLOR>
		<MENU_ACTIVETEXTCOLOR>0xFF54CBDF</MENU_ACTIVETEXTCOLOR>
		<MENU_BORDERCOLOR></MENU_BORDERCOLOR>
		<MENU_BACKCOLOR></MENU_BACKCOLOR>
		<MENU_ACTIVEBACKCOLOR>0xFF14364A</MENU_ACTIVEBACKCOLOR>
		<MENU_ACTIVEBORDERCOLOR></MENU_ACTIVEBORDERCOLOR>
	</ColorScheme>
</Skin>