��<Skin name="Lost in Reflection">
    <Information>
        <Author>J. Ladd</Author>
        <Version>V0.20</Version>
        <Copyright>2006</Copyright>
        <Skinner Name="Photoshop CS2" Version="9.0" />
    </Information>
    <IntroMovie></IntroMovie>
    <Filemanager SafeBorder="False">
        <Background>FM.png</Background>
    </Filemanager>
    <LoadingScreen ShowInfo="False">
        <Background>UXSplash.png</Background>
    </LoadingScreen>

    <Fonts>
	<Font Name="Square">Square-10.xpr</Font>
	<Font Name="Square12">Square-12.xpr</Font>
	<Font Name="Agency">Agency.xpr</Font>
	<Font Name="197912">1979-12.xpr</font>
    </Fonts>

    <Main Globe="False" Orb="False" Fog="False">
        <Background EnableAudio="False">BG.png</Background>
        <Image Left="0" Top="0" Width="640" Height="480" zindex="6">Overlay_1.png</Image>
        <Image Left="0" Top="0" Width="640" Height="480" Opacity="100" zindex="8">Icon_Overlay_4.png</Image>
        <Image Top="0" Left="0" Width="640" Height="480" zindex="8">Menu_Overlay.png</Image>
        <Image Top="0" Left="0" Width="640" Height="480" zindex="8">SDT_Overlay.png</Image>
        <Image Top="0" Left="0" Width="640" Height="480" zindex="8">IP_Overlay.png</Image>
        <Image Top="0" Left="0" Width="640" Height="480" zindex="8">HD_Overlay.png</Image>
        <Image Top="166" Left="120" Width="98" Height="115" zindex="7" Source="GameIcon" />
        <InfoFont>Square-10.xpr</InfoFont>
        <Text Top="20" Left="15" Width="200" Scroll="0" Color="0xFFFFFFFF" zindex="9" Source="C_FreeMB" Align="Left" />
        <Text Top="40" Left="15" Width="200" Scroll="0" Color="0xFFFFFFFF" zindex="9" Source="E_FreeMB" Align="Left" />
        <Text Top="60" Left="15" Width="200" Scroll="0" Color="0xFFFFFFFF" zindex="9" Source="F_FreeMB" Align="Left" />
        <Text Top="80" Left="15" Width="200" Scroll="0" Color="0xFFFFFFFF" zindex="9" Source="G_FreeMB" Align="Left" />
        <Text Top="60" Left="480" Width="140" Scroll="1" Color="0xFFFFFFFF" zindex="9" Source="DvdTitle" ></Text>
        <Text Top="380" Left="345" Width="200" Scroll="1" Color="0xFFFFFFFF" zindex="9" Source="DateTime"></Text>
        <Text Top="400" Left="345" Width="200" Scroll="0" Color="0xFFFFFFFF" zindex="9" Source="IP" Align="Left" />
        <Text Top="420" Left="345" Width="200" Height="25" Scroll="0" Color="0xFFFFFFFF" zindex="9" Source="M/B Temp - $MBTemp$" Align="Left"></Text>
        <Text Top="440" Left="345" Width="200" Height="25" Scroll="0" Color="0xFFFFFFFF" zindex="9" Source="CPU Temp - $CPUTemp$" Align="Left"></Text>
        <Text Top="440" Left="625" Align="Right" Width="220" Scroll="0" Color="0xFFFFFFFF" zindex="9" Source="LaunchMode"></Text>
        <Text Top="400" Left="625" Align="Right" Width="220" Scroll="0" Color="0xFFFFFFFF" zindex="9" Source="J. Ladd"></Text>
        <Text Top="420" Left="625" Align="Right" Width="220" Scroll="0" Color="0xFFFFFFFF" zindex="9" Source="Lost in Reflection"></Text>
        <Text Top="380" Left="625" Align="Right" Width="220" Scroll="0" Color="0xFFFFFFFF" zindex="9" Source="890"></Text>
        <Text Top="20" Left="430" Align="Left" Width="190" Scroll="1" Color="0xFFFFFFFF" zindex="9" Source="SongName"></Text>
        <Text Top="40" Left="430" Align="Left" Width="190" Scroll="1" Color="0xFFFFFFFF" zindex="9" Source="SoundTrack"></Text>
        <Text Top="60" Left="430" Align="Left" Width="50" Scroll="0" Color="0xFFFFFFFF" zindex="9" Source="SongTime"></Text>
        <Image Source="GamePreview" />
        <Menu Scroll="True" Smooth="False" Rotate="true" ShowIcon="false">
        <itempos left="15" top="300" width="225" scroll="1"></itempos>
        <itempos left="15" top="320" width="225" Scroll="1"></itempos>
        <itempos left="15" top="340" width="225" Scroll="1"></itempos>
        <itempos left="15" top="360" width="225" Scroll="1"></itempos>
        <itempos left="15" top="380" width="225" Scroll="1"></itempos>
        <itempos left="15" top="400" width="225" Scroll="1"></itempos>
        <itempos left="15" top="420" width="225" Scroll="1"></itempos>
        <itempos left="15" top="440" width="225" Scroll="1"></itempos>
        <Preview EnableAudio="True" Top="5" Left="250" Width="400" Height="450" zindex="5" />
        <Font>Square</Font>
        </Menu>
    </Main>


        <ColorScheme>
           <AMBIENT_FOGCOLOR>0x00FFFFFF</AMBIENT_FOGCOLOR>
            <AMBIENT_SKYCOLOR>0x0000000F</AMBIENT_SKYCOLOR>
            <AMBIENT_CELLCOLOR>0x0000C000</AMBIENT_CELLCOLOR>
            <CAPTION_TEXTCOLOR>0xFFE0736D</CAPTION_TEXTCOLOR>
            <CAPTION_BACKCOLOR>0x64808080</CAPTION_BACKCOLOR>
            <DIALOG_BORDERCOLOR>0xFF000000</DIALOG_BORDERCOLOR>
            <DIALOG_BACKCOLOR>0x64808080</DIALOG_BACKCOLOR>
            <DIALOG_INNER_BORDERCOLOR>0xC8000000</DIALOG_INNER_BORDERCOLOR>
            <DIALOG_INNER_BACKCOLOR>0x5A808080</DIALOG_INNER_BACKCOLOR>
            <DIALOG_TEXTCOLOR>0xFFFFFFFF</DIALOG_TEXTCOLOR>
            <DIALOG_DISABLEDTEXT>0xFFB3B3B4</DIALOG_DISABLEDTEXT>
            <OPTION_TEXTCOLOR>0xFFFFFFFF</OPTION_TEXTCOLOR>
            <OPTION_ACTIVETEXTCOLOR>0xFFE0736D</OPTION_ACTIVETEXTCOLOR>
            <OPTION_ACTIVEBACKCOLOR>0x50808080</OPTION_ACTIVEBACKCOLOR>
            <BUTTON_BORDERCOLOR>0xC8000000</BUTTON_BORDERCOLOR>
            <BUTTON_TEXTCOLOR>0xFFFFFFFF</BUTTON_TEXTCOLOR>
            <BUTTON_BACKCOLOR>0xFF525252</BUTTON_BACKCOLOR>
            <BUTTON_ACTIVETEXTCOLOR>0xFFFFFFFF</BUTTON_ACTIVETEXTCOLOR>
            <BUTTON_ACTIVEBACKCOLOR>0xFF808080</BUTTON_ACTIVEBACKCOLOR>
            <KB_KEYBG_HIGHLIGHT>0x19575757</KB_KEYBG_HIGHLIGHT>
            <KB_KEYBG_DISABLED>0x78C0C0C0</KB_KEYBG_DISABLED>
            <KB_KEY_PRESSED>0xFFE18979</KB_KEY_PRESSED>
            <KB_KEY_NORMAL>0xFF000000</KB_KEY_NORMAL>
            <KB_KEY_DISABLED>0x78808080</KB_KEY_DISABLED>
            <KB_KEY_ACTIVEBORDER>0xFFF9A091</KB_KEY_ACTIVEBORDER>
            <KB_KEY_TEXTCOLOR>0xFF000000</KB_KEY_TEXTCOLOR>
            <KB_KEY_TEXTBACKCOLOR>0xFFFFFFFF</KB_KEY_TEXTBACKCOLOR>
            <KB_KEY_TEXTBORDERCOLOR>0x78FF0080</KB_KEY_TEXTBORDERCOLOR>
            <MENU_TEXTCOLOR>0xFFFFFFFF</MENU_TEXTCOLOR>
            <MENU_ACTIVETEXTCOLOR>0xFFFFFFFF</MENU_ACTIVETEXTCOLOR>
            <MENU_ACTIVEBACKCOLOR>0xFFE98674</MENU_ACTIVEBACKCOLOR>
        </ColorScheme>

</Skin>