﻿<Skin name="Sundays Best">
    <Information>
        <Author>puddwakkr</Author>
        <Version>1</Version>
        <Copyright>1776</Copyright>
        <Skinner Name="UX Architect" Version="1.0c" />
	<notes>Based off the winamp skin by stillwater.</notes>
    </Information>
    <Filemanager>
        <Background>filemanager.png</Background>
    </Filemanager>
    <LoadingScreen ShowInfo="False">
        <Background>launch.png</Background>
    </LoadingScreen>
    <Main Globe="False" Orb="False" Fog="False">
        <Background EnableAudio="False">background.png</Background>
        <InfoFont>XBox_Book_11.xpr</InfoFont>
        <Text Top="411" Left="61" Width="250" Scroll="0" Color="0xFF800000" Source="CPUTemp" Align="Left" />
        <Text Top="441" Left="61" Width="300" Scroll="0" Color="0xFF800000" Source="NewsFeed" Align="Left" />
        <Text Top="391" Left="61" Width="250" Scroll="0" Color="0xFF800000" Source="IP" Align="Left" />
        <Text Top="371" Left="61" Width="250" Scroll="0" Color="0xFF800000" Source="DateTime" Align="Left" />
        <Image Top="204" Left="46" Width="135" Height="135" Source="GameIcon" />
        <Image Source="GamePreview" />
        <Menu Align="Left" ShowIcon="False" ShowArrows="False">
            <Preview EnableAudio="True" Top="65" Left="44" Width="205" Height="134" />
            <Position Top="145" Left="269" Width="251" Height="200" Fixed="False" FixAt="2" MaxItem="4" />
            <Font>Calvin_and_Hobbes_18.xpr</Font>
        </Menu>
        <Image Top="0" Left="0" Width="640" Height="480" Opacity="100">overlay.png</Image>
        <ColorScheme>
            <AMBIENT_FOGCOLOR>0xFFFF0000</AMBIENT_FOGCOLOR>
            <AMBIENT_SKYCOLOR>0xFF400000</AMBIENT_SKYCOLOR>
            <AMBIENT_CELLCOLOR>0xFFFFFFFF</AMBIENT_CELLCOLOR>
            <CAPTION_TEXTCOLOR>0xFFFFFFFF</CAPTION_TEXTCOLOR>
            <CAPTION_BACKCOLOR>0xFF800000</CAPTION_BACKCOLOR>
            <DIALOG_BORDERCOLOR>0xFF800000</DIALOG_BORDERCOLOR>
            <DIALOG_BACKCOLOR>0xD1F2B881</DIALOG_BACKCOLOR>
            <DIALOG_INNER_BORDERCOLOR>0xFF800000</DIALOG_INNER_BORDERCOLOR>
            <DIALOG_INNER_BACKCOLOR>0xFFF2B881</DIALOG_INNER_BACKCOLOR>
            <DIALOG_TEXTCOLOR>0xFF000000</DIALOG_TEXTCOLOR>
            <DIALOG_DISABLEDTEXT>0xFF800000</DIALOG_DISABLEDTEXT>
            <OPTION_TEXTCOLOR>0xFF000000</OPTION_TEXTCOLOR>
            <OPTION_ACTIVETEXTCOLOR>0xFF000000</OPTION_ACTIVETEXTCOLOR>
            <OPTION_ACTIVEBACKCOLOR>0xD1B84402</OPTION_ACTIVEBACKCOLOR>
            <BUTTON_BORDERCOLOR>0xFF800000</BUTTON_BORDERCOLOR>
            <BUTTON_TEXTCOLOR>0xFFFFFFFF</BUTTON_TEXTCOLOR>
            <BUTTON_BACKCOLOR>0xD1F2B881</BUTTON_BACKCOLOR>
            <BUTTON_ACTIVETEXTCOLOR>0xFFFFFFFF</BUTTON_ACTIVETEXTCOLOR>
            <BUTTON_ACTIVEBACKCOLOR>0xD1800000</BUTTON_ACTIVEBACKCOLOR>
            <KB_KEYBG_HIGHLIGHT>0xFF800000</KB_KEYBG_HIGHLIGHT>
            <KB_KEYBG_DISABLED>0xFFC0C0C0</KB_KEYBG_DISABLED>
            <KB_KEY_PRESSED>0xFF008000</KB_KEY_PRESSED>
            <KB_KEY_NORMAL>0xFF000000</KB_KEY_NORMAL>
            <KB_KEY_DISABLED>0xFFFFFFFF</KB_KEY_DISABLED>
            <KB_KEY_ACTIVEBORDER>0xFFFFFFFF</KB_KEY_ACTIVEBORDER>
            <KB_KEY_TEXTCOLOR>0xFF000000</KB_KEY_TEXTCOLOR>
            <KB_KEY_TEXTBACKCOLOR>0xFFFFFFFF</KB_KEY_TEXTBACKCOLOR>
            <KB_KEY_TEXTBORDERCOLOR>0xFFFFFFFF</KB_KEY_TEXTBORDERCOLOR>
            <MENU_TEXTCOLOR>0x64800000</MENU_TEXTCOLOR>
            <MENU_ACTIVETEXTCOLOR>0xFF800000</MENU_ACTIVETEXTCOLOR>
        </ColorScheme>
    </Main>
</Skin>