﻿<Skin name="ALima-White">
    <Information>
        <Author>XBNormUK</Author>
        <Version>1</Version>
        <Copyright>2006</Copyright>
  
    </Information>
    <Filemanager SafeBorder="False">
        <Background>filemanager.png</Background>
    </Filemanager>
    <LoadingScreen ShowInfo="False">
        <Background>loading.png</Background>
    </LoadingScreen>
    <Main Globe="False" Orb="False" Fog="False">
        <Background EnableAudio="False">background.png</Background>
        <InfoFont>BookAntiqua-10.xpr</InfoFont>
        <Text Top="342" Left="216" Width="200" Scroll="0" Color="0xFF00005B" Source="C_FreeMB" Align="Right" />
        <Text Top="358" Left="216" Width="200" Scroll="0" Color="0xFF00005B" Source="E_FreeMB" Align="Right" />
        <Text Top="374" Left="215" Width="200" Scroll="0" Color="0xFF00005B" Source="F_FreeMB" Align="Right" />
        <Text Top="16" Left="15" Width="200" Scroll="0" Color="0xFF00005B" Source="$Date$" Align="Left" />
        <Text Top="32" Left="14" Width="200" Scroll="0" Color="0xFF00005B" Source="$Time$" Align="Left" />
        <Text Top="388" Left="216" Width="200" Scroll="0" Color="0xFF00005B" Source="IP" Align="Right" />
        <Text Top="403" Left="218" Width="200" Scroll="0" Color="0xFF00005B" Source="Subnet" Align="Right" />
        <Text Top="419" Left="220" Width="200" Scroll="0" Color="0xFF00005B" Source="$DVDTitle$" Align="Right" />
        <Text Top="435" Left="119" Width="300" Scroll="0" Color="0xFF00005B" Source="SongName" Align="Right" />
        <Text Top="451" Left="219" Width="200" Scroll="0" Color="0xFF00005B" Source="SongTime" Align="Right" />
        <Image Top="46" Left="140" Width="50" Height="50" Source="GameIcon" />
        <Image Source="GamePreview" />
        <Menu Scroll="True" Smooth="True" Align="Right" ShowIcon="False" ShowArrows="False">
            <Preview EnableAudio="True" Top="215" Left="303" Width="119" Height="87" />
            <Position Top="45" Left="190" Width="230" Height="181" Fixed="False" FixAt="2" MaxItem="8" />
            <Font>BookAntiqua-14.xpr</Font>
        </Menu>
   </Main>
<MusicPlayer Top="1" Left="1" Width="640" Height="480" Relative="True">
	<BackGround>audio.png</BackGround>
	<Playlist Top="45" Left="30" Width="435" Height="250" OffsetX="20" OffsetY="25">
		<BackGround>Playlist.png</BackGround>
	</Playlist>
	<Image Left="125" Top="290"  zIndex="1">mp_buttons_panel.png</Image>
	<ButtonMap>mp_buttons.png</ButtonMap>	
		<Element Type="Prev" Left="120" Top="311" Width="70" Height="50" zIndex="3" />
		<Element Type="Stop" Left="146" Top="308" Width="70" Height="50" zIndex="3" />
		<Element Type="Play" Left="179" Top="300" Width="70" Height="50" zIndex="3" />
		<Element Type="Pause" Left="214" Top="294" Width="70" Height="50" zIndex="3" />
		<Element Type="Next" Left="237" Top="289" Width="70" Height="50" zIndex="3" />
		<Element Type="PrevTrack" Left="158" Top="333" Width="70" Height="50" zIndex="3"/>
		<Element Type="NextTrack" Left="214" Top="319" Width="70" Height="50" zIndex="3"/>
		<Element Type="Mute" Left="110" Top="378" Width="70" Height="25" zIndex="3" />
		<Element Type="Random" Left="210" Top="378" Width="70" Height="25" zIndex="3" />
		<Element Type="Meter" Left="30" Top="300" Width="250" Height="100" zIndex="1" Relative="True"/>
		<Element Type="Progress" Left="66" Top="428" Width="105" Height="15" Direction="right" zIndex="3"/>
		<Element Type="Volume" Left="85" Top="398" Width="105" Height="15" Direction="right" zIndex="3"/>
		<Text Left="30" Top="427" Height="30" Color="0xFF004080" Source="SongTime" Font="Common10" ScaleX="100" ScaleY="120" zIndex="3" />
		<Text Left="260" Top="382" Width="80" Height="15" Color="0xFF004080" Source="Random" Font="Common10" Align="left" ScaleX="100" ScaleY="100" zIndex="3" />
		<Text Left="160" Top="382" Width="80" Height="15" Color="0xFF004080" Source="Mute" Font="Common10" Align="left" ScaleX="100" ScaleY="100" zIndex="3" />
		<Text Left="80" Top="442" Width="100" Height="30" Color="0xFF004080" Source="SongBitRate" Font="Common10" Align="left" ScaleX="100" ScaleY="100" zIndex="3" />
		<Text Left="30" Top="442" Width="50" Height="30" Color="0xFF004080" Source="SongChannel" Font="Common10" Align="left" ScaleX="100" ScaleY="100" zIndex="3" />
		<Text Left="30" Top="412" Width="400" Height="30" Color="0xFF004080" Source="SongTrack" Scroll="1" Font="Common10" ScaleX="100" ScaleY="120" zIndex="3" />
		<Text Left="30" Top="397" Width="400" Height="30" Color="0xFF004080" Source="Volume" Scroll="1" Font="Common10" ScaleX="100" ScaleY="120" zIndex="2" />
</MusicPlayer>

        <ColorScheme>
            <AMBIENT_FOGCOLOR>0xFFFF0000</AMBIENT_FOGCOLOR>
            <AMBIENT_SKYCOLOR>0xFF400000</AMBIENT_SKYCOLOR>
            <AMBIENT_CELLCOLOR>0xFFFFFFFF</AMBIENT_CELLCOLOR>
            <CAPTION_TEXTCOLOR>0xFFFFFFFF</CAPTION_TEXTCOLOR>
            <CAPTION_BACKCOLOR>0xFF000000</CAPTION_BACKCOLOR>
            <DIALOG_BORDERCOLOR>0xFFFFFFFF</DIALOG_BORDERCOLOR>
            <DIALOG_BACKCOLOR>0xD1804000</DIALOG_BACKCOLOR>
            <DIALOG_INNER_BORDERCOLOR>0xFFFFFFFF</DIALOG_INNER_BORDERCOLOR>
            <DIALOG_INNER_BACKCOLOR>0xFF000000</DIALOG_INNER_BACKCOLOR>
            <DIALOG_TEXTCOLOR>0xFFFFFFFF</DIALOG_TEXTCOLOR>
            <DIALOG_DISABLEDTEXT>0xFFB3B3B4</DIALOG_DISABLEDTEXT>
            <OPTION_TEXTCOLOR>0xFFFFFFFF</OPTION_TEXTCOLOR>
            <OPTION_ACTIVETEXTCOLOR>0xFFFFFFFF</OPTION_ACTIVETEXTCOLOR>
            <OPTION_ACTIVEBACKCOLOR>0xFF804040</OPTION_ACTIVEBACKCOLOR>
            <BUTTON_BORDERCOLOR>0xFFFFFFFF</BUTTON_BORDERCOLOR>
            <BUTTON_TEXTCOLOR>0xFFFFFFFF</BUTTON_TEXTCOLOR>
            <BUTTON_BACKCOLOR>0xFF400000</BUTTON_BACKCOLOR>
            <BUTTON_ACTIVETEXTCOLOR>0xFFFFFFFF</BUTTON_ACTIVETEXTCOLOR>
            <BUTTON_ACTIVEBACKCOLOR>0xFF800000</BUTTON_ACTIVEBACKCOLOR>
            <KB_KEYBG_HIGHLIGHT>0xFF800000</KB_KEYBG_HIGHLIGHT>
            <KB_KEYBG_DISABLED>0xFFC0C0C0</KB_KEYBG_DISABLED>
            <KB_KEY_PRESSED>0xFF008000</KB_KEY_PRESSED>
            <KB_KEY_NORMAL>0xFF000000</KB_KEY_NORMAL>
            <KB_KEY_DISABLED>0xFFFFFFFF</KB_KEY_DISABLED>
            <KB_KEY_ACTIVEBORDER>0xFFFFFFFF</KB_KEY_ACTIVEBORDER>
            <KB_KEY_TEXTCOLOR>0xFF000000</KB_KEY_TEXTCOLOR>
            <KB_KEY_TEXTBACKCOLOR>0xFFFFFFFF</KB_KEY_TEXTBACKCOLOR>
            <KB_KEY_TEXTBORDERCOLOR>0xFFFFFFFF</KB_KEY_TEXTBORDERCOLOR>
            <MENU_TEXTCOLOR>0x9600006F</MENU_TEXTCOLOR>
            <MENU_ACTIVETEXTCOLOR>0xFF00006F</MENU_ACTIVETEXTCOLOR>
        </ColorScheme>
    </Main>
</Skin>