﻿<Skin name="Faye Valentine">
    <Information>
        <Author>babyb</Author>
        <Version>1</Version>
        <Copyright>2004</Copyright>
        <Skinner Name="UX Architect" Version="1.0c" />
    </Information>
    <Filemanager SafeBorder="False">
        <Background>Faye_fm.jpg</Background>
    </Filemanager>
    <LoadingScreen ShowInfo="False">
        <Background>Faye_ld.jpg</Background>
    </LoadingScreen>
    <Main Globe="False" Orb="False" Fog="False">
	<Image Top="0" Left="0" Width="640" Height="480">Faye_main.jpg</Shape>
	<BackGround EnableAudio="True">loading.wmv</BackGround>

        <Menu Scroll="True" Smooth="False" Align="Left" ShowIcon="False" Rotate="True" ShowArrows="False" Horizontal="True">
            <Position Top="405" Left="73" Width="365" Height="27" Fixed="True" FixAt="1" MaxItem="4" />
            <Font>ParkAvenue-14.xpr</Font>
            <Preview EnableAudio="True" Left="0" Top="0"  Width="32" Height="32"/>
	</Menu>

        <InfoFont>ParkAvenue-14.xpr</InfoFont>
        <Text Top="60" Left="355" Width="200" Scroll="0" Color="0xFFFFFFFF" Source="$G_Free$" Align="Left" />
        <Text Top="40" Left="149" Width="128" Scroll="0" Color="0xFFFFFFFF" Source="$MBTemp$" Align="Left" />
        <Text Top="60" Left="149" Width="128" Scroll="0" Color="0xFFFFFFFF" Source="$FanSpeed$" Align="Left" />
        <Text Top="80" Left="149" Width="98" Scroll="0" Color="0xFFFFFFFF" Source="$DVDTitle$" Align="Left" />
        <Text Top="0" Left="174" Width="104" Scroll="0" Color="0xFFFFFFFF" Source="$IP$" Align="Left" />
        <Text Top="20" Left="149" Width="128" Scroll="0" Color="0xFFFFFFFF" Source="$CPUTemp$" Align="Left" />
        <Text Top="0" Left="370" Width="215" Scroll="0" Color="0xFFFFFFFF" Source="$DateTime$" Align="Left" />
        <Text Top="0" Left="334" Width="70" Scroll="0" Color="0xFFFFFFFF" Source="$NumClient$" Align="Left" />
        <Text Top="40" Left="355" Width="200" Scroll="0" Color="0xFFFFFFFF" Source="$F_Free$" Align="Left" />
        <Text Top="20" Left="355" Width="200" Scroll="0" Color="0xFFFFFFFF" Source="$E_Free$" Align="Left" />
        

        <ColorScheme>
            <AMBIENT_FOGCOLOR>0xFFFFFFFF</AMBIENT_FOGCOLOR>
            <AMBIENT_SKYCOLOR>0xFF00000F</AMBIENT_SKYCOLOR>
            <AMBIENT_CELLCOLOR>0x7800C000</AMBIENT_CELLCOLOR>
            <CAPTION_TEXTCOLOR>0xFFC0C0C0</CAPTION_TEXTCOLOR>
            <CAPTION_BACKCOLOR>0xFF000000</CAPTION_BACKCOLOR>
            <DIALOG_BORDERCOLOR>0xFFFFFFFF</DIALOG_BORDERCOLOR>
            <DIALOG_BACKCOLOR>0xD1FF0000</DIALOG_BACKCOLOR>
            <DIALOG_INNER_BORDERCOLOR>0xFFFFFFFF</DIALOG_INNER_BORDERCOLOR>
            <DIALOG_INNER_BACKCOLOR>0xFF000000</DIALOG_INNER_BACKCOLOR>
            <DIALOG_TEXTCOLOR>0xFFFFFFFF</DIALOG_TEXTCOLOR>
            <DIALOG_DISABLEDTEXT>0xFFB3B3B4</DIALOG_DISABLEDTEXT>
            <OPTION_TEXTCOLOR>0xFFFFFFFF</OPTION_TEXTCOLOR>
            <OPTION_ACTIVETEXTCOLOR>0xFFFFFFFF</OPTION_ACTIVETEXTCOLOR>
            <OPTION_ACTIVEBACKCOLOR>0xFFFF0000</OPTION_ACTIVEBACKCOLOR>
            <BUTTON_BORDERCOLOR>0xFFFFFFFF</BUTTON_BORDERCOLOR>
            <BUTTON_TEXTCOLOR>0xFFFFFFFF</BUTTON_TEXTCOLOR>
            <BUTTON_BACKCOLOR>0xFFFF0000</BUTTON_BACKCOLOR>
            <BUTTON_ACTIVETEXTCOLOR>0xFFFFFFFF</BUTTON_ACTIVETEXTCOLOR>
            <BUTTON_ACTIVEBACKCOLOR>0xFFC0C0C0</BUTTON_ACTIVEBACKCOLOR>
            <KB_KEYBG_HIGHLIGHT>0xFFFF0000</KB_KEYBG_HIGHLIGHT>
            <KB_KEYBG_DISABLED>0x78C0C0C0</KB_KEYBG_DISABLED>
            <KB_KEY_PRESSED>0xFF008000</KB_KEY_PRESSED>
            <KB_KEY_NORMAL>0xFF000000</KB_KEY_NORMAL>
            <KB_KEY_DISABLED>0xFF808080</KB_KEY_DISABLED>
            <KB_KEY_ACTIVEBORDER>0xFFFF0000</KB_KEY_ACTIVEBORDER>
            <KB_KEY_TEXTCOLOR>0xFF000000</KB_KEY_TEXTCOLOR>
            <KB_KEY_TEXTBACKCOLOR>0xFFFFFFFF</KB_KEY_TEXTBACKCOLOR>
            <KB_KEY_TEXTBORDERCOLOR>0x78FFFFFF</KB_KEY_TEXTBORDERCOLOR>
            <MENU_TEXTCOLOR>0xFFFFFFFF</MENU_TEXTCOLOR>
            <MENU_ACTIVETEXTCOLOR>0xFFFFFFFF</MENU_ACTIVETEXTCOLOR>
            <MENU_BORDERCOLOR>0xFFFFFFFF</MENU_BORDERCOLOR>
            <MENU_BACKCOLOR>0xFF000000</MENU_BACKCOLOR>
            <MENU_ACTIVEBACKCOLOR>0xFFFF0000</MENU_ACTIVEBACKCOLOR>
            <MENU_ACTIVEBORDERCOLOR>0xFFFFFFFF</MENU_ACTIVEBORDERCOLOR>
        </ColorScheme>
    </Main>
</Skin>