<Skin Name="UX_WoW">
<Information>
<Author>kruedog</Author>
<Copyright>2K5</Copyright>
<Version>1.0</Version>
</Information>

<IntroMovie>WOWTrailer.avi</IntroMovie>

<FileManager>
<Background>2997.jpg</Background>
</FileManager>

<LoadingScreen ShowInfo="False">
<Background>wowoutro.wmv</Background>
</LoadingScreen>

<Main Globe="False" Orb="False" Fog="False">
<Background EnableAudio="False">23095.jpg</Background>

<Image Top="355" Left="255" Width="90" Height="90" Source="GameIcon" />
<Image Source="GamePreview" />

<Menu Smooth="True" ShowArrows="True" ShowIcon="False" Rotate="True" Align="Left" Scroll="1">
<Position Top="50" Left="50" Width="238" Height="200" Fixed="False" FixAt="1" MaxItem="8"></Position>
<Font>font.xpr</Font>
<Preview EnableAudio="True" Top="268" Left="28" Width="211" Height="133" />
</Menu>

<InfoFont>font.xpr</InfoFont>

<Text Left="50" Top="20" Align="Left" Color="0xFF64CDFF" Source="$DateTime$"></Text>

<Text Left="50" Top="280" Align="Middle" Color="0xFF3A5487" Source="$NickName$"></Text>


<Text Left="20" Top="440" Align="Left" Width="200" Scroll="0" Color="0xFF64CDFF" Source="SongName" />
<Text Left="250" Top="440" Align="Right" Color="0xFF3A5487" Source="SoundTrack" />
<Text Left="20" Top="460" Align="Left" Color="0xFF64CDFF" Source="SongTime" /> 

<Text Left="50" Top="260" Align="Left" Color="0xFF64CDFF" Source="C_FreeMB"></Text>
<Text Left="50" Top="280" Align="Left" Color="0xFF64CDFF" Source="D: $DVDTitle$"></Text>
<Text Left="50" Top="300" Align="Left" Color="0xFF64CDFF" Source="E_FreeMB"></Text>
<Text Left="50" Top="320" Align="Left" Color="0xFF64CDFF" Source="F_FreeMB"></Text>

<Text Left="50" Top="340" Align="Left" Color="0xFF3A5487" Source="MBTemp"></Text>
<Text Left="50" Top="360" Align="Left" Color="0xFF3A5487" Source="CPUTemp"></Text>
<Text Left="50" Top="380" Align="Left" Color="0xFF3A5487" Source="FanSpeed"></Text>
<Text Left="50" Top="400" Align="Left" Color="0xFF3A5487" Source="NumClient"></Text>

<Text Left="50" Top="420" Align="Left" Color="0xFF3A5487" Source="IP"></Text>
<Text Left="50" Top="440" Align="Left" Color="0xFF3A5487" Source="MAC"></Text>

<Text Left="50" Top="460" Align="Left" Width="230" Scroll="1" Color="0xFF64CDFF" Source="NewsFeed" />

<Image Opacity="100" Top="260" Left="15" Width="238" Height="184">prevideo.png</Image>
<Image Opacity="100" Top="300" Left="250" Width="100" Height="100">preicon.png</Image>
<Image Opacity="100" Top="100" Left="250">optional.png</Image>

</Main>

<ColorScheme >
                  <AMBIENT_FOGCOLOR></AMBIENT_FOGCOLOR>
                  <AMBIENT_SKYCOLOR></AMBIENT_SKYCOLOR>
                  <AMBIENT_CELLCOLOR></AMBIENT_CELLCOLOR>
                  <CAPTION_TEXTCOLOR>0xFF000000</CAPTION_TEXTCOLOR>
                  <CAPTION_BACKCOLOR>0xFFE0E0DF</CAPTION_BACKCOLOR>
                  <DIALOG_BORDERCOLOR>0xFFFFFFFF</DIALOG_BORDERCOLOR>
                  <DIALOG_BACKCOLOR>0xCDE0E0DF</DIALOG_BACKCOLOR>
                  <DIALOG_INNER_BORDERCOLOR>0xFF7F7F7F</DIALOG_INNER_BORDERCOLOR>
                  <DIALOG_INNER_BACKCOLOR>0xE1ACD5F1</DIALOG_INNER_BACKCOLOR>
                  <DIALOG_TEXTCOLOR>0xFF000000</DIALOG_TEXTCOLOR>
                  <DIALOG_DISABLEDTEXT>0x7FD1CDC6</DIALOG_DISABLEDTEXT>
                  <OPTION_TEXTCOLOR>0xFF000000</OPTION_TEXTCOLOR>
                  <OPTION_ACTIVETEXTCOLOR>0xFF5F594F</OPTION_ACTIVETEXTCOLOR>
                  <OPTION_ACTIVEBACKCOLOR>0xFF58A7DD</OPTION_ACTIVEBACKCOLOR>
                  <BUTTON_BORDERCOLOR>0xFF000000</BUTTON_BORDERCOLOR>
                  <BUTTON_TEXTCOLOR>0xFF000000</BUTTON_TEXTCOLOR>
                  <BUTTON_BACKCOLOR>0xCDACD5F1</BUTTON_BACKCOLOR>
                  <BUTTON_ACTIVETEXTCOLOR>0xFFFFFFFF</BUTTON_ACTIVETEXTCOLOR>
                  <BUTTON_ACTIVEBACKCOLOR>0xE157AAE3</BUTTON_ACTIVEBACKCOLOR>
                  <KB_KEYBG_HIGHLIGHT>0xCCACD5F1</KB_KEYBG_HIGHLIGHT>
                  <KB_KEYBG_DISABLED>0xff868484</KB_KEYBG_DISABLED>
                  <KB_KEY_PRESSED>0xff808080</KB_KEY_PRESSED>
                  <KB_KEY_NORMAL>0xff000000</KB_KEY_NORMAL>
                  <KB_KEY_DISABLED>0xff808080</KB_KEY_DISABLED>
                  <KB_KEY_ACTIVEBORDER>0xffACD5F1</KB_KEY_ACTIVEBORDER>
                  <KB_KEY_TEXTCOLOR>0xff000000</KB_KEY_TEXTCOLOR>
                  <KB_KEY_TEXTBACKCOLOR>0xff88C4ED</KB_KEY_TEXTBACKCOLOR>
                  <KB_KEY_TEXTBORDERCOLOR>0xffffffff</KB_KEY_TEXTBORDERCOLOR>
                  <MENU_TEXTCOLOR>0xFFACAAA9</MENU_TEXTCOLOR>
                  <MENU_ACTIVETEXTCOLOR>0xFF5D5D5D</MENU_ACTIVETEXTCOLOR>
                  <MENU_BORDERCOLOR></MENU_BORDERCOLOR>
                  <MENU_BACKCOLOR></MENU_BACKCOLOR>
                  <MENU_ACTIVEBACKCOLOR></MENU_ACTIVEBACKCOLOR>
                  <MENU_ACTIVEBORDERCOLOR></MENU_ACTIVEBORDERCOLOR>
</ColorScheme>
</Skin>
