<Skin name="Transformers">
	<Information>
		<Author>David</Author>
		<Copyright>Copyright 2007</Copyright>
	 	<Version>1.0</Version>
	</Information>
        <FileManager SafeBorder="true">
		<BackGround>filemanager.png</BackGround>
	</FileManager>
    	<LoadingScreen ShowInfo="False">
        	<Background>loading.png</Background>
    	</LoadingScreen>
	<Main Globe="false" Orb="False" Fog="false">
		<Cellwall></Cellwall>
		<Orb></Orb>
		<Icon></Icon>
		<BackGround>background.jpg</BackGround>
	       	<Image Top="0" Left="0" Width="640" Height="480" zIndex="2" Opacity="100">overlay.png</Image>

	        <InfoFont>Trebuchet-12.xpr</InfoFont>
        	<Text Top="0" Left="20" Width="150" Scroll="1" Color="0xFFFFFFFF" Source="DVDTitle" Align="Left" zIndex="3" />
        	<Text Top="20" Left="20" Width="130" Scroll="1" Color="0xFFFFFFFF" Source="SongName" Align="Left" zIndex="3" />
        	<Text Top="40" Left="20" Width="130" Scroll="0" Color="0xFFFFFFFF" Source="SongTime" Align="Left" zIndex="3" />
        	<Text Top="0" Left="195" Width="200" Scroll="0" Color="0xFFFFFFFF" Source="Time" Align="Middle" zIndex="3" />
        	<Text Top="0" Left="400" Width="200" Scroll="0" Color="0xFFFFFFFF" Source="CPUTemp" Align="Right" zIndex="3" />
        	<Text Top="18" Left="400" Width="200" Scroll="0" Color="0xFFFFFFFF" Source="MBTemp" Align="Right" zIndex="3" />
       	 	<Text Top="400" Left="400" Width="200" Scroll="0" Color="0xFFFFFFFF" Source="E_FreeMB" Align="Right" zIndex="3" />
        	<Text Top="420" Left="400" Width="200" Scroll="0" Color="0xFFFFFFFF" Source="F_FreeMB" Align="Right" zIndex="3" />
        	<Text Top="440" Left="400" Width="200" Scroll="0" Color="0xFFFFFFFF" Source="G_FreeMB" Align="Right" zIndex="3" />
        	<Text Top="460" Left="400" Width="200" Scroll="0" Color="0xFFFFFFFF" Source="IP" Align="Right" zIndex="3" />

       	 	<Image Top="343" Left="9" Width="128" Height="128" zIndex="3" Source="GameIcon" />

        	<Menu Scroll="True" Smooth="False" Align="Right" ShowIcon="False" ShowArrows="False">
            		<ItemPos Top="161" Left="95" Width="230" Scroll="1" Align="Right"></ItemPos>
            		<ItemPos Top="195" Left="45" Width="230" Scroll="1" Align="Right"></ItemPos>
            		<ItemPos Top="231" Left="40" Width="230" Scroll="1" Align="Right"></ItemPos>
            		<ItemPos Top="266" Left="52" Width="230" Scroll="1" Align="Right"></ItemPos>
            		<ItemPos Top="300" Left="84" Width="230" Scroll="1" Align="Right"></ItemPos>
            		<Font>1979-10.xpr</Font>
        	</Menu>
        	<ColorScheme>
			<AMBIENT_FOGCOLOR>0x78FFFFFF</AMBIENT_FOGCOLOR>
        	   	<AMBIENT_SKYCOLOR>0xFF00000F</AMBIENT_SKYCOLOR>
			<AMBIENT_CELLCOLOR>0x7800C000</AMBIENT_CELLCOLOR>
			<CAPTION_TEXTCOLOR>0xFF58D3FB</CAPTION_TEXTCOLOR>
			<CAPTION_BACKCOLOR>0x004274FF</CAPTION_BACKCOLOR>
			<DIALOG_BORDERCOLOR>0xFF12222D</DIALOG_BORDERCOLOR>
			<DIALOG_BACKCOLOR>0x82023F7A</DIALOG_BACKCOLOR>
			<DIALOG_INNER_BORDERCOLOR>0xFF12222D</DIALOG_INNER_BORDERCOLOR>
			<DIALOG_INNER_BACKCOLOR>0x82023F7A</DIALOG_INNER_BACKCOLOR>
			<DIALOG_TEXTCOLOR>0xFF58D3FB</DIALOG_TEXTCOLOR>
			<DIALOG_DISABLEDTEXT>0xFF0497C8</DIALOG_DISABLEDTEXT>
			<OPTION_TEXTCOLOR>0xFF58D3FB</OPTION_TEXTCOLOR>
			<OPTION_ACTIVETEXTCOLOR>0xFFFFFFFF</OPTION_ACTIVETEXTCOLOR>
			<OPTION_ACTIVEBACKCOLOR>0x00273CF3</OPTION_ACTIVEBACKCOLOR>
			<BUTTON_BORDERCOLOR>0xFF12222D</BUTTON_BORDERCOLOR>
			<BUTTON_TEXTCOLOR>0xFF58D3FB</BUTTON_TEXTCOLOR>
			<BUTTON_BACKCOLOR>0xFF023F7A</BUTTON_BACKCOLOR>
			<BUTTON_ACTIVETEXTCOLOR>0xFFFFFFFF</BUTTON_ACTIVETEXTCOLOR>
			<BUTTON_ACTIVEBACKCOLOR>0xFF023F7A</BUTTON_ACTIVEBACKCOLOR>
			<KB_KEYBG_HIGHLIGHT>0xFF004080</KB_KEYBG_HIGHLIGHT>
			<KB_KEYBG_DISABLED>0x780497C8</KB_KEYBG_DISABLED>
            		<KB_KEY_PRESSED>0xFF808080</KB_KEY_PRESSED>
            		<KB_KEY_NORMAL>0xFF000000</KB_KEY_NORMAL>
            		<KB_KEY_DISABLED>0xFFFFFFFF</KB_KEY_DISABLED>
            		<KB_KEY_ACTIVEBORDER>0xFF000040</KB_KEY_ACTIVEBORDER>
            		<KB_KEY_TEXTCOLOR>0xFF000000</KB_KEY_TEXTCOLOR>
            		<KB_KEY_TEXTBACKCOLOR>0xFFFFFFFF</KB_KEY_TEXTBACKCOLOR>
            		<KB_KEY_TEXTBORDERCOLOR>0x78000080</KB_KEY_TEXTBORDERCOLOR>
            		<MENU_TEXTCOLOR>0xFF58D3FB</MENU_TEXTCOLOR>
            		<MENU_ACTIVETEXTCOLOR>0xFFFFFFFF</MENU_ACTIVETEXTCOLOR>
        	</ColorScheme>
    	</Main>
</Skin>