﻿<Skin name="JHL">
    <Information>
        <Author>Sir William</Author>
        <Version>1</Version>
        <Copyright>2004</Copyright>
        <Skinner Name="UX Architect" Version="1.0c" />
    </Information>
    <Filemanager SafeBorder="False">
        <Background>jenniferlovehewitt7.png</Background>
    </Filemanager>
    <LoadingScreen ShowInfo="False">
        <Background>hewitt4 copy.png</Background>
    </LoadingScreen>
    <Main Globe="False" Orb="False">
        <Background EnableAudio="False">Jennifer_Love_Hewitt_01.png</Background>
        <InfoFont>Trebuchet-10.xpr</InfoFont>
        <Text Top="5" Left="507" Width="123" Scroll="0" Color="0xFF008000" Source="NickName" Align="Left" />
        <Text Top="409" Left="19" Width="168" Scroll="0" Color="0xFF008000" Source="IP" Align="Left" />
        <Text Top="443" Left="173" Width="135" Scroll="0" Color="0xFF008000" Source="SkinAuthor" Align="Left" />
        <Image Top="-15" Left="-5" Width="389" Height="378" Opacity="70">Heart.png</Image>
        <Menu Scroll="True" Align="Left" ShowIcon="False" ShowArrows="False">
            <Position Top="88" Left="79" Width="211" Height="131" Fixed="True" FixAt="2" MaxItem="4" />
            <Font>39Smooth-14.xpr</Font>
        </Menu>
        <ColorScheme>
            <AMBIENT_FOGCOLOR>0x00FFFFFF</AMBIENT_FOGCOLOR>
            <AMBIENT_SKYCOLOR>0xFF008000</AMBIENT_SKYCOLOR>
            <AMBIENT_CELLCOLOR>0x77008000</AMBIENT_CELLCOLOR>
            <CAPTION_TEXTCOLOR>0xFFFFFFFF</CAPTION_TEXTCOLOR>
            <CAPTION_BACKCOLOR>0xFF008000</CAPTION_BACKCOLOR>
            <DIALOG_BORDERCOLOR>0x00FFFFFF</DIALOG_BORDERCOLOR>
            <DIALOG_BACKCOLOR>0x7EFFFFFF</DIALOG_BACKCOLOR>
            <DIALOG_INNER_BORDERCOLOR>0x00FFFFFF</DIALOG_INNER_BORDERCOLOR>
            <DIALOG_INNER_BACKCOLOR>0x8E008000</DIALOG_INNER_BACKCOLOR>
            <DIALOG_TEXTCOLOR>0xFFFFFFFF</DIALOG_TEXTCOLOR>
            <DIALOG_DISABLEDTEXT>0xFFB3B3B4</DIALOG_DISABLEDTEXT>
            <OPTION_TEXTCOLOR>0xFFFFFFFF</OPTION_TEXTCOLOR>
            <OPTION_ACTIVETEXTCOLOR>0xFFFFFFFF</OPTION_ACTIVETEXTCOLOR>
            <OPTION_ACTIVEBACKCOLOR>0xFF008000</OPTION_ACTIVEBACKCOLOR>
            <BUTTON_BORDERCOLOR>0x95008000</BUTTON_BORDERCOLOR>
            <BUTTON_TEXTCOLOR>0xFFFFFFFF</BUTTON_TEXTCOLOR>
            <BUTTON_BACKCOLOR>0x7E008000</BUTTON_BACKCOLOR>
            <BUTTON_ACTIVETEXTCOLOR>0xFCFFFFFF</BUTTON_ACTIVETEXTCOLOR>
            <BUTTON_ACTIVEBACKCOLOR>0xBD008000</BUTTON_ACTIVEBACKCOLOR>
            <KB_KEYBG_HIGHLIGHT>0x3F008000</KB_KEYBG_HIGHLIGHT>
            <KB_KEYBG_DISABLED>0xFF000000</KB_KEYBG_DISABLED>
            <KB_KEY_PRESSED>0xFF008000</KB_KEY_PRESSED>
            <KB_KEY_NORMAL>0xFF000000</KB_KEY_NORMAL>
            <KB_KEY_DISABLED>0x00000000</KB_KEY_DISABLED>
            <KB_KEY_ACTIVEBORDER>0x42008000</KB_KEY_ACTIVEBORDER>
            <KB_KEY_TEXTCOLOR>0xFF000000</KB_KEY_TEXTCOLOR>
            <KB_KEY_TEXTBACKCOLOR>0xFFFFFFFF</KB_KEY_TEXTBACKCOLOR>
            <KB_KEY_TEXTBORDERCOLOR>0xB3008000</KB_KEY_TEXTBORDERCOLOR>
            <MENU_TEXTCOLOR>0xFFFFFFFF</MENU_TEXTCOLOR>
            <MENU_ACTIVETEXTCOLOR>0xFF008000</MENU_ACTIVETEXTCOLOR>
            <MENU_BORDERCOLOR>0x6DFFFFFF</MENU_BORDERCOLOR>
            <MENU_BACKCOLOR>0x11000000</MENU_BACKCOLOR>
            <MENU_ACTIVEBACKCOLOR>0x6DFFFFFF</MENU_ACTIVEBACKCOLOR>
            <MENU_ACTIVEBORDERCOLOR>0x59FFFFFF</MENU_ACTIVEBORDERCOLOR>
        </ColorScheme>
    </Main>
</Skin>