﻿<Skin name="Untitled">
    <Information>
        <Author>Your Name</Author>
        <Version>1</Version>
        <Copyright>2004</Copyright>
        <Skinner Name="UX Architect" Version="1.0c" />
    </Information>
<Fonts>
		<Font Name="Common10">common-font10.xpr</Font>
		<Font Name="Common12">common-font12.xpr</Font>
		<Font Name="Common14">common-font14.xpr</Font>
		<Font Name="Special">special-normal-pal.xpr</Font>
		<Font Name="SpecialBold">special-bold.xpr</Font>
            <Font Name="Time">time-font.xpr</Font>
	</Fonts>	
    <IntroMovie>shenmue2intro.wmv</IntroMovie>
    <Filemanager SafeBorder="False">
        <Background>fmg.png</Background>
    </Filemanager>
    <LoadingScreen ShowInfo="False">
        <Background>shenmue2outtro.wmv</Background>
    </LoadingScreen>
    <Main Globe="False" Orb="False" Fog="False">
        <Background EnableAudio="False">Shenmue2background.wmv</Background>
        <InfoFont>Common10r</InfoFont>
        <Text Top="417" Left="530" Width="95" Scroll="2" Color="0xFFFFFFFF" Source="DVDTitle" Align="Left" />
        <Text Top="450" Left="40" Width="250" Scroll="0" Color="0xFFFFFFFF" Source="IP" Align="Left" />
        <Image Top="0" Left="0" Width="640" Height="480" Opacity="100">lay.png</Image>
        <Image Top="370" Left="417" Width="100" Height="100" Source="GameIcon" />
        <Menu Align="Left" ShowIcon="False" ShowArrows="False">
            <ItemPos Top="310" Left="40" Width="245"></ItemPos>
            <ItemPos Top="335" Left="40" Width="245"></ItemPos>
            <ItemPos Top="360" Left="40" Width="245"></ItemPos>
            <ItemPos Top="385" Left="40" Width="245"></ItemPos>
            <ItemPos Top="410" Left="40" Width="245"></ItemPos>
            <Font>Common10</Font>
        </Menu>
        <ColorScheme>
            <AMBIENT_FOGCOLOR>0x00FF0000</AMBIENT_FOGCOLOR>
            <AMBIENT_SKYCOLOR>0x00400000</AMBIENT_SKYCOLOR>
            <AMBIENT_CELLCOLOR>0x00FFFFFF</AMBIENT_CELLCOLOR>
            <CAPTION_TEXTCOLOR>0xFFFFFFFF</CAPTION_TEXTCOLOR>
            <CAPTION_BACKCOLOR>0xFF000000</CAPTION_BACKCOLOR>
            <DIALOG_BORDERCOLOR>0xFFFFFFFF</DIALOG_BORDERCOLOR>
            <DIALOG_BACKCOLOR>0xD1804000</DIALOG_BACKCOLOR>
            <DIALOG_INNER_BORDERCOLOR>0xFFFFFFFF</DIALOG_INNER_BORDERCOLOR>
            <DIALOG_INNER_BACKCOLOR>0x96000000</DIALOG_INNER_BACKCOLOR>
            <DIALOG_TEXTCOLOR>0xFFFFFFFF</DIALOG_TEXTCOLOR>
            <DIALOG_DISABLEDTEXT>0xFFB3B3B4</DIALOG_DISABLEDTEXT>
            <OPTION_TEXTCOLOR>0xFFFFFFFF</OPTION_TEXTCOLOR>
            <OPTION_ACTIVETEXTCOLOR>0xFFFFFFFF</OPTION_ACTIVETEXTCOLOR>
            <OPTION_ACTIVEBACKCOLOR>0xFF804040</OPTION_ACTIVEBACKCOLOR>
            <BUTTON_BORDERCOLOR>0xFFFFFFFF</BUTTON_BORDERCOLOR>
            <BUTTON_TEXTCOLOR>0xFFFFFFFF</BUTTON_TEXTCOLOR>
            <BUTTON_BACKCOLOR>0xFF400000</BUTTON_BACKCOLOR>
            <BUTTON_ACTIVETEXTCOLOR>0xFFFFFFFF</BUTTON_ACTIVETEXTCOLOR>
            <BUTTON_ACTIVEBACKCOLOR>0xFF800000</BUTTON_ACTIVEBACKCOLOR>
            <KB_KEYBG_HIGHLIGHT>0xFF800000</KB_KEYBG_HIGHLIGHT>
            <KB_KEYBG_DISABLED>0xFFC0C0C0</KB_KEYBG_DISABLED>
            <KB_KEY_PRESSED>0xFF008000</KB_KEY_PRESSED>
            <KB_KEY_NORMAL>0xFF000000</KB_KEY_NORMAL>
            <KB_KEY_DISABLED>0xFFFFFFFF</KB_KEY_DISABLED>
            <KB_KEY_ACTIVEBORDER>0xFFFFFFFF</KB_KEY_ACTIVEBORDER>
            <KB_KEY_TEXTCOLOR>0xFF000000</KB_KEY_TEXTCOLOR>
            <KB_KEY_TEXTBACKCOLOR>0xFFFFFFFF</KB_KEY_TEXTBACKCOLOR>
            <KB_KEY_TEXTBORDERCOLOR>0xFFFFFFFF</KB_KEY_TEXTBORDERCOLOR>
            <MENU_TEXTCOLOR>0x96FFFFFF</MENU_TEXTCOLOR>
            <MENU_ACTIVETEXTCOLOR>0xFFFEF989</MENU_ACTIVETEXTCOLOR>
        </ColorScheme>
    </Main>
</Skin>