﻿<Skin name="WinX">
    <Information>
        <Author>El Simple</Author>
        <Version>1</Version>
        <Copyright>2009</Copyright>
        <Skinner Name="UX Architect" Version="1.0c" />
    </Information>
    <IntroMovie>intro.xmv</IntroMovie>
    <Filemanager SafeBorder="False">
        <Background>cmGPDB6lmcOe.jpg</Background>
    </Filemanager>
    <LoadingScreen ShowInfo="False">
        <Background>Windows-Vista-Ultimate-Wallpaper-Series-Pack_1.jpg</Background>
    </LoadingScreen>
    <Main Globe="False" Orb="False" Fog="False">
        <Background EnableAudio="False">fssdf.jpg</Background>
        <InfoFont>Square-10.xpr</InfoFont>
        <Text Top="394" Left="491" Width="200" Scroll="0" Color="0xFFFFFFFF" Source="Date" Align="Left" />
        <Text Top="372" Left="491" Width="200" Scroll="0" Color="0xFFFFFFFF" Source="Time" Align="Left" />
        <Text Top="135" Left="245" Width="87" Scroll="0" Color="0xFFFFFFFF" Source="SongTime" Align="Left" />
        <Text Top="225" Left="255" Width="106" Scroll="0" Color="0xFFFFFFFF" Source="SoundTrack" Align="Left" />
        <Text Top="174" Left="210" Width="140" Scroll="0" Color="0xFFFFFFFF" Source="SongName" Align="Left" />
        <Text Top="450" Left="363" Width="136" Scroll="0" Color="0xFFFFFFFF" Source="IP" Align="Left" />
        <Text Top="449" Left="69" Width="114" Scroll="0" Color="0xFFFFFFFF" Source="DVDTitle" Align="Left" />
        <Text Top="450" Left="203" Width="142" Scroll="0" Color="0xFFFFFFFF" Source="E_Free" Align="Left" />
        <Text Top="173" Left="207" Width="145" Scroll="0" Color="0xFFFFFFFF" Source="DVDTitle" Align="Left" />
        <Text Top="174" Left="205" Width="150" Scroll="2" Color="0xFFFFFFFF" Source="SongName" Align="Left" />
        <Text Top="133" Left="240" Width="113" Scroll="1" Color="0xFFFFFFFF" Source="IP" Align="Left" />
        <Text Top="225" Left="257" Width="103" Scroll="2" Color="0xFFFFFFFF" Source="C_FreeMB" Align="Left" />
        <Image Top="148" Left="182" Width="188" Height="65" Opacity="100">Shape2.png</Image>
        <Image Top="120" Left="226" Width="120" Height="42" Opacity="100">Shape2.png</Image>
        <Image Top="203" Left="239" Width="137" Height="59" Opacity="100">Shape2.png</Image>
        <Image Top="196" Left="117" Width="127" Height="113" Opacity="100">Ring.png</Image>
        <Image Top="437" Left="-10" Width="70" Height="43" Opacity="100">xvvv.PNG</Image>
        <Image Top="28" Left="398" Width="208" Height="132" Source="GameIcon" />
        <Image Top="441" Left="62" Width="132" Height="34" Opacity="100">shadows 2.png</Image>
        <Image Top="442" Left="195" Width="164" Height="34" Opacity="100">shadows 2.png</Image>
        <Image Top="442" Left="355" Width="154" Height="34" Opacity="100">shadows 2.png</Image>
        <Image Top="-3" Left="365" Width="271" Height="198" Opacity="100">Cool 2.png</Image>
        <Image Top="194" Left="374" Width="281" Height="143" Opacity="100">cool.png</Image>
        <Image Source="GamePreview" />
        <Image Top="342" Left="472" Width="209" Height="94" Opacity="100">Cool 3.png</Image>
        <Menu Align="Left" ShowIcon="True" ShowArrows="False">
            <Preview EnableAudio="True" Top="213" Left="418" Width="190" Height="97" />
            <Position Top="256" Left="-5" Width="154" Height="184" Fixed="True" FixAt="6" MaxItem="6" />
            <Font>eighttrack-10.xpr</Font>
        </Menu>
        <ColorScheme>
            <AMBIENT_FOGCOLOR>0x78FFFFFF</AMBIENT_FOGCOLOR>
            <AMBIENT_SKYCOLOR>0xFF00000F</AMBIENT_SKYCOLOR>
            <AMBIENT_CELLCOLOR>0x7800C000</AMBIENT_CELLCOLOR>
            <CAPTION_TEXTCOLOR>0xFFFFFFFF</CAPTION_TEXTCOLOR>
            <CAPTION_BACKCOLOR>0xFF808080</CAPTION_BACKCOLOR>
            <DIALOG_BORDERCOLOR>0xFF000000</DIALOG_BORDERCOLOR>
            <DIALOG_BACKCOLOR>0xB9000000</DIALOG_BACKCOLOR>
            <DIALOG_INNER_BORDERCOLOR>0xFFFFFFFF</DIALOG_INNER_BORDERCOLOR>
            <DIALOG_INNER_BACKCOLOR>0x53C0C0C0</DIALOG_INNER_BACKCOLOR>
            <DIALOG_TEXTCOLOR>0xFFFFFFFF</DIALOG_TEXTCOLOR>
            <DIALOG_DISABLEDTEXT>0xFFB3B3B4</DIALOG_DISABLEDTEXT>
            <OPTION_TEXTCOLOR>0xFFFFFFFF</OPTION_TEXTCOLOR>
            <OPTION_ACTIVETEXTCOLOR>0xFF00FFFF</OPTION_ACTIVETEXTCOLOR>
            <OPTION_ACTIVEBACKCOLOR>0xFF808080</OPTION_ACTIVEBACKCOLOR>
            <BUTTON_BORDERCOLOR>0xFFFFFFFF</BUTTON_BORDERCOLOR>
            <BUTTON_TEXTCOLOR>0xFFFFFFFF</BUTTON_TEXTCOLOR>
            <BUTTON_BACKCOLOR>0xFF808080</BUTTON_BACKCOLOR>
            <BUTTON_ACTIVETEXTCOLOR>0xFFFFFFFF</BUTTON_ACTIVETEXTCOLOR>
            <BUTTON_ACTIVEBACKCOLOR>0xFF000000</BUTTON_ACTIVEBACKCOLOR>
            <KB_KEYBG_HIGHLIGHT>0xFF400080</KB_KEYBG_HIGHLIGHT>
            <KB_KEYBG_DISABLED>0x78C0C0C0</KB_KEYBG_DISABLED>
            <KB_KEY_PRESSED>0xFF000000</KB_KEY_PRESSED>
            <KB_KEY_NORMAL>0xFF000000</KB_KEY_NORMAL>
            <KB_KEY_DISABLED>0xFFFFFFFF</KB_KEY_DISABLED>
            <KB_KEY_ACTIVEBORDER>0xFFFFFFFF</KB_KEY_ACTIVEBORDER>
            <KB_KEY_TEXTCOLOR>0xFF000000</KB_KEY_TEXTCOLOR>
            <KB_KEY_TEXTBACKCOLOR>0xFFFFFFFF</KB_KEY_TEXTBACKCOLOR>
            <KB_KEY_TEXTBORDERCOLOR>0x780000FF</KB_KEY_TEXTBORDERCOLOR>
            <MENU_TEXTCOLOR>0xFFFFFFFF</MENU_TEXTCOLOR>
            <MENU_ACTIVETEXTCOLOR>0xFFFFFFFF</MENU_ACTIVETEXTCOLOR>
            <MENU_BACKCOLOR>0xFF000000</MENU_BACKCOLOR>
            <MENU_ACTIVEBACKCOLOR>0xB9808080</MENU_ACTIVEBACKCOLOR>
        </ColorScheme>
    </Main>
</Skin>