﻿<Skin name="Panzer Dragoon Orta">
    <Information>
        <Author>TONBO</Author>
        <Version>1</Version>
        <Copyright>2004</Copyright>
        <Skinner Name="UX Architect" Version="1.0c" />
    </Information>
    <Filemanager SafeBorder="False">
        <Background>fmgr.png</Background>
    </Filemanager>
    <LoadingScreen ShowInfo="True">
        <Background>loading.png</Background>
    </LoadingScreen>
    <Main Globe="False" Orb="False">
        <Background EnableAudio="False">background.WMV</Background>
        <InfoFont>Square-10.xpr</InfoFont>
        <Text Top="72" Left="25" Width="200" Scroll="0" Color="0xFFFFFFFF" Source="DateTime" Align="Left" />
        <Text Top="57" Left="25" Width="180" Scroll="0" Color="0xFFFFFFFF" Source="E_FreeMB" Align="Left" />
        <Text Top="42" Left="25" Width="180" Scroll="0" Color="0xFFFFFFFF" Source="F_FreeMB" Align="Left" />
        <Text Top="27" Left="25" Width="180" Scroll="0" Color="0xFFFFFFFF" Source="Gateway" Align="Left" />
        <Text Top="12" Left="25" Width="180" Scroll="0" Color="0xFFFFFFFF" Source="IP" Align="Left" />
        <Text Top="452" Left="134" Width="39" Scroll="0" Color="0xFF00EA3A" Source="SongTime" Align="Middle" />
        <Text Top="47" Left="537" Width="80" Scroll="1" Color="0xFF00D535" Source="DVDTitle" Align="Left" />
        <Text Top="425" Left="130" Width="92" Scroll="2" Color="0xFF00FF00" Source="SoundTrack" Align="Left" />
        <Text Top="425" Left="241" Width="92" Scroll="2" Color="0xFF00EC3C" Source="SongName" Align="Left" />
        <Text Top="449" Left="230" Width="113" Scroll="2" Color="0xFF4A004A" Source="CPUTemp" Align="Left" />
        <Image Top="0" Left="0" Width="640" Height="480" Opacity="100">layer.png</Image>
        <Image Top="77" Left="394" Width="110" Height="110" Source="GameIcon" />
        <Image Top="0" Left="0" Width="640" Height="480" Opacity="100">main.png</Image>
        <Menu Scroll="True" Align="Left" ShowIcon="False" Rotate="True" ShowArrows="False">
            <ItemPos Top="306" Left="105" Width="140"></ItemPos>
            <ItemPos Top="327" Left="110" Width="142"></ItemPos>
            <ItemPos Top="348" Left="120" Width="130"></ItemPos>
            <ItemPos Top="369" Left="135" Width="225"></ItemPos>
            <ItemPos Top="388" Left="156" Width="223"></ItemPos>
            <Font>Tahoma-12.xpr</Font>
        </Menu>
        <ColorScheme>
            <AMBIENT_FOGCOLOR>0x00FFFFFF</AMBIENT_FOGCOLOR>
            <AMBIENT_SKYCOLOR>0x00FFFFFF</AMBIENT_SKYCOLOR>
            <AMBIENT_CELLCOLOR>0xB4FFFFFF</AMBIENT_CELLCOLOR>
            <CAPTION_TEXTCOLOR>0xFF80FF80</CAPTION_TEXTCOLOR>
            <CAPTION_BACKCOLOR>0xB4FF8000</CAPTION_BACKCOLOR>
            <DIALOG_BORDERCOLOR>0x8B00E1E1</DIALOG_BORDERCOLOR>
            <DIALOG_BACKCOLOR>0xB4408080</DIALOG_BACKCOLOR>
            <DIALOG_INNER_BORDERCOLOR>0xC8005555</DIALOG_INNER_BORDERCOLOR>
            <DIALOG_INNER_BACKCOLOR>0x64333333</DIALOG_INNER_BACKCOLOR>
            <DIALOG_TEXTCOLOR>0xFFFFFFFF</DIALOG_TEXTCOLOR>
            <DIALOG_DISABLEDTEXT>0xFFB3B3B4</DIALOG_DISABLEDTEXT>
            <OPTION_TEXTCOLOR>0xFFFFFFFF</OPTION_TEXTCOLOR>
            <OPTION_ACTIVETEXTCOLOR>0xFFFFFF00</OPTION_ACTIVETEXTCOLOR>
            <OPTION_ACTIVEBACKCOLOR>0x506F6FFF</OPTION_ACTIVEBACKCOLOR>
            <BUTTON_BORDERCOLOR>0xC8295454</BUTTON_BORDERCOLOR>
            <BUTTON_TEXTCOLOR>0xFFFFFFFF</BUTTON_TEXTCOLOR>
            <BUTTON_BACKCOLOR>0xB46A3500</BUTTON_BACKCOLOR>
            <BUTTON_ACTIVETEXTCOLOR>0xFFFFFFFF</BUTTON_ACTIVETEXTCOLOR>
            <BUTTON_ACTIVEBACKCOLOR>0xB4FF8000</BUTTON_ACTIVEBACKCOLOR>
            <KB_KEYBG_HIGHLIGHT>0x19575757</KB_KEYBG_HIGHLIGHT>
            <KB_KEYBG_DISABLED>0x78C0C0C0</KB_KEYBG_DISABLED>
            <KB_KEY_PRESSED>0xFF008000</KB_KEY_PRESSED>
            <KB_KEY_NORMAL>0xFF000000</KB_KEY_NORMAL>
            <KB_KEY_DISABLED>0x78808080</KB_KEY_DISABLED>
            <KB_KEY_ACTIVEBORDER>0xFF00FFFF</KB_KEY_ACTIVEBORDER>
            <KB_KEY_TEXTCOLOR>0xFF000000</KB_KEY_TEXTCOLOR>
            <KB_KEY_TEXTBACKCOLOR>0xFFFFFFFF</KB_KEY_TEXTBACKCOLOR>
            <KB_KEY_TEXTBORDERCOLOR>0x780000FF</KB_KEY_TEXTBORDERCOLOR>
            <MENU_TEXTCOLOR>0x78FFFFFF</MENU_TEXTCOLOR>
            <MENU_ACTIVETEXTCOLOR>0xFFFFFFFF</MENU_ACTIVETEXTCOLOR>
        </ColorScheme>
    </Main>
</Skin>