﻿<Skin name="Mutation">
    <Information>
        <Author>Dj-Colombia</Author>
        <Version>1</Version>
        <Copyright>2009</Copyright>
        <Skinner Name="UX Architect" Version="1.0c" />
    </Information>
    <Main Globe="False" Orb="False" Fog="False">
        <Background EnableAudio="False">mutation.jpg</Background>
        <InfoFont>Square-10.xpr</InfoFont>
        <Text Top="417" Left="13" Width="200" Scroll="0" Color="0xFFFFFFFF" Source="Time" Align="Left" />
        <Text Top="434" Left="13" Width="200" Scroll="0" Color="0xFFFFFFFF" Source="C_FreeMB" Align="Left" />
        <Text Top="452" Left="13" Width="200" Scroll="0" Color="0xFFFFFFFF" Source="E_FreeMB" Align="Left" />
        <Text Top="426" Left="483" Width="200" Scroll="0" Color="0xFFFFFFFF" Source="SongName" Align="Left" />
        <Text Top="4" Left="450" Width="200" Scroll="0" Color="0xFFFFFFFF" Source="SkinAuthor" Align="Left" />
        <Text Top="415" Left="99" Width="200" Scroll="0" Color="0xFFFFFFFF" Source="IP" Align="Left" />
        <Text Top="10" Left="15" Width="200" Scroll="0" Color="0xFFFFFFFF" Source="NickName" Align="Left" />
        <Text Top="429" Left="98" Width="200" Scroll="0" Color="0xFFFFFFFF" Source="DateTime" Align="Left" />
        <Image Top="161" Left="20" Width="128" Height="128" Source="GameIcon" />
        <Menu Align="Left" ShowIcon="True" ShowArrows="False">
            <ItemPos Top="163" Left="373" Width="200"></ItemPos>
            <ItemPos Top="189" Left="380" Width="200"></ItemPos>
            <ItemPos Top="213" Left="380" Width="200"></ItemPos>
            <ItemPos Top="234" Left="382" Width="200"></ItemPos>
            <ItemPos Top="253" Left="372" Width="200"></ItemPos>
            <Font>39Smooth-10.xpr</Font>
        </Menu>
        <ColorScheme>
            <AMBIENT_FOGCOLOR>0x78FFFFFF</AMBIENT_FOGCOLOR>
            <AMBIENT_SKYCOLOR>0xFF00000F</AMBIENT_SKYCOLOR>
            <AMBIENT_CELLCOLOR>0x7800C000</AMBIENT_CELLCOLOR>
            <CAPTION_TEXTCOLOR>0xFFEAEA47</CAPTION_TEXTCOLOR>
            <CAPTION_BACKCOLOR>0xFF4274FF</CAPTION_BACKCOLOR>
            <DIALOG_BORDERCOLOR>0xFFFFFFFF</DIALOG_BORDERCOLOR>
            <DIALOG_BACKCOLOR>0xFF273CF3</DIALOG_BACKCOLOR>
            <DIALOG_INNER_BORDERCOLOR>0xFFFFFFFF</DIALOG_INNER_BORDERCOLOR>
            <DIALOG_INNER_BACKCOLOR>0xFF09389A</DIALOG_INNER_BACKCOLOR>
            <DIALOG_TEXTCOLOR>0xFFFFFFFF</DIALOG_TEXTCOLOR>
            <DIALOG_DISABLEDTEXT>0xFFB3B3B4</DIALOG_DISABLEDTEXT>
            <OPTION_TEXTCOLOR>0xFFFFFFFF</OPTION_TEXTCOLOR>
            <OPTION_ACTIVETEXTCOLOR>0xFF47EAEA</OPTION_ACTIVETEXTCOLOR>
            <OPTION_ACTIVEBACKCOLOR>0xFF273CF3</OPTION_ACTIVEBACKCOLOR>
            <BUTTON_BORDERCOLOR>0xFFFFFFFF</BUTTON_BORDERCOLOR>
            <BUTTON_TEXTCOLOR>0xFFFFFFFF</BUTTON_TEXTCOLOR>
            <BUTTON_BACKCOLOR>0xFF273CF3</BUTTON_BACKCOLOR>
            <BUTTON_ACTIVETEXTCOLOR>0xFFFFFFFF</BUTTON_ACTIVETEXTCOLOR>
            <BUTTON_ACTIVEBACKCOLOR>0xFF003399</BUTTON_ACTIVEBACKCOLOR>
            <KB_KEYBG_HIGHLIGHT>0xFF0000FF</KB_KEYBG_HIGHLIGHT>
            <KB_KEYBG_DISABLED>0x78C0C0C0</KB_KEYBG_DISABLED>
            <KB_KEY_PRESSED>0xFF008000</KB_KEY_PRESSED>
            <KB_KEY_NORMAL>0xFF000000</KB_KEY_NORMAL>
            <KB_KEY_DISABLED>0xFFFFFFFF</KB_KEY_DISABLED>
            <KB_KEY_ACTIVEBORDER>0xFFFF0000</KB_KEY_ACTIVEBORDER>
            <KB_KEY_TEXTCOLOR>0xFF000000</KB_KEY_TEXTCOLOR>
            <KB_KEY_TEXTBACKCOLOR>0xFFFFFFFF</KB_KEY_TEXTBACKCOLOR>
            <KB_KEY_TEXTBORDERCOLOR>0x780000FF</KB_KEY_TEXTBORDERCOLOR>
            <MENU_TEXTCOLOR>0xFFFF8040</MENU_TEXTCOLOR>
            <MENU_ACTIVETEXTCOLOR>0xFFFFFFFF</MENU_ACTIVETEXTCOLOR>
            <MENU_BORDERCOLOR>0xFFFFFFFF</MENU_BORDERCOLOR>
            <MENU_BACKCOLOR>0xFF000000</MENU_BACKCOLOR>
            <MENU_ACTIVEBACKCOLOR>0xFF0000FF</MENU_ACTIVEBACKCOLOR>
            <MENU_ACTIVEBORDERCOLOR>0xFFFFFFFF</MENU_ACTIVEBORDERCOLOR>
        </ColorScheme>
    </Main>
</Skin>