<Skin name="Xbox Mast3r Installer">
    <Information>
        <Author>Gangst3r</Author>
        <Version>1</Version>
        <Copyright>2010</Copyright>
        <ScreenSize Width="720" Height="480" />
        <Skinner Name="Gangst3r Skin Designer" Version="1.0" />
    </Information>
        <IntroMovie>Intro.xmv</IntroMovie>

    <Main Globe="False" Orb="False" Fog="False">
	  <Cellwall></Cellwall>
	  <Orb></Orb>
	  <Icon></Icon>
        <Background EnableAudio="False">Xbox Mast3r Installer Skin.png</Background>
	  <InfoFont>Square-10.xpr</InfoFont>
        <Text Top="321" Left="310" Width="170" Scroll="1" Color="0xFFFFFFFF" Source="SongName" Align="Left" />
        <Text Top="303" Left="310" Width="170" Scroll="1" Color="0xFFFFFFFF" Source="SoundTrack" Align="Left" />
        <Text Top="341" Left="310" Width="170" Scroll="0" Color="0xFFFFFFFF" Source="SongTime" Align="Left" />
        <Text Top="25" Left="470" Width="200" Scroll="0" Color="0xFFFFFFFF" Source="Time" Align="Left" />
        <Text Top="25" Left="350" Width="200" Scroll="0" Color="0xFFFFFFFF" Source="Date" Align="Left" />
        <Text Top="361" Left="490" Width="200" Scroll="0" Color="0xFFFFFFFF" Source="ChipID" Align="Left" />
        <Text Top="341" Left="490" Width="200" Scroll="0" Color="0xFFFFFFFF" Source="FanSpeed" Align="Left" />
        <Text Top="321" Left="490" Width="200" Scroll="0" Color="0xFFFFFFFF" Source="MBTemp" Align="Left" />
        <Text Top="303" Left="490" Width="200" Scroll="0" Color="0xFFFFFFFF" Source="CPUTemp" Align="Left" />
        <Text Top="252" Left="490" Width="200" Scroll="0" Color="0xFFFFFFFF" Source="G_FreeMB" Align="Left" />
        <Text Top="233" Left="490" Width="200" Scroll="0" Color="0xFFFFFFFF" Source="F_FreeMB" Align="Left" />
        <Text Top="214" Left="490" Width="200" Scroll="0" Color="0xFFFFFFFF" Source="E_FreeMB" Align="Left" />
        <Text Top="195" Left="490" Width="200" Scroll="0" Color="0xFFFFFFFF" Source="C_FreeMB" Align="Left" />
        <Text Top="145" Left="490" Width="200" Scroll="0" Color="0xFFFFFFFF" Source="Gateway" Align="Left" />
        <Text Top="403" Left="350" Width="200" Scroll="0" Color="0xFFFFFFFF" Source="DVDTitle" Align="Left" />
        <Text Top="105" Left="490" Width="200" Scroll="0" Color="0xFFFFFFFF" Source="IP" Align="Left" />
        <Text Top="125" Left="490" Width="200" Scroll="0" Color="0xFFFFFFFF" Source="Subnet" Align="Left" />
	  <InfoFont>Segoe_UI_13.xpr</InfoFont>
        <Text Top="443" Left="105" Width="450" Scroll="0" Color="0xFFFFFFFF" Source="Newsfeed" Align="Left" />

        <Image Top="79" Left="310" Width="175" Height="180" Source="GameIcon" />
        <Image Source="GamePreview" />
        <Menu Align="Left" Scroll="True" ShowIcon="False" ShowArrows="False" Smooth="False" Rotate="False">
            <Preview EnableAudio="True" Top="79" Left="310" Width="175" Height="180" />
            <ItemPos Top="120" Left="70" Width="200"></ItemPos>
            <ItemPos Top="155" Left="70" Width="200"></ItemPos>
            <ItemPos Top="190" Left="70" Width="200"></ItemPos>
            <ItemPos Top="225" Left="70" Width="200"></ItemPos>
            <ItemPos Top="260" Left="70" Width="200"></ItemPos>
            <ItemPos Top="295" Left="70" Width="200"></ItemPos>
            <ItemPos Top="330" Left="70" Width="200"></ItemPos>
            <Font>Segoe_UI_13.xpr</Font>
        </Menu>
      
	</Main>

	<IntroMovie></IntroMovie>
        <FileManager SafeBorder="true">
		<BackGround>filemanager.jpg</BackGround>
		
	</FileManager>
	
	<LoadingScreen ShowInfo="False">
		<BackGround>wait.jpg</BackGround>
	</LoadingScreen>
	
	<MusicPlayer Top="1" Left="1" Width="640" Height="480" Relative="True">
		<BackGround>mp_back.jpg</BackGround>
		<Image Left="280" Top="315" zIndex="1">mp_panel.png</Image>
		<Image Left="440" Top="370" Width="150" Height="50" zIndex="3">MP_Bar_Overlay.png</Image>
		<Image Left="395" Top="30"  zIndex="1">mp_time_panel.png</Image>
		<Image Left="95" Top="340"  zIndex="1">mp_buttons_panel.png</Image>
		
		<ButtonMap>mp_Buttons.png</ButtonMap>	
		<Element Type="Prev" Left="90" Top="361" Width="70" Height="50" zIndex="3" />
		<Element Type="Stop" Left="116" Top="358" Width="70" Height="50" zIndex="3" />
		<Element Type="Play" Left="149" Top="350" Width="70" Height="50" zIndex="3" />
		<Element Type="Pause" Left="184" Top="344" Width="70" Height="50" zIndex="3" />
		<Element Type="Next" Left="207" Top="339" Width="70" Height="50" zIndex="3" />
		<Element Type="PrevTrack" Left="128" Top="383" Width="70" Height="50" zIndex="3"/>
		<Element Type="NextTrack" Left="183" Top="369" Width="70" Height="50" zIndex="3"/>
		<Element Type="Mute" Left="290" Top="347" Width="70" Height="25" zIndex="3" />
		<Element Type="Random" Left="415" Top="347" Width="70" Height="25" zIndex="3" />
		
		<Element Type="Meter" Left="440" Top="370" Width="105" Height="50" zIndex="2" Relative="True"/>
		<Element Type="Progress" Left="413" Top="56" Width="160" Height="4" Direction="right" zIndex="3"/>
		<Element Type="Volume" Left="440" Top="420" Width="105" Height="4" Direction="right" zIndex="3"/>


		<Text Left="483" Top="39" Height="30" Color="0xFFFFFFFF" Source="SongTime" Font="Common14" Align="Right" ScaleX="70" ScaleY="70" zIndex="3" />
		<Text Left="488" Top="37" Height="30" Color="0xaaFFFFFF" Source="/" Font="Common14" Align="Left" ScaleX="80" ScaleY="80" zIndex="3" />
		<Text Left="497" Top="39" Height="30" Color="0xFFFFFFFF" Source="SongLength" Font="Common14" Align="left" ScaleX="70" ScaleY="70" zIndex="3" />
		<Text Left="465" Top="355" Width="80" Height="15" Color="0xFFFFFFFF" Source="Random" Font="Common10" Align="left" ScaleX="100" ScaleY="100" zIndex="3" />
		<Text Left="345" Top="355" Width="80" Height="15" Color="0xFFFFFFFF" Source="Mute" Font="Common10" Align="left" ScaleX="100" ScaleY="100" zIndex="3" />
		<Text Left="325" Top="380" Width="100" Height="30" Color="0xFFFFFFFF" Source="SongBitRate" Font="Common10" Align="left" ScaleX="100" ScaleY="100" zIndex="3" />
		<Text Left="325" Top="400" Width="100" Height="30" Color="0xFFFFFFFF" Source="SongChannel" Font="Common10" Align="left" ScaleX="100" ScaleY="100" zIndex="3" />
		<Text Left="305" Top="330" Width="270" Height="30" Color="0xFFFFFFFF" Source="SongTrack" Scroll="1" Font="Common10" ScaleX="100" ScaleY="120" zIndex="3" />
		<Playlist Top="70" Left="65" Width="530" Height="266" OffsetX="20" OffsetY="40">
			<BackGround>Playlist.png</BackGround>
		</Playlist>
		<Dialog OffsetX="10" OffsetX2="10" OffsetY="10" OffsetY2="10">
			<BackGround>MP_Dialog.png</BackGround>
		</Dialog>

	  </MusicPlayer>

        <ColorScheme>
            <AMBIENT_FOGCOLOR>0xFF8080FF</AMBIENT_FOGCOLOR>
            <AMBIENT_SKYCOLOR>0xFF00000F</AMBIENT_SKYCOLOR>
            <AMBIENT_CELLCOLOR>0xFF0080FF</AMBIENT_CELLCOLOR>
            <CAPTION_TEXTCOLOR>0xFFFFFFFF</CAPTION_TEXTCOLOR>
            <CAPTION_BACKCOLOR>0xFF0080FF</CAPTION_BACKCOLOR>
            <DIALOG_BORDERCOLOR>0xFF0080FF</DIALOG_BORDERCOLOR>
            <DIALOG_BACKCOLOR>0x9F000000</DIALOG_BACKCOLOR>
            <DIALOG_INNER_BORDERCOLOR>0xFF0080FF</DIALOG_INNER_BORDERCOLOR>
            <DIALOG_INNER_BACKCOLOR>0xFF000000</DIALOG_INNER_BACKCOLOR>
            <DIALOG_TEXTCOLOR>0xFFFFFFFF</DIALOG_TEXTCOLOR>
            <DIALOG_DISABLEDTEXT>0xFFB3B3B4</DIALOG_DISABLEDTEXT>
            <OPTION_TEXTCOLOR>0xFFFFFFFF</OPTION_TEXTCOLOR>
            <OPTION_ACTIVETEXTCOLOR>0xFFFFFFFF</OPTION_ACTIVETEXTCOLOR>
            <OPTION_ACTIVEBACKCOLOR>0xFF0080FF</OPTION_ACTIVEBACKCOLOR>
            <BUTTON_BORDERCOLOR>0xFFFFFFFF</BUTTON_BORDERCOLOR>
            <BUTTON_TEXTCOLOR>0xFFFFFFFF</BUTTON_TEXTCOLOR>
            <BUTTON_BACKCOLOR>0x980000A0</BUTTON_BACKCOLOR>
            <BUTTON_ACTIVETEXTCOLOR>0xFFFFFFFF</BUTTON_ACTIVETEXTCOLOR>
            <BUTTON_ACTIVEBACKCOLOR>0xFF0080FF</BUTTON_ACTIVEBACKCOLOR>
            <KB_KEYBG_HIGHLIGHT>0xFF0080FF</KB_KEYBG_HIGHLIGHT>
            <KB_KEYBG_DISABLED>0xFFC0C0C0</KB_KEYBG_DISABLED>
            <KB_KEY_PRESSED>0xFF409FFF</KB_KEY_PRESSED>
            <KB_KEY_NORMAL>0xFF000000</KB_KEY_NORMAL>
            <KB_KEY_DISABLED>0xFFFFFFFF</KB_KEY_DISABLED>
            <KB_KEY_ACTIVEBORDER>0xFF808080</KB_KEY_ACTIVEBORDER>
            <KB_KEY_TEXTCOLOR>0xFF000000</KB_KEY_TEXTCOLOR>
            <KB_KEY_TEXTBACKCOLOR>0xFFFFFFFF</KB_KEY_TEXTBACKCOLOR>
            <KB_KEY_TEXTBORDERCOLOR>0xFF0080FF</KB_KEY_TEXTBORDERCOLOR>
            <MENU_TEXTCOLOR>0xFFFFFFFF</MENU_TEXTCOLOR>
            <MENU_ACTIVETEXTCOLOR>0xFF4AA5FF</MENU_ACTIVETEXTCOLOR>
            <MENU_BACKCOLOR>0xFF000000</MENU_BACKCOLOR>
        </ColorScheme>
    </Main>
</Skin>