﻿<Skin name="SimpleSexy2">
    <Information>
        <Author>Cyfun</Author>
        <Version>1</Version>
        <Copyright>2004</Copyright>
        <Skinner Name="UX Architect" Version="1.0c" />
    </Information>
    <Main Globe="False" Orb="False">
        <Background EnableAudio="False">background.jpg</Background>
        <InfoFont>Square-10.xpr</InfoFont>
        <Text Top="35" Left="20" Width="350" Scroll="1" Color="0xFFFFFFFF" Source="Newsfeed" Align="Left" />
        <Text Top="23" Left="515" Width="200" Scroll="0" Color="0xFF808080" Source="$Date$" Align="Left" />
        <Text Top="105" Left="240" Width="200" Scroll="0" Color="0xFF808080" Source="MBTemp" Align="Left" />
        <Text Top="5" Left="15" Width="200" Scroll="0" Color="0xFF808080" Source="$IP$" Align="Left" />
        <Text Top="450" Left="153" Width="300" Scroll="2" Color="0xFFFFFFFF" Source="SongName" Align="Left" />
        <Text Top="5" Left="195" Width="270" Scroll="0" Color="0xFF808080" Source="AppVersion" Align="Left" />
        <Text Top="5" Left="515" Width="200" Scroll="0" Color="0xFF808080" Source="$Time$" Align="Left" />
        <Text Top="85" Left="240" Width="200" Scroll="0" Color="0xFF808080" Source="CPUTemp" Align="Left" />
        <Text Top="165" Left="240" Width="180" Scroll="0" Color="0xFF808080" Source="F_FreeMB" Align="Left" />
        <Text Top="145" Left="240" Width="180" Scroll="0" Color="0xFF808080" Source="E_FreeMB" Align="Left" />
        <Text Top="125" Left="240" Width="180" Scroll="0" Color="0xFF808080" Source="C_FreeMB" Align="Left" />
        <Image Top="260" Left="18" Width="100" Height="100" Source="GameIcon" />
        <Image Top="28" Left="5" Width="385" Height="33" Opacity="100">shadows 2.png</Image>
        <Image Top="212" Left="432" Width="100" Height="45" Opacity="100">cyfun.png</Image>
        <Menu Scroll="True" Smooth="True" Align="Left" ShowIcon="False" ShowArrows="False">
            <ItemPos Top="85" Left="15" Width="200"></ItemPos>
            <ItemPos Top="265" Left="15" Width="200"></ItemPos>
            <ItemPos Top="105" Left="15" Width="200"></ItemPos>
            <ItemPos Top="125" Left="15" Width="200"></ItemPos>
            <ItemPos Top="145" Left="15" Width="200"></ItemPos>
            <ItemPos Top="165" Left="15" Width="200"></ItemPos>
            <ItemPos Top="185" Left="15" Width="200"></ItemPos>
            <ItemPos Top="205" Left="15" Width="200"></ItemPos>
            <ItemPos Top="225" Left="15" Width="200"></ItemPos>
            <ItemPos Top="245" Left="15" Width="200"></ItemPos>
            <Font>Square-10.xpr</Font>
        </Menu>
        <ColorScheme>
            <AMBIENT_FOGCOLOR>0x00FFFFFF</AMBIENT_FOGCOLOR>
            <AMBIENT_SKYCOLOR>0x0000000F</AMBIENT_SKYCOLOR>
            <AMBIENT_CELLCOLOR>0x00808080</AMBIENT_CELLCOLOR>
            <CAPTION_TEXTCOLOR>0xFFFFFFFF</CAPTION_TEXTCOLOR>
            <CAPTION_BACKCOLOR>0xFF0080FF</CAPTION_BACKCOLOR>
            <DIALOG_BORDERCOLOR>0xFF0080FF</DIALOG_BORDERCOLOR>
            <DIALOG_BACKCOLOR>0x9F000000</DIALOG_BACKCOLOR>
            <DIALOG_INNER_BORDERCOLOR>0xFF0080FF</DIALOG_INNER_BORDERCOLOR>
            <DIALOG_INNER_BACKCOLOR>0xFF000000</DIALOG_INNER_BACKCOLOR>
            <DIALOG_TEXTCOLOR>0xFFFFFFFF</DIALOG_TEXTCOLOR>
            <DIALOG_DISABLEDTEXT>0xFFB3B3B4</DIALOG_DISABLEDTEXT>
            <OPTION_TEXTCOLOR>0xFFFFFFFF</OPTION_TEXTCOLOR>
            <OPTION_ACTIVETEXTCOLOR>0xFFFFFFFF</OPTION_ACTIVETEXTCOLOR>
            <OPTION_ACTIVEBACKCOLOR>0xFF0080FF</OPTION_ACTIVEBACKCOLOR>
            <BUTTON_BORDERCOLOR>0xFFFFFFFF</BUTTON_BORDERCOLOR>
            <BUTTON_TEXTCOLOR>0xFFFFFFFF</BUTTON_TEXTCOLOR>
            <BUTTON_BACKCOLOR>0x980000A0</BUTTON_BACKCOLOR>
            <BUTTON_ACTIVETEXTCOLOR>0xFFFFFFFF</BUTTON_ACTIVETEXTCOLOR>
            <BUTTON_ACTIVEBACKCOLOR>0xFF0080FF</BUTTON_ACTIVEBACKCOLOR>
            <KB_KEYBG_HIGHLIGHT>0xFF0080FF</KB_KEYBG_HIGHLIGHT>
            <KB_KEYBG_DISABLED>0xFFC0C0C0</KB_KEYBG_DISABLED>
            <KB_KEY_PRESSED>0xFF008000</KB_KEY_PRESSED>
            <KB_KEY_NORMAL>0xFF000000</KB_KEY_NORMAL>
            <KB_KEY_DISABLED>0xFFFFFFFF</KB_KEY_DISABLED>
            <KB_KEY_ACTIVEBORDER>0xFF808080</KB_KEY_ACTIVEBORDER>
            <KB_KEY_TEXTCOLOR>0xFF000000</KB_KEY_TEXTCOLOR>
            <KB_KEY_TEXTBACKCOLOR>0xFFFFFFFF</KB_KEY_TEXTBACKCOLOR>
            <KB_KEY_TEXTBORDERCOLOR>0xFFFFFF00</KB_KEY_TEXTBORDERCOLOR>
            <MENU_TEXTCOLOR>0xFF808080</MENU_TEXTCOLOR>
            <MENU_ACTIVETEXTCOLOR>0xFFFFFFFF</MENU_ACTIVETEXTCOLOR>
        </ColorScheme>
    </Main>
</Skin>