<Skin name="Dreamy">
         <Information>
                  <Author>RTD</Author>
                  <Copyright>Copyright 2003</Copyright>
                  <Version>1.0 Final created with Photo Shop</Version>
         </Information>
<LoadingScreen ShowInfo="False">
<BackGround>loading.png</BackGround>
</LoadingScreen>


<Main Globe="False" Orb="false" Fog="False">

<Image Source="GamePreview" />
<Image Top="125" Left="470" Width="175" Height="160" Source="GameIcon" />


<Background EnableAudio="False">background.png</background>


<Image Left="0" Top="0" Opacity="100">overlay.png</ Shape>



<InfoFont>Verdana_10.xpr</InfoFont>

		<Text Left="2"  Top="380"   Color="0xFFFFFFFF" Source="C:" />
		<Text Left="32" Top="380"   Color="0xFFFFFFFF" Source="$C_Free$ free" />
		<Text Left="2"  Top="400"  Color="0xFFFFFFFF" Source="F:" />
		<Text Left="32" Top="400"  Color="0xFFFFFFFF" Source="$F_Free$ free" />
		<Text Left="2"  Top="420"   Color="0xFFFFFFFF" Source="IP:" />
		<Text Left="32" Top="420"   Color="0xFFFFFFFF" Source="$IP$" />
		<Text Left="2"  Top="440" Color="0xFFFFFFFF" Source="Users:" />
		<Text Left="62" Top="440" Color="0xFFFFFFFF" Source="$NumClient$" />
		<Text Left="2"  Top="460"  Color="0xFFFFFFFF" Source="Time:" />
		<Text Left="62" Top="460"  Color="0xFFFFFFFF" Source="$Time$" />
		<Text Left="2"  Top="480" Color="0xFFFFFFFF" Source="Date:" />
		<Text Left="62" Top="480" Color="0xFFFFFFFF" Source="$Date$" />
	
 
<Menu Align="left" ShowArrows="false" ShowIcon="false">

            <ItemPos Top="380"  Left="380" ></ItemPos>         
            <ItemPos Top="400"  Left="380" ></ItemPos>
            <ItemPos Top="420"  Left="380" ></ItemPos>
            <ItemPos Top="440"  Left="380" ></ItemPos>
            <ItemPos Top="460"  Left="380" ></ItemPos>




<Font>Verdana_10.xpr</Font>

<Preview EnableAudio="true" Top="145" Left="240" Width="200" Height="200" />

</Menu> <InfoFont>Verdana_10.xpr</InfoFont>	

</Main>

 <ColorScheme>
    <MENU_TEXTCOLOR>0xFFFFFFFF</MENU_TEXTCOLOR>
    <MENU_ACTIVETEXTCOLOR>0xFFFF8040</MENU_ACTIVETEXTCOLOR>
 </ColorSceme>

       
</Skin>
