﻿<Skin name="Ewa Sonnet">
    <Information>
        <Author>DarkP</Author>
        <Version>1</Version>
        <Copyright>2006</Copyright>
        <Skinner Name="UX Architect" Version="1.0c" />
    </Information>
    <Filemanager SafeBorder="False">
        <Background>dcp0013.jpg</Background>
    </Filemanager>
    <LoadingScreen ShowInfo="False">
        <Background>Loading.jpg</Background>
    </LoadingScreen>
    <Main Globe="False" Orb="False" Fog="False">
        <Background EnableAudio="False">Main.jpg</Background>
        <InfoFont>Tahoma-12.xpr</InfoFont>
        <Text Top="136" Left="43" Width="227" Scroll="0" Color="0xFFFF40BC" Source="IP" Align="Left" />
        <Text Top="119" Left="43" Width="227" Scroll="0" Color="0xFFFF40BC" Source="F_FreeMB" Align="Left" />
        <Text Top="101" Left="43" Width="227" Scroll="0" Color="0xFFFF40BC" Source="E_FreeMB" Align="Left" />
        <Text Top="81" Left="43" Width="227" Scroll="0" Color="0xFFFF40BC" Source="C_FreeMB" Align="Left" />
        <Text Top="61" Left="43" Width="229" Scroll="0" Color="0xFFFF40BC" Source="DateTime" Align="Left" />
        <Text Top="395" Left="487" Width="128" Scroll="0" Color="0xFFFF40BC" Source="CPUTemp" Align="Left" />
        <Text Top="418" Left="479" Width="124" Scroll="0" Color="0xFFFF40BC" Source="MBTemp" Align="Left" />
        <Text Top="427" Left="21" Width="225" Scroll="2" Color="0xFFFF40BC" Source="Newsfeed" Align="Left" />
        <Image Top="221" Left="522" Width="100" Height="81" Source="GameIcon" />
        <Image Top="36" Left="8" Width="299" Height="148" Opacity="100">Cool 2.png</Image>
        <Image Top="376" Left="461" Width="180" Height="80" Opacity="100">Cool 3.png</Image>
        <Image Top="406" Left="-11" Width="281" Height="56" Opacity="100">Shape2.png</Image>
        <Menu Smooth="True" Align="Left" ShowIcon="False" ShowArrows="False">
            <ItemPos Top="31" Left="462" Width="178"></ItemPos>
            <ItemPos Top="60" Left="470" Width="168"></ItemPos>
            <ItemPos Top="87" Left="481" Width="157"></ItemPos>
            <ItemPos Top="115" Left="477" Width="160"></ItemPos>
            <ItemPos Top="142" Left="472" Width="165"></ItemPos>
            <ItemPos Top="169" Left="492" Width="147"></ItemPos>
            <Font>Tahoma-12.xpr</Font>
        </Menu>
        <ColorScheme>
            <AMBIENT_FOGCOLOR>0xFFFFFFFF</AMBIENT_FOGCOLOR>
            <AMBIENT_SKYCOLOR>0xFF400040</AMBIENT_SKYCOLOR>
            <AMBIENT_CELLCOLOR>0xFF8000FF</AMBIENT_CELLCOLOR>
            <CAPTION_TEXTCOLOR>0xFF400080</CAPTION_TEXTCOLOR>
            <CAPTION_BACKCOLOR>0xFFFFFFFF</CAPTION_BACKCOLOR>
            <DIALOG_BORDERCOLOR>0xFFFFFFFF</DIALOG_BORDERCOLOR>
            <DIALOG_BACKCOLOR>0xC3400080</DIALOG_BACKCOLOR>
            <DIALOG_INNER_BORDERCOLOR>0xFFFFFFFF</DIALOG_INNER_BORDERCOLOR>
            <DIALOG_INNER_BACKCOLOR>0xFF09389A</DIALOG_INNER_BACKCOLOR>
            <DIALOG_TEXTCOLOR>0xFFFFFFFF</DIALOG_TEXTCOLOR>
            <DIALOG_DISABLEDTEXT>0xFFB3B3B4</DIALOG_DISABLEDTEXT>
            <OPTION_TEXTCOLOR>0xFFFFFFFF</OPTION_TEXTCOLOR>
            <OPTION_ACTIVETEXTCOLOR>0xFFFFFFFF</OPTION_ACTIVETEXTCOLOR>
            <OPTION_ACTIVEBACKCOLOR>0xFF400080</OPTION_ACTIVEBACKCOLOR>
            <BUTTON_BORDERCOLOR>0xFFFFFFFF</BUTTON_BORDERCOLOR>
            <BUTTON_TEXTCOLOR>0xFFFFFFFF</BUTTON_TEXTCOLOR>
            <BUTTON_BACKCOLOR>0xFF400080</BUTTON_BACKCOLOR>
            <BUTTON_ACTIVETEXTCOLOR>0xFFFFFFFF</BUTTON_ACTIVETEXTCOLOR>
            <BUTTON_ACTIVEBACKCOLOR>0xFF8080FF</BUTTON_ACTIVEBACKCOLOR>
            <KB_KEYBG_HIGHLIGHT>0xFF800080</KB_KEYBG_HIGHLIGHT>
            <KB_KEYBG_DISABLED>0x78C0C0C0</KB_KEYBG_DISABLED>
            <KB_KEY_PRESSED>0xFF8080FF</KB_KEY_PRESSED>
            <KB_KEY_NORMAL>0xFF000000</KB_KEY_NORMAL>
            <KB_KEY_DISABLED>0xFF808080</KB_KEY_DISABLED>
            <KB_KEY_ACTIVEBORDER>0x78FFFFFF</KB_KEY_ACTIVEBORDER>
            <KB_KEY_TEXTCOLOR>0xFF000000</KB_KEY_TEXTCOLOR>
            <KB_KEY_TEXTBACKCOLOR>0xFFFFFFFF</KB_KEY_TEXTBACKCOLOR>
            <KB_KEY_TEXTBORDERCOLOR>0x78FFFFFF</KB_KEY_TEXTBORDERCOLOR>
            <MENU_TEXTCOLOR>0xFFFE98FE</MENU_TEXTCOLOR>
            <MENU_ACTIVETEXTCOLOR>0xFFFFFFFF</MENU_ACTIVETEXTCOLOR>
            <MENU_BORDERCOLOR>0xFFFFFFFF</MENU_BORDERCOLOR>
            <MENU_BACKCOLOR>0xFF000000</MENU_BACKCOLOR>
            <MENU_ACTIVEBACKCOLOR>0xFF8000FF</MENU_ACTIVEBACKCOLOR>
            <MENU_ACTIVEBORDERCOLOR>0xFFFFFFFF</MENU_ACTIVEBORDERCOLOR>
        </ColorScheme>
    </Main>
</Skin>