﻿<Skin name="Untitled">
    <Information>
        <Author>Kracker624</Author>
        <Version>1</Version>
        <Copyright>2004</Copyright>
        <Skinner Name="UX Architect" Version="1.0c" />
    </Information>
    <IntroMovie>IntroVid.wmv</IntroMovie>
    <Main Globe="False" Orb="False" Fog="False">
        <Background EnableAudio="False">BackVid.wmv</Background>
        <InfoFont>TimesNewRoman-10.xpr</InfoFont>
        <Text Top="170" Left="474" Width="135" Scroll="0" Color="0xFF000000" Source="SongName" Align="Left" />
        <Text Top="190" Left="474" Width="135" Scroll="0" Color="0xFF000000" Source="SoundTrack" Align="Left" />
        <Text Top="210" Left="473" Width="136" Scroll="0" Color="0xFF000000" Source="SongTime" Align="Left" />
        <Text Top="98" Left="85" Width="200" Scroll="0" Color="0xFF000000" Source="DateTime" Align="Left" />
        <Text Top="98" Left="355" Width="200" Scroll="0" Color="0xFF000000" Source="IP" Align="Left" />
        <Text Top="249" Left="33" Width="136" Scroll="0" Color="0xFF000000" Source="G_Free" Align="Left" />
        <Text Top="229" Left="34" Width="135" Scroll="0" Color="0xFF000000" Source="F_Free" Align="Left" />
        <Text Top="209" Left="34" Width="135" Scroll="0" Color="0xFF000000" Source="C_Free" Align="Left" />
        <Text Top="189" Left="34" Width="135" Scroll="0" Color="0xFF000000" Source="CPUTemp" Align="Left" />
        <Text Top="250" Left="473" Width="136" Scroll="0" Color="0xFF000000" Source="Tray" Align="Left" />
        <Text Top="230" Left="473" Width="136" Scroll="0" Color="0xFF000000" Source="DVDType" Align="Left" />
        <Text Top="169" Left="34" Width="135" Scroll="0" Color="0xFF000000" Source="MBTemp" Align="Left" />
        <Text Top="77" Left="86" Width="471" Scroll="0" Color="0xFF000000" Source="Newsfeed" Align="Left" />
        <Text Top="57" Left="86" Width="116" Scroll="0" Color="0xFF000000" Source="NewsSource" Align="Left" />
        <Image Top="7" Left="12" Width="620" Height="465" Opacity="100">Bg.png</Image>
        <Image Source="GamePreview" />
        <Menu Smooth="True" Align="Left" ShowIcon="False" ShowArrows="False">
            <Preview EnableAudio="True" Top="131" Left="227" Width="187" Height="157" />
            <ItemPos Top="324" Left="171" Width="299"></ItemPos>
            <ItemPos Top="355" Left="170" Width="299"></ItemPos>
            <ItemPos Top="385" Left="170" Width="300"></ItemPos>
            <ItemPos Top="415" Left="170" Width="300"></ItemPos>
            <Font>TimesNewRoman-14.xpr</Font>
        </Menu>
        <ColorScheme>
            <AMBIENT_FOGCOLOR>0x78FFFFFF</AMBIENT_FOGCOLOR>
            <AMBIENT_SKYCOLOR>0xFF00000F</AMBIENT_SKYCOLOR>
            <AMBIENT_CELLCOLOR>0x7800C000</AMBIENT_CELLCOLOR>
            <CAPTION_TEXTCOLOR>0xFF99BA78</CAPTION_TEXTCOLOR>
            <CAPTION_BACKCOLOR>0xFF636363</CAPTION_BACKCOLOR>
            <DIALOG_BORDERCOLOR>0xFFFFFFFF</DIALOG_BORDERCOLOR>
            <DIALOG_BACKCOLOR>0xFFFF9A02</DIALOG_BACKCOLOR>
            <DIALOG_INNER_BORDERCOLOR>0xFFFFFFFF</DIALOG_INNER_BORDERCOLOR>
            <DIALOG_INNER_BACKCOLOR>0xFF636363</DIALOG_INNER_BACKCOLOR>
            <DIALOG_TEXTCOLOR>0xFFFF9A02</DIALOG_TEXTCOLOR>
            <DIALOG_DISABLEDTEXT>0xFFFF9A02</DIALOG_DISABLEDTEXT>
            <OPTION_TEXTCOLOR>0xFFFF9A02</OPTION_TEXTCOLOR>
            <OPTION_ACTIVETEXTCOLOR>0xFFFF9A02</OPTION_ACTIVETEXTCOLOR>
            <OPTION_ACTIVEBACKCOLOR>0xFF636363</OPTION_ACTIVEBACKCOLOR>
            <BUTTON_BORDERCOLOR>0xFFFF9A02</BUTTON_BORDERCOLOR>
            <BUTTON_TEXTCOLOR>0xFFFF9A02</BUTTON_TEXTCOLOR>
            <BUTTON_BACKCOLOR>0xFF636363</BUTTON_BACKCOLOR>
            <BUTTON_ACTIVETEXTCOLOR>0xFFFF9A02</BUTTON_ACTIVETEXTCOLOR>
            <BUTTON_ACTIVEBACKCOLOR>0xFF636363</BUTTON_ACTIVEBACKCOLOR>
            <KB_KEYBG_HIGHLIGHT>0xFF0000FF</KB_KEYBG_HIGHLIGHT>
            <KB_KEYBG_DISABLED>0x78C0C0C0</KB_KEYBG_DISABLED>
            <KB_KEY_PRESSED>0xFF008000</KB_KEY_PRESSED>
            <KB_KEY_NORMAL>0xFF000000</KB_KEY_NORMAL>
            <KB_KEY_DISABLED>0xFFFFFFFF</KB_KEY_DISABLED>
            <KB_KEY_ACTIVEBORDER>0xFFFF0000</KB_KEY_ACTIVEBORDER>
            <KB_KEY_TEXTCOLOR>0xFF000000</KB_KEY_TEXTCOLOR>
            <KB_KEY_TEXTBACKCOLOR>0xFFFFFFFF</KB_KEY_TEXTBACKCOLOR>
            <KB_KEY_TEXTBORDERCOLOR>0x780000FF</KB_KEY_TEXTBORDERCOLOR>
            <MENU_TEXTCOLOR>0xFFF9B54F</MENU_TEXTCOLOR>
            <MENU_ACTIVETEXTCOLOR>0xFFF9B54F</MENU_ACTIVETEXTCOLOR>
            <MENU_BORDERCOLOR>0xFFFFFFFF</MENU_BORDERCOLOR>
            <MENU_BACKCOLOR>0xFF626262</MENU_BACKCOLOR>
            <MENU_ACTIVEBACKCOLOR>0xFF626262</MENU_ACTIVEBACKCOLOR>
            <MENU_ACTIVEBORDERCOLOR>0xFFFFFFFF</MENU_ACTIVEBORDERCOLOR>
        </ColorScheme>
    </Main>
</Skin>