<Skin Name="Jordan">

 <Information>
    <Author>Dunny</Author>
    <Copyright>2003</Copyright>
    <Version>1</Version>
 </Information>

 <FileManager>
  <BackGround>filem.png</BackGround>
 </FileManager>

 <LoadingScreen ShowInfo="False">
  <BackGround>load.png</BackGround>
 </LoadingScreen>

 <Main globe="False" Orb="False">
  <Image Top="60" Left="85" width="212" Height="204">icon.png</Image>
  <GameIcon Enable="True">
    <Position Top="62" Left="87" Width="210" Height="202" />
  </GameIcon>
  <Background EnableAudio="False">bg.png</background>
    <Menu smooth="False" Align="Middle" ShowArrows="False" ShowIcon="False" Rotate="False">
        <Position left="95" Top="272" Width="198" Height="110" />
	<Font>Verdana_10.xpr</Font>
    </Menu>
</Main>

 <ColorScheme>
    <MENU_TEXTCOLOR>0xFFECBD1C</MENU_TEXTCOLOR>
    <MENU_ACTIVETEXTCOLOR>0xFF000000</MENU_ACTIVETEXTCOLOR>
    <MENU_ACTIVEBACKCOLOR>0xFFE2A445</MENU_ACTIVEBACKCOLOR>
 </ColorSceme>
</Skin>
