<Skin name="Tupac">
         <Information>
                  <Author>KtW Tupac at MutantNation.tk</Author>
                  <Copyright>Team KtW</Copyright>
                  <Version>v.1 created with ReleashED</Version>
         </Information>
         <IntroMovie>background.wmv</IntroMovie>
         <FileManager>
                  <BackGround></BackGround>
         </FileManager>
         <LoadingScreen ShowInfo="False">
                  <BackGround>tupac 1.PNG</BackGround>
         </LoadingScreen>
         <Main Globe="False" Orb="False" Fog="True">
                  <BackGround EnableAudio="False">tupac 5.PNG</BackGround>
                  <Cellwall>tupac 3.PNG</Cellwall>
                  <Orb>tupac 4.PNG</Orb>
                  <Icon>tupac 2.PNG</Icon>
                  <Menu Smooth="True" Align="Left" ShowIcon="False" Rotate="True" ShowArrows="False">
                           <Position Top="150" Left="350" Width="300" Height="200" Fixed="True" FixAt="0" MaxItem="6"></Position>
                  <Font></Font>
                           <Preview EnableAudio="False" Top="200" Left="5" Width="320" Height="240" />
                  </Menu>
                  <InfoFont></InfoFont>
                  <Text Top="10" Left="5" Align="Left" Color="0xFFFF0000" Source="IP"></Text>
                  <Text Top="30" Left="5" Align="Left" Color="0xFFFF0000" Source="C_FreeMB"></Text>
                  <Text Top="50" Left="5" Align="Left" Color="0xFFFF0000" Source="E_FreeMB"></Text>
                  <Text Top="70" Left="5" Align="Left" Color="0xFF0000FF" Source="DVDType"></Text>
                  <Text Top="110" Left="5" Align="Left" Color="0xFFFF0000" Source="CPUTempF"></Text>
                  <Text Top="130" Left="5" Align="Left" Color="0xFFFF0000" Source="MBTempF"></Text>
                  <Text Top="10" Left="350" Align="Left" Color="0xFFFFFFFF" Source="DateTime"></Text>
                  <Text Top="30" Left="350" Align="Left" Color="0xFFFFFFFF" Source="NickName"></Text>
                  <Text Top="300" Left="20" Align="Left" Color="0xFFFFFFFF" Source="SongName"></Text>
                  <Text Top="320" Left="20" Align="Left" Color="0xFFFFFFFF" Source="SoundTrack"></Text>
                  <Text Top="340" Left="20" Align="Left" Color="0xFFFFFFFF" Source="SongTime"></Text>
                  <Text Top="440" Left="340" Align="Left" Color="0xFFFF0000" Source="SkinVersion"></Text>
                  <Text Top="420" Left="340" Align="Left" Color="0xFFFF0000" Source="SkinAuthor"></Text>
                  <Text Top="170" Left="5" Align="Left" Color="0xFFFF0000" Source="SerialNum"></Text>
                  <Text Top="150" Left="5" Align="Left" Color="0xFFFF0000" Source="FanSpeed"></Text>
                  <Text Top="190" Left="5" Align="Left" Color="0xFFFF0000" Source="Version"></Text>
                  <Text Top="90" Left="5" Align="Left" Color="0xFF0000FF" Source="DvdTitle"></Text>
                  </Main>
         <ColorScheme >
                  <AMBIENT_FOGCOLOR>0xFF808080</AMBIENT_FOGCOLOR>
                  <AMBIENT_SKYCOLOR></AMBIENT_SKYCOLOR>
                  <AMBIENT_CELLCOLOR></AMBIENT_CELLCOLOR>
                  <CAPTION_TEXTCOLOR></CAPTION_TEXTCOLOR>
                  <CAPTION_BACKCOLOR></CAPTION_BACKCOLOR>
                  <DIALOG_BORDERCOLOR></DIALOG_BORDERCOLOR>
                  <DIALOG_BACKCOLOR></DIALOG_BACKCOLOR>
                  <DIALOG_INNER_BORDERCOLOR></DIALOG_INNER_BORDERCOLOR>
                  <DIALOG_INNER_BACKCOLOR></DIALOG_INNER_BACKCOLOR>
                  <DIALOG_TEXTCOLOR></DIALOG_TEXTCOLOR>
                  <DIALOG_DISABLEDTEXT></DIALOG_DISABLEDTEXT>
                  <OPTION_TEXTCOLOR></OPTION_TEXTCOLOR>
                  <OPTION_ACTIVETEXTCOLOR></OPTION_ACTIVETEXTCOLOR>
                  <OPTION_ACTIVEBACKCOLOR></OPTION_ACTIVEBACKCOLOR>
                  <BUTTON_BORDERCOLOR></BUTTON_BORDERCOLOR>
                  <BUTTON_TEXTCOLOR></BUTTON_TEXTCOLOR>
                  <BUTTON_BACKCOLOR></BUTTON_BACKCOLOR>
                  <BUTTON_ACTIVETEXTCOLOR></BUTTON_ACTIVETEXTCOLOR>
                  <BUTTON_ACTIVEBACKCOLOR></BUTTON_ACTIVEBACKCOLOR>
                  <KB_KEYBG_HIGHLIGHT></KB_KEYBG_HIGHLIGHT>
                  <KB_KEYBG_DISABLED></KB_KEYBG_DISABLED>
                  <KB_KEY_PRESSED></KB_KEY_PRESSED>
                  <KB_KEY_NORMAL></KB_KEY_NORMAL>
                  <KB_KEY_DISABLED></KB_KEY_DISABLED>
                  <KB_KEY_ACTIVEBORDER></KB_KEY_ACTIVEBORDER>
                  <KB_KEY_TEXTCOLOR></KB_KEY_TEXTCOLOR>
                  <KB_KEY_TEXTBACKCOLOR></KB_KEY_TEXTBACKCOLOR>
                  <KB_KEY_TEXTBORDERCOLOR></KB_KEY_TEXTBORDERCOLOR>
                  <MENU_TEXTCOLOR></MENU_TEXTCOLOR>
                  <MENU_ACTIVETEXTCOLOR></MENU_ACTIVETEXTCOLOR>
                  <MENU_BORDERCOLOR></MENU_BORDERCOLOR>
                  <MENU_BACKCOLOR></MENU_BACKCOLOR>
                  <MENU_ACTIVEBACKCOLOR></MENU_ACTIVEBACKCOLOR>
                  <MENU_ACTIVEBORDERCOLOR></MENU_ACTIVEBORDERCOLOR>
         </ColorScheme>
</Skin>
