<Skin Name="Grey Matter">

<Information>
<Author>Erik J. Sundquist</Author>
<Copyright>2003 Skinned by Sketchy Skinner</Copyright>
<Version>1</Version>
</Information>

<Main globe="False" Orb="False">
<Background EnableAudio="False">bg.png</background>
<Menu smooth="True" ShowArrows="True" ShowIcon="False" Rotate="False">
<Position left="416" Top="42" Width="175" Height="350" />
<Font>menu.xpr</Font>
</Menu>

<InfoFont>info.xpr</InfoFont>

<Text Left="100" Top="35" Align="Left" Color="0xFF80FF80" Source="Time"></Text>
<Text Left="100" Top="57" Align="Left" Color="0xFF80FF80" Source="Date"></Text>
<Text Left="100" Top="78" Align="Left" Color="0xFF80FF80" Source="CPUTemp"></Text>
<Text Left="100" Top="100" Align="Left" Color="0xFF80FF80" Source="MBTemp"></Text>
<Text Left="100" Top="122" Align="Left" Color="0xFF80FF80" Source="Version"></Text>
<Text Left="100" Top="144" Align="Left" Color="0xFF80FF80" Source="FanSpeed"></Text>

<Text Left="100" Top="182" Align="Left" Color="0xFFB9B900" Source="C_Free"></Text>
<Text Left="100" Top="204" Align="Left" Color="0xFFB9B900" Source="DvdTitle"></Text>
<Text Left="100" Top="226" Align="Left" Color="0xFFB9B900" Source="E_Free"></Text>
<Text Left="100" Top="248" Align="Left" Color="0xFFB9B900" Source="F_Free"></Text>
<Text Left="100" Top="270" Align="Left" Color="0xFFB9B900" Source="G_Free"></Text>

<Text Left="100" Top="340" Align="Left" Color="0xFF80FFFF" Source="NickName"></Text>
<Text Left="100" Top="362" Align="Left" Color="0xFF80FFFF" Source="IP"></Text>
<Text Left="100" Top="384" Align="Left" Color="0xFF80FFFF" Source="MAC"></Text>
<Text Left="100" Top="406" Align="Left" Color="0xFF80FFFF" Source="NumClient"></Text>
<Text Left="100" Top="428" Align="Left" Color="0xFF80FFFF" Source="Newsfeed: $Newsfeed$"></Text>
<Image Top="166" Left="277" width="131" Height="156" Source="GameIcon"/>
<Image Source="GamePreview"/>
</Main>
<FileManager>
<Backgroung>fmbg.png</Background>
</FileManager>
<LoadingScreen ShowInfo="False">
<Backgroung>load.png</Background>
</LoadingScreen>
<ColorScheme>
<MENU_TEXTCOLOR>0xFFC0C0C0</MENU_TEXTCOLOR>
<MENU_ACTIVETEXTCOLOR>0xFFFFFFFF</MENU_ACTIVETEXTCOLOR>
</ColorSceme>
</Skin>
