<Skin name="Fractal">
	<Information>
		<Author>chatlo77</Author>
		<Copyright>Copyright 2007</Copyright>
		<Version>1.0</Version>
	</Information>
  <IntroMovie>[2502]New_XBOX_Animation_Red.xmv</IntroMovie>
		<FileManager>
			<BackGround>filemanager.jpg</BackGround>
		</FileManager>
	<LoadingScreen ShowInfo="False">
		<BackGround>UXIntroFire.wmv</BackGround>
	</LoadingScreen>
	<Main Globe="True" Orb="False">
		<Image Top="2" Left="316" Width="150" Height="150"  Opacity="0" source="GameIcon" />	
		<BackGround>bg.png</BackGround>
		<Image Source="GamePreview" />		

		<Image Left="316" Top="2" Width="150" Height="150">orbtrans.png</Image>
		<Menu Smooth="true" Align="middle" Rotate="false" ShowIcon="false">
			<Position Top="160" Left="392" Width="200" Height="180" Fixed="False" FixAt="1" MaxItem="7"></Position>
			<Font>Square-10.xpr</Font>
			<Preview EnableAudio="true" Left="65" Top="180" Width="260" Height="145" />
		</Menu>
		<Text Left="545" Top="1108" Align="Left" Color="0xFFFFFFFF" Source="Menu"></Text>
		<InfoFont>Font_Arial_10.xpr</InfoFont>
		<Text Left="585" Top="355" Align="Right" Color="0xFFFFFFFF" Source="Date - $DateTime$"></Text>
 		<Text Left="55" Top="355" Width="180" Color="0xFFFFFFFF" Source="SoundTrack" Scroll="0"></Text>
		<Text Left="230" Top="355" Width="115" Color="0xFFFFFFFF" Source="SongName" Scroll="0"></Text>
		<Text Left="195" Top="410" Align="Right" Color="0xFFFFFFFF" Source="IP -"></Text>
                <Text Left="200" Top="410" Align="Left" Color="0xFF55CCE0" Source="$IP$"></Text>
		<Text Left="70" Top="390" Align="Right" Color="0xFFFFFFFF" Source="E -"></Text>
		<Text Left="70" Top="410" Align="Right" Color="0xFFFFFFFF" Source="F -"></Text>
		<Text Left="208" Top="390" Align="Right" Color="0xFFFFFFFF" Source="CPU -"></Text>	
		<Text Left="75" Top="390" Align="Left" Color="0xFF55CCE0" Source="$E_FreeMB$"></Text>
		<Text Left="75" Top="410" Align="Left" Color="0xFF55CCE0" Source="$F_FreeMB$"></Text>
		<Text Left="213" Top="390" Align="Left" Color="0xFF55CCE0" Source="$CPUTempC$"></Text>
		</Text>

		</Main>

	<ColorScheme >
            <AMBIENT_FOGCOLOR>0x00FFFFFF</AMBIENT_FOGCOLOR>
            <AMBIENT_SKYCOLOR>0x0000000F</AMBIENT_SKYCOLOR>
            <AMBIENT_CELLCOLOR>0x0000C000</AMBIENT_CELLCOLOR>
            <CAPTION_TEXTCOLOR>0xFFFF0000</CAPTION_TEXTCOLOR>
            <CAPTION_BACKCOLOR>0x64808080</CAPTION_BACKCOLOR>
            <DIALOG_BORDERCOLOR>0xFF000000</DIALOG_BORDERCOLOR>
            <DIALOG_BACKCOLOR>0x64808080</DIALOG_BACKCOLOR>
            <DIALOG_INNER_BORDERCOLOR>0xC8000000</DIALOG_INNER_BORDERCOLOR>
            <DIALOG_INNER_BACKCOLOR>0x0A808080</DIALOG_INNER_BACKCOLOR>
            <DIALOG_TEXTCOLOR>0xFFFFFFFF</DIALOG_TEXTCOLOR>
            <DIALOG_DISABLEDTEXT>0xFF8A0808</DIALOG_DISABLEDTEXT>
            <OPTION_TEXTCOLOR>0xFFFF0000</OPTION_TEXTCOLOR>
            <OPTION_ACTIVETEXTCOLOR>0xFF8A0808</OPTION_ACTIVETEXTCOLOR>
            <OPTION_ACTIVEBACKCOLOR>0x50808080</OPTION_ACTIVEBACKCOLOR>
            <BUTTON_BORDERCOLOR>0xFFFF0000</BUTTON_BORDERCOLOR>
            <BUTTON_TEXTCOLOR>0xFFFFFFFF</BUTTON_TEXTCOLOR>
            <BUTTON_BACKCOLOR>0x98525252</BUTTON_BACKCOLOR>
            <BUTTON_ACTIVETEXTCOLOR>0xFFFFFFFF</BUTTON_ACTIVETEXTCOLOR>
            <BUTTON_ACTIVEBACKCOLOR>0xFF000000</BUTTON_ACTIVEBACKCOLOR>
            <KB_KEYBG_HIGHLIGHT>0xFFFF0000</KB_KEYBG_HIGHLIGHT>
            <KB_KEYBG_DISABLED>0x78C0C0C0</KB_KEYBG_DISABLED>
            <KB_KEY_PRESSED>0xFFFF0000</KB_KEY_PRESSED>
            <KB_KEY_NORMAL>0xFF000000</KB_KEY_NORMAL>
            <KB_KEY_DISABLED>0x78808080</KB_KEY_DISABLED>
            <KB_KEY_ACTIVEBORDER>0xFF000000</KB_KEY_ACTIVEBORDER>
            <KB_KEY_TEXTCOLOR>0xFF000000</KB_KEY_TEXTCOLOR>
            <KB_KEY_TEXTBACKCOLOR>0xFFFFFFFF</KB_KEY_TEXTBACKCOLOR>
            <KB_KEY_TEXTBORDERCOLOR>0x7863D22D</KB_KEY_TEXTBORDERCOLOR>
		
		<MENU_TEXTCOLOR>0xFFFFFFFF</MENU_TEXTCOLOR>
		<MENU_ACTIVETEXTCOLOR>0xFFFF0000</MENU_ACTIVETEXTCOLOR>
		<MENU_BORDERCOLOR>0xFFEEEEEE</MENU_BORDERCOLOR>
		<MENU_BACKCOLOR></MENU_BACKCOLOR>
		<MENU_ACTIVEBACKCOLOR>0xFF000000</MENU_ACTIVEBACKCOLOR>
		<MENU_ACTIVEBORDERCOLOR>0xFFEEEEEE</MENU_ACTIVEBORDERCOLOR>
	</ColorScheme>
</Skin>