﻿<Skin name="Carmella Decesare (by fInAlTorO)">
    <Information>
        <Author>fInAlTorO</Author>
        <Version>1</Version>
        <Copyright>2004</Copyright>
        <Skinner Name="UX Architect" Version="1.0c" />
    </Information>
    <Filemanager SafeBorder="False">
        <Background>carmella file manager.JPG</Background>
    </Filemanager>
    <LoadingScreen ShowInfo="False">
        <Background>carmella loading.JPG</Background>
    </LoadingScreen>
    <Main Globe="False" Orb="False" Fog="False">
        <Background EnableAudio="False">carmella background.JPG</Background>
        <InfoFont>39Smooth-12.xpr</InfoFont>
        <Text Top="457" Left="163" Width="466" Scroll="2" Color="0xFF000000" Source="Newsfeed" Align="Left" />
        <Text Top="10" Left="16" Width="299" Scroll="0" Color="0xFF000000" Source="$DateTime$" Align="Left" />
        <Text Top="174" Left="13" Width="166" Scroll="1" Color="0xFF000000" Source="$DVDTitle$" Align="Left" />
        <Text Top="367" Left="421" Width="212" Scroll="0" Color="0xFF000000" Source="C_Free" Align="Left" />
        <Text Top="54" Left="486" Width="103" Scroll="1" Color="0xFF0000A0" Source="$SongTime$" Align="Left" />
        <Text Top="35" Left="479" Width="157" Scroll="2" Color="0xFF0000A0" Source="$SongName$" Align="Left" />
        <Text Top="9" Left="464" Width="164" Scroll="2" Color="0xFF800000" Source="Made by fInAlTorO" Align="Left" />
        <Text Top="399" Left="422" Width="211" Scroll="0" Color="0xFF000000" Source="E_Free" Align="Left" />
        <Text Top="433" Left="425" Width="212" Scroll="0" Color="0xFF000000" Source="F_Free" Align="Left" />
        <Image Source="GamePreview" />
        <Menu Scroll="True" Align="Left" ShowIcon="False" ShowArrows="False">
            <Preview EnableAudio="True" Top="287" Left="161" Width="257" Height="164" />
            <Position Top="35" Left="15" Width="230" Height="131" Fixed="False" FixAt="2" MaxItem="4" />
            <Font>39Smooth-14.xpr</Font>
        </Menu>
        <ColorScheme>
            <AMBIENT_FOGCOLOR>0x00FF0000</AMBIENT_FOGCOLOR>
            <AMBIENT_SKYCOLOR>0x00400000</AMBIENT_SKYCOLOR>
            <AMBIENT_CELLCOLOR>0x00FFFFFF</AMBIENT_CELLCOLOR>
            <CAPTION_TEXTCOLOR>0xFFFFFFFF</CAPTION_TEXTCOLOR>
            <CAPTION_BACKCOLOR>0xFF000000</CAPTION_BACKCOLOR>
            <DIALOG_BORDERCOLOR>0xFFFFFFFF</DIALOG_BORDERCOLOR>
            <DIALOG_BACKCOLOR>0x96000000</DIALOG_BACKCOLOR>
            <DIALOG_INNER_BORDERCOLOR>0xFFFFFFFF</DIALOG_INNER_BORDERCOLOR>
            <DIALOG_INNER_BACKCOLOR>0x64804000</DIALOG_INNER_BACKCOLOR>
            <DIALOG_TEXTCOLOR>0xFFFFFFFF</DIALOG_TEXTCOLOR>
            <DIALOG_DISABLEDTEXT>0xFFB3B3B4</DIALOG_DISABLEDTEXT>
            <OPTION_TEXTCOLOR>0xFFFFFFFF</OPTION_TEXTCOLOR>
            <OPTION_ACTIVETEXTCOLOR>0xFFFFFFFF</OPTION_ACTIVETEXTCOLOR>
            <OPTION_ACTIVEBACKCOLOR>0xFF000000</OPTION_ACTIVEBACKCOLOR>
            <BUTTON_BORDERCOLOR>0xFFFFFFFF</BUTTON_BORDERCOLOR>
            <BUTTON_TEXTCOLOR>0xFFFFFFFF</BUTTON_TEXTCOLOR>
            <BUTTON_BACKCOLOR>0xFF400000</BUTTON_BACKCOLOR>
            <BUTTON_ACTIVETEXTCOLOR>0xFFFFFFFF</BUTTON_ACTIVETEXTCOLOR>
            <BUTTON_ACTIVEBACKCOLOR>0xFF800000</BUTTON_ACTIVEBACKCOLOR>
            <KB_KEYBG_HIGHLIGHT>0xFF800000</KB_KEYBG_HIGHLIGHT>
            <KB_KEYBG_DISABLED>0xFFC0C0C0</KB_KEYBG_DISABLED>
            <KB_KEY_PRESSED>0xFF000000</KB_KEY_PRESSED>
            <KB_KEY_NORMAL>0xFF800000</KB_KEY_NORMAL>
            <KB_KEY_DISABLED>0xFFFFFFFF</KB_KEY_DISABLED>
            <KB_KEY_ACTIVEBORDER>0xFF000000</KB_KEY_ACTIVEBORDER>
            <KB_KEY_TEXTCOLOR>0xFF000000</KB_KEY_TEXTCOLOR>
            <KB_KEY_TEXTBACKCOLOR>0xFFFFFFFF</KB_KEY_TEXTBACKCOLOR>
            <KB_KEY_TEXTBORDERCOLOR>0xFFCE0000</KB_KEY_TEXTBORDERCOLOR>
            <MENU_TEXTCOLOR>0xFF000000</MENU_TEXTCOLOR>
            <MENU_ACTIVETEXTCOLOR>0xFFFFAA55</MENU_ACTIVETEXTCOLOR>
            <MENU_BORDERCOLOR>0xFF000000</MENU_BORDERCOLOR>
            <MENU_BACKCOLOR>0x96FFA54A</MENU_BACKCOLOR>
            <MENU_ACTIVEBACKCOLOR>0xFF000000</MENU_ACTIVEBACKCOLOR>
        </ColorScheme>
    </Main>
</Skin>