﻿<Skin name="The King Of Fighters">
    <Information>
        <Author>Marc antoni 29</Author>
        <Version>1</Version>
        <Copyright>2005</Copyright>
        <Skinner Name="UX Architect" Version="1.0c" />
    </Information>
    <Filemanager SafeBorder="False">
        <Background>iorikof0bg.jpg</Background>
    </Filemanager>
    <LoadingScreen ShowInfo="False">
        <Background>angel.jpg</Background>
    </LoadingScreen>
    <Main Globe="False" Orb="False" Fog="False">
        <Background EnableAudio="True">kifmim2_ani.wmv</Background>
        <InfoFont>Trebuchet-14.xpr</InfoFont>
        <Text Top="444" Left="415" Width="199" Scroll="0" Color="0xFF00FF00" Source="Time" Align="Left" />
        <Text Top="419" Left="416" Width="210" Scroll="0" Color="0xFF00FF00" Source="Date" Align="Left" />
        <Text Top="410" Left="11" Width="270" Scroll="2" Color="0xFF0000FF" Source="SongName" Align="Left" />
        <Text Top="441" Left="10" Width="173" Scroll="2" Color="0xFF0000FF" Source="SoundTrack" Align="Left" />
        <Text Top="443" Left="194" Width="212" Scroll="0" Color="0xFF0000FF" Source="SongTime" Align="Right" />
        <Text Top="55" Left="318" Width="285" Scroll="2" Color="0xFFFFFF00" Source="DVDTitle" Align="Left" />
        <Text Top="29" Left="319" Width="232" Scroll="0" Color="0xFFFF0000" Source="Tray" Align="Left" />
        <Text Top="8" Left="322" Width="229" Scroll="0" Color="0xFFFF0000" Source="IP" Align="Left" />
        <Text Top="77" Left="23" Width="200" Scroll="0" Color="0xFFFF0000" Source="SkinVersion" Align="Left" />
        <Text Top="28" Left="43" Width="237" Scroll="2" Color="0xFFFF0000" Source="SkinAuthor" Align="Left" />
        <Image Top="-5" Left="5" Width="312" Height="82" Opacity="100">Shape2.png</Image>
        <Image Top="101" Left="222" Width="206" Height="187" Source="GameIcon" />
        <Image Top="-2" Left="568" Width="75" Height="61" Opacity="100">shadows.png</Image>
        <Image Source="GamePreview" />
        <Menu Align="Left" ShowIcon="True" ShowArrows="False">
            <Preview EnableAudio="True" Top="100" Left="221" Width="342" Height="269" />
            <Position Top="99" Left="9" Width="213" Height="271" Fixed="True" FixAt="2" MaxItem="4" />
            <Font>20thCentury-12.xpr</Font>
        </Menu>
        <ColorScheme>
            <AMBIENT_FOGCOLOR>0xFF0080FF</AMBIENT_FOGCOLOR>
            <AMBIENT_SKYCOLOR>0xFF0000A0</AMBIENT_SKYCOLOR>
            <AMBIENT_CELLCOLOR>0xFFFFFFFF</AMBIENT_CELLCOLOR>
            <CAPTION_TEXTCOLOR>0xFFFFFFFF</CAPTION_TEXTCOLOR>
            <CAPTION_BACKCOLOR>0xFF000000</CAPTION_BACKCOLOR>
            <DIALOG_BORDERCOLOR>0xFFFFFFFF</DIALOG_BORDERCOLOR>
            <DIALOG_BACKCOLOR>0xD10080FF</DIALOG_BACKCOLOR>
            <DIALOG_INNER_BORDERCOLOR>0xFFFFFFFF</DIALOG_INNER_BORDERCOLOR>
            <DIALOG_INNER_BACKCOLOR>0xFF000000</DIALOG_INNER_BACKCOLOR>
            <DIALOG_TEXTCOLOR>0xFFFFFFFF</DIALOG_TEXTCOLOR>
            <DIALOG_DISABLEDTEXT>0xFFB3B3B4</DIALOG_DISABLEDTEXT>
            <OPTION_TEXTCOLOR>0xFFFFFFFF</OPTION_TEXTCOLOR>
            <OPTION_ACTIVETEXTCOLOR>0xFFFFFFFF</OPTION_ACTIVETEXTCOLOR>
            <OPTION_ACTIVEBACKCOLOR>0xFF0080FF</OPTION_ACTIVEBACKCOLOR>
            <BUTTON_BORDERCOLOR>0xFFFFFFFF</BUTTON_BORDERCOLOR>
            <BUTTON_TEXTCOLOR>0xFFFFFFFF</BUTTON_TEXTCOLOR>
            <BUTTON_BACKCOLOR>0xFF0080FF</BUTTON_BACKCOLOR>
            <BUTTON_ACTIVETEXTCOLOR>0xFFFFFFFF</BUTTON_ACTIVETEXTCOLOR>
            <BUTTON_ACTIVEBACKCOLOR>0xFF004080</BUTTON_ACTIVEBACKCOLOR>
            <KB_KEYBG_HIGHLIGHT>0xFF0080FF</KB_KEYBG_HIGHLIGHT>
            <KB_KEYBG_DISABLED>0xFFC0C0C0</KB_KEYBG_DISABLED>
            <KB_KEY_PRESSED>0xFF008000</KB_KEY_PRESSED>
            <KB_KEY_NORMAL>0xFF000000</KB_KEY_NORMAL>
            <KB_KEY_DISABLED>0xFFFFFFFF</KB_KEY_DISABLED>
            <KB_KEY_ACTIVEBORDER>0xFF808080</KB_KEY_ACTIVEBORDER>
            <KB_KEY_TEXTCOLOR>0xFF000000</KB_KEY_TEXTCOLOR>
            <KB_KEY_TEXTBACKCOLOR>0xFFFFFFFF</KB_KEY_TEXTBACKCOLOR>
            <KB_KEY_TEXTBORDERCOLOR>0xFF8080FF</KB_KEY_TEXTBORDERCOLOR>
            <MENU_TEXTCOLOR>0xFFFF8000</MENU_TEXTCOLOR>
            <MENU_ACTIVETEXTCOLOR>0xFFFFFFFF</MENU_ACTIVETEXTCOLOR>
            <MENU_BORDERCOLOR>0xFFFFFFFF</MENU_BORDERCOLOR>
            <MENU_ACTIVEBACKCOLOR>0xFF000000</MENU_ACTIVEBACKCOLOR>
            <MENU_ACTIVEBORDERCOLOR>0xFFFFFFFF</MENU_ACTIVEBORDERCOLOR>
        </ColorScheme>
    </Main>
</Skin>