<Skin name="MAZDA RX8">
<Information>
<Author>Holbiad</Author>
<Copyright>2004</Copyright>
<Version>1</Version>
</Information>
<FileManager>
<BackGround>rx8_01.png</BackGround>
</FileManager>
<LoadingScreen ShowInfo="True">
<BackGround>rx8_02.png</BackGround>
</LoadingScreen>
<Main>
<BackGround>rx8_00.png</BackGround>
<Orb>orb00.png</Orb>
<Text Left="45" Top="30" Align="Left" Color="0xFFFF3333" Source="DateTime"></Text>
<Text Left="45" Top="340" Align="Left" Color="0xFFFF3333" Source="C_FreeMB"></Text>
<Text Left="45" Top="360" Align="Left" Color="0xFFFF3333" Source="E_FreeMB"></Text>
<Text Left="45" Top="380" Align="Left" Color="0xFFFF3333" Source="F_FreeMB"></Text>
<Text Left="605" Top="30" Align="Right" Color="0xFFFF3333" Source="Tray"></Text>
<Text Left="605" Top="60" Align="Right" Color="0xFFFF3333" Source="NickName"></Text>
<Text Left="45" Top="410" Align="Left" Color="0xFFFF3333" Source="CPUTemp"></Text>
<Text Left="45" Top="430" Align="Left" Color="0xFFFF3333" Source="MBTemp"></Text>
<Text Left="605" Top="410" Align="Right" Color="0xFFFF3333" Source="IP"></Text>
<Text Left="605" Top="430" Align="Right" Color="0xFFFF3333" Source="NumClient"></Text>
<Text Left="220" Top="410" Color="0xFFFF3333" Source="SongName"></Text>
<Text Left="170" Top="430" Color="0xFFFF3333" Source="SoundTrack"></Text>
<Text Left="170" Top="410" Color="0xFFFF3333" Source="SongTime"></Text>
</Main>	
</Skin>