<Skin Name="CARMEN-ELECTRA-IA-01">

 <Information>
    <Author>IRVING</Author>
    <Copyright>2005</Copyright>
    <Version>1</Version>
 </Information>

 <FileManager>
  <BackGround>4.jpg</BackGround>
 </FileManager>

    <LoadingScreen ShowInfo="False">
        <Background>gtasa1.jpg</Background>
    </LoadingScreen>

 <Main globe="False" Orb="False">
  <Background EnableAudio="false">l.jpg</background>
    <Menu smooth="False" Align="left" ShowArrows="False" ShowIcon="false" Rotate="False">
        <Position left="10" Top="100" Width="280" Height="110" />
	<Font>10.xpr</Font>
    </Menu>
		<text left="10"top="30" color="0xFF000000" source="D:"/>	
		<text left="30"top="30" color="0xFF000000" source="DVDtitle"/>	
		<text left="400"top="30"  color="0xFF000000" source="Skin author : IRVING"/>
 </Main>
 <ColorScheme>
    <MENU_TEXTCOLOR>0xFF000000</MENU_TEXTCOLOR>
    <MENU_ACTIVETEXTCOLOR>0xFFFFFFFF</MENU_ACTIVETEXTCOLOR>
    <MENU_ACTIVEBACKCOLOR>0xFF000000</MENU_ACTIVEBACKCOLOR>
 </ColorSceme>
</Skin>




































































