<Skin name="WindowsUX">
	<Information>
		<Author>UnleashX</Author>
		<Copyright>Copyright 2003</Copyright>
		<Version>1.0</Version>
	</Information>
	<IntroMovie>C:\xodash\media\live.xmv</IntroMovie>
	<Main Globe="TRUE" Orb="False">
		<BackGround EnableAudio="True">bg.png</BackGround>
		<Menu Smooth="True" ShowArrows="False" ShowIcon="True" Rotate="False">
			<BackColor>0x000000</BackColor>
			<Position Top="156" Left="40" Width="230" Height="240" />
			<Preview EnableAudio="True" Left="284" Top="139" Width="190" Height="130" />
		</Menu>
		<Text Left="35" Top="30"  Color="0xFFFFFFFF" Source="DateTime" ScaleX="75" ScaleY="75" />
		<Text Left="35" Top="60" Color="0xFFFFFFFF" Source="IP" ScaleX="75" ScaleY="75" />
		<Text Left="35" Top="82" Color="0xFFFFFFFF" Source="NumClient" ScaleX="75" ScaleY="75" />
		
		<Text Left="480" Top="202" Width="115" Align="Left" Color="0xFFFFFFFF" ScaleX="60" ScaleY="60" Source="C_FreeMB" />
		<Text Left="480" Top="224" Align="Left" Width="115" Color="0xFFFFFFFF" ScaleX="60" ScaleY="60" Source="E_FreeMB" />
		<Text Left="480" Top="246" Align="Left" Width="115" Color="0xFFFFFFFF" ScaleX="60" ScaleY="60" Source="F_FreeMB" />
		
		<Text Left="605" Top="30" Align="Right" Color="0xFFFFFFFF" Source="DVDTitle" ScaleX="75" ScaleY="75" />
		<Text Left="284" Top="103" Width="190" Align="MiddleLeft" Color="0xFFB4B8CA" Source="SongName" ScaleX="75" ScaleY="75"></Text>
		<Text Left="492" Top="302" Width="104" Align="MiddleRight" Color="0xFFB4B8CA" ScaleX="50" ScaleY="50" Source="Total Time: $SongTime$"></Text>
		
		<Text Left="298" Top="368" Color="0xFFFFFFFF" Source="CPUTemp" ScaleX="75" ScaleY="75" />
		<Text Left="298" Top="390" Color="0xFFFFFFFF" Source="MBTemp" ScaleX="75" ScaleY="75" />
		
		<Text Left="535" Top="440" Width="70" Align="MiddleRight" Color="0xFFFFFFFF" Source="$Time$" ScaleX="65" ScaleY="65" />
		
		<Image Top="106" Left="503" Width="70" Height="70" Source="GameIcon" />
		<Image Source="GamePreview" />
	</Main>
	<FileManager>
		<BackGround>FMBG.png</BackGround>
	</FileManager>
	<LoadingScreen ShowInfo="True">
		<BackGround>C:\xodash\media\live.xmv</BackGround>
	</LoadingScreen>
	
	<ColorScheme >
		<AMBIENT_FOGCOLOR>0xFF000020</AMBIENT_FOGCOLOR>
		<AMBIENT_SKYCOLOR>0xFF004E98</AMBIENT_SKYCOLOR>
		<AMBIENT_CELLCOLOR>0x06F7FAFD</AMBIENT_CELLCOLOR>

		<CAPTION_TEXTCOLOR>0xFFFFFFFF</CAPTION_TEXTCOLOR>
		<CAPTION_BACKCOLOR>0x00000000</CAPTION_BACKCOLOR>
		<DIALOG_BORDERCOLOR>0xFF2B90FF</DIALOG_BORDERCOLOR>
		<DIALOG_BACKCOLOR>0xFF0055EA</DIALOG_BACKCOLOR>
		<DIALOG_INNER_BORDERCOLOR>0xFF0048F1</DIALOG_INNER_BORDERCOLOR>
		<DIALOG_INNER_BACKCOLOR>0xFFFFFFFF</DIALOG_INNER_BACKCOLOR>
		<DIALOG_TEXTCOLOR>0xFF000000</DIALOG_TEXTCOLOR>

		<DIALOG_DISABLEDTEXT>0x7FC0C0C0</DIALOG_DISABLEDTEXT>

		<OPTION_TEXTCOLOR>0xFF000000</OPTION_TEXTCOLOR>
		<OPTION_ACTIVETEXTCOLOR>0xFFFFFFFF</OPTION_ACTIVETEXTCOLOR>
		<OPTION_ACTIVEBACKCOLOR>0xFF0048F1</OPTION_ACTIVEBACKCOLOR>

		<BUTTON_BORDERCOLOR>0xFFFFFFFF</BUTTON_BORDERCOLOR>
		<BUTTON_TEXTCOLOR>0xFFFFFFFF</BUTTON_TEXTCOLOR>
		<BUTTON_BACKCOLOR>0xFF0055EA</BUTTON_BACKCOLOR>
		<BUTTON_ACTIVETEXTCOLOR>0xFF0055EA</BUTTON_ACTIVETEXTCOLOR>
		<BUTTON_ACTIVEBACKCOLOR>0xFFFFFFFF</BUTTON_ACTIVEBACKCOLOR>	
		
		<KB_KEYBG_HIGHLIGHT>0xCC00C000</KB_KEYBG_HIGHLIGHT>
		<KB_KEYBG_DISABLED>0xffc0c0c0</KB_KEYBG_DISABLED>
		<KB_KEY_PRESSED>0xff808080</KB_KEY_PRESSED>
		<KB_KEY_NORMAL>0xff000000</KB_KEY_NORMAL>
		<KB_KEY_DISABLED>0xff808080</KB_KEY_DISABLED>
		<KB_KEY_ACTIVEBORDER>0xff008000</KB_KEY_ACTIVEBORDER>
		<KB_KEY_TEXTCOLOR>0xff000000</KB_KEY_TEXTCOLOR>
		<KB_KEY_TEXTBACKCOLOR>0xffFFFFFF</KB_KEY_TEXTBACKCOLOR>
		<KB_KEY_TEXTBORDERCOLOR>0xff0000FF</KB_KEY_TEXTBORDERCOLOR>
		
		<MENU_TEXTCOLOR>0x990B50B8</MENU_TEXTCOLOR>
		<MENU_ACTIVETEXTCOLOR>0xFFFFFFFF</MENU_ACTIVETEXTCOLOR>
		<MENU_BORDERCOLOR>0x00000000</MENU_BORDERCOLOR>
		<MENU_BACKCOLOR>0x00000000</MENU_BACKCOLOR>
		<MENU_ACTIVEBACKCOLOR>0xFF0048F1</MENU_ACTIVEBACKCOLOR>
		<MENU_ACTIVEBORDERCOLOR>0x00000000</MENU_ACTIVEBORDERCOLOR>
	</ColorScheme>
</Skin>