<Skin name="Blue_Gradius">
	<Information>
		<Author>Sayt</Author>
		<Version>1.3 Alpha</Version>
		<Copyright>2009</Copyright>
	</Information>
	
	<IntroMovie>load.xmv</IntroMovie>
	
	<Main Globe="False" Orb="False">
		<Preview EnableAudio="True" Left="0" Top="0" Width="601" Height="446" />
		<BackGround Opacity="40">background.xmv</BackGround>
		<Menu Smooth="True" ShowIcon="False" ShowArrows="True" Rotate="True" Scroll="True">
		<Font>font.xpr</Font>
		<Position Top="37" Left="15" Width="150" Height="380" Fixed="False" FixAt="5" MaxItem="7">
		</Position>
	<Preview Opacity="100" EnableAudio="True" Left="0" Top="0" Width="601" Height="446" />
		</Menu>

		<!-- Temperature Moniters and Fan Speed -->
	<Text Left="335" Top="340" Align="Left" Color="0xFF000000" Source="HD: $HDTemp$"></Text>
	<Text Left="340" Top="320" Align="Left" Color="0xFF000000" Source="CPU: $CPUTemp$"></Text>
	<Text Left="347" Top="300" Align="Left" Color="0xFF000000" Source="MB: $MBTempF$"></Text>
	<Text Left="352" Top="280" Align="Left" Color="0xFF000000" Source="Fan: $FanSpeed$"></Text>


	<Text Left="90" Top="7" Align="Left" Color="0xFF77CCFF" Source="Tray: $DVDTitle$"></Text>


	<Text Left="625" Top="40" Align="Right" Color="0x9977CCFF" Source="$Time$"></Text>
	<Text Left="625" Top="20" Align="Right" Color="0x9977CCFF" Source="$Date$"></Text>
	
		<!-- Hard Disc\Drive Information -->
	<Text Left="625" Top="300" Align="Right" Color="0xCC77CCFF" Source="HDD"></Text>
	<Text Left="625" Top="325" Align="Right" Color="0xCC77CCFF" Source="E: Drive"></Text>
	<Text Left="625" Top="345" Align="Right" Color="0x7777CCFF" Source="$E_FreeMB$"></Text>
	<Text Left="625" Top="365" Align="Right" Color="0xCC77CCFF" Source="C: Drive"></Text>
	<Text Left="625" Top="385" Align="Right" Color="0x7777CCFF" Source="$C_FreeMB$"></Text>
	<Text Left="625" Top="405" Align="Right" Color="0xCC77CCFF" Source="F: Drive"></Text>
	<Text Left="625" Top="425" Align="Right" Color="0x7777CCFF" Source="$F_FreeMB$"></Text>

	<Text Left="5" Top="290" Align="left" Color="0x7777CCFF" Source="$Version$"></Text>

	<Text Left="317" Top="410" Align="left" Color="0xFF000000" Source="SoundTrack" Scroll="true" Width="165"></Text>
	<Text Left="312" Top="430" Align="left" Color="0xFF000000" Source="Song:  $SongTime$"></Text>
	<Text Left="307" Top="450" Align="left" Color="0xFF000000" Scroll="True" Width="165" Source="$SongName$"></Text>

	<Text Left="3" Top="205" Align="Left" Color="0xFF77CCFF" Scroll="True" Width="175" Source="IP: $IP$"></Text>
	<Text Left="3" Top="225" Align="Left" Color="0x7777CCFF" Source="Connected: $NumClient$"></Text>

	<Text Left="250" Top="3" Align="Left" Color="0xFF77CCFF" Source="Xbox Version: $Version$></Text>


		<Image Source="GameIcon" />	
		<Image Height="75" Width="75" Align="Left" Top="40" Left="170" Source="GameIcon"></Image>


		</Main>	


	<LoadingScreen ShowInfo="true">
		<BackGround>load.xmv</BackGround>
	</LoadingScreen>
	
	<FileManager>
		<Background>background.xmv</Background>
	</FileManager>

	<ColorScheme >
		<AMBIENT_FOGCOLOR>0x00FF00FF</AMBIENT_FOGCOLOR>
		<AMBIENT_SKYCOLOR>0xFFFF00FF</AMBIENT_SKYCOLOR>
		<AMBIENT_CELLCOLOR>0x00FF00FF</AMBIENT_CELLCOLOR>

		<CAPTION_TEXTCOLOR>0xFFFFFFFF</CAPTION_TEXTCOLOR>
		<CAPTION_BACKCOLOR>0x992E438D</CAPTION_BACKCOLOR>

		<DIALOG_BORDERCOLOR>0xFFFFFFFF</DIALOG_BORDERCOLOR>
		<DIALOG_BACKCOLOR>0x99162043</DIALOG_BACKCOLOR>
		<DIALOG_INNER_BORDERCOLOR>0xFFFFFFFF</DIALOG_INNER_BORDERCOLOR>
		<DIALOG_INNER_BACKCOLOR>0x992E438D</DIALOG_INNER_BACKCOLOR>
		<DIALOG_TEXTCOLOR>0xFFFFFFFF</DIALOG_TEXTCOLOR>
		<DIALOG_DISABLEDTEXT>0xFF3388CC</DIALOG_DISABLEDTEXT>

		<OPTION_TEXTCOLOR>0xFFCCCCFF</OPTION_TEXTCOLOR>
		<OPTION_ACTIVETEXTCOLOR>0xFFFFFFFF</OPTION_ACTIVETEXTCOLOR>
		<OPTION_ACTIVEBACKCOLOR>0xFF303070</OPTION_ACTIVEBACKCOLOR>

		<BUTTON_BORDERCOLOR></BUTTON_BORDERCOLOR>
		<BUTTON_TEXTCOLOR>0xffffffff</BUTTON_TEXTCOLOR>
		<BUTTON_BACKCOLOR>0xcc636482</BUTTON_BACKCOLOR>
		<BUTTON_ACTIVETEXTCOLOR>0xFFFFFFFF</BUTTON_ACTIVETEXTCOLOR>
		<BUTTON_ACTIVEBACKCOLOR>0xcc0209CC</BUTTON_ACTIVEBACKCOLOR>	
		
		<KB_KEYBG_HIGHLIGHT>0xCC303050</KB_KEYBG_HIGHLIGHT>
		<KB_KEYBG_DISABLED>0xffc0c0c0</KB_KEYBG_DISABLED>
		<KB_KEY_PRESSED>0xff808080</KB_KEY_PRESSED>
		<KB_KEY_NORMAL>0xff000000</KB_KEY_NORMAL>
		<KB_KEY_DISABLED>0xff808080</KB_KEY_DISABLED>
		<KB_KEY_ACTIVEBORDER>0xff303050</KB_KEY_ACTIVEBORDER>
		<KB_KEY_TEXTCOLOR>0xff000000</KB_KEY_TEXTCOLOR>
		<KB_KEY_TEXTBACKCOLOR>0xffFFFFFF</KB_KEY_TEXTBACKCOLOR>
		<KB_KEY_TEXTBORDERCOLOR>0xff0000FF</KB_KEY_TEXTBORDERCOLOR>
		
		<MENU_TEXTCOLOR>0x99FFFFFF</MENU_TEXTCOLOR>
		<MENU_ACTIVETEXTCOLOR>0xFF66DDFF</MENU_ACTIVETEXTCOLOR>
		<MENU_BORDERCOLOR></MENU_BORDERCOLOR>
		<MENU_BACKCOLOR></MENU_BACKCOLOR>
		<MENU_ACTIVEBACKCOLOR></MENU_ACTIVEBACKCOLOR>
		<MENU_ACTIVEBORDERCOLOR></MENU_ACTIVEBORDERCOLOR>
	</ColorScheme>

</Skin>