﻿<Skin name="The Best">
    <Information>
        <Author>TulipaNegra</Author>
        <Version>1</Version>
        <Copyright>2004</Copyright>
        <Skinner Name="UX Architect" Version="1.0c" />
    </Information>
    <IntroMovie>intro.xmv</IntroMovie>
    <Filemanager SafeBorder="False">
        <Background>Unbenannt - 5.jpg</Background>
    </Filemanager>
    <LoadingScreen ShowInfo="False">
        <Background>loader.png</Background>
    </LoadingScreen>
    <Main Globe="False" Orb="False" Fog="False">
        <Background EnableAudio="False">bg.jpg</Background>
        <InfoFont>Square-10.xpr</InfoFont>
        <Text Top="152" Left="417" Width="173" Scroll="0" Color="0xFF000000" Source="F_FreeMB" Align="Middle" />
        <Text Top="128" Left="417" Width="170" Scroll="0" Color="0xFF000000" Source="E_FreeMB" Align="Middle" />
        <Text Top="322" Left="415" Width="174" Scroll="0" Color="0xFF000000" Source="IP" Align="Left" />
        <Text Top="69" Left="416" Width="174" Scroll="0" Color="0xFF000000" Source="DVDType" Align="Middle" />
        <Text Top="188" Left="417" Width="171" Scroll="0" Color="0xFF000000" Source="Time" Align="Middle" />
        <Text Top="207" Left="414" Width="176" Scroll="0" Color="0xFF000000" Source="Date" Align="Middle" />
        <Text Top="242" Left="417" Width="174" Scroll="0" Color="0xFF000000" Source="CPUTempC" Align="Middle" />
        <Text Top="259" Left="419" Width="172" Scroll="0" Color="0xFF000000" Source="MBTempC" Align="Middle" />
        <Text Top="449" Left="408" Width="200" Scroll="0" Color="0xFFFFFF00" Source="SkinAuthor" Align="Middle" />
        <Text Top="218" Left="55" Width="282" Scroll="0" Color="0xFF000000" Source="SongName" Align="Middle" />
        <Image Top="38" Left="268" Width="86" Height="88" Source="GameIcon" />
        <Image Source="GamePreview" />
        <Menu Align="Middle" ShowIcon="False" ShowArrows="False">
            <Preview EnableAudio="False" Top="45" Left="54" Width="152" Height="114" />
            <Position Top="298" Left="66" Width="256" Height="111" Fixed="True" FixAt="2" MaxItem="4" />
            <Font>BookAntiqua-12.xpr</Font>
        </Menu>
        <ColorScheme>
            <AMBIENT_FOGCOLOR>0xFF8080FF</AMBIENT_FOGCOLOR>
            <AMBIENT_SKYCOLOR>0xFF00000F</AMBIENT_SKYCOLOR>
            <AMBIENT_CELLCOLOR>0xFF0080FF</AMBIENT_CELLCOLOR>
            <CAPTION_TEXTCOLOR>0xFFFFFFFF</CAPTION_TEXTCOLOR>
            <CAPTION_BACKCOLOR>0xFF0080FF</CAPTION_BACKCOLOR>
            <DIALOG_BORDERCOLOR>0xFF0080FF</DIALOG_BORDERCOLOR>
            <DIALOG_BACKCOLOR>0x9F000000</DIALOG_BACKCOLOR>
            <DIALOG_INNER_BORDERCOLOR>0xFF0080FF</DIALOG_INNER_BORDERCOLOR>
            <DIALOG_INNER_BACKCOLOR>0xFF000000</DIALOG_INNER_BACKCOLOR>
            <DIALOG_TEXTCOLOR>0xFFFFFFFF</DIALOG_TEXTCOLOR>
            <DIALOG_DISABLEDTEXT>0xFFB3B3B4</DIALOG_DISABLEDTEXT>
            <OPTION_TEXTCOLOR>0xFFFFFFFF</OPTION_TEXTCOLOR>
            <OPTION_ACTIVETEXTCOLOR>0xFFFFFFFF</OPTION_ACTIVETEXTCOLOR>
            <OPTION_ACTIVEBACKCOLOR>0xFF0080FF</OPTION_ACTIVEBACKCOLOR>
            <BUTTON_BORDERCOLOR>0xFFFFFFFF</BUTTON_BORDERCOLOR>
            <BUTTON_TEXTCOLOR>0xFFFFFFFF</BUTTON_TEXTCOLOR>
            <BUTTON_BACKCOLOR>0x980000A0</BUTTON_BACKCOLOR>
            <BUTTON_ACTIVETEXTCOLOR>0xFFFFFFFF</BUTTON_ACTIVETEXTCOLOR>
            <BUTTON_ACTIVEBACKCOLOR>0xFF0080FF</BUTTON_ACTIVEBACKCOLOR>
            <KB_KEYBG_HIGHLIGHT>0xFF0080FF</KB_KEYBG_HIGHLIGHT>
            <KB_KEYBG_DISABLED>0xFFC0C0C0</KB_KEYBG_DISABLED>
            <KB_KEY_PRESSED>0xFF008000</KB_KEY_PRESSED>
            <KB_KEY_NORMAL>0xFF000000</KB_KEY_NORMAL>
            <KB_KEY_DISABLED>0xFFFFFFFF</KB_KEY_DISABLED>
            <KB_KEY_ACTIVEBORDER>0xFF808080</KB_KEY_ACTIVEBORDER>
            <KB_KEY_TEXTCOLOR>0xFF000000</KB_KEY_TEXTCOLOR>
            <KB_KEY_TEXTBACKCOLOR>0xFFFFFFFF</KB_KEY_TEXTBACKCOLOR>
            <KB_KEY_TEXTBORDERCOLOR>0xFFFFFF00</KB_KEY_TEXTBORDERCOLOR>
            <MENU_TEXTCOLOR>0xFFFFFFFF</MENU_TEXTCOLOR>
            <MENU_ACTIVETEXTCOLOR>0xFFFFFFFF</MENU_ACTIVETEXTCOLOR>
            <MENU_BORDERCOLOR>0xFF0080FF</MENU_BORDERCOLOR>
            <MENU_BACKCOLOR>0xFF000000</MENU_BACKCOLOR>
            <MENU_ACTIVEBACKCOLOR>0xFF0080FF</MENU_ACTIVEBACKCOLOR>
            <MENU_ACTIVEBORDERCOLOR>0xFFFFFFFF</MENU_ACTIVEBORDERCOLOR>
        </ColorScheme>
    </Main>
</Skin>