<Skin name="Emulated">
	<Information>
		<Author>dunny</Author>
		<Copyright>Copyright 2003</Copyright>
		<Version>1</Version>
	</Information>
		<LoadingScreen ShowInfo="False">
			<BackGround>load.jpg</BackGround>
		</LoadingScreen>

	<Main Globe="False" Orb="False">
	<BackGround>bg.png</BackGround>

	<GameIcon Enable="True">
		<Position Top="197" Left="400" Width="174" Height="158" />
	</GameIcon>
		
	<Menu Smooth="false" Align="left" Rotate="true" ShowArrows="false" ShowIcon="true">
	  <Position Top="139" Left="70" Width="254" Height="270" Fixed="False"></Position>
	  <Font>trebucbd.xpr</Font>
	</Menu>
		
	<InfoFont>trebucbd.xpr</InfoFont>
 	<Text Left="80" Top="96" width="485" align="middle" Source="unleashx dashboard / network status $IP$ / $Time$ / "></Text>
</Main>

	<ColorScheme >
		<MENU_TEXTCOLOR>0xFFFFFFFF</MENU_TEXTCOLOR>
		<MENU_ACTIVETEXTCOLOR>0xFF54CBDF</MENU_ACTIVETEXTCOLOR>
		<MENU_BORDERCOLOR></MENU_BORDERCOLOR>
		<MENU_BACKCOLOR></MENU_BACKCOLOR>
		<MENU_ACTIVEBACKCOLOR>0xFF1379B7</MENU_ACTIVEBACKCOLOR>
		<MENU_ACTIVEBORDERCOLOR></MENU_ACTIVEBORDERCOLOR>
	</ColorScheme>
</Skin>