<Skin name="slipknot-ux">
	<Information>
		<Author>Darkfall</Author>
		<Copyright>2004</Copyright>
		<Version>1.0</Version>
	</Information>
	<IntroMovie EnableAudio="Yes"></IntroMovie>
	<LoadingScreen ShowInfo="No">
		<BackGround EnableAudio="No">slipknot_load.jpg</BackGround>
	</LoadingScreen>
	<Main Globe="No" Orb="No" Fog="No">
		<Cellwall></Cellwall>
		<BackGround EnableAudio="No">slipknot_main.jpg</BackGround>
		<Image Top="15" Left="15" Width="140" Height="105" Source="GameIcon"/>
		<Image Source="GamePreview"/>
		<Menu Smooth="Yes" Align="Middle" ShowIcon="No" Rotate="No" ShowArrows="No" Scroll="1">
			<Font></Font>
			<Position Top="160" Left="35" Width="570" Height="90" Fixed="Yes" FixAt="2" MaxItem="3"></Position>
			<Preview EnableAudio="No" Top="15" Left="485" width="140" Height="105"/>
		</Menu>
		<InfoFont></InfoFont>
		<Text Left="320" Top="15" Width="" Align="Middle" Color="0xFFFFFFFF" Source="$DateTime$"></Text>
		<Text Left="15" Top="250" Width="" Align="Left" Color="0xFFFFFFFF" Source="DVD: $DVDTitle$"></Text>
		<Text Left="15" Top="270" Width="" Align="Left" Color="0xFFFFFFFF" Source="C: $C_FreeMB$"></Text>
		<Text Left="15" Top="290" Width="" Align="Left" Color="0xFFFFFFFF" Source="E: $E_FreeMB$"></Text>
		<Text Left="15" Top="310" Width="" Align="Left" Color="0xFFFFFFFF" Source="F: $F_FreeMB$"></Text>
		<Text Left="625" Top="250" Width="" Align="Right" Color="0xFFFFFFFF" Source="IP: $IP$"></Text>
		<Text Left="625" Top="270" Width="" Align="Right" Color="0xFFFFFFFF" Source="MoBo: $MBTemp$"></Text>
		<Text Left="625" Top="290" Width="" Align="Right" Color="0xFFFFFFFF" Source="CPU: $CPUTemp$"></Text>
		<Text Left="625" Top="310" Width="" Align="Right" Color="0xFFFFFFFF" Source="Video Mode: $VideoMode$"></Text>
		<Text Left="15" Top="425" Width="" Align="Left" Color="0xFFFFFFFF" Source="$SoundTrack$"></Text>
		<Text Left="15" Top="445" Width="" Align="Left" Color="0xFFFFFFFF" Source="$SongName$"></Text>
		<Text Left="625" Top="445" Width="" Align="Right" Color="0xFFFFFFFF" Source="Song Time: $SongTime$"></Text>
	</Main>
	<ColorScheme Name="Default">
		<AMBIENT_FOGCOLOR>0xFF000000</AMBIENT_FOGCOLOR>
		<AMBIENT_SKYCOLOR>0xFF000000</AMBIENT_SKYCOLOR>
		<AMBIENT_CELLCOLOR>0xFF000000</AMBIENT_CELLCOLOR>
		<CAPTION_TEXTCOLOR>0xFFFFFFFF</CAPTION_TEXTCOLOR>
		<CAPTION_BACKCOLOR>0xFF000000</CAPTION_BACKCOLOR>
		<DIALOG_BORDERCOLOR>0xFFFF8000</DIALOG_BORDERCOLOR>
		<DIALOG_BACKCOLOR>0xFF640000</DIALOG_BACKCOLOR>
		<DIALOG_INNER_BORDERCOLOR>0xFFFF8000</DIALOG_INNER_BORDERCOLOR>
		<DIALOG_INNER_BACKCOLOR>0xFF400000</DIALOG_INNER_BACKCOLOR>
		<DIALOG_TEXTCOLOR>0xFFFFFFFF</DIALOG_TEXTCOLOR>
		<DIALOG_DISABLEDTEXT>0xFF000000</DIALOG_DISABLEDTEXT>
		<OPTION_TEXTCOLOR>0xFFFFFFFF</OPTION_TEXTCOLOR>
		<OPTION_ACTIVETEXTCOLOR>0xFFE3DE15</OPTION_ACTIVETEXTCOLOR>
		<OPTION_ACTIVEBACKCOLOR>0xFF000000</OPTION_ACTIVEBACKCOLOR>
		<BUTTON_BORDERCOLOR>0xFFFF8000</BUTTON_BORDERCOLOR>
		<BUTTON_TEXTCOLOR>0xFFFFFFFF</BUTTON_TEXTCOLOR>
		<BUTTON_BACKCOLOR>0xFF000000</BUTTON_BACKCOLOR>
		<BUTTON_ACTIVETEXTCOLOR>0xFF00FF00</BUTTON_ACTIVETEXTCOLOR>
		<BUTTON_ACTIVEBACKCOLOR>0xFF000000</BUTTON_ACTIVEBACKCOLOR>
		<KB_KEYBG_HIGHLIGHT>0xFF0080FF</KB_KEYBG_HIGHLIGHT>
		<KB_KEYBG_DISABLED>0xFF000000</KB_KEYBG_DISABLED>
		<KB_KEY_PRESSED>0xFFE17100</KB_KEY_PRESSED>
		<KB_KEY_NORMAL>0xFF000000</KB_KEY_NORMAL>
		<KB_KEY_DISABLED>0xFF000000</KB_KEY_DISABLED>
		<KB_KEY_ACTIVEBORDER>0xFFFF8000</KB_KEY_ACTIVEBORDER>
		<KB_KEY_TEXTCOLOR>0xFF000000</KB_KEY_TEXTCOLOR>
		<KB_KEY_TEXTBACKCOLOR>0xFFFFFFFF</KB_KEY_TEXTBACKCOLOR>
		<KB_KEY_TEXTBORDERCOLOR>0xFFFF8000</KB_KEY_TEXTBORDERCOLOR>
		<MENU_TEXTCOLOR>0xFFC0C0C0</MENU_TEXTCOLOR>
		<MENU_ACTIVETEXTCOLOR>0xFFFF8000</MENU_ACTIVETEXTCOLOR>
		<MENU_BORDERCOLOR>0x00000000</MENU_BORDERCOLOR>
		<MENU_BACKCOLOR>0x00000000</MENU_BACKCOLOR>
		<MENU_ACTIVEBACKCOLOR>0x00000000</MENU_ACTIVEBACKCOLOR>
		<MENU_ACTIVEBORDERCOLOR>0x00000000</MENU_ACTIVEBORDERCOLOR>
	</ColorScheme>
</Skin>
<!-- -->
<!-- -->
<!-- -->
<!-- -->
<!-- -->
<!-- -->
