﻿<Skin name="UnleashX Instincts 1.0">
    <Information>
        <Author>§Tattoo§</Author>
        <Version>1</Version>
        <Copyright>2005</Copyright>
        <Skinner Name="UX Architect" Version="1.0c" />
    </Information>
    <IntroMovie>Intro.wmv</IntroMovie>
    <Filemanager SafeBorder="False">
        <Background>Background.jpg</Background>
    </Filemanager>
    <LoadingScreen ShowInfo="False">
        <Background>Loading.wmv</Background>
    </LoadingScreen>
    <Main Globe="False" Orb="False" Fog="False">
        <Background EnableAudio="False">Back.wmv</Background>
        <InfoFont>Square-10.xpr</InfoFont>
        <Text Top="448" Left="23" Width="200" Scroll="0" Color="0xFFFF8000" Source="E_Free" Align="Left" />
        <Text Top="432" Left="23" Width="200" Scroll="0" Color="0xFFFF8000" Source="MBTempC" Align="Left" />
        <Text Top="418" Left="23" Width="200" Scroll="0" Color="0xFFFF8000" Source="CPUTempC" Align="Left" />
        <Text Top="404" Left="23" Width="200" Scroll="0" Color="0xFFFF8000" Source="IP" Align="Left" />
        <Text Top="230" Left="18" Width="175" Scroll="0" Color="0xFFFF8000" Source="NickName" Align="Middle" />
        <Text Top="244" Left="9" Width="195" Scroll="0" Color="0xFFFF8000" Source="DateTime" Align="Middle" />
        <Text Top="268" Left="5" Width="195" Scroll="0" Color="0xFFFF8000" Source="SongName" Align="Middle" />
        <Text Top="282" Left="5" Width="195" Scroll="0" Color="0xFFFF8000" Source="SongTime" Align="Middle" />
        <Text Top="407" Left="437" Width="175" Scroll="0" Color="0xFFFF8000" Source="Tray" Align="Left" />
        <Image Top="286" Left="514" Width="91" Height="86" Source="GameIcon" />
        <Image Top="480" Left="0" Width="640" Height="0" Opacity="100">UnleashX_Instincts.png</Image>
        <Image Top="0" Left="0" Width="640" Height="480" Opacity="100">UnleashX_Instincts.png</Image>
        <Menu Align="Middle" ShowIcon="False" ShowArrows="False">
            <Position Top="111" Left="3" Width="199" Height="109" Fixed="True" FixAt="2" MaxItem="4" />
            <Font>Square-12.xpr</Font>
        </Menu>
        <ColorScheme>
            <AMBIENT_FOGCOLOR>0x008080FF</AMBIENT_FOGCOLOR>
            <AMBIENT_SKYCOLOR>0x00000000</AMBIENT_SKYCOLOR>
            <AMBIENT_CELLCOLOR>0x000080FF</AMBIENT_CELLCOLOR>
            <CAPTION_TEXTCOLOR>0xC8FFFFFF</CAPTION_TEXTCOLOR>
            <CAPTION_BACKCOLOR>0xFF804000</CAPTION_BACKCOLOR>
            <DIALOG_BORDERCOLOR>0xFFFF8000</DIALOG_BORDERCOLOR>
            <DIALOG_BACKCOLOR>0x4B804000</DIALOG_BACKCOLOR>
            <DIALOG_INNER_BORDERCOLOR>0xFFFF8000</DIALOG_INNER_BORDERCOLOR>
            <DIALOG_INNER_BACKCOLOR>0xC8804000</DIALOG_INNER_BACKCOLOR>
            <DIALOG_TEXTCOLOR>0xFFFFFFFF</DIALOG_TEXTCOLOR>
            <DIALOG_DISABLEDTEXT>0xFFB3B3B4</DIALOG_DISABLEDTEXT>
            <OPTION_TEXTCOLOR>0xFFFFFFFF</OPTION_TEXTCOLOR>
            <OPTION_ACTIVETEXTCOLOR>0xFFFFFFFF</OPTION_ACTIVETEXTCOLOR>
            <OPTION_ACTIVEBACKCOLOR>0xFFFF8000</OPTION_ACTIVEBACKCOLOR>
            <BUTTON_BORDERCOLOR>0xFFFF8000</BUTTON_BORDERCOLOR>
            <BUTTON_TEXTCOLOR>0xFFFFFFFF</BUTTON_TEXTCOLOR>
            <BUTTON_BACKCOLOR>0x4F000000</BUTTON_BACKCOLOR>
            <BUTTON_ACTIVETEXTCOLOR>0xFFFFFFFF</BUTTON_ACTIVETEXTCOLOR>
            <BUTTON_ACTIVEBACKCOLOR>0x8EFF8000</BUTTON_ACTIVEBACKCOLOR>
            <KB_KEYBG_HIGHLIGHT>0xFFFF8000</KB_KEYBG_HIGHLIGHT>
            <KB_KEYBG_DISABLED>0xFFC0C0C0</KB_KEYBG_DISABLED>
            <KB_KEY_PRESSED>0xFFFF8000</KB_KEY_PRESSED>
            <KB_KEY_NORMAL>0xFF804000</KB_KEY_NORMAL>
            <KB_KEY_DISABLED>0xFFFFFFFF</KB_KEY_DISABLED>
            <KB_KEY_ACTIVEBORDER>0xFFFFFFFF</KB_KEY_ACTIVEBORDER>
            <KB_KEY_TEXTCOLOR>0xFF804000</KB_KEY_TEXTCOLOR>
            <KB_KEY_TEXTBACKCOLOR>0xFFFFFFFF</KB_KEY_TEXTBACKCOLOR>
            <KB_KEY_TEXTBORDERCOLOR>0xFFFF8000</KB_KEY_TEXTBORDERCOLOR>
            <MENU_TEXTCOLOR>0xC8FFFFFF</MENU_TEXTCOLOR>
            <MENU_ACTIVETEXTCOLOR>0xC8FFFFFF</MENU_ACTIVETEXTCOLOR>
            <MENU_ACTIVEBACKCOLOR>0xFF804000</MENU_ACTIVEBACKCOLOR>
            <MENU_ACTIVEBORDERCOLOR>0xFF804000</MENU_ACTIVEBORDERCOLOR>
        </ColorScheme>
    </Main>
</Skin>