<Skin name="Recup Final">
         <Information>
                  <Author>CramX</Author>
                  <Copyright>2004</Copyright>
                  <Version>1.0 recup with UnleashX</Version>
         </Information>
         <IntroMovie></IntroMovie>
         
         <FileManager>
                  <BackGround>file.png</BackGround>
         </FileManager>
         <LoadingScreen ShowInfo="True">
                  <BackGround>loading.jpg</BackGround>
         </LoadingScreen>
         <Main Globe="True" Orb="False" Fog="True">
                  <BackGround EnableAudio="False"></BackGround>
                  <Cellwall>cell.png</Cellwall>
                  <Orb></Orb>
                  <Icon></Icon>
                  <Menu  Scroll="1" Smooth="True" Align="Middle" ShowIcon="False" Rotate="False" ShowArrows="False">
                           <Position Top="150" Left="103" Width="200" Height="145" Fixed="False" FixAt="3" MaxItem="6"></Position>
                  <Font>Halo_22.xpr</Font>
                           <Preview EnableAudio="False" Top="157" Left="385" Width="148" Height="105" />
                  </Menu>
                  <InfoFont>Font_12.xpr</InfoFont>
                  <Text Top="301" Left="90" Align="Left" Color="0xFF73AA00" Source="Ip"></Text>
                  <Text Top="110" Left="107" Align="Left" Color="0xFF73AA00" Source="F_freeMb"></Text>
                  <Text Top="410" Left="145" Align="Left" Color="0xFF73AA00" Source="SoundTrack" Width="130" Scroll="2"></Text>

                  <Image Top="320" Left="245" Width="200" Height="180" Opacity="87">orb2.png</Image>
                  <Image Top="360" Left="315" Width="40" Height="40" Opacity="40">orb.png</Image>
                  <Image Top="320" Left="315" Width="45" Height="45" Opacity="45">orb.png</Image>
                  <Image Top="280" Left="325" Width="50" Height="50" Opacity="50">orb.png</Image>
                  <Image Top="240" Left="340" Width="55" Height="55" Opacity="55">orb.png</Image>
                  <Image Top="205" Left="360" Width="60" Height="60" Opacity="60">orb.png</Image>
                  <Image Top="165" Left="390" Width="68" Height="68" Opacity="65">orb.png</Image>
                  <Image Top="130" Left="420" Width="75" Height="75" Opacity="70">orb.png</Image>
                  <Image Top="100" Left="465" Width="80" Height="80" Opacity="75">orb.png</Image>
                  <Image Width="640" Height="480">bg.png</Image> 
                  <Image Top="157" Left="387" Width="148" Height="105" Opacity="80" Source="GameIcon"></Image>
                  <Image Source="GamePreview"/> 
                  <Image Top="152" Left="95" Width="215" Height="130" Opacity="20" Source="GameIcon"></Image>
                  <Image Top="80" Left="525" Width="100" Height="100" Opacity="80">orb.png</Image>
                  <Image Top="140" Left="380" Width="225" Height="150" Opacity="40">tv.png</Image>
                  <Image Top="407" Left="138" Width="150" Height="22" Opacity="30">barre.png</Image>
                  <Image Top="140" Left="550" Width="140" Height="140" Opacity="85">orb.png</Image>
                  <Image Top="250" Left="480" Width="200" Height="200" Opacity="95">orb.png</Image>
                  <Image Top="302" Left="278" Width="55" Height="35" Opacity="100" >loading.jpg</Image>
                  <Image Top="301" Left="277" Width="57" Height="37" Opacity="35">barre.png</Image>
                  <Image Top="305" Left="533" Width="85" Height="75" Opacity="40">cell.png</Image>


                  </Main>
         <ColorScheme >
               
			<AMBIENT_FOGCOLOR>0xFF031500</AMBIENT_FOGCOLOR>
			<AMBIENT_SKYCOLOR>0xFF000000</AMBIENT_SKYCOLOR>
			<AMBIENT_CELLCOLOR>0xFFFFFFFF</AMBIENT_CELLCOLOR>
		      <CAPTION_TEXTCOLOR>0xFFFFFF00</CAPTION_TEXTCOLOR>
		      <CAPTION_BACKCOLOR>0xFF28590F</CAPTION_BACKCOLOR>
		      <DIALOG_BORDERCOLOR>0xFFFFFFFF</DIALOG_BORDERCOLOR>
		      <DIALOG_BACKCOLOR>0xCD93AF00</DIALOG_BACKCOLOR>
		      <DIALOG_INNER_BORDERCOLOR>0xFFFFE2B4</DIALOG_INNER_BORDERCOLOR>
		      <DIALOG_INNER_BACKCOLOR>0xE1072700</DIALOG_INNER_BACKCOLOR>
		      <DIALOG_TEXTCOLOR>0xFFFFFFFF</DIALOG_TEXTCOLOR>
		      <DIALOG_DISABLEDTEXT>0x7F195408</DIALOG_DISABLEDTEXT>
		      <OPTION_TEXTCOLOR>0xFFFFFFFF</OPTION_TEXTCOLOR>
		      <OPTION_ACTIVETEXTCOLOR>0xFF072700</OPTION_ACTIVETEXTCOLOR>
		      <OPTION_ACTIVEBACKCOLOR>0xFF8EA700</OPTION_ACTIVEBACKCOLOR>
		      <BUTTON_BORDERCOLOR>0xFF008000</BUTTON_BORDERCOLOR>
		      <BUTTON_TEXTCOLOR>0xFF77AB39</BUTTON_TEXTCOLOR>
		      <BUTTON_BACKCOLOR>0xCD93AF00</BUTTON_BACKCOLOR>
		      <BUTTON_ACTIVETEXTCOLOR>0xFFFFFFFF</BUTTON_ACTIVETEXTCOLOR>
		      <BUTTON_ACTIVEBACKCOLOR>0xE1072700</BUTTON_ACTIVEBACKCOLOR>
		      <KB_KEYBG_HIGHLIGHT>0xCC00C000</KB_KEYBG_HIGHLIGHT>
		      <KB_KEYBG_DISABLED>0xffc0c0c0</KB_KEYBG_DISABLED>
		      <KB_KEY_PRESSED>0xff808080</KB_KEY_PRESSED>
		      <KB_KEY_NORMAL>0xff000000</KB_KEY_NORMAL>
		      <KB_KEY_DISABLED>0xff808080</KB_KEY_DISABLED>
		      <KB_KEY_ACTIVEBORDER>0xffFF0000</KB_KEY_ACTIVEBORDER>
		      <KB_KEY_TEXTCOLOR>0xff000000</KB_KEY_TEXTCOLOR>
		      <KB_KEY_TEXTBACKCOLOR>0xffFFFFFF</KB_KEY_TEXTBACKCOLOR>
		      <KB_KEY_TEXTBORDERCOLOR>0xffFF0000</KB_KEY_TEXTBORDERCOLOR>
			<MENU_TEXTCOLOR>0xFF73AA00</MENU_TEXTCOLOR>
			<MENU_ACTIVETEXTCOLOR>0xFFFFFFFF</MENU_ACTIVETEXTCOLOR>
			<MENU_BORDERCOLOR>0x00000000</MENU_BORDERCOLOR>
			<MENU_BACKCOLOR>0x00000000</MENU_BACKCOLOR>
			<MENU_ACTIVEBACKCOLOR>0x00000000</MENU_ACTIVEBACKCOLOR>
			<MENU_ACTIVEBORDERCOLOR>0x00000000</MENU_ACTIVEBORDERCO
         </ColorScheme>
</Skin>



.




































































































































































































































































































































































































































