﻿<Skin name="WINDOWS 64 BIT IAGM">
    <Information>
        <Author>IAGM CORP.</Author>
        <Version>5</Version>
        <Copyright>2006</Copyright>
        <Skinner Name="UX Architect" Version="1.0c" />
    </Information>
    <LoadingScreen ShowInfo="True">
        <Background>ps2 lustro.jpg</Background>
    </LoadingScreen>
    <Main Globe="False" Orb="False" Fog="False">
        <Background EnableAudio="False">WINDOWS  64 BIT.jpg</Background>
        <InfoFont>Trebuchet-12.xpr</InfoFont>
        <Text Top="398" Left="473" Width="200" Scroll="0" Color="0xFFFFFFFF" Source="Time" Align="Left" />
        <Text Top="345" Left="3" Width="221" Scroll="0" Color="0xFF000000" Source="IP" Align="Left" />
        <Text Top="305" Left="2" Width="223" Scroll="1" Color="0xFF0000FF" Source="DVDType" Align="Left" />
        <Text Top="281" Left="3" Width="205" Scroll="0" Color="0xFF0000FF" Source="Tray" Align="Left" />
        <Text Top="261" Left="3" Width="240" Scroll="1" Color="0xFF000000" Source="DVDTitle" Align="Left" />
        <Text Top="227" Left="1" Width="240" Scroll="1" Color="0xFF000000" Source="Newsfeed" Align="Left" />
        <Text Top="197" Left="5" Width="238" Scroll="0" Color="0xFF000000" Source="SongTime" Align="Left" />
        <Text Top="128" Left="4" Width="200" Scroll="1" Color="0xFF000000" Source="NumClient" Align="Left" />
        <Text Top="151" Left="4" Width="227" Scroll="1" Color="0xFF000000" Source="SongName" Align="Left" />
        <Text Top="175" Left="3" Width="237" Scroll="1" Color="0xFF000000" Source="SoundTrack" Align="Left" />
        <Text Top="105" Left="3" Width="210" Scroll="0" Color="0xFF000000" Source="LaunchMode" Align="Left" />
        <Text Top="394" Left="2" Width="211" Scroll="1" Color="0xFFFF0000" Source=" IAGM CORPORATION  SKINS AND SOFt-HARDMODS FOR ALL THE  WORLD----- MEXICO CITY" Align="Left" />
        <Text Top="86" Left="3" Width="234" Scroll="0" Color="0xFF000000" Source="NickName" Align="Left" />
        <Text Top="64" Left="3" Width="238" Scroll="0" Color="0xFF000000" Source="F_FreeMB" Align="Left" />
        <Text Top="368" Left="3" Width="195" Scroll="0" Color="0xFF000000" Source="FanSpeed" Align="Left" />
        <Text Top="19" Left="4" Width="200" Scroll="0" Color="0xFF000000" Source="C_FreeMB" Align="Left" />
        <Text Top="42" Left="4" Width="200" Scroll="0" Color="0xFF000000" Source="E_FreeMB" Align="Left" />
        <Text Top="426" Left="7" Width="200" Scroll="0" Color="0xFF008000" Source="CPUTemp" Align="Left" />
        <Text Top="452" Left="10" Width="200" Scroll="0" Color="0xFF008000" Source="MBTemp" Align="Left" />
        <Text Top="425" Left="468" Width="163" Scroll="0" Color="0xFFFFFFFF" Source="Date" Align="Left" />
        <Text Top="-3" Left="2" Width="232" Scroll="1" Color="0xFF000000" Source="AppVersion" Align="Left" />
        <Image Top="-1" Left="242" Width="391" Height="264" Source="GameIcon" />
        <Image Source="GamePreview" />
        <Menu Scroll="True" Smooth="True" Align="Middle" ShowIcon="True" ShowArrows="False">
            <Preview EnableAudio="False" Top="-8" Left="246" Width="393" Height="275" />
            <ItemPos Top="286" Left="214" Width="248"></ItemPos>
            <ItemPos Top="322" Left="222" Width="248"></ItemPos>
            <ItemPos Top="354" Left="238" Width="248"></ItemPos>
            <ItemPos Top="391" Left="228" Width="236"></ItemPos>
            <ItemPos Top="423" Left="214" Width="254"></ItemPos>
            <Font>Lucida-12.xpr</Font>
        </Menu>
        <ColorScheme>
            <AMBIENT_FOGCOLOR>0x7880FF00</AMBIENT_FOGCOLOR>
            <AMBIENT_SKYCOLOR>0xFF00000F</AMBIENT_SKYCOLOR>
            <AMBIENT_CELLCOLOR>0x7800C000</AMBIENT_CELLCOLOR>
            <CAPTION_TEXTCOLOR>0xFFFFFFFF</CAPTION_TEXTCOLOR>
            <CAPTION_BACKCOLOR>0xFF4274FF</CAPTION_BACKCOLOR>
            <DIALOG_BORDERCOLOR>0xFFFFFFFF</DIALOG_BORDERCOLOR>
            <DIALOG_BACKCOLOR>0xFF0000A0</DIALOG_BACKCOLOR>
            <DIALOG_INNER_BORDERCOLOR>0xFFFF0000</DIALOG_INNER_BORDERCOLOR>
            <DIALOG_INNER_BACKCOLOR>0xFF000000</DIALOG_INNER_BACKCOLOR>
            <DIALOG_TEXTCOLOR>0xFFFFFFFF</DIALOG_TEXTCOLOR>
            <DIALOG_DISABLEDTEXT>0xFFB3B3B4</DIALOG_DISABLEDTEXT>
            <OPTION_TEXTCOLOR>0xFFFFFFFF</OPTION_TEXTCOLOR>
            <OPTION_ACTIVETEXTCOLOR>0xFF00FF00</OPTION_ACTIVETEXTCOLOR>
            <OPTION_ACTIVEBACKCOLOR>0xFF408080</OPTION_ACTIVEBACKCOLOR>
            <BUTTON_BORDERCOLOR>0xFFFF0000</BUTTON_BORDERCOLOR>
            <BUTTON_TEXTCOLOR>0xFFFFFFFF</BUTTON_TEXTCOLOR>
            <BUTTON_BACKCOLOR>0xFF273CF3</BUTTON_BACKCOLOR>
            <BUTTON_ACTIVETEXTCOLOR>0xFFFFFFFF</BUTTON_ACTIVETEXTCOLOR>
            <BUTTON_ACTIVEBACKCOLOR>0xFF003399</BUTTON_ACTIVEBACKCOLOR>
            <KB_KEYBG_HIGHLIGHT>0xFF0000FF</KB_KEYBG_HIGHLIGHT>
            <KB_KEYBG_DISABLED>0x78C0C0C0</KB_KEYBG_DISABLED>
            <KB_KEY_PRESSED>0xFF008000</KB_KEY_PRESSED>
            <KB_KEY_NORMAL>0xFF000000</KB_KEY_NORMAL>
            <KB_KEY_DISABLED>0xFFFFFFFF</KB_KEY_DISABLED>
            <KB_KEY_ACTIVEBORDER>0xFFFF0000</KB_KEY_ACTIVEBORDER>
            <KB_KEY_TEXTCOLOR>0xFF000000</KB_KEY_TEXTCOLOR>
            <KB_KEY_TEXTBACKCOLOR>0xFFFFFFFF</KB_KEY_TEXTBACKCOLOR>
            <KB_KEY_TEXTBORDERCOLOR>0x780000FF</KB_KEY_TEXTBORDERCOLOR>
            <MENU_TEXTCOLOR>0xFF80FF00</MENU_TEXTCOLOR>
            <MENU_ACTIVETEXTCOLOR>0xFFFFFFFF</MENU_ACTIVETEXTCOLOR>
            <MENU_BORDERCOLOR>0xFFFF0000</MENU_BORDERCOLOR>
            <MENU_BACKCOLOR>0xFF000000</MENU_BACKCOLOR>
            <MENU_ACTIVEBACKCOLOR>0xFF0000FF</MENU_ACTIVEBACKCOLOR>
            <MENU_ACTIVEBORDERCOLOR>0xFF80FFFF</MENU_ACTIVEBORDERCOLOR>
        </ColorScheme>
    </Main>
</Skin>