﻿<Skin name="Simpson Bart Us">
    <Information>
        <Author>Shol'Va</Author>
        <Version>1</Version>
        <Copyright>2004</Copyright>
        <Skinner Name="UX Architect" Version="1.0c" />
    </Information>
    <Filemanager SafeBorder="False">
        <Background>burns.jpg</Background>
    </Filemanager>
    <LoadingScreen ShowInfo="True">
        <Background>homer 3.jpg</Background>
    </LoadingScreen>
    <Main Globe="False" Orb="False" Fog="False">
        <Background EnableAudio="False">bart us.jpg</Background>
        <InfoFont>Square-10.xpr</InfoFont>
        <Text Top="205" Left="437" Width="200" Scroll="0" Color="0xFFFF0000" Source="F_FreeMB" Align="Left" />
        <Text Top="181" Left="437" Width="200" Scroll="0" Color="0xFFFF0000" Source="E_FreeMB" Align="Left" />
        <Text Top="71" Left="18" Width="200" Scroll="0" Color="0xFFFF0000" Source="DateTime" Align="Left" />
        <Text Top="71" Left="479" Width="200" Scroll="0" Color="0xFFFF0000" Source="CPUTempC" Align="Left" />
        <Text Top="91" Left="480" Width="200" Scroll="0" Color="0xFFFF0000" Source="MBTempC" Align="Left" />
        <Text Top="292" Left="312" Width="200" Scroll="0" Color="0xFFFF0000" Source="DVDType" Align="Left" />
        <Text Top="457" Left="311" Width="200" Scroll="0" Color="0xFFFFFFFF" Source="IP" Align="Left" />
        <Text Top="140" Left="209" Width="258" Scroll="0" Color="0xFFFFFFFF" Source="Newsfeed" Align="Left" />
        <Image Top="162" Left="125" Width="27" Height="30" Source="GameIcon" />
        <Image Top="331" Left="132" Width="80" Height="62" Opacity="100">Paw.png</Image>
        <Image Source="GamePreview" />
        <Menu Align="Middle" ShowIcon="False" ShowArrows="False">
            <Preview EnableAudio="True" Top="327" Left="529" Width="101" Height="101" />
            <Position Top="315" Left="312" Width="211" Height="131" Fixed="False" FixAt="2" MaxItem="4" />
            <Font>39Smooth-10.xpr</Font>
        </Menu>
        <ColorScheme>
            <AMBIENT_FOGCOLOR>0xFF0080FF</AMBIENT_FOGCOLOR>
            <AMBIENT_SKYCOLOR>0xFF0000A0</AMBIENT_SKYCOLOR>
            <AMBIENT_CELLCOLOR>0xFFFFFFFF</AMBIENT_CELLCOLOR>
            <CAPTION_TEXTCOLOR>0xFFFFFFFF</CAPTION_TEXTCOLOR>
            <CAPTION_BACKCOLOR>0xFF000000</CAPTION_BACKCOLOR>
            <DIALOG_BORDERCOLOR>0xFFFFFFFF</DIALOG_BORDERCOLOR>
            <DIALOG_BACKCOLOR>0x320080FF</DIALOG_BACKCOLOR>
            <DIALOG_INNER_BORDERCOLOR>0xFFFFFFFF</DIALOG_INNER_BORDERCOLOR>
            <DIALOG_INNER_BACKCOLOR>0x00000000</DIALOG_INNER_BACKCOLOR>
            <DIALOG_TEXTCOLOR>0x96FF0000</DIALOG_TEXTCOLOR>
            <DIALOG_DISABLEDTEXT>0xFF000000</DIALOG_DISABLEDTEXT>
            <OPTION_TEXTCOLOR>0xFFFFFF00</OPTION_TEXTCOLOR>
            <OPTION_ACTIVETEXTCOLOR>0xFFFF0000</OPTION_ACTIVETEXTCOLOR>
            <OPTION_ACTIVEBACKCOLOR>0x78400040</OPTION_ACTIVEBACKCOLOR>
            <BUTTON_BORDERCOLOR>0xFFFF0000</BUTTON_BORDERCOLOR>
            <BUTTON_TEXTCOLOR>0xFFFFFFFF</BUTTON_TEXTCOLOR>
            <BUTTON_BACKCOLOR>0xC8FF0000</BUTTON_BACKCOLOR>
            <BUTTON_ACTIVETEXTCOLOR>0xFFFF0000</BUTTON_ACTIVETEXTCOLOR>
            <BUTTON_ACTIVEBACKCOLOR>0xC8FFFFFF</BUTTON_ACTIVEBACKCOLOR>
            <KB_KEYBG_HIGHLIGHT>0xFFFF0000</KB_KEYBG_HIGHLIGHT>
            <KB_KEYBG_DISABLED>0xFFFF8000</KB_KEYBG_DISABLED>
            <KB_KEY_PRESSED>0xFF0000FF</KB_KEY_PRESSED>
            <KB_KEY_NORMAL>0xFFFF0000</KB_KEY_NORMAL>
            <KB_KEY_DISABLED>0xFFFFFFFF</KB_KEY_DISABLED>
            <KB_KEY_ACTIVEBORDER>0xFFFF0000</KB_KEY_ACTIVEBORDER>
            <KB_KEY_TEXTCOLOR>0xFFFF0000</KB_KEY_TEXTCOLOR>
            <KB_KEY_TEXTBACKCOLOR>0x64FFFFFF</KB_KEY_TEXTBACKCOLOR>
            <KB_KEY_TEXTBORDERCOLOR>0xFFFF0000</KB_KEY_TEXTBORDERCOLOR>
            <MENU_TEXTCOLOR>0xFF0000FF</MENU_TEXTCOLOR>
            <MENU_ACTIVETEXTCOLOR>0xFFFF0000</MENU_ACTIVETEXTCOLOR>
            <MENU_BORDERCOLOR>0xFFFF0000</MENU_BORDERCOLOR>
            <MENU_ACTIVEBACKCOLOR>0xC8FFFFFF</MENU_ACTIVEBACKCOLOR>
            <MENU_ACTIVEBORDERCOLOR>0xFFFFFFFF</MENU_ACTIVEBORDERCOLOR>
        </ColorScheme>
    </Main>
</Skin>