﻿<Skin name="Mystic">
    <Information>
        <Author>Vincent</Author>
        <Version>1</Version>
        <Copyright>2004</Copyright>
        <Skinner Name="UX Architect" Version="1.0c" />
    </Information>
    <IntroMovie>Grafiti.avi</IntroMovie>
    <LoadingScreen ShowInfo="True">
        <Background>lauch.WMV</Background>
    </LoadingScreen>
    <Main Globe="False" Orb="False" Fog="False">
        <Background EnableAudio="False">preview.wmv</Background>
        <InfoFont>Square-10.xpr</InfoFont>
        <Text Top="22" Left="24" Width="200" Scroll="0" Color="0xFFFFFFFF" Source="$DVDTitle$" Align="Left" />
        <Text Top="157" Left="21" Width="200" Scroll="0" Color="0xFFFFFFFF" Source="$F_Free$" Align="Left" />
        <Text Top="104" Left="23" Width="200" Scroll="0" Color="0xFFFFFFFF" Source="$E_Free$" Align="Left" />
        <Text Top="61" Left="23" Width="200" Scroll="0" Color="0xFFFFFFFF" Source="$C_Free$" Align="Left" />
        <Text Top="83" Left="202" Width="200" Scroll="0" Color="0xFFFFFFFF" Source="$DateTime$" Align="Middle" />
        <Text Top="27" Left="413" Width="200" Scroll="0" Color="0xFFFFFFFF" Source="$CPUTempC$" Align="Right" />
        <Text Top="72" Left="412" Width="200" Scroll="0" Color="0xFFFFFFFF" Source="$MBTempC$" Align="Right" />
        <Text Top="117" Left="411" Width="200" Scroll="0" Color="0xFFFFFFFF" Source="$IP$" Align="Right" />
        <Text Top="162" Left="413" Width="200" Scroll="0" Color="0xFFFFFFFF" Source="$DNS1$" Align="Right" />
        <Image Top="171" Left="75" Width="493" Height="235" Opacity="100">Cool 2.png</Image>
        <Image Top="351" Left="-4" Width="131" Height="121" Opacity="100">RadioActive.png</Image>
        <Image Top="354" Left="516" Width="131" Height="121" Opacity="100">RadioActive.png</Image>
        <Image Top="119" Left="198" Width="231" Height="51" Opacity="100">unleashx2.png</Image>
        <Menu Align="Left" ShowIcon="False" ShowArrows="False">
            <ItemPos Top="207" Left="138" Width="389"></ItemPos>
            <ItemPos Top="245" Left="139" Width="386"></ItemPos>
            <ItemPos Top="281" Left="139" Width="383"></ItemPos>
            <ItemPos Top="318" Left="139" Width="381"></ItemPos>
            <ItemPos Top="353" Left="139" Width="373"></ItemPos>
            <Font>1979-10.xpr</Font>
        </Menu>
        <ColorScheme>
            <AMBIENT_FOGCOLOR>0x78FFFFFF</AMBIENT_FOGCOLOR>
            <AMBIENT_SKYCOLOR>0xFF00000F</AMBIENT_SKYCOLOR>
            <AMBIENT_CELLCOLOR>0x7800C000</AMBIENT_CELLCOLOR>
            <CAPTION_TEXTCOLOR>0xFFEAEA47</CAPTION_TEXTCOLOR>
            <CAPTION_BACKCOLOR>0xFF4274FF</CAPTION_BACKCOLOR>
            <DIALOG_BORDERCOLOR>0xFFFFFFFF</DIALOG_BORDERCOLOR>
            <DIALOG_BACKCOLOR>0xFF273CF3</DIALOG_BACKCOLOR>
            <DIALOG_INNER_BORDERCOLOR>0xFFFFFFFF</DIALOG_INNER_BORDERCOLOR>
            <DIALOG_INNER_BACKCOLOR>0xFF09389A</DIALOG_INNER_BACKCOLOR>
            <DIALOG_TEXTCOLOR>0xFFFFFFFF</DIALOG_TEXTCOLOR>
            <DIALOG_DISABLEDTEXT>0xFFB3B3B4</DIALOG_DISABLEDTEXT>
            <OPTION_TEXTCOLOR>0xFFFFFFFF</OPTION_TEXTCOLOR>
            <OPTION_ACTIVETEXTCOLOR>0xFF47EAEA</OPTION_ACTIVETEXTCOLOR>
            <OPTION_ACTIVEBACKCOLOR>0xFF273CF3</OPTION_ACTIVEBACKCOLOR>
            <BUTTON_BORDERCOLOR>0xFFFFFFFF</BUTTON_BORDERCOLOR>
            <BUTTON_TEXTCOLOR>0xFFFFFFFF</BUTTON_TEXTCOLOR>
            <BUTTON_BACKCOLOR>0xFF273CF3</BUTTON_BACKCOLOR>
            <BUTTON_ACTIVETEXTCOLOR>0xFFFFFFFF</BUTTON_ACTIVETEXTCOLOR>
            <BUTTON_ACTIVEBACKCOLOR>0xFF003399</BUTTON_ACTIVEBACKCOLOR>
            <KB_KEYBG_HIGHLIGHT>0xFF0000FF</KB_KEYBG_HIGHLIGHT>
            <KB_KEYBG_DISABLED>0x78C0C0C0</KB_KEYBG_DISABLED>
            <KB_KEY_PRESSED>0xFF008000</KB_KEY_PRESSED>
            <KB_KEY_NORMAL>0xFF000000</KB_KEY_NORMAL>
            <KB_KEY_DISABLED>0xFFFFFFFF</KB_KEY_DISABLED>
            <KB_KEY_ACTIVEBORDER>0xFFFF0000</KB_KEY_ACTIVEBORDER>
            <KB_KEY_TEXTCOLOR>0xFF000000</KB_KEY_TEXTCOLOR>
            <KB_KEY_TEXTBACKCOLOR>0xFFFFFFFF</KB_KEY_TEXTBACKCOLOR>
            <KB_KEY_TEXTBORDERCOLOR>0x780000FF</KB_KEY_TEXTBORDERCOLOR>
            <MENU_TEXTCOLOR>0xFFFFFFFF</MENU_TEXTCOLOR>
            <MENU_ACTIVETEXTCOLOR>0xFFFFFFFF</MENU_ACTIVETEXTCOLOR>
            <MENU_BORDERCOLOR>0xFFFFFFFF</MENU_BORDERCOLOR>
            <MENU_BACKCOLOR>0xFF000000</MENU_BACKCOLOR>
            <MENU_ACTIVEBACKCOLOR>0xFF0000FF</MENU_ACTIVEBACKCOLOR>
            <MENU_ACTIVEBORDERCOLOR>0xFFFFFFFF</MENU_ACTIVEBORDERCOLOR>
        </ColorScheme>
    </Main>
</Skin>