<Skin name="ATIPowered V1.0">
	<Information>
		<Author>DrK</Author>
		<Copyright>Copyright 2005</Copyright>
		<Version>v1.0</Version>
	</Information>
	<Filemanager>
	<Background>filemanager.png</Background>
    	</Filemanager>
	<Main Globe="False" Orb="False" Fog="False">
		<BackGround EnableAudio="False">background.xmv</BackGround>
		<InfoFont>ft53_10.XPR</InfoFont>
		<Image Top="70" Left="270" Width="353" Height="385" Opacity="100">ati.png</Image>
		<GameIcon Enable="True" Opacity="90">
		<Position Top="100" Left="80" Width="100" Height="100" />
		</GameIcon>
		<Image Top="8" Left="70" Width=379" Height="200" Opacity="100">ux.png</Image>
		<Image Top="320" Left="10" Width="300" Height="150" Opacity="100">down.png</Image>
		<Menu Smooth="True" Align="left" ShowIcon="False" Rotate="False" Showarrows="False">
			<BackColor>0x000000</BackColor>
			<BorderColor Width="1">0xFFFFFFFF</BorderColor>
			<Font WidthFactor="1.0" HeightFactor="1.0"></Font>
			<Position Top="200" Left="370" Width="240" Height="160" Fixed="True" FixAt="3" Maxitem="20"></Position>
		</Menu>
		<Text Left="460" Top="92" Align="Left" Source="[Heure]= $Time$"></Text>
		<Text Left="460" Top="112" Align="Left" Source="[Date]= $Date$"></Text>
		<Text Left="460" Top="132" Align="Left" Source="[IP]= $IP$"></Text>
		<Text Left="150" Top="330" Align="Middle" Source="[Etat des disques]"></Text>
		<Text Left="150" Top="350" Align="Middle" Source="C:\$C_FreeMB$ Libre"></Text>
		<Text Left="150" Top="370" Align="Middle" Source="E:\$E_FreeMB$ Libre"></Text>
		<Text Left="150" Top="390" Align="Middle" Source="[CPU] @ $CPUTemp$"></Text>
		<Text Left="150" Top="410" Align="Middle" Source="[Fanspeed] @ $FanSpeed$"></Text>
		<Text Left="480" Top="380" Align="Middle" Source="[Lecteur DVD] = $DVDTitle$"></Text>
		<Text Left="480" Top="400" Align="Middle" Source="[Infos Lecteur mp3]"></Text>
		<Text Left="370" Top="420" Align="Left" Width="240" Scroll="1" Color="0xFFFFFFFF" Source="$SongName$"></Text>
		<Text Left="30" Top="430" Align="Left" Width="270" Scroll="1" Color="0xFFFFFFFF" Source="$Newsfeed$"></Text>
	</Main>
	
	<ColorScheme Name="Default">
		<AMBIENT_FOGCOLOR>0xFF200000</AMBIENT_FOGCOLOR>
		<AMBIENT_SKYCOLOR>0xFF400000</AMBIENT_SKYCOLOR>
		<AMBIENT_CELLCOLOR>0x06C4310A</AMBIENT_CELLCOLOR>

		<CAPTION_TEXTCOLOR>0xFFFFFFFF</CAPTION_TEXTCOLOR>
		<CAPTION_BACKCOLOR>0xC7000000</CAPTION_BACKCOLOR>
		<DIALOG_BORDERCOLOR>0x00000000</DIALOG_BORDERCOLOR>
		<DIALOG_BACKCOLOR>0xFF808080</DIALOG_BACKCOLOR>
		<DIALOG_INNER_BORDERCOLOR>0x00000000</DIALOG_INNER_BORDERCOLOR>
		<DIALOG_INNER_BACKCOLOR>0xFF626262</DIALOG_INNER_BACKCOLOR>
		<DIALOG_TEXTCOLOR>0xFFFFFFFF</DIALOG_TEXTCOLOR>

		<DIALOG_DISABLEDTEXT>0x7FC00000</DIALOG_DISABLEDTEXT>

		<OPTION_TEXTCOLOR>0xffFFFFFF</OPTION_TEXTCOLOR>
		<OPTION_ACTIVETEXTCOLOR>0xFF000000</OPTION_ACTIVETEXTCOLOR>
		<OPTION_ACTIVEBACKCOLOR>0xFFf03333</OPTION_ACTIVEBACKCOLOR>

		<BUTTON_BORDERCOLOR>0xFFFFFFFF</BUTTON_BORDERCOLOR>
		<BUTTON_TEXTCOLOR>0xFFFFFFFF</BUTTON_TEXTCOLOR>
		<BUTTON_BACKCOLOR>0xFF0055EA</BUTTON_BACKCOLOR>
		<BUTTON_ACTIVETEXTCOLOR>0xFF0055EA</BUTTON_ACTIVETEXTCOLOR>
		<BUTTON_ACTIVEBACKCOLOR>0xFFFFFFFF</BUTTON_ACTIVEBACKCOLOR>	
		
		<KB_KEYBG_HIGHLIGHT>0xCC00C000</KB_KEYBG_HIGHLIGHT>
		<KB_KEYBG_DISABLED>0xffc0c0c0</KB_KEYBG_DISABLED>
		<KB_KEY_PRESSED>0xff808080</KB_KEY_PRESSED>
		<KB_KEY_NORMAL>0xff000000</KB_KEY_NORMAL>
		<KB_KEY_DISABLED>0x00000000</KB_KEY_DISABLED>
		<KB_KEY_ACTIVEBORDER>0xff008000</KB_KEY_ACTIVEBORDER>
		<KB_KEY_TEXTCOLOR>0xff000000</KB_KEY_TEXTCOLOR>
		<KB_KEY_TEXTBACKCOLOR>0x00000000</KB_KEY_TEXTBACKCOLOR>
		<KB_KEY_TEXTBORDERCOLOR>0xff0000FF</KB_KEY_TEXTBORDERCOLOR>
		
		<MENU_TEXTCOLOR>0x00000000</MENU_TEXTCOLOR>
		<MENU_ACTIVETEXTCOLOR>0xFFddff5f</MENU_ACTIVETEXTCOLOR>
		<MENU_BORDERCOLOR>0x00000000</MENU_BORDERCOLOR>
		<MENU_BACKCOLOR>0x00000000</MENU_BACKCOLOR>
		<MENU_ACTIVEBACKCOLOR>0x00000000</MENU_ACTIVEBACKCOLOR>
		<MENU_ACTIVEBORDERCOLOR>0x00000000</MENU_ACTIVEBORDERCOLOR>
	</ColorScheme>
</Skin>