<Skin Name="MCUX Media Center - unleashX">
<Information>
<Author>Luno</Author>
<Copyright>(c)2004</Copyright>
<Version>1</Version>
</Information>
<Main globe="False" Orb="False">
<InfoFont>info.xpr</InfoFont>
<Background EnableAudio="False">MCUX.png</background>
<Menu smooth="False" ShowArrows="True" ShowIcon="False" Rotate="False">
<Position left="22" Top="210" Width="277" Height="170" />
<Preview EnableAudio="False" left="394" Top="100" Width="220" Height="166" />
<Font>menu.xpr</Font>
</Menu>

<InfoFont>Verdana_10.xpr</InfoFont>
<Text Left="380" Top="313" Align="Left" Color="0xFF183C70" Source="DVD: $DVDTitle$"></Text>
<Text Left="380" Top="333" Align="Left" Color="0xFF183C70" Source="E: $E_FreeMB$ Free"></Text>
<Text Left="380" Top="353" Align="Left" Color="0xFF183C70" Source="F: $F_FreeMB$ Free"></Text>
<Text Left="380" Top="373" Align="Left" Color="0xFF183C70" Source="G: $G_FreeMB$ Free"></Text>
<Text Left="380" Top="393" Align="Left" Color="0xFF183C70" Source="CPU: $CPUTemp$"></Text>
<Text Left="490" Top="393" Align="Left" Color="0xFF183C70" Source="MB: $MBTemp$"></Text>
<Text Left="380" Top="413" Align="Left" Color="0xFF183C70" Source="IP"></Text>
<Text Left="380" Top="433" Align="Left" Color="0xFF183C70" Source="Gateway: $Gateway$"></Text>
<Text Left="480" Top="15" Align="Left" Color="0xFF183C70" Source="$Time$"></Text>
<Text Left="550" Top="15" Align="Left" Color="0xFF183C70" Source="$Date$"></Text>
<Text Left="260" Top="38" Width="380" Align="center" Color="0xFF183C70" Source="NEWS:   $Newsfeed$ ..."></Text>
<Text Left="490" Top="87" Align="Left" Color="0xFFFFFFFF" Source="$VideoMode$"></Text>
<Text Left="80" Top="413" Align="Left" Color="0xFFFFFFFF" Source="SongName"></Text>
<Text Left="80" Top="435" Align="Left" Color="0xFFFFFFFF" Source="SongTime"></Text>
<Text Left="140" Top="435" Align="Left" Color="0xFFFFFFFF" Source="Soundtrack"></Text>
<Image Top="170" Left="242" width="94" Height="80" Source="GameIcon"/>
<Image Source="GamePreview"/>
<Image Top="0" Left="0" width="268" Height="206">MCUX_xbox.png</Image>
<Image Top="0" Left="0" width="640" Height="480">MCUX_oben.png</Image>
<Image Top="0" Left="0" width="640" Height="480">MCUX_music.png</Image>
<Image Top="0" Left="0" width="640" Height="480">MCUX_bild.png</Image>
<Image Top="10" Left="377" width="263" Height="119">MCUX_video.png</Image>
<Image Top="280" Left="510" width="120" Height="116">MCUX_einstellungen.png</Image>
</Main>

<FileManager>
<Background>MCUX.png</Background>
<Image Top="0" Left="0" width="640" Height="480">MCUX_oben.png</Image>
</FileManager>
<LoadingScreen ShowInfo="true">
<Backgroung>MCUX.png</Background>
<Image Top="0" Left="0" width="640" Height="480">MCUX_xbox.png</Image>
<Image Top="0" Left="0" width="640" Height="480">MCUX_oben.png</Image>
</LoadingScreen>

<ColorScheme>
<MENU_TEXTCOLOR>0xFFFFFFFF</MENU_TEXTCOLOR>
<MENU_ACTIVETEXTCOLOR>0xFFDA631B</MENU_ACTIVETEXTCOLOR>
                  <AMBIENT_FOGCOLOR></AMBIENT_FOGCOLOR>
                  <AMBIENT_SKYCOLOR></AMBIENT_SKYCOLOR>
                  <AMBIENT_CELLCOLOR></AMBIENT_CELLCOLOR>
                  <CAPTION_TEXTCOLOR></CAPTION_TEXTCOLOR>
                  <CAPTION_BACKCOLOR>0xFF4272C9</CAPTION_BACKCOLOR>
                  <DIALOG_BORDERCOLOR>0xFFFFFFFF</DIALOG_BORDERCOLOR>
                  <DIALOG_BACKCOLOR>0xFF4272C9</DIALOG_BACKCOLOR>
                  <DIALOG_INNER_BORDERCOLOR></DIALOG_INNER_BORDERCOLOR>
                  <DIALOG_INNER_BACKCOLOR></DIALOG_INNER_BACKCOLOR>
                  <DIALOG_TEXTCOLOR>0xFFFFFFFF</DIALOG_TEXTCOLOR>
                  <DIALOG_DISABLEDTEXT></DIALOG_DISABLEDTEXT>
                  <OPTION_TEXTCOLOR>0xFFFFFFFF</OPTION_TEXTCOLOR>
                  <OPTION_ACTIVETEXTCOLOR>0xFFDA631B</OPTION_ACTIVETEXTCOLOR>
                  <OPTION_ACTIVEBACKCOLOR></OPTION_ACTIVEBACKCOLOR>
                  <BUTTON_BORDERCOLOR></BUTTON_BORDERCOLOR>
                  <BUTTON_TEXTCOLOR>0xFFFFFFFF</BUTTON_TEXTCOLOR>
                  <BUTTON_BACKCOLOR></BUTTON_BACKCOLOR>
                  <BUTTON_ACTIVETEXTCOLOR>0xFFDA631B</BUTTON_ACTIVETEXTCOLOR>
                  <BUTTON_ACTIVEBACKCOLOR></BUTTON_ACTIVEBACKCOLOR>
                  <KB_KEYBG_HIGHLIGHT></KB_KEYBG_HIGHLIGHT>
                  <KB_KEYBG_DISABLED></KB_KEYBG_DISABLED>
                  <KB_KEY_PRESSED></KB_KEY_PRESSED>
                  <KB_KEY_NORMAL></KB_KEY_NORMAL>
                  <KB_KEY_DISABLED></KB_KEY_DISABLED>
                  <KB_KEY_ACTIVEBORDER></KB_KEY_ACTIVEBORDER>
                  <KB_KEY_TEXTCOLOR>0xFFFFFFFF</KB_KEY_TEXTCOLOR>
                  <KB_KEY_TEXTBACKCOLOR></KB_KEY_TEXTBACKCOLOR>
                  <KB_KEY_TEXTBORDERCOLOR></KB_KEY_TEXTBORDERCOLOR>
                  <MENU_BORDERCOLOR></MENU_BORDERCOLOR>
                  <MENU_BACKCOLOR></MENU_BACKCOLOR>
                  <MENU_ACTIVEBACKCOLOR></MENU_ACTIVEBACKCOLOR>
                  <MENU_ACTIVEBORDERCOLOR></MENU_ACTIVEBORDERCOLOR>
</ColorSceme>
</Skin>
