						<Skin Name="Unleash-x 360">
<Information>
						<Author>J</Author>
	
						<Copyright>connxtion 360</Copyright>

						<Version>TWO</Version>

</Information>

<Intromovie>Intro.xmv</Intromovie>	
	<LoadingScreen ShowInfo="False">
		<background>loading.png</background>
			</LoadingScreen>
<Main Globe="False" Orb="False">
	<Background Top="0" Left="0" width="640" hight="480">Background.xmv</Background>		
		<Menu Smooth="TRUE" Align="Left" ShowIcon="FALSE" ShowArrows="False">
		<ItemPos Left="120" Top="164" Width="150" Scroll="1" ></ItemPos>
		<ItemPos Left="120" Top="187" Width="150" Scroll="1" ></ItemPos>
		<ItemPos Left="120" Top="211" Width="150" Scroll="1" ></ItemPos>
		<ItemPos Left="120" Top="237" Width="150" Scroll="1" ></ItemPos>	
		<Preview EnableAudio="false" Top="195" Left="298" width="178" Height="137" zIndex="2" />
<Font>Connfont1.xpr</Font>
			</Menu>
			<InfoFont>Connfont1.xpr</InfoFont>				
<Image Opacity="50" Top="0" Left="20" Width="540" Height="480">background.png</Image>
<Image Opacity="100" Top="0" Left="0" Width="640" Height="480">Main menu.png</Image>
<Image Opacity="100" Left="91" Top="76" width="186" Height="76" zIndex="3">Gamertag.png</Image>	
<Image Opacity="60" Left="99" Top="274" width="169" Height="59" >menu logo.png</Image>
<Image Left="99" Top="274" width="169" Height="59" zindex="3" >iconOverlay.png</Image>
<Image Left="96" Top="271" width="176" Height="66" Zindex="3" >iconoverlay2.png</Image>
<Image opacity="70" Top="192" Left="293" width="191" Height="144" Zindex="3" >iconoverlay2.png</Image>					
<Text Top="366" Left="146" Align="Left" Color="0xFFE0E0E0" zIndex="3" Source="Play: $DVDTitle$" font="Connfont1"/>
<Image Left="99" Top="274" width="169" Height="59" Source="GameIcon" />
<Image Source="Gamepreview" />				


____________________________________________Gamertag config_______________________________________________

_____________________________________________Do not change________________________________________________
Gamerlogo
<Image Opacity="100" Left="97" Top="101" width="39" Height="42" zIndex="4">Gamerlogo.png</Image>	

_________________________Edit name change (gamertag not set) to your gamer tag____________________________

Name
<Text Top="76" Left="94" Align="Left" width="150" Color="0xFF282828" zIndex="4" Source="Gamertag Not Set"/>
__________________________________________________________________________________________________________				


_____________________________________________Do not change________________________________________________
Rep
<Image Opacity="100" Left="91" Top="76" width="186" Height="76" zIndex="3">Stars.png</Image>	
__________________________________________________________________________________________________________				


______________________________Edit Gamer score change (0) to your gamer score_____________________________
Gamerscore
<Text Top="114" Left="182" Align="Right" width="90" Color="0xFF282828" zIndex="4" Source="0"/>
__________________________________________________________________________________________________________				


____________________________Edit Gamer zone change (Family) to your gamer zone____________________________
Zone
<Text Top="131" Left="182" Align="Right" width="90" Color="0xFF282828" zIndex="4" Source="Family"/>
__________________________________________________________________________________________________________				


</Main>
<FileManager>
<Background>filemanager.png</Background>
</FileManager>
<Font>Connfont2.xpr</Font>
<MusicPlayer Top="1" Left="1" Width="364" Height="480" Relative="True">
	<BackGround>MPbackground.PNG</BackGround>


___________________________________________Gamertag config_________________________________________________
______________________________Edit Gamer score change (0) to your gamer score_____________________________
Gamerscore
<Text Top="88" Left="182" Align="Right" width="90" Color="0xFF282828" zIndex="4" Source="0"/>
__________________________________________________________________________________________________________
_____________________________________________Do not change________________________________________________
Gamerlogo
<Image Opacity="100" Left="35" Top="88" width="39" Height="40" zIndex="4">Gamerlogo.png</Image>	
__________________________________________________________________________________________________________


<Image Opacity="100" Top="0" Left="0" width="640" Height="480" zIndex="1">MP.png</Image>	
<Image Top="334" Left="25" width="255" Height="40" zIndex="4">Logo overlay.png</Image>	
<Image Top="334" Left="25" width="255" Height="40" zIndex="3">Xbox logo.png</Image> 
<Text Opacity="100" Top="43" Left="310" Align="RIGHT" Color="0xFFADADAD" zIndex="3" Source="$Time$" font="Connfont1"/>
<Text Opacity="100" Top="43" Left="25" Align="Left" Color="0xFFADADAD" zIndex="3" Source="$Date$" font="Connfont1"/>
<Image Opacity="100" Top="0" Left="0" width="365" Height="480" zIndex="2">MPoverlay 2.png</Image>
<Image Opacity="60" Top="0" Left="0" width="365" Height="480" zIndex="2">MPoverlay.png</Image>
<ButtonMap>mp_Buttons.png</ButtonMap>	
	<Element Type="Pause" Left="50" Top="262" Width="45" Height="35" zIndex="3" />
	<Element Type="Prev" Left="94" Top="262" Width="35" Height="35" zIndex="3" />
	<Element Type="Next" Left="140" Top="262" Width="35" Height="35" zIndex="3" />
	<Element Type="Random" Left="190" Top="270" Width="32" Height="16" zIndex="3" />
	<Element Type="Mute" Left="240" Top="270" Width="33" Height="18" zIndex="3" />
	<Text Top="145" Left="50" Align="Left" Width="220" Scroll="0" Color="0xFF282828" zIndex="3" Source="C_FreeMB" font="Connfont1"/>
	<Text Top="160" Left="50" Align="Left" Width="220" Scroll="0" Color="0xFF282828" zIndex="3" Source="E_FreeMB" font="Connfont1"/>
	<Text Top="175" Left="50" Align="Left" Width="220" Scroll="0" Color="0xFF282828" zIndex="3" Source="F_FreeMB" font="Connfont1"/>
	<Text Top="420" Left="180" Align="Left" Width="440" Scroll="2" Color="0xFF282828" zIndex="4" Source="Newsfeed" font="Connfont1"/>
	<Text Top="202" Left="50" Align="Left" Color="0xFF282828" zIndex="3" Source="IP $IP$" font="Connfont1"/>
<Text Top="232" Left="50" Align="Left" Width="205" Scroll="1" Color="0xFF282828" zIndex="3" Source="AppVersion" font="Connfont1"/>
<Text Left="35" Top="298" Width="239" Height="30" Color="0xFF404040" Source="SongTrack" Scroll="1" Font="Common10" ScaleX="100" ScaleY="120" zIndex="3" />
	<Playlist Top="1" Left="1" Width="640" Height="480" OffsetX=150" OffsetY="70">
	<BackGround>Playlist.png</BackGround>
	</Playlist>
	</MusicPlayer>
	<ColorScheme Name="Default">
	        <AMBIENT_FOGCOLOR>0xFF000000</AMBIENT_FOGCOLOR>
	        <AMBIENT_SKYCOLOR>0xFF000000</AMBIENT_SKYCOLOR>
	        <AMBIENT_CELLCOLOR>0xFFE4E4E4</AMBIENT_CELLCOLOR>
	        <CAPTION_TEXTCOLOR>0xFFFFFFFF</CAPTION_TEXTCOLOR>
	        <CAPTION_BACKCOLOR>0x005B5B5B</CAPTION_BACKCOLOR>
 
                <DIALOG_BORDERCOLOR>0xFFC0C0C0</DIALOG_BORDERCOLOR>
                <DIALOG_BACKCOLOR>0xFF808080</DIALOG_BACKCOLOR>
                <DIALOG_INNER_BORDERCOLOR>0xFF7F7F7F</DIALOG_INNER_BORDERCOLOR>
                <DIALOG_INNER_BACKCOLOR>0xFF808080</DIALOG_INNER_BACKCOLOR>
				<DIALOG_TEXTCOLOR>0xFF282828</DIALOG_TEXTCOLOR>
				<DIALOG_DISABLEDTEXT>0xFF404040</DIALOG_DISABLEDTEXT>
	        
	        <OPTION_TEXTCOLOR>0xFFFFFFFF</OPTION_TEXTCOLOR>
	        <OPTION_ACTIVETEXTCOLOR>0xFF000000</OPTION_ACTIVETEXTCOLOR>
	        <OPTION_ACTIVEBACKCOLOR>0xFFC0C0C0</OPTION_ACTIVEBACKCOLOR>
	        
	        <BUTTON_BORDERCOLOR>0xFFBFBFBF</BUTTON_BORDERCOLOR>
	        <BUTTON_TEXTCOLOR>0xFFBFBFBF</BUTTON_TEXTCOLOR>
	        <BUTTON_BACKCOLOR>0xFF0A0A0A</BUTTON_BACKCOLOR>
	        <BUTTON_ACTIVETEXTCOLOR>0xFF808080</BUTTON_ACTIVETEXTCOLOR>
	        <BUTTON_ACTIVEBACKCOLOR>0xFF565656</BUTTON_ACTIVEBACKCOLOR>
	        
	        <KB_KEYBG_HIGHLIGHT>0xFF656565</KB_KEYBG_HIGHLIGHT>
	        <KB_KEYBG_DISABLED>0xFFC0C0C0</KB_KEYBG_DISABLED>
	        <KB_KEY_PRESSED>0xFFF8F8F8</KB_KEY_PRESSED>
	        <KB_KEY_NORMAL>0xFF000000</KB_KEY_NORMAL>
	        <KB_KEY_DISABLED>0x74000000</KB_KEY_DISABLED>
	        <KB_KEY_ACTIVEBORDER>0xFF000000</KB_KEY_ACTIVEBORDER>
	        <KB_KEY_TEXTCOLOR>0xFF000000</KB_KEY_TEXTCOLOR>
	        <KB_KEY_TEXTBACKCOLOR>0xFFD0D0D0</KB_KEY_TEXTBACKCOLOR>
	        <KB_KEY_TEXTBORDERCOLOR>0xFFFFFFFF</KB_KEY_TEXTBORDERCOLOR>
		
		<MENU_TEXTCOLOR>0xFF282828</MENU_TEXTCOLOR>
		<MENU_ACTIVETEXTCOLOR>0xFFE0E0E0</MENU_ACTIVETEXTCOLOR>
		<MENU_BORDERCOLOR>0x00000000</MENU_BORDERCOLOR>
		<MENU_BACKCOLOR>0x00000000</MENU_BACKCOLOR>
		<MENU_ACTIVEBACKCOLOR>0x00000000</MENU_ACTIVEBACKCOLOR>
		<MENU_ACTIVEBORDERCOLOR>0x00000000</MENU_ACTIVEBORDERCOLOR>
		
		<MMActiveForeColor>0xFFE0E0E0</MMActiveForeColor>
		<MMForeColor>0xFF000000</MMForeColor>
		<MMOffForeColor>0xFFFFFFFF</MMOffForeColor>
		<MMDarkBarColor>0xFF404040</MMDarkBarColor>
		<MMLightBarColor>0xFF404040</MMLightBarColor>
		<MMDarkBackColor>0x99404040</MMDarkBackColor>
		
		<WindowBackCOLOR>0xFF000000</WindowBackCOLOR>
		<WindowForeCOLOR>0xFFFFFFFF</WindowForeCOLOR>
	</ColorScheme>
</Skin>