<Skin name="unleash_X">
	<Information>
		<Author>augusta</Author>
		<Copyright>Copyright 2003</Copyright>
		<Version>1.0</Version>
	</Information>



	<Main Globe="False" Orb="False">

		<BackGround>unleash_X.jpg</BackGround>

		<GameIcon Enable="True" Opacity="90">
			<Position Top="270" Left="260" Width="120" Height="120" />
		</GameIcon>

		<Menu Smooth="True" Align="Middle" Rotate="False" ShowIcon="False">
			<Position Top="114" Left="104" Width="422" Height="138"></Position>
			<Font>Denmark_16_X.xpr</Font>
		</Menu>

		<InfoFont>Arial_12_X.xpr</InfoFont>
		<Text Left="605" Top="33" Align="Right" Color="0xFFFFFFFF" Source="SoundTrack"></Text>
		<Text Left="605" Top="53" Align="Right" Color="0xFFFFFFFF" Source="SongName"></Text>
		<Text Left="35" Top="33" Align="Left" Color="0xFFFFFFFF" Source="CPUTemp"></Text>
		<Text Left="35" Top="53" Align="Left" Color="0xFFFFFFFF" Source="MBTemp"></Text>
		<Text Left="35" Top="405" Align="Left" Color="0xFFFFFFFF" Source="E_FreeMB"></Text>
		<Text Left="35" Top="425" Align="Left" Color="0xFFFFFFFF" Source="F_FreeMB"></Text>
		<Text Left="605" Top="425" Align="Right" Color="0xFFFFFFFF" Source="IP"></Text>
	</Main>



		<LoadingScreen ShowInfo="False">
			<BackGround>loading_X.jpg</BackGround>
		</LoadingScreen>

		<FileManager>
			<BackGround>filemanager_X.jpg</BackGround>
		</FileManager>

	<ColorScheme >
		<AMBIENT_FOGCOLOR></AMBIENT_FOGCOLOR>
		<AMBIENT_SKYCOLOR></AMBIENT_SKYCOLOR>
		<AMBIENT_CELLCOLOR></AMBIENT_CELLCOLOR>

		<CAPTION_TEXTCOLOR>0xFF000000</CAPTION_TEXTCOLOR>
		<CAPTION_BACKCOLOR>0xFFC0C0C0</CAPTION_BACKCOLOR>
		<DIALOG_BORDERCOLOR>0xFF5B5B5B</DIALOG_BORDERCOLOR>
		<DIALOG_BACKCOLOR>0xFFC2C2C2</DIALOG_BACKCOLOR>
		<DIALOG_INNER_BORDERCOLOR>0xFFC2C2C2</DIALOG_INNER_BORDERCOLOR>
		<DIALOG_INNER_BACKCOLOR>0xFFC2C2C2</DIALOG_INNER_BACKCOLOR>
		<DIALOG_TEXTCOLOR>0xFF000000</DIALOG_TEXTCOLOR>

		<DIALOG_DISABLEDTEXT>0xFF202020</DIALOG_DISABLEDTEXT>

		<OPTION_TEXTCOLOR>0xFF000000</OPTION_TEXTCOLOR>
		<OPTION_ACTIVETEXTCOLOR>0xFF000000</OPTION_ACTIVETEXTCOLOR>
		<OPTION_ACTIVEBACKCOLOR>0xFFA6C7DF</OPTION_ACTIVEBACKCOLOR>

		<BUTTON_BORDERCOLOR></BUTTON_BORDERCOLOR>
		<BUTTON_TEXTCOLOR>0xFF000000</BUTTON_TEXTCOLOR>
		<BUTTON_BACKCOLOR>0xFFA0A0A0</BUTTON_BACKCOLOR>
		<BUTTON_ACTIVETEXTCOLOR>0xFFA0A0A0</BUTTON_ACTIVETEXTCOLOR>
		<BUTTON_ACTIVEBACKCOLOR>0xFFFFFFFF</BUTTON_ACTIVEBACKCOLOR>	
		
		<KB_KEYBG_HIGHLIGHT>0xCC00C000</KB_KEYBG_HIGHLIGHT>
		<KB_KEYBG_DISABLED>0xffc0c0c0</KB_KEYBG_DISABLED>
		<KB_KEY_PRESSED>0xff808080</KB_KEY_PRESSED>
		<KB_KEY_NORMAL>0xff000000</KB_KEY_NORMAL>
		<KB_KEY_DISABLED>0xff808080</KB_KEY_DISABLED>
		<KB_KEY_ACTIVEBORDER>0xff000000</KB_KEY_ACTIVEBORDER>
		<KB_KEY_TEXTCOLOR>0xff000000</KB_KEY_TEXTCOLOR>
		<KB_KEY_TEXTBACKCOLOR>0xffFFFFFF</KB_KEY_TEXTBACKCOLOR>
		<KB_KEY_TEXTBORDERCOLOR>0xff000000</KB_KEY_TEXTBORDERCOLOR>
		
		<MENU_TEXTCOLOR>0xFFFFFFFF</MENU_TEXTCOLOR>
		<MENU_ACTIVETEXTCOLOR>0xFF2592E2</MENU_ACTIVETEXTCOLOR>
		<MENU_BORDERCOLOR></MENU_BORDERCOLOR>
		<MENU_BACKCOLOR></MENU_BACKCOLOR>
		<MENU_ACTIVEBACKCOLOR></MENU_ACTIVEBACKCOLOR>
		<MENU_ACTIVEBORDERCOLOR></MENU_ACTIVEBORDERCOLOR>
	</ColorScheme>


</Skin>