<Skin name="Euro 2004">
	<Information>
		<Author>Dunny</Author>
		<Copyright>2004</Copyright>
		<Version>1</Version>
	</Information>

		<Main Globe="False" Orb="False">
		<BackGround>bg.png</BackGround>
		<Image Top="118" Left="449" width="185" Height="214" Source="GameIcon"/>
		<Image Source="GamePreview" />

		<Menu Smooth="True" Rotate="true" ShowArrows="false" ShowIcon="false">
	  <ItemPos Top="100" Left="0" Width="140" Height="16" Align="Right"></ItemPos>
	  <ItemPos Top="130" Left="0" Width="135" Height="16" Align="Right"></ItemPos>
	  <ItemPos Top="160" Left="0" Width="130" Height="16" Align="Right"></ItemPos>
	  <ItemPos Top="190" Left="0" Width="125" Height="16" Align="Right"></ItemPos>
	  <ItemPos Top="220" Left="0" Width="120" Height="16" Align="Right"></ItemPos>
	  <ItemPos Top="250" Left="0" Width="122" Height="16" Align="Right"></ItemPos>
	  <ItemPos Top="280" Left="0" Width="124" Height="16" Align="Right"></ItemPos>
	  <ItemPos Top="310" Left="0" Width="128" Height="16" Align="Right"></ItemPos>
	  <ItemPos Top="340" Left="0" Width="133" Height="16" Align="Right"></ItemPos>
		<Preview Top="118" Left="449" width="185" Height="214" />
		<Font>Arial_12.xpr</Font>
		</Menu>
	<Image Opacity="100" Top="118" Left="449" width="185" Height="215">overlay.png</Image>
		</Main>

	<ColorScheme >
		<MENU_TEXTCOLOR>0xFFF8D177</MENU_TEXTCOLOR>
		<MENU_ACTIVETEXTCOLOR>0xFFFFFFFF</MENU_ACTIVETEXTCOLOR>
	</ColorScheme>
</Skin>