<Skin name="bgum">
         <Information>
                  <Author></Author>
                  <Copyright></Copyright>
                  <Version> created with ReleashED</Version>
         </Information>
         <IntroMovie></IntroMovie>
         <FileManager>
                  <BackGround></BackGround>
         </FileManager>
         <LoadingScreen ShowInfo="False">
                  <BackGround>bc load.png</BackGround>
         </LoadingScreen>
         <Main Globe="False" Orb="True" Fog="False">
                  <BackGround EnableAudio="False">1.png</BackGround>
                  <Cellwall></Cellwall>
                  <Orb>orb bg.png</Orb>
                  <Icon></Icon>
                  <Menu Smooth="False" Align="Left" ShowIcon="False" Rotate="False" ShowArrows="False">
                           <Position Top="0" Left="0" Width="0" Height="0" Fixed="False" FixAt="0" MaxItem="0"></Position>
                  <Font></Font>
                           <Preview EnableAudio="False" Top="0" Left="0" Width="0" Height="0" />
                  </Menu>
                  <InfoFont></InfoFont>
                  </Main>
         <ColorScheme >
                  <AMBIENT_FOGCOLOR></AMBIENT_FOGCOLOR>
                  <AMBIENT_SKYCOLOR></AMBIENT_SKYCOLOR>
                  <AMBIENT_CELLCOLOR></AMBIENT_CELLCOLOR>
                  <CAPTION_TEXTCOLOR></CAPTION_TEXTCOLOR>
                  <CAPTION_BACKCOLOR></CAPTION_BACKCOLOR>
                  <DIALOG_BORDERCOLOR></DIALOG_BORDERCOLOR>
                  <DIALOG_BACKCOLOR></DIALOG_BACKCOLOR>
                  <DIALOG_INNER_BORDERCOLOR></DIALOG_INNER_BORDERCOLOR>
                  <DIALOG_INNER_BACKCOLOR></DIALOG_INNER_BACKCOLOR>
                  <DIALOG_TEXTCOLOR></DIALOG_TEXTCOLOR>
                  <DIALOG_DISABLEDTEXT></DIALOG_DISABLEDTEXT>
                  <OPTION_TEXTCOLOR></OPTION_TEXTCOLOR>
                  <OPTION_ACTIVETEXTCOLOR></OPTION_ACTIVETEXTCOLOR>
                  <OPTION_ACTIVEBACKCOLOR></OPTION_ACTIVEBACKCOLOR>
                  <BUTTON_BORDERCOLOR></BUTTON_BORDERCOLOR>
                  <BUTTON_TEXTCOLOR></BUTTON_TEXTCOLOR>
                  <BUTTON_BACKCOLOR></BUTTON_BACKCOLOR>
                  <BUTTON_ACTIVETEXTCOLOR></BUTTON_ACTIVETEXTCOLOR>
                  <BUTTON_ACTIVEBACKCOLOR></BUTTON_ACTIVEBACKCOLOR>
                  <KB_KEYBG_HIGHLIGHT></KB_KEYBG_HIGHLIGHT>
                  <KB_KEYBG_DISABLED></KB_KEYBG_DISABLED>
                  <KB_KEY_PRESSED></KB_KEY_PRESSED>
                  <KB_KEY_NORMAL></KB_KEY_NORMAL>
                  <KB_KEY_DISABLED></KB_KEY_DISABLED>
                  <KB_KEY_ACTIVEBORDER></KB_KEY_ACTIVEBORDER>
                  <KB_KEY_TEXTCOLOR></KB_KEY_TEXTCOLOR>
                  <KB_KEY_TEXTBACKCOLOR></KB_KEY_TEXTBACKCOLOR>
                  <KB_KEY_TEXTBORDERCOLOR></KB_KEY_TEXTBORDERCOLOR>
                  <MENU_TEXTCOLOR>0xFFFF80FF</MENU_TEXTCOLOR>
                  <MENU_ACTIVETEXTCOLOR></MENU_ACTIVETEXTCOLOR>
                  <MENU_BORDERCOLOR></MENU_BORDERCOLOR>
                  <MENU_BACKCOLOR></MENU_BACKCOLOR>
                  <MENU_ACTIVEBACKCOLOR></MENU_ACTIVEBACKCOLOR>
                  <MENU_ACTIVEBORDERCOLOR></MENU_ACTIVEBORDERCOLOR>
         </ColorScheme>
</Skin>
