<Skin name="Aozora">
	<Information>
		<Author>JohnCrichton</Author>
		<Copyright>Copyright 2004</Copyright>
                <Version>1.0</Version>
	</Information>
<IntroMovie>"intro.wmv"</IntroMovie>
                <Main Globe="False" Orb="False">
		<BackGround EnableAudio="True">back.wmv</BackGround>

<Image Top="142" Left="204" Width="130" Height="70" Source="GameIcon" />
<Image Top="254" Left="204" Width="130" Height="70" Source="GameGamePreview" />
<Image Source="GamePreview"/>
<Preview EnableAudio="True"/>
<Menu Smooth="True" Align="middle" ShowIcon="False" Rotate="False" ShowArrows="False">
            <Preview EnableAudio="True" Top="254" Left="204" Width="130" Height="70" />
            <Position left="385" Top="135" Width="230" Height="160"/>
            <Font>text.xpr</Font>
<Preview Top="306" Left="414" Width="103" Height="77"/>
        </Menu>

<InfoFont>info.xpr</InfoFont>	
<Text Left="85" Top="30" Color="0xFF000000" Source="DVD: $Tray$"></Text>	
<Text Left="321" Top="30" Align="left" Color="0xff000000" Source="$Time$"></Text>
		<Text Left="75" Top="71" Width="265" Align="left" Scroll="2" Color="0xBBFFFFFF" Source="$Newsfeed$" />
<Text Left="135" Top="385" Align="left" Color="0xff000000" Source="C: $C_FreeMB$"></Text>
<Text Left="135" Top="400" Align="left" Color="0xff000000" Source="E: $E_FreeMB$"></Text>
<Text Left="135" Top="415" Align="left" Color="0xff000000" Source="F: $F_FreeMB$"></Text>
<Text Left="135" Top="430" Align="left" Color="0xff000000" Source="G: $G_FreeMB$"></text>

<Text Left="375" Top="385" Align="left" Color="0xff000000" Source="XBox: $NickName$"/>
<Text Left="375" Top="430" Align="left" Color="0xff000000" Source="IP"/>
<Text Left="375" Top="400" Align="left" Color="0xFF000000" Source="CPUTemp"></Text>
<Text Left="375" Top="415" Align="left" Color="0xFF000000" Source="MBTemp"></Text>

	</Main>
<LoadingScreen ShowInfo="False" EnableAudio="True">
		<BackGround EnableAudio="True">"Loading.wmv"</BackGround>
	</LoadingScreen>
	
	<ColorScheme>
			<AMBIENT_SKYCOLOR>0xFF5885B2</AMBIENT_SKYCOLOR>
			<AMBIENT_CELLCOLOR>0xFFD0F1E9</AMBIENT_CELLCOLOR>
			
			<CAPTION_TEXTCOLOR>0xffABDBF1</CAPTION_TEXTCOLOR>
			<CAPTION_BACKCOLOR>0xff3567A5</CAPTION_BACKCOLOR>
			
			<DIALOG_BORDERCOLOR>0xffABDBF1</DIALOG_BORDERCOLOR>
			
			<DIALOG_BACKCOLOR>0x003D85F1</DIALOG_BACKCOLOR>
			<DIALOG_INNER_BORDERCOLOR>0xffABDBF1</DIALOG_INNER_BORDERCOLOR>
			<DIALOG_INNER_BACKCOLOR>0xE13567A5</DIALOG_INNER_BACKCOLOR>
			<DIALOG_TEXTCOLOR>0xFF000000</DIALOG_TEXTCOLOR>
			<DIALOG_DISABLEDTEXT>0x003567A5</DIALOG_DISABLEDTEXT>
			
			<OPTION_TEXTCOLOR>0xFF000000</OPTION_TEXTCOLOR>
			<OPTION_ACTIVETEXTCOLOR>0x003567A5</OPTION_ACTIVETEXTCOLOR>
			<OPTION_ACTIVEBACKCOLOR>0xffABDBF1</OPTION_ACTIVEBACKCOLOR>
			
			<BUTTON_BORDERCOLOR>0xffABDBF1</BUTTON_BORDERCOLOR>
			<BUTTON_TEXTCOLOR>0xffABDBF1</BUTTON_TEXTCOLOR>
			<BUTTON_BACKCOLOR>0xff3567A5</BUTTON_BACKCOLOR>
			<BUTTON_ACTIVETEXTCOLOR>0xff3567A5</BUTTON_ACTIVETEXTCOLOR>
			<BUTTON_ACTIVEBACKCOLOR>0xffABDBF1</BUTTON_ACTIVEBACKCOLOR>
			
			<KB_KEYBG_HIGHLIGHT>0xccA1C5E1</KB_KEYBG_HIGHLIGHT>
			<KB_KEYBG_DISABLED>0xff3567A5</KB_KEYBG_DISABLED>
			<KB_KEY_PRESSED>0xccA1C5E1</KB_KEY_PRESSED>
			<KB_KEY_NORMAL>0xff3567A5</KB_KEY_NORMAL>
			<KB_KEY_DISABLED>0xff3567A5</KB_KEY_DISABLED>
			
			<KB_KEY_ACTIVEBORDER>0xffABDBF1</KB_KEY_ACTIVEBORDER>
			<KB_KEY_TEXTCOLOR>0xffABDBF1</KB_KEY_TEXTCOLOR>
			<KB_KEY_TEXTBACKCOLOR>0xff3567A5</KB_KEY_TEXTBACKCOLOR>
			<KB_KEY_TEXTBORDERCOLOR>0xff3567A5</KB_KEY_TEXTBORDERCOLOR>
			
			<MENU_TEXTCOLOR>0xFF000000</MENU_TEXTCOLOR>
			<MENU_ACTIVETEXTCOLOR>0xFF1E21AC</MENU_ACTIVETEXTCOLOR>
			<MENU_BORDERCOLOR>0x00000000</MENU_BORDERCOLOR>
			<MENU_BACKCOLOR>0xFF000fff</MENU_BACKCOLOR>
			

	</ColorScheme>
</Skin>