<Skin name="mc360">
	<Information>
		<Author>Jezz, Blackbolt and lots of people</Author>
		<Copyright>Copyright 2006 to whenever time stops</Copyright>
	 	<Version>1</Version>
	</Information>
	<Fonts>
		<Font Name="Common10">common-font10.xpr</Font>
		<Font Name="Common12">common-font12.xpr</Font>
		<Font Name="Common14">common-font14.xpr</Font>
		<Font Name="Common18">common-font18.xpr</Font>
		
	</Fonts>	
	<Main Globe="false" Orb="False" Fog="false">
		<Cellwall></Cellwall>
		<Orb></Orb>
		<Icon></Icon>
		<BackGround>mc360back.wmv</BackGround>
		
		<Menu Scroll="True" Smooth="False" Align="left" Rotate="false" ShowIcon="false" ShowArrows="false">
		<Position left="85" top="183" width="215" Height="150" Fixed="True" FixAt="2"></Position>
		<Preview EnableAudio="False" Left="25" Top="0" Width="572" Height="480"/>
		<Font>Common14</Font>
		</Menu>
		
		
		<Image Left="0" Top="0" zIndex="2">BG_Main.png</Image> 
		<Image Left="368" Top="201" Width="126" Height="114" zIndex="3" Source="GameIcon" />
		<Image Left="90" Top="423" Width="20" Height="20" zIndex="3" >button-Y.png</Image>
		<Image Left="80" Top="448" Width="20" Height="20" zIndex="3" >button-White.png</Image>
		<Image Left="500" Top="423" Width="20" Height="20" zIndex="3" >button-B.png</Image>
		<Image Left="510" Top="448" Width="20" Height="20" zIndex="3" >button-A.png</Image>
		<Image Left="91" Top="114" Width="44" Height="41" zIndex="3" Source="AlbumArt"/>
		<Image zIndex="1" Source="GamePreview"/>
		
		<InfoFont>Common10</InfoFont>    
                  <Text Top="87" Left="90" Align="Left" Width="200" Scroll="0" Color="0xFF000000" Font="Common12" ScaleX="100" ScaleY="100" zIndex="3" Source="Now Playing"></Text>  		
                  <Text Top="110" Left="147" Align="Left" Width="145" Scroll="1" Color="0xFF000000" Font="Common10" ScaleX="100" ScaleY="100" zIndex="3" Source="SoundTrack"></Text>  		
                  <Text Top="125" Left="147" Align="Left" Width="145" Scroll="1" Color="0xFF000000" Font="Common12" ScaleX="100" ScaleY="100" zIndex="3" Source="SongName"></Text>  		
                  <Text Top="142" Left="147" Align="Left" Width="145" Scroll="0" Color="0xFF000000" Font="Common12" ScaleX="100" ScaleY="100" zIndex="3" Source="SongTime"></Text>  		

                  <Text Top="425" Left="120" Align="Left" Width="200" Scroll="0" Color="0xFFFFFFFF" Font="Common12" ScaleX="100" ScaleY="100" zIndex="3" Source="System Info"></Text>  		
                  <Text Top="425" Left="290" Align="Right" Width="200" Scroll="0" Color="0xFFFFFFFF" Font="Common12" ScaleX="100" ScaleY="100" zIndex="3" Source="Back"></Text>  		
                  <Text Top="450" Left="110" Align="Left" Width="200" Scroll="0" Color="0xFFFFFFFF" Font="Common12" ScaleX="100" ScaleY="100" zIndex="3" Source="Media"></Text>  		
                  <Text Top="450" Left="300" Align="Right" Width="200" Scroll="0" Color="0xFFFFFFFF" Font="Common12" ScaleX="100" ScaleY="100" zIndex="3" Source="Select"></Text>  		
                  <Text Top="30" Left="80" Align="Left" Width="200" Scroll="0" Color="0xFFFFFFFF" Font="Common18" ScaleX="100" ScaleY="100" zIndex="3" Source="Games"></Text>  		
                  <Text Top="363" Left="145" Align="Left" Width="400" Scroll="1" Color="0xFF000000" Font="Common14" ScaleX="100" ScaleY="100" zIndex="3" Source="DVDTitle"></Text>  		
         </Main>

	<IntroMovie></IntroMovie>
        <FileManager SafeBorder="true">
		<BackGround>filemanager.png</BackGround>
		
	</FileManager>
	
	<LoadingScreen ShowInfo="False">
		<BackGround>wait.png</BackGround>
	</LoadingScreen>
	
	<MusicPlayer Top="1" Left="1" Width="640" Height="480" Relative="True">
		<BackGround>MP_Back.png</BackGround>
		<Image Left="170" Top="255" Width="100" Height="100" zIndex="2" >defaultalbumcover.png</Image>
		<Image Left="135" Top="230" Width="170" Height="150" zIndex="2" Source="AlbumArt"/>
		<Image Left="125" Top="423" Width="20" Height="20" zIndex="1" >button-Y-turnedoff.png</Image>
		<Image Left="115" Top="448" Width="20" Height="20" zIndex="1" >button-Start.png</Image>
		<Image Left="535" Top="423" Width="20" Height="20" zIndex="1" >button-B.png</Image>
		<Image Left="545" Top="448" Width="20" Height="20" zIndex="1" >button-A.png</Image>
		<Image Left="325" Top="420" Width="40" Height="40" zIndex="1" >Thumb_Stick.png</Image>
		<Image Left="122" Top="366" zIndex="2" >mp_triggers.png</Image>
		
		<ButtonMap>mp_Buttons.png</ButtonMap>	
		<Element Type="Prev" Left="114" Top="102" Width="45" Height="30"/>
		<Element Type="Stop" Left="155" Top="102" Width="45" Height="30"/>
		<Element Type="Play" Left="196" Top="102" Width="45" Height="30"/>
		<Element Type="Pause" Left="237" Top="102" Width="45" Height="30"/>
		<Element Type="Next" Left="278" Top="102" Width="45" Height="30"/>
		<Element Type="Mute" Left="115" Top="140" Width="56" Height="16"/>
		<Element Type="Random" Left="210" Top=140" Width="56" Height="16"/>
		
		<Element Type="Meter" Left="130" Top="235" Width="180" Height="140" zIndex="1" Relative="True"/>
<!--		<Element Type="Volume" Left="125" Top="362" Width="190" Height="14" Direction="right" zIndex="1"/>
-->		<Element Type="Progress" Left="125" Top="213" Width="150" Height="14" Direction="right" zIndex="1"/>


                <Text Top="30" Left="105" Align="Left" Width="200" Scroll="0" Color="0xFFFFFFFF" Font="Common18" ScaleX="100" ScaleY="100" zIndex="1" Source="Media"></Text>  		
		<Text Left="160" Top="142" Width="80" Height="15" Color="0xFF000000" Source="Mute" Font="Common10" Align="left" ScaleX="100" ScaleY="100" zIndex="1" />
		<Text Left="250" Top="142" Width="80" Height="15" Color="0xFF000000" Source="Random" Font="Common10" Align="left" ScaleX="100" ScaleY="100" zIndex="1" />
                <Text Top="425" Left="155" Align="Left" Width="200" Scroll="0" Color="0xFFFFFFFF" Font="Common12" ScaleX="100" ScaleY="100" zIndex="1" Source=""></Text>  		
                <Text Top="425" Left="325" Align="Right" Width="200" Scroll="0" Color="0xFFFFFFFF" Font="Common12" ScaleX="100" ScaleY="100" zIndex="1" Source="Back"></Text>  		
                <Text Top="450" Left="145" Align="Left" Width="200" Scroll="0" Color="0xFFFFFFFF" Font="Common12" ScaleX="100" ScaleY="100" zIndex="1" Source="Options"></Text>  		
                <Text Top="450" Left="335" Align="Right" Width="200" Scroll="0" Color="0xFFFFFFFF" Font="Common12" ScaleX="100" ScaleY="100" zIndex="1" Source="Select"></Text>  		
                <Text Top="459" Left="300" Align="Left" Width="100" Scroll="0" Color="0xFFFFFFFF" Font="Common10" ScaleX="100" ScaleY="100" zIndex="1" Source="Toggle Playlist"></Text>  		



		<Text Left="125" Top="174" Width="185" Height="30" Scroll="1" Color="0xFF989898" Source="SoundTrack" Font="Common10" Align="left" ScaleX="100" ScaleY="100" zIndex="1" />
		<Text Left="125" Top="192" Width="185" Height="30" Scroll="1" Color="0xFFFFFFFF" Source="SongName" Font="Common12" Align="left" ScaleX="100" ScaleY="100" zIndex="1" />
		<Text Left="315" Top="212" Height="30" Color="0xFF989898" Source="$SongTime$" Font="Common10" Align="right" ScaleX="100" ScaleY="100" zIndex="1" />

		<Playlist Top="1" Left="130" Width="640" Height="480" OffsetX="160" OffsetY="95">
			<BackGround>Playlist.png</BackGround>
		</Playlist>
		<Dialog OffsetX="10" OffsetX2="10" OffsetY="10" OffsetY2="10">
			<BackGround>MP_Dialog.png</BackGround>
		</Dialog>
	</MusicPlayer>

	<ColorScheme Name="Default">
	        <AMBIENT_FOGCOLOR>0xFF000000</AMBIENT_FOGCOLOR>
	        <AMBIENT_SKYCOLOR>0xFF000000</AMBIENT_SKYCOLOR>
	        <AMBIENT_CELLCOLOR>0xFFE4E4E4</AMBIENT_CELLCOLOR>

	        <CAPTION_TEXTCOLOR>0xFFFFFFFF</CAPTION_TEXTCOLOR>
	        <CAPTION_BACKCOLOR>0x005B5B5B</CAPTION_BACKCOLOR>

                <DIALOG_BORDERCOLOR>0xAAFFFFFF</DIALOG_BORDERCOLOR>
                <DIALOG_BACKCOLOR>0xFF5b4f77</DIALOG_BACKCOLOR>
                <DIALOG_INNER_BORDERCOLOR>0xAAFFFFFF</DIALOG_INNER_BORDERCOLOR>
                <DIALOG_INNER_BACKCOLOR>0xFF7f68b4</DIALOG_INNER_BACKCOLOR>
	        <DIALOG_TEXTCOLOR>0xFFf6f6f6</DIALOG_TEXTCOLOR>
	        <DIALOG_DISABLEDTEXT>0xFF404040</DIALOG_DISABLEDTEXT>

	        <OPTION_TEXTCOLOR>0xFFf6f6f6</OPTION_TEXTCOLOR>
	        <OPTION_ACTIVETEXTCOLOR>0xFF322a44</OPTION_ACTIVETEXTCOLOR>
	        <OPTION_ACTIVEBACKCOLOR>0x55c8b9e0</OPTION_ACTIVEBACKCOLOR>

	        <BUTTON_BORDERCOLOR>0xFFBFBFBF</BUTTON_BORDERCOLOR>
	        <BUTTON_TEXTCOLOR>0xFFAAAAAA</BUTTON_TEXTCOLOR>
	        <BUTTON_BACKCOLOR>0xFF5b4f77</BUTTON_BACKCOLOR>
	        <BUTTON_ACTIVETEXTCOLOR>0xFFFFFFFF</BUTTON_ACTIVETEXTCOLOR>
	        <BUTTON_ACTIVEBACKCOLOR>0xFF7f68b4</BUTTON_ACTIVEBACKCOLOR>

	        <KB_KEYBG_HIGHLIGHT>0xFF5b4f77</KB_KEYBG_HIGHLIGHT>
	        <KB_KEYBG_DISABLED>0xFFC0C0C0</KB_KEYBG_DISABLED>
	        <KB_KEY_PRESSED>0xFFF8F8F8</KB_KEY_PRESSED>
	        <KB_KEY_NORMAL>0xFF000000</KB_KEY_NORMAL>
	        <KB_KEY_DISABLED>0x74000000</KB_KEY_DISABLED>
	        <KB_KEY_ACTIVEBORDER>0xFF000000</KB_KEY_ACTIVEBORDER>
	        <KB_KEY_TEXTCOLOR>0xFF000000</KB_KEY_TEXTCOLOR>
	        <KB_KEY_TEXTBACKCOLOR>0xFFD0D0D0</KB_KEY_TEXTBACKCOLOR>
	        <KB_KEY_TEXTBORDERCOLOR>0xFFFFFFFF</KB_KEY_TEXTBORDERCOLOR>

		<MENU_TEXTCOLOR>0xFF000000</MENU_TEXTCOLOR>
		<MENU_ACTIVETEXTCOLOR>0xFF000000</MENU_ACTIVETEXTCOLOR>
		<MENU_BORDERCOLOR>0x00000000</MENU_BORDERCOLOR>
		<MENU_BACKCOLOR>0x00000000</MENU_BACKCOLOR>
		<MENU_ACTIVEBACKCOLOR>0x00000000</MENU_ACTIVEBACKCOLOR>
		<MENU_ACTIVEBORDERCOLOR>0x00000000</MENU_ACTIVEBORDERCOLOR>

		<MMActiveForeColor>0xAAFFFFFF</MMActiveForeColor>
		<MMForeColor>0xFF000000</MMForeColor>
		<MMOffForeColor>0xFF000000</MMOffForeColor>
		<MMDarkBarColor>0xAA2f66a6</MMDarkBarColor>
		<MMLightBarColor>0xAA47a9cd</MMLightBarColor>
		<MMDarkBackColor>0xAA424141</MMDarkBackColor>
		<MMBorderColor>0xFF404040</MMBorderColor>
		<MMLightBackColor >0x99424141</MMLightBackColor >

		<WindowBackCOLOR>0xFF000000</WindowBackCOLOR>
		<WindowForeCOLOR>0xFFFFFFFF</WindowForeCOLOR>
	</ColorScheme>
</Skin>














