<Skin name="Blue Rupture">
         <Information>
                  <Author>puddwakkr</Author>
                  <Copyright>nope</Copyright>
                  <Version>1.0 created with ReleashED</Version>
         </Information>
         <IntroMovie></IntroMovie>
         <FileManager>
                  <BackGround>filemanager.png</BackGround>
         </FileManager>
         <LoadingScreen ShowInfo="False">
                  <BackGround>loadscreen.png</BackGround>
         </LoadingScreen>
         <Main Globe="True" Orb="False" Fog="False">
                  <BackGround EnableAudio="False">menu.png</BackGround>
                  <Cellwall>cellwall.png</Cellwall>
                  <Orb></Orb>
                  <Icon></Icon>
                  <Menu Smooth="True" Align="Left" ShowArrows="False" ShowIcon="False" Rotate="False">
			<ItemPos Left="118" Top="117" Width="201" ></ItemPos>
			<ItemPos Left="97" Top="164" Width="201"></ItemPos>
			<ItemPos Left="84" Top="211" Width="201"></ItemPos>
			<ItemPos Left="95" Top="261" Width="201"></ItemPos>
			<ItemPos Left="111" Top="311" Width="201"></ItemPos>			
                  	<Font>Nasalization_14.xpr</Font>
                        <Preview EnableAudio="True" Top="115" Left="333" Width="307" Height="245" />
                  </Menu>
                  <InfoFont></InfoFont>
                  <Image Source="GamePreview" />
                  <Image Top="0" Left="0" Width="640" Height="480" Opacity="0">overlay.png</Image>
                  </Main>
         <ColorScheme >
                  <AMBIENT_FOGCOLOR>0xFF0F1431</AMBIENT_FOGCOLOR>
                  <AMBIENT_SKYCOLOR></AMBIENT_SKYCOLOR>
                  <AMBIENT_CELLCOLOR></AMBIENT_CELLCOLOR>
                  <CAPTION_TEXTCOLOR></CAPTION_TEXTCOLOR>
                  <CAPTION_BACKCOLOR></CAPTION_BACKCOLOR>
                  <DIALOG_BORDERCOLOR></DIALOG_BORDERCOLOR>
                  <DIALOG_BACKCOLOR></DIALOG_BACKCOLOR>
                  <DIALOG_INNER_BORDERCOLOR></DIALOG_INNER_BORDERCOLOR>
                  <DIALOG_INNER_BACKCOLOR></DIALOG_INNER_BACKCOLOR>
                  <DIALOG_TEXTCOLOR></DIALOG_TEXTCOLOR>
                  <DIALOG_DISABLEDTEXT></DIALOG_DISABLEDTEXT>
                  <OPTION_TEXTCOLOR></OPTION_TEXTCOLOR>
                  <OPTION_ACTIVETEXTCOLOR></OPTION_ACTIVETEXTCOLOR>
                  <OPTION_ACTIVEBACKCOLOR></OPTION_ACTIVEBACKCOLOR>
                  <BUTTON_BORDERCOLOR></BUTTON_BORDERCOLOR>
                  <BUTTON_TEXTCOLOR></BUTTON_TEXTCOLOR>
                  <BUTTON_BACKCOLOR></BUTTON_BACKCOLOR>
                  <BUTTON_ACTIVETEXTCOLOR></BUTTON_ACTIVETEXTCOLOR>
                  <BUTTON_ACTIVEBACKCOLOR></BUTTON_ACTIVEBACKCOLOR>
                  <KB_KEYBG_HIGHLIGHT></KB_KEYBG_HIGHLIGHT>
                  <KB_KEYBG_DISABLED></KB_KEYBG_DISABLED>
                  <KB_KEY_PRESSED></KB_KEY_PRESSED>
                  <KB_KEY_NORMAL></KB_KEY_NORMAL>
                  <KB_KEY_DISABLED></KB_KEY_DISABLED>
                  <KB_KEY_ACTIVEBORDER></KB_KEY_ACTIVEBORDER>
                  <KB_KEY_TEXTCOLOR></KB_KEY_TEXTCOLOR>
                  <KB_KEY_TEXTBACKCOLOR></KB_KEY_TEXTBACKCOLOR>
                  <KB_KEY_TEXTBORDERCOLOR></KB_KEY_TEXTBORDERCOLOR>
                  <MENU_TEXTCOLOR>0xFF515151</MENU_TEXTCOLOR>
                  <MENU_ACTIVETEXTCOLOR>0xFF0F1431</MENU_ACTIVETEXTCOLOR>
                  <MENU_BORDERCOLOR></MENU_BORDERCOLOR>
                  <MENU_BACKCOLOR></MENU_BACKCOLOR>
                  <MENU_ACTIVEBACKCOLOR></MENU_ACTIVEBACKCOLOR>
                  <MENU_ACTIVEBORDERCOLOR></MENU_ACTIVEBORDERCOLOR>
         </ColorScheme>
</Skin>




