﻿<Skin name="Adriana Sklenarikova">
    <Information>
        <Author>Michael Johnson</Author>
        <Version>1</Version>
        <Copyright>2005</Copyright>
        <Skinner Name="UX Architect" Version="1.0c" />
    </Information>
    <Filemanager SafeBorder="False">
        <Background>01.jpg</Background>
    </Filemanager>    
    <LoadingScreen ShowInfo="False">
        <Background>02.jpg</Background>
    </LoadingScreen>
    <Main Globe="False" Orb="False" Fog="False">
        <Background EnableAudio="False">0.jpg</Background>
        <InfoFont>Square-12.xpr</InfoFont>
        <Text Top="80" Left="25" Width="200" Scroll="0" Color="0xFF000000" Source="SongTime" Align="Left" />
        <Text Top="55" Left="25" Width="325" Scroll="0" Color="0xFF000000" Source="SongName" Align="Left" />
        <Text Top="30" Left="25" Width="325" Scroll="0" Color="0xFF000000" Source="DateTime" Align="Left" />
        <Image Top="360" Left="25" Width="96" Height="96" Source="GameIcon" />
        <Menu Align="Left" ShowIcon="False" ShowArrows="False">
            <ItemPos Top="160" Left="25" Width="325"></ItemPos>
            <ItemPos Top="200" Left="25" Width="325"></ItemPos>
            <ItemPos Top="240" Left="25" Width="325"></ItemPos>
            <ItemPos Top="280" Left="25" Width="325"></ItemPos>
            <ItemPos Top="320" Left="25" Width="325"></ItemPos>
            <Font>Square-12.xpr</Font>
        </Menu>
        <ColorScheme>
            <AMBIENT_FOGCOLOR>#000066</AMBIENT_FOGCOLOR>
            <AMBIENT_SKYCOLOR>#000066</AMBIENT_SKYCOLOR>
            <AMBIENT_CELLCOLOR>#000066</AMBIENT_CELLCOLOR>
            <CAPTION_TEXTCOLOR>#000066</CAPTION_TEXTCOLOR>
            <CAPTION_BACKCOLOR>#000066</CAPTION_BACKCOLOR>
            <DIALOG_BORDERCOLOR>#000066</DIALOG_BORDERCOLOR>
            <DIALOG_BACKCOLOR>#000066</DIALOG_BACKCOLOR>
            <DIALOG_INNER_BORDERCOLOR>#000066 </DIALOG_INNER_BORDERCOLOR>
            <DIALOG_INNER_BACKCOLOR>#000066</DIALOG_INNER_BACKCOLOR>
            <DIALOG_TEXTCOLOR>#000066</DIALOG_TEXTCOLOR>
            <DIALOG_DISABLEDTEXT>#000066</DIALOG_DISABLEDTEXT>
            <OPTION_TEXTCOLOR>#000066 </OPTION_TEXTCOLOR>
            <OPTION_ACTIVETEXTCOLOR>#000066</OPTION_ACTIVETEXTCOLOR>
            <OPTION_ACTIVEBACKCOLOR>#000066</OPTION_ACTIVEBACKCOLOR>
            <BUTTON_BORDERCOLOR>#000066</BUTTON_BORDERCOLOR>
            <BUTTON_TEXTCOLOR>#000066</BUTTON_TEXTCOLOR>
            <BUTTON_BACKCOLOR>#000066</BUTTON_BACKCOLOR>
            <BUTTON_ACTIVETEXTCOLOR>#000066</BUTTON_ACTIVETEXTCOLOR>
            <BUTTON_ACTIVEBACKCOLOR>#000066</BUTTON_ACTIVEBACKCOLOR>
            <KB_KEYBG_HIGHLIGHT>#990000</KB_KEYBG_HIGHLIGHT>
            <KB_KEYBG_DISABLED>#990000</KB_KEYBG_DISABLED>
            <KB_KEY_PRESSED>#990000</KB_KEY_PRESSED>
            <KB_KEY_NORMAL>#990000</KB_KEY_NORMAL>
            <KB_KEY_DISABLED>#990000</KB_KEY_DISABLED>
            <KB_KEY_ACTIVEBORDER>#990000</KB_KEY_ACTIVEBORDER>
            <KB_KEY_TEXTCOLOR>#990000</KB_KEY_TEXTCOLOR>
            <KB_KEY_TEXTBACKCOLOR>#990000</KB_KEY_TEXTBACKCOLOR>
            <KB_KEY_TEXTBORDERCOLOR>#990000</KB_KEY_TEXTBORDERCOLOR>
            <MENU_TEXTCOLOR>#990000</MENU_TEXTCOLOR>
            <MENU_ACTIVETEXTCOLOR>#990000</MENU_ACTIVETEXTCOLOR>
        </ColorScheme>
    </Main>
</Skin>