﻿<Skin name="UnleashX Ronaldinho Edition">
    <Information>
        <Author>§Tattoo§</Author>
        <Version>10</Version>
        <Copyright>2005</Copyright>
        <Skinner Name="UX Architect" Version="1.0c" />
    </Information>
    <IntroMovie>Intro.wmv</IntroMovie>
    <Filemanager SafeBorder="False">
        <Background>Explorer.jpg</Background>
    </Filemanager>
    <LoadingScreen ShowInfo="False">
        <Background>Loading.wmv</Background>
    </LoadingScreen>
    <Main Globe="False" Orb="False" Fog="False">
        <Background EnableAudio="False">back.wmv</Background>
        <InfoFont>Square-10.xpr</InfoFont>
        <Text Top="424" Left="226" Width="200" Scroll="0" Color="0xFFFFFF00" Source="F_FreeMB" Align="Left" />
        <Text Top="406" Left="226" Width="200" Scroll="0" Color="0xFFFFFF00" Source="C_FreeMB" Align="Left" />
        <Text Top="36" Left="234" Width="200" Scroll="0" Color="0xFFFFFF00" Source="$Time$" Align="Left" />
        <Text Top="353" Left="226" Width="191" Scroll="0" Color="0xFFFFFF00" Source="IP" Align="Left" />
        <Text Top="371" Left="226" Width="196" Scroll="0" Color="0xFFFFFF00" Source="CPUTempC" Align="Left" />
        <Text Top="388" Left="226" Width="200" Scroll="0" Color="0xFFFFFF00" Source="MBTempC" Align="Left" />
        <Text Top="337" Left="514" Width="82" Scroll="0" Color="0xFFFFFF00" Source="Tray" Align="Left" />
        <Image Top="0" Left="0" Width="640" Height="480" Opacity="100">Ronaldinho.png</Image>
        <Image Top="380" Left="465" Width="64" Height="59" Source="GameIcon" />
        <Image Source="GamePreview" />
        <Menu Smooth="True" Align="Middle" ShowIcon="False" ShowArrows="False">
            <Preview EnableAudio="True" Top="380" Left="532" Width="65" Height="59" />
            <Position Top="147" Left="350" Width="251" Height="131" Fixed="True" FixAt="2" MaxItem="4" />
            <Font>39Smooth-14.xpr</Font>
        </Menu>
        <ColorScheme>
            <AMBIENT_FOGCOLOR>0x00FFFFFF</AMBIENT_FOGCOLOR>
            <AMBIENT_SKYCOLOR>0x0000000F</AMBIENT_SKYCOLOR>
            <AMBIENT_CELLCOLOR>0x0000C000</AMBIENT_CELLCOLOR>
            <CAPTION_TEXTCOLOR>0xC8FFFF00</CAPTION_TEXTCOLOR>
            <CAPTION_BACKCOLOR>0x64008000</CAPTION_BACKCOLOR>
            <DIALOG_BORDERCOLOR>0xFF004000</DIALOG_BORDERCOLOR>
            <DIALOG_BACKCOLOR>0x64008000</DIALOG_BACKCOLOR>
            <DIALOG_INNER_BORDERCOLOR>0xC8000000</DIALOG_INNER_BORDERCOLOR>
            <DIALOG_INNER_BACKCOLOR>0x5A808080</DIALOG_INNER_BACKCOLOR>
            <DIALOG_TEXTCOLOR>0xFFFFFFFF</DIALOG_TEXTCOLOR>
            <DIALOG_DISABLEDTEXT>0xFFB3B3B4</DIALOG_DISABLEDTEXT>
            <OPTION_TEXTCOLOR>0xFFFFFFFF</OPTION_TEXTCOLOR>
            <OPTION_ACTIVETEXTCOLOR>0xFFFFFF00</OPTION_ACTIVETEXTCOLOR>
            <OPTION_ACTIVEBACKCOLOR>0x5000FF00</OPTION_ACTIVEBACKCOLOR>
            <BUTTON_BORDERCOLOR>0xC8000000</BUTTON_BORDERCOLOR>
            <BUTTON_TEXTCOLOR>0xFFFFFF00</BUTTON_TEXTCOLOR>
            <BUTTON_BACKCOLOR>0xFF008000</BUTTON_BACKCOLOR>
            <BUTTON_ACTIVETEXTCOLOR>0xFFFFFF00</BUTTON_ACTIVETEXTCOLOR>
            <BUTTON_ACTIVEBACKCOLOR>0xFF008000</BUTTON_ACTIVEBACKCOLOR>
            <KB_KEYBG_HIGHLIGHT>0x96008000</KB_KEYBG_HIGHLIGHT>
            <KB_KEYBG_DISABLED>0x14C0C0C0</KB_KEYBG_DISABLED>
            <KB_KEY_PRESSED>0xFF008000</KB_KEY_PRESSED>
            <KB_KEY_NORMAL>0xFF000000</KB_KEY_NORMAL>
            <KB_KEY_DISABLED>0xC8C0C0C0</KB_KEY_DISABLED>
            <KB_KEY_ACTIVEBORDER>0xFF00FF00</KB_KEY_ACTIVEBORDER>
            <KB_KEY_TEXTCOLOR>0xFF004000</KB_KEY_TEXTCOLOR>
            <KB_KEY_TEXTBACKCOLOR>0x64FFFF80</KB_KEY_TEXTBACKCOLOR>
            <KB_KEY_TEXTBORDERCOLOR>0x78008000</KB_KEY_TEXTBORDERCOLOR>
            <MENU_TEXTCOLOR>0xFFFFFFFF</MENU_TEXTCOLOR>
            <MENU_ACTIVETEXTCOLOR>0xFFFFFF00</MENU_ACTIVETEXTCOLOR>
            <MENU_ACTIVEBORDERCOLOR>0x7DFFFF00</MENU_ACTIVEBORDERCOLOR>
        </ColorScheme>
    </Main>
</Skin>