﻿<Skin name="Mist in Green">
    <Information>
        <Author>Xaerin</Author>
        <Version>1</Version>
        <Copyright>2004</Copyright>
        <Skinner Name="UX Architect" Version="1.0c" />
    </Information>
    <Filemanager SafeBorder="False" DrawBorder="True">
        <Background>filemanager.jpg</Background>
    </Filemanager>
    <LoadingScreen ShowInfo="False">
        <Background>loading.jpg</Background>
    </LoadingScreen>
    <Main Globe="False" Orb="False" Fog="False">
        <Background EnableAudio="False">migbg.jpg</Background>
        <InfoFont>Trebuchet-14.xpr</InfoFont>
        <Image Source="GamePreview" />
        <Image Top="146" Left="371" Width="256" Height="196" Opacity="100">previdborders.png</Image>
        <Menu Align="Middle" ShowIcon="True" ShowArrows="False">
            <Preview EnableAudio="True" Top="154" Left="385" Width="229" Height="183" />
            <Position Top="100" Left="41" Width="290" Height="332" Fixed="False" FixAt="2" MaxItem="4" />
            <Font>Trebuchet-14.xpr</Font>
        </Menu>
        <ColorScheme>
            <AMBIENT_FOGCOLOR>0x00FFFFFF</AMBIENT_FOGCOLOR>
            <AMBIENT_SKYCOLOR>0x0000000F</AMBIENT_SKYCOLOR>
            <AMBIENT_CELLCOLOR>0x0000C000</AMBIENT_CELLCOLOR>
            <CAPTION_TEXTCOLOR>0xFFFFFFFF</CAPTION_TEXTCOLOR>
            <CAPTION_BACKCOLOR>0x00004000</CAPTION_BACKCOLOR>
            <DIALOG_BORDERCOLOR>0xFF004000</DIALOG_BORDERCOLOR>
            <DIALOG_BACKCOLOR>0xC867CE00</DIALOG_BACKCOLOR>
            <DIALOG_INNER_BORDERCOLOR>0xC8004000</DIALOG_INNER_BORDERCOLOR>
            <DIALOG_INNER_BACKCOLOR>0xB480FF00</DIALOG_INNER_BACKCOLOR>
            <DIALOG_TEXTCOLOR>0xFF004000</DIALOG_TEXTCOLOR>
            <DIALOG_DISABLEDTEXT>0xFF808080</DIALOG_DISABLEDTEXT>
            <OPTION_TEXTCOLOR>0xFF004000</OPTION_TEXTCOLOR>
            <OPTION_ACTIVETEXTCOLOR>0xFF000000</OPTION_ACTIVETEXTCOLOR>
            <OPTION_ACTIVEBACKCOLOR>0x50004000</OPTION_ACTIVEBACKCOLOR>
            <BUTTON_BORDERCOLOR>0xFF004A00</BUTTON_BORDERCOLOR>
            <BUTTON_TEXTCOLOR>0xFFC0C0C0</BUTTON_TEXTCOLOR>
            <BUTTON_BACKCOLOR>0xFF004000</BUTTON_BACKCOLOR>
            <BUTTON_ACTIVETEXTCOLOR>0xFFFFFFFF</BUTTON_ACTIVETEXTCOLOR>
            <BUTTON_ACTIVEBACKCOLOR>0xFF006200</BUTTON_ACTIVEBACKCOLOR>
            <KB_KEYBG_HIGHLIGHT>0xFF008000</KB_KEYBG_HIGHLIGHT>
            <KB_KEYBG_DISABLED>0xFF000000</KB_KEYBG_DISABLED>
            <KB_KEY_PRESSED>0xFF008000</KB_KEY_PRESSED>
            <KB_KEY_NORMAL>0xFF000000</KB_KEY_NORMAL>
            <KB_KEY_DISABLED>0xFF808080</KB_KEY_DISABLED>
            <KB_KEY_ACTIVEBORDER>0xFF000000</KB_KEY_ACTIVEBORDER>
            <KB_KEY_TEXTCOLOR>0xFF000000</KB_KEY_TEXTCOLOR>
            <KB_KEY_TEXTBACKCOLOR>0xFFFFFFFF</KB_KEY_TEXTBACKCOLOR>
            <KB_KEY_TEXTBORDERCOLOR>0x000000FF</KB_KEY_TEXTBORDERCOLOR>
            <MENU_TEXTCOLOR>0xFF008000</MENU_TEXTCOLOR>
            <MENU_ACTIVETEXTCOLOR>0xFFFFFFFF</MENU_ACTIVETEXTCOLOR>
            <MENU_ACTIVEBACKCOLOR>0xFF008000</MENU_ACTIVEBACKCOLOR>
        </ColorScheme>
    </Main>
</Skin>