﻿<Skin name="YuYu Hakusho">
    <Information>
        <Author>YuYu</Author>
        <Version>1</Version>
        <Copyright>2004</Copyright>
        <Skinner Name="UX Architect" />
    </Information>
    <IntroMovie>Intro.xmv</IntroMovie>
    <Main Globe="False" Orb="False" Fog="False">
        <Background EnableAudio="False">BG.png</Background>
        <InfoFont>Square-10.xpr</InfoFont>
        <Text Top="308" Left="250" Width="200" Scroll="0" Color="0xFF000000" Source="SongName" Align="Right" />
        <Text Top="324" Left="250" Width="200" Scroll="0" Color="0xFF000000" Source="SoundTrack" Align="Right" />
        <Text Top="65" Left="432" Width="200" Scroll="0" Color="0xFF000000" Source="IP" Align="Left" />
        <Text Top="121" Left="432" Width="200" Scroll="0" Color="0xFF000000" Source="DateTime" Align="Left" />
        <Text Top="105" Left="5" Width="200" Scroll="0" Color="0xFF000000" Source="CPUTemp" Align="Left" />
        <Text Top="121" Left="6" Width="200" Scroll="0" Color="0xFF000000" Source="MBTemp" Align="Left" />
        <Text Top="82" Left="7" Width="200" Scroll="0" Color="0xFF000000" Source="F_Free" Align="Left" />
        <Text Top="65" Left="7" Width="200" Scroll="0" Color="0xFF000000" Source="C_Free" Align="Left" />
        <Text Top="164" Left="60" Width="425" Scroll="0" Color="0xFFFFFFFF" Source="Newsfeed" Align="Middle" />
        <Text Top="144" Left="173" Width="200" Scroll="0" Color="0xFFFFFFFF" Source="NewsSource" Align="Middle" />
        <Text Top="105" Left="431" Width="200" Scroll="0" Color="0xFF000000" Source="NickName" Align="Left" />
        <Image Source="GamePreview" />
        <Menu Smooth="True" Align="Left" ShowIcon="False" Rotate="True" Horizontal="True">
            <Preview EnableAudio="False" Top="198" Left="31" Width="210" Height="106"/>
            <Position Top="383" Left="238" Width="300" Height="20"/>
            <Font>Square-10.xpr</Font>
        </Menu>
        <ColorScheme>
            <AMBIENT_FOGCOLOR>0xFFFFFFFF</AMBIENT_FOGCOLOR>
            <AMBIENT_SKYCOLOR>0xFF00000F</AMBIENT_SKYCOLOR>
            <AMBIENT_CELLCOLOR>0x7800C000</AMBIENT_CELLCOLOR>
            <CAPTION_TEXTCOLOR>0xFFC0C0C0</CAPTION_TEXTCOLOR>
            <CAPTION_BACKCOLOR>0xFF000000</CAPTION_BACKCOLOR>
            <DIALOG_BORDERCOLOR>0xFFFFFFFF</DIALOG_BORDERCOLOR>
            <DIALOG_BACKCOLOR>0xD1FF0000</DIALOG_BACKCOLOR>
            <DIALOG_INNER_BORDERCOLOR>0xFFFFFFFF</DIALOG_INNER_BORDERCOLOR>
            <DIALOG_INNER_BACKCOLOR>0xFF000000</DIALOG_INNER_BACKCOLOR>
            <DIALOG_TEXTCOLOR>0xFFFFFFFF</DIALOG_TEXTCOLOR>
            <DIALOG_DISABLEDTEXT>0xFFB3B3B4</DIALOG_DISABLEDTEXT>
            <OPTION_TEXTCOLOR>0xFFFFFFFF</OPTION_TEXTCOLOR>
            <OPTION_ACTIVETEXTCOLOR>0xFFFFFFFF</OPTION_ACTIVETEXTCOLOR>
            <OPTION_ACTIVEBACKCOLOR>0xFFFF0000</OPTION_ACTIVEBACKCOLOR>
            <BUTTON_BORDERCOLOR>0xFFFFFFFF</BUTTON_BORDERCOLOR>
            <BUTTON_TEXTCOLOR>0xFFFFFFFF</BUTTON_TEXTCOLOR>
            <BUTTON_BACKCOLOR>0xFFFF0000</BUTTON_BACKCOLOR>
            <BUTTON_ACTIVETEXTCOLOR>0xFFFFFFFF</BUTTON_ACTIVETEXTCOLOR>
            <BUTTON_ACTIVEBACKCOLOR>0xFFC0C0C0</BUTTON_ACTIVEBACKCOLOR>
            <KB_KEYBG_HIGHLIGHT>0xFFFF0000</KB_KEYBG_HIGHLIGHT>
            <KB_KEYBG_DISABLED>0x78C0C0C0</KB_KEYBG_DISABLED>
            <KB_KEY_PRESSED>0xFF008000</KB_KEY_PRESSED>
            <KB_KEY_NORMAL>0xFF000000</KB_KEY_NORMAL>
            <KB_KEY_DISABLED>0xFF808080</KB_KEY_DISABLED>
            <KB_KEY_ACTIVEBORDER>0xFFFF0000</KB_KEY_ACTIVEBORDER>
            <KB_KEY_TEXTCOLOR>0xFF000000</KB_KEY_TEXTCOLOR>
            <KB_KEY_TEXTBACKCOLOR>0xFFFFFFFF</KB_KEY_TEXTBACKCOLOR>
            <KB_KEY_TEXTBORDERCOLOR>0x78FFFFFF</KB_KEY_TEXTBORDERCOLOR>
            <MENU_TEXTCOLOR>0xFF000000</MENU_TEXTCOLOR>
            <MENU_ACTIVETEXTCOLOR>0xFFFFFFFF</MENU_ACTIVETEXTCOLOR>
            <MENU_BORDERCOLOR>0xFFFFFFFF</MENU_BORDERCOLOR>
            <MENU_BACKCOLOR>0xFFB50202</MENU_BACKCOLOR>
            <MENU_ACTIVEBACKCOLOR>0xFFFF0000</MENU_ACTIVEBACKCOLOR>
            <MENU_ACTIVEBORDERCOLOR>0xFFFFFFFF</MENU_ACTIVEBORDERCOLOR>
        </ColorScheme>
    </Main>
</Skin>