﻿<Skin name="Nikki Unleashed">
    <Information>
        <Author>babyb</Author>
        <Version>1</Version>
        <Copyright>2004</Copyright>
        <Skinner Name="UX Architect" Version="1.0c" />
    </Information>
    <Filemanager SafeBorder="False">
        <Background>Nikki_fm.png</Background>
    </Filemanager>
    <LoadingScreen ShowInfo="False">
        <Background>Nikki_ld.png</Background>
    </LoadingScreen>
    <Main Globe="False" Orb="False">
        <Background EnableAudio="False">Nikki_main.png</Background>
        <InfoFont>Square-10.xpr</InfoFont>
        <Text Top="165" Left="491" Width="135" Scroll="1" Color="0xFFFFFFFF" Source="$Newsfeed$" Align="Left" />
        <Text Top="45" Left="492" Width="140" Scroll="0" Color="0xFF000000" Source="$NickName$" Align="Left" />
        <Text Top="24" Left="468" Width="150" Scroll="0" Color="0xFF000000" Source="$IP$" Align="Left" />
        <Text Top="130" Left="462" Width="150" Scroll="0" Color="0xFF000000" Source="$G_FreeMB$" Align="Left" />
        <Text Top="110" Left="462" Width="150" Scroll="0" Color="0xFF000000" Source="$F_FreeMB$" Align="Left" />
        <Text Top="90" Left="462" Width="150" Scroll="0" Color="0xFF000000" Source="$E_FreeMB$" Align="Left" />
        <Text Top="66" Left="492" Width="137" Scroll="0" Color="0xFF000000" Source="$CPUTemp$" Align="Left" />
        <Text Top="49" Left="40" Width="125" Scroll="0" Color="0xFFFFFFFF" Source="$Date$" Align="Left" />
        <Text Top="18" Left="37" Width="125" Scroll="0" Color="0xFFFFFFFF" Source="$Time$" Align="Left" />
        <Image Top="437" Left="9" Width="145" Height="25" Opacity="100">unleashx3.png</Image>
        <Image Source="GamePreview" />
        <Image Top="196" Left="377" Width="67" Height="65" Source="GameIcon" />
        <Menu Scroll="True" Align="Left" ShowIcon="False" ShowArrows="False">
            <Preview EnableAudio="True" Top="274" Left="264" Width="179" Height="146" />
            <Position Top="196" Left="450" Width="176" Height="219" Fixed="True" FixAt="2" MaxItem="9" />
            <Font>39Smooth-12.xpr</Font>
        </Menu>
	<Image Opacity="100" Top="196" Left="377" Width="67" Height="65">Nikki_icon.png</Image>
	<Image Opacity="100" Top="275" Left="264" Width="179" Height="147">Nikki_vid.png</Image>
        <ColorScheme>
            <AMBIENT_FOGCOLOR>0x00FFFFFF</AMBIENT_FOGCOLOR>
            <AMBIENT_SKYCOLOR>0x0000000F</AMBIENT_SKYCOLOR>
            <AMBIENT_CELLCOLOR>0x0000C000</AMBIENT_CELLCOLOR>
            <CAPTION_TEXTCOLOR>0xFFFFFFFF</CAPTION_TEXTCOLOR>
            <CAPTION_BACKCOLOR>0x64808080</CAPTION_BACKCOLOR>
            <DIALOG_BORDERCOLOR>0xFF000000</DIALOG_BORDERCOLOR>
            <DIALOG_BACKCOLOR>0x64808080</DIALOG_BACKCOLOR>
            <DIALOG_INNER_BORDERCOLOR>0xC8000000</DIALOG_INNER_BORDERCOLOR>
            <DIALOG_INNER_BACKCOLOR>0x5A808080</DIALOG_INNER_BACKCOLOR>
            <DIALOG_TEXTCOLOR>0xFFFFFFFF</DIALOG_TEXTCOLOR>
            <DIALOG_DISABLEDTEXT>0xFFB3B3B4</DIALOG_DISABLEDTEXT>
            <OPTION_TEXTCOLOR>0xFFFFFFFF</OPTION_TEXTCOLOR>
            <OPTION_ACTIVETEXTCOLOR>0xFFFFFFFF</OPTION_ACTIVETEXTCOLOR>
            <OPTION_ACTIVEBACKCOLOR>0x50808080</OPTION_ACTIVEBACKCOLOR>
            <BUTTON_BORDERCOLOR>0xC8000000</BUTTON_BORDERCOLOR>
            <BUTTON_TEXTCOLOR>0xFFFFFFFF</BUTTON_TEXTCOLOR>
            <BUTTON_BACKCOLOR>0xFF525252</BUTTON_BACKCOLOR>
            <BUTTON_ACTIVETEXTCOLOR>0xFFFFFFFF</BUTTON_ACTIVETEXTCOLOR>
            <BUTTON_ACTIVEBACKCOLOR>0xFF808080</BUTTON_ACTIVEBACKCOLOR>
            <KB_KEYBG_HIGHLIGHT>0x19575757</KB_KEYBG_HIGHLIGHT>
            <KB_KEYBG_DISABLED>0x78C0C0C0</KB_KEYBG_DISABLED>
            <KB_KEY_PRESSED>0xFF008000</KB_KEY_PRESSED>
            <KB_KEY_NORMAL>0xFF000000</KB_KEY_NORMAL>
            <KB_KEY_DISABLED>0x78808080</KB_KEY_DISABLED>
            <KB_KEY_ACTIVEBORDER>0xFFFF0000</KB_KEY_ACTIVEBORDER>
            <KB_KEY_TEXTCOLOR>0xFF000000</KB_KEY_TEXTCOLOR>
            <KB_KEY_TEXTBACKCOLOR>0xFFFFFFFF</KB_KEY_TEXTBACKCOLOR>
            <KB_KEY_TEXTBORDERCOLOR>0x780000FF</KB_KEY_TEXTBORDERCOLOR>
            <MENU_TEXTCOLOR>0xFF000000</MENU_TEXTCOLOR>
            <MENU_ACTIVETEXTCOLOR>0xFFFFFFFF</MENU_ACTIVETEXTCOLOR>
        </ColorScheme>
    </Main>
</Skin>