﻿<Skin name="Stacy Kiebler">
    <Information>
        <Author>Snipes101</Author>
        <Version>1</Version>
        <Copyright>2007</Copyright>
        <Skinner Name="UX Architect" Version="1.0c" />
    </Information>
    <Main Globe="False" Orb="False" Fog="False">
        <Background EnableAudio="False">Kiebler_Stacy005.jpg</Background>
        <InfoFont>Tahoma-10.xpr</InfoFont>
        <Text Top="62" Left="263" Width="156" Scroll="0" Color="0xFFFF8040" Source="Tray" Align="Left" />
        <Text Top="459" Left="356" Width="284" Scroll="0" Color="0xFFFF8000" Source="Newsfeed" Align="Left" />
        <Text Top="53" Left="83" Width="200" Scroll="0" Color="0xFFFF8000" Source="F_FreeMB" Align="Left" />
        <Text Top="75" Left="83" Width="200" Scroll="0" Color="0xFFFF8000" Source="G_FreeMB" Align="Left" />
        <Text Top="31" Left="83" Width="218" Scroll="0" Color="0xFFFF8040" Source="E_FreeMB" Align="Left" />
        <Text Top="43" Left="263" Width="200" Scroll="0" Color="0xFFFF8040" Source="NickName" Align="Left" />
        <Text Top="24" Left="263" Width="200" Scroll="0" Color="0xFFFF8000" Source="Date" Align="Left" />
        <Text Top="6" Left="262" Width="200" Scroll="0" Color="0xFFFF8000" Source="Time" Align="Left" />
        <Text Top="9" Left="83" Width="218" Scroll="0" Color="0xFFFF8040" Source="C_FreeMB" Align="Left" />
        <Text Top="461" Left="204" Width="200" Scroll="0" Color="0xFFFF8040" Source="MBTempF" Align="Left" />
        <Text Top="441" Left="202" Width="200" Scroll="0" Color="0xFFFF8040" Source="CPUTempF" Align="Left" />
        <Text Top="443" Left="13" Width="250" Scroll="0" Color="0xFFFF8040" Source="IP" Align="Left" />
        <Text Top="460" Left="13" Width="200" Scroll="0" Color="0xFFFF8040" Source="NumClient" Align="Left" />
        <Image Top="91" Left="-129" Width="284" Height="155" Opacity="100">Cool 2.png</Image>
        <Image Top="-27" Left="235" Width="183" Height="122" Opacity="100">Cool 2.png</Image>
        <Image Top="422" Left="-33" Width="381" Height="227" Opacity="100">Cool 2.png</Image>
        <Image Top="-109" Left="-143" Width="406" Height="226" Opacity="100">Cool cut.png</Image>
        <Image Top="11" Left="4" Width="70" Height="61" Opacity="100">Harddrive(b).png</Image>
        <Image Top="108" Left="8" Width="125" Height="120" Source="GameIcon" />
        <Image Top="449" Left="334" Width="334" Height="45" Opacity="85">shadows 2.png</Image>
        <Menu Align="Left" ShowIcon="False" ShowArrows="False">
            <ItemPos Top="109" Left="152" Width="300"></ItemPos>
            <ItemPos Top="149" Left="152" Width="300"></ItemPos>
            <ItemPos Top="188" Left="152" Width="300"></ItemPos>
            <ItemPos Top="233" Left="152" Width="300"></ItemPos>
            <ItemPos Top="276" Left="152" Width="300"></ItemPos>
            <ItemPos Top="326" Left="152" Width="300"></ItemPos>
            <Font>ParkAvenue-14.xpr</Font>
        </Menu>
        <ColorScheme>
            <AMBIENT_FOGCOLOR>0xFF8080FF</AMBIENT_FOGCOLOR>
            <AMBIENT_SKYCOLOR>0xFF000000</AMBIENT_SKYCOLOR>
            <AMBIENT_CELLCOLOR>0xFF0080FF</AMBIENT_CELLCOLOR>
            <CAPTION_TEXTCOLOR>0xFFFFFFFF</CAPTION_TEXTCOLOR>
            <CAPTION_BACKCOLOR>0xFFFF8040</CAPTION_BACKCOLOR>
            <DIALOG_BORDERCOLOR>0xFFFF8000</DIALOG_BORDERCOLOR>
            <DIALOG_BACKCOLOR>0x3F000000</DIALOG_BACKCOLOR>
            <DIALOG_INNER_BORDERCOLOR>0xFFFF8040</DIALOG_INNER_BORDERCOLOR>
            <DIALOG_INNER_BACKCOLOR>0xFF000000</DIALOG_INNER_BACKCOLOR>
            <DIALOG_TEXTCOLOR>0xFFFFFFFF</DIALOG_TEXTCOLOR>
            <DIALOG_DISABLEDTEXT>0xFFB3B3B4</DIALOG_DISABLEDTEXT>
            <OPTION_TEXTCOLOR>0xFFFFFFFF</OPTION_TEXTCOLOR>
            <OPTION_ACTIVETEXTCOLOR>0xFFFFFFFF</OPTION_ACTIVETEXTCOLOR>
            <OPTION_ACTIVEBACKCOLOR>0xFFFF8040</OPTION_ACTIVEBACKCOLOR>
            <BUTTON_BORDERCOLOR>0xFFFFFFFF</BUTTON_BORDERCOLOR>
            <BUTTON_TEXTCOLOR>0xFFFFFFFF</BUTTON_TEXTCOLOR>
            <BUTTON_BACKCOLOR>0x4F000000</BUTTON_BACKCOLOR>
            <BUTTON_ACTIVETEXTCOLOR>0xFFFFFFFF</BUTTON_ACTIVETEXTCOLOR>
            <BUTTON_ACTIVEBACKCOLOR>0x8EFF8040</BUTTON_ACTIVEBACKCOLOR>
            <KB_KEYBG_HIGHLIGHT>0xFFFF8040</KB_KEYBG_HIGHLIGHT>
            <KB_KEYBG_DISABLED>0xFFC0C0C0</KB_KEYBG_DISABLED>
            <KB_KEY_PRESSED>0xFF008000</KB_KEY_PRESSED>
            <KB_KEY_NORMAL>0xFF000000</KB_KEY_NORMAL>
            <KB_KEY_DISABLED>0xFFFFFFFF</KB_KEY_DISABLED>
            <KB_KEY_ACTIVEBORDER>0xFF808080</KB_KEY_ACTIVEBORDER>
            <KB_KEY_TEXTCOLOR>0xFF000000</KB_KEY_TEXTCOLOR>
            <KB_KEY_TEXTBACKCOLOR>0xFFFFFFFF</KB_KEY_TEXTBACKCOLOR>
            <KB_KEY_TEXTBORDERCOLOR>0xFFFF8040</KB_KEY_TEXTBORDERCOLOR>
            <MENU_TEXTCOLOR>0xFFFF8040</MENU_TEXTCOLOR>
            <MENU_ACTIVETEXTCOLOR>0xFF974B00</MENU_ACTIVETEXTCOLOR>
        </ColorScheme>
    </Main>
</Skin>