<Skin Name="xbox experience CRYSTAL">

<Information>
	<Author>xbox experience</Author>
	<Copyright>2004</Copyright>
	<Version>1.0</Version>
</Information>

<Main globe="False" Orb="False">
	<Background EnableAudio="True">menu.png</background>
	<Menu smooth="True" ShowArrows="False" ShowIcon="False" Rotate="True">
	<Position left="325" Top="245" Width="264" Height="175" />
	<Preview EnableAudio="True" left="420" Top="45" Width="177" Height="130" />
	
	</Menu>
	<Text Left="40"  Top="235" Align="Left" Color="0xFF4A4A4A" Source="NickName"></Text>
	<Text Left="60"  Top="265" Align="Left" Color="0xFF4A4A4A" Source="C_FreeMB"></Text>
	<Text Left="60"  Top="285" Align="Left" Color="0xFF4A4A4A" Source="E_FreeMB"></Text>
	<Text Left="60"  Top="305" Align="Left" Color="0xFF4A4A4A" Source="F_FreeMB"></Text>
	<Text Left="60"  Top="325" Align="Left" Color="0xFF4A4A4A" Source="G_FreeMB"></Text>
        <Text Left="60"  Top="345" Align="Left" Color="0xFF4A4A4A" Source="MBTemp"></Text>
	<Text Left="60"  Top="365" Align="Left" Color="0xFF4A4A4A" Source="CPUTempC"></Text>
	<Text Left="60"  Top="385" Align="Left" Color="0xFF4A4A4A" Source="FanSpeed"></Text>

	<Text Left="60"  Top="405" Align="Left" Color="0xFF4A4A4A" Source="SoundTrack"></Text>
        <Text Left="240" Top="420" Align="Right" Color="0xFF4A4A4A" Source="SongTime"></Text>


	<Text Left="320" Top="420" Align="Left" Color="0xFF4A4A4A" Source="IP"></Text>
	<Text Left="515" Top="420" Align="Left" Color="0xFF4A4A4A" Source="NumClient"></Text>

	<Image Top="45" Left="420" width="177" Height="130" Source="GameIcon"/>
	<Image Source="GamePreview"/>
</Main>

<FileManager>
<Background>fons.png</Background>
</FileManager>

<LoadingScreen ShowInfo="True">
 <BackGround>loading.png</BackGround>
</LoadingScreen>

<ColorScheme>
<MENU_TEXTCOLOR>0xFF4A4A4A</MENU_TEXTCOLOR>
<MENU_ACTIVETEXTCOLOR>0xFFFFFFFF</MENU_ACTIVETEXTCOLOR>
</ColorSceme>
</Skin>
