<Skin name="SUBARU">
	<Information>
		<Author>Holbiad</Author>
		<Copyright>2004</Copyright>
		<Version>2</Version>
	</Information>
<FileManager>
  	<BackGround>STI00.png</BackGround>
</FileManager>
<LoadingScreen ShowInfo="True">
  	<BackGround>STI01.png</BackGround>
</LoadingScreen>
	<Main>
		<BackGround>STI00.png</BackGround>
		<Orb>orb00.png</Orb>
		<Text Left="45" Top="30" Align="Left" Color="0xFFFFFF33" Source="DateTime"></Text>
		<Text Left="45" Top="340" Align="Left" Color="0xFFFFFF33" Source="C_FreeMB"></Text>
		<Text Left="45" Top="360" Align="Left" Color="0xFFFFFF33" Source="E_FreeMB"></Text>
		<Text Left="45" Top="380" Align="Left" Color="0xFFFFFF33" Source="F_FreeMB"></Text>
		
		<Text Left="605" Top="30" Align="Right" Color="0xFFFFFF33" Source="Tray"></Text>
		<Text Left="605" Top="60" Align="Right" Color="0xFFFFFF33" Source="NickName"></Text>
	
		<Text Left="45" Top="410" Align="Left" Color="0xFFFFFF33" Source="CPUTemp"></Text>
		<Text Left="45" Top="430" Align="Left" Color="0xFFFFFF33" Source="MBTemp"></Text>
		
		<Text Left="605" Top="410" Align="Right" Color="0xFFFFFF33" Source="IP"></Text>
		<Text Left="605" Top="430" Align="Right" Color="0xFFFFFF33" Source="NumClient"></Text>

		<Text Left="220" Top="410" Color="0xFFFFFF33" Source="SongName"></Text>
		<Text Left="170" Top="430" Color="0xFFFFFF33" Source="SoundTrack"></Text>
		<Text Left="170" Top="410" Color="0xFFFFFF33" Source="SongTime"></Text>
	</Main>
	
	<ColorScheme Name="Default">
		<AMBIENT_FOGCOLOR>0xFF3333FF</AMBIENT_FOGCOLOR>
		<AMBIENT_SKYCOLOR>0xFFCCCCFF</AMBIENT_SKYCOLOR>
		<AMBIENT_CELLCOLOR>0xFF009999</AMBIENT_CELLCOLOR>

		<CAPTION_TEXTCOLOR>0xFFC0FFFF</CAPTION_TEXTCOLOR>
		<CAPTION_BACKCOLOR>0xFF3333FF</CAPTION_BACKCOLOR>
		<DIALOG_BORDERCOLOR>0xFFFFFFFF</DIALOG_BORDERCOLOR>
		<DIALOG_BACKCOLOR>0xCDC00000</DIALOG_BACKCOLOR>
		<DIALOG_INNER_BORDERCOLOR>0xFFFFE2B4</DIALOG_INNER_BORDERCOLOR>
		<DIALOG_INNER_BACKCOLOR>0xE1800000</DIALOG_INNER_BACKCOLOR>
		<DIALOG_TEXTCOLOR>0xFF757575</DIALOG_TEXTCOLOR>

		<DIALOG_DISABLEDTEXT>0x7FC00000</DIALOG_DISABLEDTEXT>

		<OPTION_TEXTCOLOR>0xFF009933</OPTION_TEXTCOLOR>
		<OPTION_ACTIVETEXTCOLOR>0xFFFFFF33</OPTION_ACTIVETEXTCOLOR>
		<OPTION_ACTIVEBACKCOLOR>0xFF663399</OPTION_ACTIVEBACKCOLOR>

		<BUTTON_BORDERCOLOR>0xFF800000</BUTTON_BORDERCOLOR>
		<BUTTON_TEXTCOLOR>0xFF993300</BUTTON_TEXTCOLOR>
		<BUTTON_BACKCOLOR>0xCD00CC66</BUTTON_BACKCOLOR>
		<BUTTON_ACTIVETEXTCOLOR>0xFFFFFF33</BUTTON_ACTIVETEXTCOLOR>
		<BUTTON_ACTIVEBACKCOLOR>0xE1800000</BUTTON_ACTIVEBACKCOLOR>	
		
		<KB_KEYBG_HIGHLIGHT>0xCCC00000</KB_KEYBG_HIGHLIGHT>
		<KB_KEYBG_DISABLED>0xffc0c0c0</KB_KEYBG_DISABLED>
		<KB_KEY_PRESSED>0xff808080</KB_KEY_PRESSED>
		<KB_KEY_NORMAL>0xff000000</KB_KEY_NORMAL>
		<KB_KEY_DISABLED>0xff808080</KB_KEY_DISABLED>
		<KB_KEY_ACTIVEBORDER>0xff3333FF</KB_KEY_ACTIVEBORDER>
		<KB_KEY_TEXTCOLOR>0xff000000</KB_KEY_TEXTCOLOR>
		<KB_KEY_TEXTBACKCOLOR>0xFFFFFF33</KB_KEY_TEXTBACKCOLOR>
		<KB_KEY_TEXTBORDERCOLOR>0xff3333FF</KB_KEY_TEXTBORDERCOLOR>
		
		<MENU_TEXTCOLOR>0x99FFFFFF</MENU_TEXTCOLOR>
		<MENU_ACTIVETEXTCOLOR>0xFF3333FF</MENU_ACTIVETEXTCOLOR>
		<MENU_BORDERCOLOR>0x00000000</MENU_BORDERCOLOR>
		<MENU_BACKCOLOR>0x00000000</MENU_BACKCOLOR>
		<MENU_ACTIVEBACKCOLOR>0x00000000</MENU_ACTIVEBACKCOLOR>
		<MENU_ACTIVEBORDERCOLOR>0x00000000</MENU_ACTIVEBORDERCOLOR>
	</ColorScheme>
</Skin>