	<Skin name="Green Throne">
	<Information>
	<Author>Illizit</Author>
	<Version>2</Version>
	<Copyright>2006</Copyright>
	</Information>

	<Filemanager>
		<Background>filemanager.png</Background>
	</Filemanager>

	<LoadingScreen ShowInfo="False">
		<Background>loading.png</Background>
	</LoadingScreen>

	<Main Globe="False" Orb="False" Fog="False">
		<Background>back.png</Background>
 		<InfoFont>Xbox_Book_11.xpr</InfoFont>
		<Text Top="5" Left="100" Width="150" Height="20" zIndex="5" Source="$Time$" />
		<Text Top="25" Left="100" Width="150" Height="20" zIndex="5" Source="$Date$" />
		<Text Top="5" Left="370" Width="200" Height="20" Align="Right" zIndex="5" Source="E_FreeMB" />
		<Text Top="25" Left="370" Width="200" Height="20" Align="Right" zIndex="5" Source="F_FreeMB" />
		<Text Top="433" Left="90" Width="440" Height="20" Align="Left" zIndex="5" Source="SoundTrack" />
		<Text Top="453" Left="90" Width="100" Height="20" Align="Left" zIndex="5" Source="SongTime" />
		<Text Top="453" Left="140" Width="300" Height="20" Align="Left" zIndex="5" Source="SongName" />
		<Text Top="433" Left="370" Width="200" Height="20" Align="Right" zIndex="5" Source="Tray" />
		<text Top="453" Left="370" Width="200" Height="20" Align="Right" zIndex="5" Source=""/>

		<Image zIndex="1" Source="GamePreview" />
		<Image Top="215" Left="50" Width="350" Height="220" zIndex="2" Opacity="25" Source="GameIcon" />
		<Image Top="0" Left="0" Width="640" Height="480" zIndex="3">overlay.png</Image>
		<Image Top="215" Left="0" Width="53" Height="50" zIndex="4" Source="GameIcon" />

		<Menu Align="Left" ShowIcon="False" ShowArrows="False">
			<Preview EnableAudio="False" Top="40" Left="50" Width="620" Height="380" />
			<ItemPos Top="285" Left="56" Width="350"></ItemPos>
			<ItemPos Top="312" Left="55" Width="350"></ItemPos>
			<ItemPos Top="340" Left="53" Width="350"></ItemPos>
			<ItemPos Top="369" Left="52" Width="350"></ItemPos>
			<ItemPos Top="397" Left="52" Width="350"></ItemPos>
			<Font>Xbox_Book_15.xpr</Font>
		</Menu>
	</Main>

	<MusicPlayer Top="55" Left="130" Width="400" Height="150" zIndex="1">
		<BackGround>mp.png</BackGround>
		<Playlist Top="205" Left="130" Width="400" Height="225" zIndex="1" OffsetX="25" OffsetY="15">
		<BackGround>pl.png</BackGround>
		</Playlist>
		<ButtonMap>buttonmap.png</ButtonMap>
			<Element Type="Stop" Top="129" Left="405" Width="40" Height="28" zIndex="2" />
			<Element Type="Play" Top="129" Left="440" Width="40" Height="28" zIndex="2" />
			<Element Type="Prev" Top="153" Left="405" Width="40" Height="28" zIndex="2" />
			<Element Type="Next" Top="153" Left="440" Width="40" Height="28" zIndex="2" />
			<Element Type="Pause" Top="145" Left="422" Width="40" Height="28" zIndex="2" />
			<Element Type="Progress" Top="132" Left="261" Width="134" Height="20" zIndex="2" />
			<Element Type="Volume" Top="83" Left="390" Width="65" Height="20" zIndex="2" />
			<Element Type="Meter" Top="72" Left="263"  Width="300" Height="50" zIndex="2" />
		<Text Top="99" Left="390" Width="150" Height="20" zIndex="3" Font="Xbox_Book_11.xpr" Color="0xFF50E538" Source="SongBitRate" ScaleX="100" ScaleY="100" />
		<Text Top="120" Left="300" Width="150" Height="20" zIndex="3" Font="Xbox_Book_11.xpr" Color="0xFF50E538" Source="SongTime" ScaleX="100" ScaleY="100" />
	</MusicPlayer>
	
		<ColorScheme>
			<AMBIENT_FOGCOLOR>0x785098A0</AMBIENT_FOGCOLOR>
			<AMBIENT_SKYCOLOR>0xFF00000F</AMBIENT_SKYCOLOR>
			<AMBIENT_CELLCOLOR>0x7800C000</AMBIENT_CELLCOLOR>
			<CAPTION_TEXTCOLOR>0xFFFFFFFF</CAPTION_TEXTCOLOR>
			<CAPTION_BACKCOLOR>0xFF004040</CAPTION_BACKCOLOR>
			<DIALOG_BORDERCOLOR>0xFF013F38</DIALOG_BORDERCOLOR>
			<DIALOG_BACKCOLOR>0xFF326B5F</DIALOG_BACKCOLOR>
			<DIALOG_INNER_BORDERCOLOR>0xFF013F38</DIALOG_INNER_BORDERCOLOR>
			<DIALOG_INNER_BACKCOLOR>0xFF013F38</DIALOG_INNER_BACKCOLOR>
			<DIALOG_TEXTCOLOR>0xFFFFFFFF</DIALOG_TEXTCOLOR>
			<DIALOG_DISABLEDTEXT>0xFF969698</DIALOG_DISABLEDTEXT>
			<OPTION_TEXTCOLOR>0xFFFFFFFF</OPTION_TEXTCOLOR>
			<OPTION_ACTIVETEXTCOLOR>0xFF000000</OPTION_ACTIVETEXTCOLOR>
			<OPTION_ACTIVEBACKCOLOR>0xFF67BAB1</OPTION_ACTIVEBACKCOLOR>
			<BUTTON_BORDERCOLOR>0xFF013F38</BUTTON_BORDERCOLOR>
			<BUTTON_TEXTCOLOR>0xFF000000</BUTTON_TEXTCOLOR>
			<BUTTON_BACKCOLOR>0xFF013F38</BUTTON_BACKCOLOR>
			<BUTTON_ACTIVETEXTCOLOR>0xFFFFFFFF</BUTTON_ACTIVETEXTCOLOR>
			<BUTTON_ACTIVEBACKCOLOR>0xAA5AADAD</BUTTON_ACTIVEBACKCOLOR>
			<KB_KEYBG_HIGHLIGHT>0xFF004000</KB_KEYBG_HIGHLIGHT>
			<KB_KEYBG_DISABLED>0x78C0C0C0</KB_KEYBG_DISABLED>
			<KB_KEY_PRESSED>0xFF52A3A3</KB_KEY_PRESSED>
			<KB_KEY_NORMAL>0xFF000000</KB_KEY_NORMAL>
			<KB_KEY_DISABLED>0x78808080</KB_KEY_DISABLED>
			<KB_KEY_ACTIVEBORDER>0xFF54A7A7</KB_KEY_ACTIVEBORDER>
			<KB_KEY_TEXTCOLOR>0xFF000000</KB_KEY_TEXTCOLOR>
			<KB_KEY_TEXTBACKCOLOR>0xFFFFFFFF</KB_KEY_TEXTBACKCOLOR>
			<KB_KEY_TEXTBORDERCOLOR>0x78004000</KB_KEY_TEXTBORDERCOLOR>
			<MENU_TEXTCOLOR>0xFFBBBBBB</MENU_TEXTCOLOR>
			<MENU_ACTIVETEXTCOLOR>0xFFFFFFFF</MENU_ACTIVETEXTCOLOR>
			<MENU_BORDERCOLOR>0xFFFFFFFF</MENU_BORDERCOLOR>
			<MENU_BACKCOLOR>0xFF000000</MENU_BACKCOLOR>
			<MENU_ACTIVEBACKCOLOR>0xFF013F38</MENU_ACTIVEBACKCOLOR>
			<MENU_ACTIVEBORDERCOLOR>0x00000000</MENU_ACTIVEBORDERCOLOR>
			<MMFORECOLOR>0xFF50E538</MMFORECOLOR>
			<MMACTIVEFORECOLOR>0xFF50E538</MMACTIVEFORECOLOR>
			<MMDARKBACKCOLOR>0xFF013F38</MMDARKBACKCOLOR>
			<MMDARKBARCOLOR>0xFF019F38</MMDARKBARCOLOR>
			<MMLIGHTBARCOLOR>0xF050F338</MMLIGHTBARCOLOR>
		</ColorScheme>
</Skin>