<Skin name="20 fEET uNDERgROUND">
	<Information>
		<Author>Musashi</Author>
		<Copyright>2004</Copyright>
		<Version>1</Version>
	</Information>
		<FileManager>
			<BackGround>filemanager.png</BackGround>
		</FileManager>
		<LoadingScreen ShowInfo="false">
			<BackGround>loading.png</BackGround>
		</LoadingScreen>
		<Main Globe="True" Orb="False">
		<BackGround>bg.xmv</BackGround>
                <Cellwall>Cell.png</Cellwall>
		<Image Top="85" Left="463" width="76" Height="70" Source="GameIcon"/>
		<Image Source="GamePreview" />
   	<Menu smooth="False" Align="Middle" ShowArrows="False" ShowIcon="False" Rotate="false">
       		<Position left="13" Top="228" Width="235" Height="135" Fixed="True" FixAt="2" />
		<Preview  EnableAudio="False" Top="62" Left="57" width="210" Height="120" />
		<Font>XBox_Book_11.xpr</Font>
   	</Menu>

		<Image Opacity="100" Top="0" Left="0" Width="640" Height="480">bg1.png</Image>
		<Image Opacity="100" Top="80" Left="70" Width="177" Height="70">s.xmv</Image>

 <InfoFont>Verdana_10.xpr</InfoFont>
 <Text Left="400" Top="295" Color="0xFFFFFFFFF" Source="C:"></Text>
 <Text Left="420" Top="295" Color="0xFFFFFFFFF" Source="$C_Free$ free"></Text>
 <Text Left="400" Top="315" Color="0xFFFFFFFFF" Source="D:"></Text>
 <Text Left="420" Top="315" Width="150" Color="0xFFFFFFFFF" Source="DvdTitle" Scroll="1"></Text>
 <Text Left="400" Top="335" Color="0xFFFFFFFFF" Source="E:"></Text>
 <Text Left="420" Top="335" Color="0xFFFFFFFFF" Source="$E_Free$ free"></Text>
 <Text Left="400" Top="355" Color="0xFFFFFFFFF" Source="F:"></Text>
 <Text Left="420" Top="355" Color="0xFFFFFFFFF" Source="$F_Free$ free"></Text>
 <Text Left="400" Top="375" Color="0xFFFFFFFFF" Source="Name:"></Text>
 <Text Left="457" Top="375" Color="0xFFFFFFFFF" Source="$NickName$"></Text>
 <Text Left="270" Top="100" Color="0xFFFFFFFFF" Source="Time:"></Text>
 <Text Left="320" Top="100" Color="0xFFFFFFFFF" Source="$Time$"></Text>
 <Text Left="270" Top="120" Color="0xFFFFFFFFF" Source="Date:"></Text>
 <Text Left="320" Top="120" Color="0xFFFFFFFFF" Source="$Date$"></Text>
 <Text Left="420" Top="180" Color="0xFFFFFFFFF" Source="M/B:"></Text>
 <Text Left="467" Top="180" Color="0xFFFFFFFFF" Source="$MBTempC$"></Text>
 <Text Left="420" Top="200" Color="0xFFFFFFFFF" Source="CPU:"></Text>
 <Text Left="467" Top="200" Color="0xFFFFFFFFF" Source="$CPUTempC$"></Text>
 <Text Left="420" Top="220" Color="0xFFFFFFFFF" Source="XBox:"></Text> 
 <Text Left="475" Top="220" Color="0xFFFFFFFFF" Source="$Version$"></Text> 
 <Text Left="420" Top="260" Color="0xFFFFFFFFF" Source="Fan Speed:"></Text>
 <Text Left="515" Top="260" Color="0xFFFFFFFFF" Source="$FanSpeed$"></Text>
 <Text Left="420" Top="240" Color="0xFFFFFFFFF" Source="IP:"></Text>
 <Text Left="445" Top="240" Color="0xFFFFFFFFF" Source="$IP$"></Text>
 <Text Left="65" Top="427" Width="177" Color="0xFFFFFFFF" Source="SongName" Scroll="1"></Text>
 <Text Left="255" Top="427" Width="120" Color="0xFFFFFFFF" Scroll="1" Source="SoundTrack" Scroll="1"></Text>
 <Text Left="400" Top="427" Color="0xFFFFFFFF" Source="$SongTime$ secs"></Text>
</Main>
 <ColorScheme>
			<AMBIENT_FOGCOLOR></AMBIENT_FOGCOLOR>
			<AMBIENT_SKYCOLOR></AMBIENT_SKYCOLOR>
			<AMBIENT_CELLCOLOR></AMBIENT_CELLCOLOR>

    <CAPTION_TEXTCOLOR>0x8C66B013</CAPTION_TEXTCOLOR>
    <CAPTION_BACKCOLOR>0x96808080</CAPTION_BACKCOLOR>  --fucking explorer
    <DIALOG_BORDERCOLOR>0xFFFFFFFF</DIALOG_BORDERCOLOR>
    <DIALOG_BACKCOLOR>0x96808080</DIALOG_BACKCOLOR>  --fucking explorer
    <DIALOG_INNER_BORDERCOLOR>0xFFFFFFFF</DIALOG_INNER_BORDERCOLOR>
    <DIALOG_INNER_BACKCOLOR>0x11111111</DIALOG_INNER_BACKCOLOR>
    <DIALOG_TEXTCOLOR>0xFFFFFFFF</DIALOG_TEXTCOLOR>

    <DIALOG_DISABLEDTEXT>0x96808080</DIALOG_DISABLEDTEXT>

    <OPTION_TEXTCOLOR>0xFFFFFFFF</OPTION_TEXTCOLOR>
    <OPTION_ACTIVETEXTCOLOR>0xFFFFFFFF</OPTION_ACTIVETEXTCOLOR>
    <OPTION_ACTIVEBACKCOLOR>0x8874AD0A</OPTION_ACTIVEBACKCOLOR>

    <BUTTON_BORDERCOLOR></BUTTON_BORDERCOLOR>
    <BUTTON_TEXTCOLOR>0x0000000</BUTTON_TEXTCOLOR>
    <BUTTON_BACKCOLOR>0xFFFFFFFF</BUTTON_BACKCOLOR>
    <BUTTON_ACTIVETEXTCOLOR>0x00000000</BUTTON_ACTIVETEXTCOLOR>
    <BUTTON_ACTIVEBACKCOLOR>0xFF76C905</BUTTON_ACTIVEBACKCOLOR>	
		
    <KB_KEYBG_HIGHLIGHT>0x4B74AD0A</KB_KEYBG_HIGHLIGHT>
    <KB_KEYBG_DISABLED>0x4BC0C0C0</KB_KEYBG_DISABLED>
    <KB_KEY_PRESSED>0xFF74AD0A</KB_KEY_PRESSED>
    <KB_KEY_NORMAL>0x8CC0C0C0</KB_KEY_NORMAL>
    <KB_KEY_DISABLED>0xFFC0C0C0</KB_KEY_DISABLED>
    <KB_KEY_ACTIVEBORDER>0xFF76D616</KB_KEY_ACTIVEBORDER>
    <KB_KEY_TEXTCOLOR>0xFF000000</KB_KEY_TEXTCOLOR>
    <KB_KEY_TEXTBACKCOLOR>0xFF000000</KB_KEY_TEXTBACKCOLOR>
    <KB_KEY_TEXTBORDERCOLOR>0xFF000000</KB_KEY_TEXTBORDERCOLOR>

    <MENU_TEXTCOLOR>0xE1808080</MENU_TEXTCOLOR>
    <MENU_ACTIVETEXTCOLOR>0xFF74AD0A</MENU_ACTIVETEXTCOLOR>
 </ColorScheme>
</Skin>


























































































