﻿<Skin name="CyberLight Blue">
    <Information>
        <Author>Scienide</Author>
        <Version>1</Version>
        <Copyright>2006</Copyright>
        <Skinner Name="UX Architect" Version="1.0c" />
    </Information>
    <LoadingScreen ShowInfo="False">
        <Background>blue_loading.jpg</Background>
    </LoadingScreen>
    <Main Globe="False" Orb="False" Fog="False">
        <Background EnableAudio="False">bluelightbeams01.jpg</Background>
        <InfoFont>Square-10.xpr</InfoFont>
        <Text Top="14" Left="21" Width="305" Scroll="0" Color="0xFFB8D0EF" Source="DateTime" Align="Left" />
        <Text Top="13" Left="347" Width="267" Scroll="1" Color="0xFFB8D0EF" Source="Tray" Align="Left" />
        <Text Top="400" Left="27" Width="157" Scroll="1" Color="0xFFB8D0EF" Source="C_FreeMB" Align="Left" />
        <Text Top="418" Left="27" Width="157" Scroll="1" Color="0xFFB8D0EF" Source="E_FreeMB" Align="Left" />
        <Text Top="436" Left="27" Width="157" Scroll="1" Color="0xFFB8D0EF" Source="CPUTemp" Align="Left" />
        <Text Top="402" Left="192" Width="157" Scroll="1" Color="0xFFB8D0EF" Source="SongName" Align="Left" />
        <Text Top="419" Left="192" Width="157" Scroll="1" Color="0xFFB8D0EF" Source="SongTime" Align="Left" />
        <Text Top="437" Left="192" Width="157" Scroll="1" Color="0xFFB8D0EF" Source="FanSpeed" Align="Left" />
        <Image Top="280" Left="30" Width="93" Height="89" Source="GameIcon" />
        <Menu Smooth="True" Align="Right" ShowIcon="False" ShowArrows="False">
            <ItemPos Top="297" Left="357" Width="250"></ItemPos>
            <ItemPos Top="319" Left="358" Width="250"></ItemPos>
            <ItemPos Top="341" Left="358" Width="250"></ItemPos>
            <ItemPos Top="362" Left="358" Width="250"></ItemPos>
            <ItemPos Top="383" Left="358" Width="250"></ItemPos>
            <ItemPos Top="404" Left="358" Width="250"></ItemPos>
            <Font>Square-10.xpr</Font>
        </Menu>
        <ColorScheme>
            <AMBIENT_FOGCOLOR>0xFF8080FF</AMBIENT_FOGCOLOR>
            <AMBIENT_SKYCOLOR>0xFF00000F</AMBIENT_SKYCOLOR>
            <AMBIENT_CELLCOLOR>0xFF0080FF</AMBIENT_CELLCOLOR>
            <CAPTION_TEXTCOLOR>0xFFFFFFFF</CAPTION_TEXTCOLOR>
            <CAPTION_BACKCOLOR>0xFF0080FF</CAPTION_BACKCOLOR>
            <DIALOG_BORDERCOLOR>0xFF0080FF</DIALOG_BORDERCOLOR>
            <DIALOG_BACKCOLOR>0x9F000000</DIALOG_BACKCOLOR>
            <DIALOG_INNER_BORDERCOLOR>0xFF0080FF</DIALOG_INNER_BORDERCOLOR>
            <DIALOG_INNER_BACKCOLOR>0xFF000000</DIALOG_INNER_BACKCOLOR>
            <DIALOG_TEXTCOLOR>0xFFFFFFFF</DIALOG_TEXTCOLOR>
            <DIALOG_DISABLEDTEXT>0xFFB3B3B4</DIALOG_DISABLEDTEXT>
            <OPTION_TEXTCOLOR>0xFFFFFFFF</OPTION_TEXTCOLOR>
            <OPTION_ACTIVETEXTCOLOR>0xFFFFFFFF</OPTION_ACTIVETEXTCOLOR>
            <OPTION_ACTIVEBACKCOLOR>0xFF0080FF</OPTION_ACTIVEBACKCOLOR>
            <BUTTON_BORDERCOLOR>0xFFFFFFFF</BUTTON_BORDERCOLOR>
            <BUTTON_TEXTCOLOR>0xFFFFFFFF</BUTTON_TEXTCOLOR>
            <BUTTON_BACKCOLOR>0x980000A0</BUTTON_BACKCOLOR>
            <BUTTON_ACTIVETEXTCOLOR>0xFFFFFFFF</BUTTON_ACTIVETEXTCOLOR>
            <BUTTON_ACTIVEBACKCOLOR>0xFF0080FF</BUTTON_ACTIVEBACKCOLOR>
            <KB_KEYBG_HIGHLIGHT>0xFF0080FF</KB_KEYBG_HIGHLIGHT>
            <KB_KEYBG_DISABLED>0xFFC0C0C0</KB_KEYBG_DISABLED>
            <KB_KEY_PRESSED>0xFF008000</KB_KEY_PRESSED>
            <KB_KEY_NORMAL>0xFF000000</KB_KEY_NORMAL>
            <KB_KEY_DISABLED>0xFFFFFFFF</KB_KEY_DISABLED>
            <KB_KEY_ACTIVEBORDER>0xFF808080</KB_KEY_ACTIVEBORDER>
            <KB_KEY_TEXTCOLOR>0xFF000000</KB_KEY_TEXTCOLOR>
            <KB_KEY_TEXTBACKCOLOR>0xFFFFFFFF</KB_KEY_TEXTBACKCOLOR>
            <KB_KEY_TEXTBORDERCOLOR>0xFFFFFF00</KB_KEY_TEXTBORDERCOLOR>
            <MENU_TEXTCOLOR>0xFF007EFD</MENU_TEXTCOLOR>
            <MENU_ACTIVETEXTCOLOR>0xFFD1EFFA</MENU_ACTIVETEXTCOLOR>
        </ColorScheme>
    </Main>
</Skin>