﻿<Skin name="Rachel Bilson">
    <Information>
        <Author>SHaG</Author>
        <Version>1</Version>
        <Copyright>2004</Copyright>
        <Skinner Name="UX Architect" Version="1.0c" />
    </Information>
    <Filemanager SafeBorder="False">
        <Background>Rachel Bilson File Manager.jpg</Background>
    </Filemanager>
    <LoadingScreen ShowInfo="False">
        <Background>Rachel Bilson Loading.jpg</Background>
    </LoadingScreen>
    <Main Globe="False" Orb="False" Fog="False">
        <Background EnableAudio="False">Rachel Bilson Menu.jpg</Background>
        <InfoFont>Square-10.xpr</InfoFont>
        <Text Top="238" Left="36" Width="147" Scroll="1" Color="0xFFFF80C0" Source="SongName" Align="Left" />
        <Text Top="335" Left="50" Width="137" Scroll="1" Color="0xFFFF80C0" Source="Date" Align="Left" />
        <Text Top="311" Left="48" Width="139" Scroll="1" Color="0xFFFF80C0" Source="Time" Align="Left" />
        <Text Top="195" Left="47" Width="132" Scroll="0" Color="0xFFFF80C0" Source="Tray" Align="Left" />
        <Text Top="217" Left="83" Width="103" Scroll="1" Color="0xFFFF80C0" Source="DVDTitle" Align="Left" />
        <Text Top="283" Left="47" Width="144" Scroll="0" Color="0xFFFF80C0" Source="F_TotalMB" Align="Left" />
        <Text Top="259" Left="85" Width="54" Scroll="0" Color="0xFFFF80C0" Source="SongTime" Align="Middle" />
        <Image Top="193" Left="498" Width="128" Height="128" Source="GameIcon" />
        <Image Top="11" Left="0" Width="208" Height="147" Opacity="100">cool.png</Image>
        <Image Top="168" Left="13" Width="202" Height="219" Opacity="100">cool.png</Image>
        <Menu Scroll="True" Smooth="True" Align="Left" ShowIcon="False" Rotate="True" ShowArrows="False">
            <Position Top="35" Left="40" Width="136" Height="102" Fixed="True" FixAt="2" MaxItem="5" />
            <Font>Square-10.xpr</Font>
        </Menu>
        <ColorScheme>
            <AMBIENT_FOGCOLOR>0xFF0080FF</AMBIENT_FOGCOLOR>
            <AMBIENT_SKYCOLOR>0xFF0000A0</AMBIENT_SKYCOLOR>
            <AMBIENT_CELLCOLOR>0xFFFFFFFF</AMBIENT_CELLCOLOR>
            <CAPTION_TEXTCOLOR>0xFFFFFFFF</CAPTION_TEXTCOLOR>
            <CAPTION_BACKCOLOR>0xFFFF80C0</CAPTION_BACKCOLOR>
            <DIALOG_BORDERCOLOR>0xFFFF80C0</DIALOG_BORDERCOLOR>
            <DIALOG_BACKCOLOR>0xD1FFFFFF</DIALOG_BACKCOLOR>
            <DIALOG_INNER_BORDERCOLOR>0xFFFF80C0</DIALOG_INNER_BORDERCOLOR>
            <DIALOG_INNER_BACKCOLOR>0xFFFFFFFF</DIALOG_INNER_BACKCOLOR>
            <DIALOG_TEXTCOLOR>0xFF000000</DIALOG_TEXTCOLOR>
            <DIALOG_DISABLEDTEXT>0xFFB3B3B4</DIALOG_DISABLEDTEXT>
            <OPTION_TEXTCOLOR>0xFF000000</OPTION_TEXTCOLOR>
            <OPTION_ACTIVETEXTCOLOR>0xFFFFFFFF</OPTION_ACTIVETEXTCOLOR>
            <OPTION_ACTIVEBACKCOLOR>0xFFFF80C0</OPTION_ACTIVEBACKCOLOR>
            <BUTTON_BORDERCOLOR>0xFFFF80C0</BUTTON_BORDERCOLOR>
            <BUTTON_TEXTCOLOR>0xFF000000</BUTTON_TEXTCOLOR>
            <BUTTON_BACKCOLOR>0xFFFFFFFF</BUTTON_BACKCOLOR>
            <BUTTON_ACTIVETEXTCOLOR>0xFFFFFFFF</BUTTON_ACTIVETEXTCOLOR>
            <BUTTON_ACTIVEBACKCOLOR>0xFFC0C0C0</BUTTON_ACTIVEBACKCOLOR>
            <KB_KEYBG_HIGHLIGHT>0xFFFF80C0</KB_KEYBG_HIGHLIGHT>
            <KB_KEYBG_DISABLED>0xFFC0C0C0</KB_KEYBG_DISABLED>
            <KB_KEY_PRESSED>0xFFFF80C0</KB_KEY_PRESSED>
            <KB_KEY_NORMAL>0xFF000000</KB_KEY_NORMAL>
            <KB_KEY_DISABLED>0xFFFFFFFF</KB_KEY_DISABLED>
            <KB_KEY_ACTIVEBORDER>0xFF000000</KB_KEY_ACTIVEBORDER>
            <KB_KEY_TEXTCOLOR>0xFF000000</KB_KEY_TEXTCOLOR>
            <KB_KEY_TEXTBACKCOLOR>0xFFFFFFFF</KB_KEY_TEXTBACKCOLOR>
            <KB_KEY_TEXTBORDERCOLOR>0xFFFF80C0</KB_KEY_TEXTBORDERCOLOR>
            <MENU_TEXTCOLOR>0xFFFF80C0</MENU_TEXTCOLOR>
            <MENU_ACTIVETEXTCOLOR>0xFFFFFFFF</MENU_ACTIVETEXTCOLOR>
            <MENU_ACTIVEBACKCOLOR>0xFFFF80C0</MENU_ACTIVEBACKCOLOR>
            <MENU_ACTIVEBORDERCOLOR>0xFFFFFFFF</MENU_ACTIVEBORDERCOLOR>
        </ColorScheme>
    </Main>
</Skin>