﻿<Skin name="TulipaNegra">
    <Information>
        <Author>Tulipa Negra</Author>
        <Version>1</Version>
        <Copyright>2004</Copyright>
        <Skinner Name="UX Architect" Version="1.0c" />
    </Information>
    <Filemanager SafeBorder="False">
        <Background>filemanager.png</Background>
    </Filemanager>
    <LoadingScreen ShowInfo="False">
        <Background>loading.png</Background>
    </LoadingScreen>
    <Main Globe="False" Orb="False" Fog="False">
        <Background EnableAudio="False">cool.png</Background>
        <InfoFont>BookAntiqua-12.xpr</InfoFont>
        <Text Top="28" Left="31" Width="231" Scroll="0" Color="0xFF000000" Source="E_FreeMB" Align="Left" />
        <Text Top="31" Left="414" Width="200" Scroll="0" Color="0xFF000000" Source="IP" Align="Left" />
        <Text Top="209" Left="343" Width="167" Scroll="0" Color="0xFF000000" Source="DVDType" Align="Left" />
        <Text Top="207" Left="31" Width="260" Scroll="0" Color="0xFF000000" Source="F_FreeMB" Align="Left" />
        <Text Top="254" Left="135" Width="372" Scroll="0" Color="0xFF000000" Source="$DateTime$" Align="Middle" />
        <Text Top="339" Left="558" Width="92" Scroll="0" Color="0xFFFFFF00" Source="$MBTempC$" Align="Middle" />
        <Text Top="426" Left="132" Width="371" Scroll="0" Color="0xFFFFFF00" Source="$SongName$" Align="Left" />
        <Text Top="338" Left="21" Width="93" Scroll="0" Color="0xFFFFFF00" Source="$CPUTempC$" Align="Middle" />
        <Text Top="514" Left="131" Width="361" Scroll="0" Color="0xFFFFFF00" Source="$SongName$" Align="Left" />
        <Image Top="57" Left="58" Width="237" Height="141" Source="GameIcon" />
        <Image Source="GamePreview" />
        <Menu Align="Middle" ShowIcon="False" ShowArrows="False">
            <Preview EnableAudio="False" Top="56" Left="344" Width="240" Height="141" />
            <Position Top="282" Left="154" Width="333" Height="125" Fixed="True" FixAt="2" MaxItem="4" />
            <Font>20thCentury-14.xpr</Font>
        </Menu>
        <ColorScheme>
            <AMBIENT_FOGCOLOR>0xFFFFFFFF</AMBIENT_FOGCOLOR>
            <AMBIENT_SKYCOLOR>0xFF00000F</AMBIENT_SKYCOLOR>
            <AMBIENT_CELLCOLOR>0x7800C000</AMBIENT_CELLCOLOR>
            <CAPTION_TEXTCOLOR>0xFFC0C0C0</CAPTION_TEXTCOLOR>
            <CAPTION_BACKCOLOR>0xFF000000</CAPTION_BACKCOLOR>
            <DIALOG_BORDERCOLOR>0xFFFFFFFF</DIALOG_BORDERCOLOR>
            <DIALOG_BACKCOLOR>0xD1FF0000</DIALOG_BACKCOLOR>
            <DIALOG_INNER_BORDERCOLOR>0xFFFFFFFF</DIALOG_INNER_BORDERCOLOR>
            <DIALOG_INNER_BACKCOLOR>0xFF000000</DIALOG_INNER_BACKCOLOR>
            <DIALOG_TEXTCOLOR>0xFFFFFFFF</DIALOG_TEXTCOLOR>
            <DIALOG_DISABLEDTEXT>0xFFB3B3B4</DIALOG_DISABLEDTEXT>
            <OPTION_TEXTCOLOR>0xFFFFFFFF</OPTION_TEXTCOLOR>
            <OPTION_ACTIVETEXTCOLOR>0xFFFFFFFF</OPTION_ACTIVETEXTCOLOR>
            <OPTION_ACTIVEBACKCOLOR>0xFFFF0000</OPTION_ACTIVEBACKCOLOR>
            <BUTTON_BORDERCOLOR>0xFFFFFFFF</BUTTON_BORDERCOLOR>
            <BUTTON_TEXTCOLOR>0xFFFFFFFF</BUTTON_TEXTCOLOR>
            <BUTTON_BACKCOLOR>0xFFFF0000</BUTTON_BACKCOLOR>
            <BUTTON_ACTIVETEXTCOLOR>0xFFFFFFFF</BUTTON_ACTIVETEXTCOLOR>
            <BUTTON_ACTIVEBACKCOLOR>0xFFC0C0C0</BUTTON_ACTIVEBACKCOLOR>
            <KB_KEYBG_HIGHLIGHT>0xFFFF0000</KB_KEYBG_HIGHLIGHT>
            <KB_KEYBG_DISABLED>0x78C0C0C0</KB_KEYBG_DISABLED>
            <KB_KEY_PRESSED>0xFF008000</KB_KEY_PRESSED>
            <KB_KEY_NORMAL>0xFF000000</KB_KEY_NORMAL>
            <KB_KEY_DISABLED>0xFF808080</KB_KEY_DISABLED>
            <KB_KEY_ACTIVEBORDER>0xFFFF0000</KB_KEY_ACTIVEBORDER>
            <KB_KEY_TEXTCOLOR>0xFF000000</KB_KEY_TEXTCOLOR>
            <KB_KEY_TEXTBACKCOLOR>0xFFFFFFFF</KB_KEY_TEXTBACKCOLOR>
            <KB_KEY_TEXTBORDERCOLOR>0x78FFFFFF</KB_KEY_TEXTBORDERCOLOR>
            <MENU_TEXTCOLOR>0xFF000000</MENU_TEXTCOLOR>
            <MENU_ACTIVETEXTCOLOR>0xFF000000</MENU_ACTIVETEXTCOLOR>
            <MENU_BORDERCOLOR>0xFFFFFFFF</MENU_BORDERCOLOR>
            <MENU_ACTIVEBACKCOLOR>0xFFFFFF00</MENU_ACTIVEBACKCOLOR>
            <MENU_ACTIVEBORDERCOLOR>0xFF000000</MENU_ACTIVEBORDERCOLOR>
        </ColorScheme>
    </Main>
        <MusicPlayer Left="120" Top="20" Width="399" Height="182" Relative="True">
		<BackGround>mp.png</BackGround>

		<Image Left="297" Top="143" Width="79" Height="18" zIndex="3">mp_vol_Overlay.png</Image>
		
		<ButtonMap>mp_Buttons.png</ButtonMap>	
		<Element Type="PrevTrack" Left="10" Top="105" Width="32" Height="44" />
		<Element Type="Play" Left="10" Top="135" Width="32" Height="44" zIndex="3" />
		<Element Type="Pause" Left="40" Top="135" Width="32" Height="44" zIndex="3" />
		<Element Type="Stop" Left="63" Top="135" Width="32" Height="44" zIndex="3" />
		<Element Type="Prev" Left="90" Top="135" Width="32" Height="44" zIndex="3" />
		<Element Type="Next" Left="113" Top="135" Width="32" Height="44" zIndex="3" />
		<Element Type="Mute" Left="140" Top="146" Width="32" Height="22" zIndex="3" />
		<Element Type="Random" Left="165" Top="146" Width="32" Height="22" zIndex="3" />
		<Element Type="NextTrack" Left="358" Top="105" Width="32" Height="44" />
		
		<Element Type="Meter" Left="260" Top="35" Width="180" Height="65" zIndex="2" Relative="True"/>
		<Element Type="Progress" Left="38" Top="123" Width="320" Height="10" Direction="right" zIndex="2"/>
		<Element Type="Volume" Left="298" Top="144" Width="77" Height="16" Direction="right"/>
		<Element Type="SongStatus" Left="15" Top="53" Width="15" Height="15" zIndex="2" />


		<Text Left="40" Top="35" Width="80" Height="10" Color="0xFF8BA0B7" Source="Current" Font="SmallFont" Align="left" ScaleX="80" ScaleY="80" zIndex="3" />
		<Text Left="40" Top="45" Width="80" Height="30" Color="0xFF0080FF" Source="SongTime" Font="MenuFont" Align="left" ScaleX="120" ScaleY="120" zIndex="3" />
		<Text Left="130" Top="35" Width="80" Height="10" Color="0xFF8BA0B7" Source="Total" Font="SmallFont" Align="left" ScaleX="80" ScaleY="80" zIndex="3" />
		<Text Left="130" Top="45" Width="80" Height="30" Color="0xFF0080FF" Source="SongLength" Font="MenuFont" Align="left" ScaleX="120" ScaleY="120" zIndex="3" />
		<Text Left="17" Top="100" Width="370" Height="20" Color="0xFF0080FF" Source="SongTrack" Scroll="1" Font="MenuFont" ScaleX="80" ScaleY="80" zIndex="3" />
		<Text Left="30" Top="75" Width="100" Height="30" Color="0xFF0080FF" Source="SongBitRate" Font="SmallFont" Align="left" ScaleX="100" ScaleY="100" zIndex="3" />
		<Text Left="140" Top="75" Width="80" Height="30" Color="0xFF0080FF" Source="SongChannel" Font="SmallFont" Align="left" ScaleX="100" ScaleY="100" zIndex="3" />
		<Playlist Top="210" Left="70" Width="500" Height="250" OffsetX="10" OffsetY="20">
			<BackGround>mp_pl.png</BackGround>
		</Playlist>

	</MusicPlayer>
</Skin>