<Skin name="The Experience">
	<Information>
		<Author>neverwill</Author>
		<Copyright>Copyright 2005 to whenever</Copyright>
	 	<Version>2</Version>
	</Information>
	<Fonts>
		<Font Name="Common10">common-font10.xpr</Font>
		<Font Name="Common14">common-font14.xpr</Font>
		<Font Name="Special">special-normal-pal.xpr</Font>
		<Font Name="SpecialBold">special-bold.xpr</Font>
		<Font Name="Square10">square-10.xpr</Font>
		<Font Name="Square12">square-12.xpr</Font>
	</Fonts>	
	<Main Globe="false" Orb="False" Fog="false">
		<Cellwall></Cellwall>
		<Orb></Orb>
		<Icon></Icon>
		<BackGround></BackGround>
		
        <Menu Align="Right" ShowIcon="False" ShowArrows="False" Scroll="1">
            <Preview EnableAudio="False" Top="62" Left="127" Width="515" Height="355" />
            <Position Top="169" Left="74" Width="213" Height="167" Fixed="False" FixAt="2" MaxItem="4" />
            <Font>common-font14.xpr</Font>
        </Menu>
		 	 
		<Image Top="385" Left="523" Width="70" Height="70" zIndex="5" Source="GameIcon" />
		<Image zIndex="2" Source="GamePreview"/>
		<Image Left="0" Top="0" Width="640" Height="480" zIndex="1">background.png</Image>
		<Image Left="0" Top="0" Width="640" Height="480" zIndex="3">topoverlay.png</Image>
		
		<InfoFont>Common10</InfoFont>    
                  <Text Top="400" Left="305" Align="Right" Width="200" Scroll="0" Color="0xFFA7A7A7" Font="square10" zIndex="4" Source="SongName"></Text>
                  <Text Top="59" Left="305" Width="200" Align="Right" Scroll="0" Color="0xFFFFFFFF" ScaleX="100" ScaleY="100" Font="special" zIndex="4" Source="E_FreeMB"></Text>
                  <Text Top="77" Left="305" Align="Right" Width="200" Scroll="0" Color="0xFFFFFFFF" ScaleX="100" ScaleY="100" Font="special" zIndex="4" Source="F_FreeMB"></Text>
             	  <Text Top="143" Left="128" Align="Left" Color="0xFFFFFFFF" ScaleX="100" ScaleY="100"  Font="square10" zIndex="4" Source="$Time$"></Text>
             	  <Text Top="380" Left="305" Width="200" Align="Right" Color="0xFFFFFFFF" ScaleX="100" ScaleY="100"  Font="square10" zIndex="4" Source="DVDTitle"></Text>
         </Main>

	<IntroMovie></IntroMovie>
        <FileManager SafeBorder="true">
		<BackGround>filemanager.png</BackGround>
		
	</FileManager>
	
	<LoadingScreen ShowInfo="False">
		<BackGround>loading.png</BackGround>
	</LoadingScreen>
	
	<MusicPlayer Top="10" Left="70" Width="484" Height="213" Relative="True">
		<BackGround>mp.png</BackGround>
		
		<Image Left="65" Top="70" zIndex="2">Audio.png</Image>
		
		<Image Left="0" Top="0" Width="484" Height="213" zIndex="3">volumeoverlay.png</Image>

		
		<ButtonMap>mp_Buttons.png</ButtonMap>	
		<Element Type="Play" Left="135" Top="141" Width="32" Height="44" zIndex="4" />
		<Element Type="Pause" Left="167" Top="147" Width="32" Height="44" zIndex="4" />
		<Element Type="Stop" Left="200" Top="149" Width="32" Height="44" zIndex="4" />
		<Element Type="Prev" Left="234" Top="149" Width="32" Height="44" zIndex="4" />
		<Element Type="Next" Left="266" Top="149" Width="32" Height="44" zIndex="4" />
		<Element Type="PrevTrack" Left="298" Top="147" Width="32" Height="44" zIndex="4" />
		<Element Type="NextTrack" Left="330" Top="141" Width="32" Height="44" zIndex="4" />		
		<Element Type="Random" Left="372" Top="145" Width="32" Height="22" zIndex="4" />
		<Element Type="Mute" Left="404" Top="145" Width="32" Height="22" zIndex="4" />

		<Element Type="Meter" Left="310" Top="70" Width="130" Height="60" zIndex="2" Relative="True"/>
		<Element Type="Progress" Left="43" Top="127" Width="400" Height="5" Direction="right" zIndex="3"/>
		<Element Type="Volume" Left="175" Top="138" Width="130" Height="10" Direction="right" zIndex="3"/>


		<Text Left="145" Top="65" Width="80" Height="15" Color="0xFF4C585D" Source="Current" Font="Common10" Align="left" ScaleX="100" ScaleY="100" zIndex="3" />
		<Text Left="145" Top="75" Width="95" Height="30" Color="0xFFFFFFFF" Source="SongTime" Font="Common14" Align="left" ScaleX="140" ScaleY="140" zIndex="3" />
		<Text Left="240" Top="65" Width="80" Height="15" Color="0xFF4C585D" Source="Total" Font="Common10" Align="left" ScaleX="100" ScaleY="100" zIndex="3" />
		<Text Left="240" Top="75" Width="95" Height="30" Color="0xFFFFFFFF" Source="SongLength" Font="Common14" Align="left" ScaleX="140" ScaleY="140" zIndex="3" />
		<Text Left="145" Top="110" Width="100" Height="30" Color="0xFF4C585D" Source="SongBitRate" Font="Common10" Align="left" ScaleX="100" ScaleY="100" zIndex="3" />
		<Text Left="240" Top="110" Width="80" Height="30" Color="0xFF4C585D" Source="SongChannel" Font="Common10" Align="left" ScaleX="100" ScaleY="100" zIndex="3" />
		<Text Left="65" Top="35" Width="390" Height="30" Color="0xFFFFFFFF" Source="SongTrack" Scroll="1" Font="SpecialBold" ScaleX="100" ScaleY="120" zIndex="3" />
		<Playlist Top="155" Left="1" Width="640" Height="437" OffsetX="85" OffsetY="92" zindex="1">
			<BackGround>Playlist.png</BackGround>
		</Playlist>

	</MusicPlayer>

	<ColorScheme Name="Default">
            <AMBIENT_FOGCOLOR>0x78FFFFFF</AMBIENT_FOGCOLOR>
            <AMBIENT_SKYCOLOR>0xFF00000F</AMBIENT_SKYCOLOR>
            <AMBIENT_CELLCOLOR>0x7800C000</AMBIENT_CELLCOLOR>
            <CAPTION_TEXTCOLOR>0xFFFFFFFF</CAPTION_TEXTCOLOR>
            <CAPTION_BACKCOLOR>0xFF4274FF</CAPTION_BACKCOLOR>
            <DIALOG_BORDERCOLOR>0xFFFFFFFF</DIALOG_BORDERCOLOR>
            <DIALOG_BACKCOLOR>0x77FF8000</DIALOG_BACKCOLOR>
            <DIALOG_INNER_BORDERCOLOR>0xFFFFFFFF</DIALOG_INNER_BORDERCOLOR>
            <DIALOG_INNER_BACKCOLOR>0xB3000000</DIALOG_INNER_BACKCOLOR>
            <DIALOG_TEXTCOLOR>0xFFFFFFFF</DIALOG_TEXTCOLOR>
            <DIALOG_DISABLEDTEXT>0xFFB3B3B4</DIALOG_DISABLEDTEXT>
            <OPTION_TEXTCOLOR>0xFFFFFFFF</OPTION_TEXTCOLOR>
            <OPTION_ACTIVETEXTCOLOR>0xFFFFFFFF</OPTION_ACTIVETEXTCOLOR>
            <OPTION_ACTIVEBACKCOLOR>0xFF273CF3</OPTION_ACTIVEBACKCOLOR>
            <BUTTON_BORDERCOLOR>0xFFFFFFFF</BUTTON_BORDERCOLOR>
            <BUTTON_TEXTCOLOR>0xFFFFFFFF</BUTTON_TEXTCOLOR>
            <BUTTON_BACKCOLOR>0xFF273CF3</BUTTON_BACKCOLOR>
            <BUTTON_ACTIVETEXTCOLOR>0xFFFFFFFF</BUTTON_ACTIVETEXTCOLOR>
            <BUTTON_ACTIVEBACKCOLOR>0xFF003399</BUTTON_ACTIVEBACKCOLOR>
            <KB_KEYBG_HIGHLIGHT>0xFF0000FF</KB_KEYBG_HIGHLIGHT>
            <KB_KEYBG_DISABLED>0x78C0C0C0</KB_KEYBG_DISABLED>
            <KB_KEY_PRESSED>0xFF008000</KB_KEY_PRESSED>
            <KB_KEY_NORMAL>0xFF000000</KB_KEY_NORMAL>
            <KB_KEY_DISABLED>0xFFFFFFFF</KB_KEY_DISABLED>
            <KB_KEY_ACTIVEBORDER>0xFFFF0000</KB_KEY_ACTIVEBORDER>
            <KB_KEY_TEXTCOLOR>0xFF000000</KB_KEY_TEXTCOLOR>
            <KB_KEY_TEXTBACKCOLOR>0xFFFFFFFF</KB_KEY_TEXTBACKCOLOR>
            <KB_KEY_TEXTBORDERCOLOR>0x780000FF</KB_KEY_TEXTBORDERCOLOR>
            <MENU_TEXTCOLOR>0xFFFFFFFF</MENU_TEXTCOLOR>
            <MENU_ACTIVETEXTCOLOR>0xFFFF8000</MENU_ACTIVETEXTCOLOR>
		<MMActiveForeColor>0xFFFFFFFF</MMActiveForeColor>
		<MMForeColor>0xFFADADAD</MMForeColor>
		<MMOffForeColor>0xFF808080</MMOffForeColor>
		<MMDarkBarColor>0xFF4C585D</MMDarkBarColor>
		<MMLightBarColor>0xFFF26522</MMLightBarColor>
		<MMDarkBackColor>0xFFF26522</MMDarkBackColor>
		<WindowBackCOLOR>0xFF000000</WindowBackCOLOR>
		<WindowForeCOLOR>0xFFFFFFFF</WindowForeCOLOR>
	</ColorScheme>
</Skin>














