<Skin name="Futura">
	<Information>
		<Author>crobar</Author>
		<Copyright>Copyright 2004</Copyright>
                <Version>1.0</Version>
	</Information>
                 <IntroMovie>mov.wmv</IntroMovie>
        <FileManager>
                <BackGround>file.png</BackGround>
        </FileManager>
	<Main Globe="False" Orb="False">
		<BackGround EnableAudio="True">back.png</BackGround>
<Image Source="GamePreview"/>
<Preview EnableAudio="True"/>
<Image Top="306" Left="127" width="79" Height="79" Source="GameIcon"/>
<Image Left="" Top="" Width="640" Height="480">fore.png</Image>
<Menu smooth="True" Align="Middle" ShowArrows="false" ShowIcon="False" Rotate="false">
<Position left="136" Top="205" Width="364" Height="100"/>
<Font>text.xpr</Font>
<Preview Top="306" Left="414" Width="103" Height="77"/>
</menu>
<InfoFont>info.xpr</InfoFont>		
<Text Left="136" Top="118" Align="left" Color="0xff1F5042" Source="Time: $Time$"></Text>
<Text Left="136" Top="145" Align="left" Color="0xff1F5042" Source="Date: $Date$"></text>
<Text Left="505" Top="118" Align="right" Color="0xff1F5042" Source="F: $F_FreeMB$"></Text>
<Text Left="505" Top="145" Align="right" Color="0xff1F5042" Source="G: $G_FreeMB$"></text>
<Text Left="312" Top="325" Align="middle" Color="0xff1F5042" Source="IP"/>
<Text Left="312" Top="350" Align="middle" Color="0xff1F5042" Source="Box name: $NickName$"/>

	</Main>
	<LoadingScreen ShowInfo="false">
	</LoadingScreen>	
	<ColorScheme >
			<AMBIENT_FOGCOLOR>0xFFD0F1E9</AMBIENT_FOGCOLOR>
			<AMBIENT_SKYCOLOR>0xFFD0F1E9</AMBIENT_SKYCOLOR>
			<AMBIENT_CELLCOLOR>0xFFD0F1E9</AMBIENT_CELLCOLOR>
			
			<CAPTION_TEXTCOLOR>0xffC6E8E0</CAPTION_TEXTCOLOR>
			<CAPTION_BACKCOLOR>0xff1F5042</CAPTION_BACKCOLOR>
			
			<DIALOG_BORDERCOLOR>0xffC6E8E0</DIALOG_BORDERCOLOR>
			
			<DIALOG_BACKCOLOR>0xcc1F5042</DIALOG_BACKCOLOR>
			<DIALOG_INNER_BORDERCOLOR>0xffC6E8E0</DIALOG_INNER_BORDERCOLOR>
			<DIALOG_INNER_BACKCOLOR>0xE11F5042</DIALOG_INNER_BACKCOLOR>
			<DIALOG_TEXTCOLOR>0xFF000000</DIALOG_TEXTCOLOR>
			<DIALOG_DISABLEDTEXT>0xff1F5042</DIALOG_DISABLEDTEXT>
			
			<OPTION_TEXTCOLOR>0xFF000000</OPTION_TEXTCOLOR>
			<OPTION_ACTIVETEXTCOLOR>0xff1F5042</OPTION_ACTIVETEXTCOLOR>
			<OPTION_ACTIVEBACKCOLOR>0xffC6E8E0</OPTION_ACTIVEBACKCOLOR>
			
			<BUTTON_BORDERCOLOR>0xffC6E8E0</BUTTON_BORDERCOLOR>
			<BUTTON_TEXTCOLOR>0xffC6E8E0</BUTTON_TEXTCOLOR>
			<BUTTON_BACKCOLOR>0xff1F5042</BUTTON_BACKCOLOR>
			<BUTTON_ACTIVETEXTCOLOR>0xff1F5042</BUTTON_ACTIVETEXTCOLOR>
			<BUTTON_ACTIVEBACKCOLOR>0xffC6E8E0</BUTTON_ACTIVEBACKCOLOR>
			
			<KB_KEYBG_HIGHLIGHT>0xcc73A49B</KB_KEYBG_HIGHLIGHT>
			<KB_KEYBG_DISABLED>0xff1F5042</KB_KEYBG_DISABLED>
			<KB_KEY_PRESSED>0xcc73A49B</KB_KEY_PRESSED>
			<KB_KEY_NORMAL>0xff1F5042</KB_KEY_NORMAL>
			<KB_KEY_DISABLED>0xff1F5042</KB_KEY_DISABLED>
			
			<KB_KEY_ACTIVEBORDER>0xffC6E8E0</KB_KEY_ACTIVEBORDER>
			<KB_KEY_TEXTCOLOR>0xffC6E8E0</KB_KEY_TEXTCOLOR>
			<KB_KEY_TEXTBACKCOLOR>0xff1F5042</KB_KEY_TEXTBACKCOLOR>
			<KB_KEY_TEXTBORDERCOLOR>0xff1F5042</KB_KEY_TEXTBORDERCOLOR>
			
			<MENU_TEXTCOLOR>0xFFD0F1E9</MENU_TEXTCOLOR>
			<MENU_ACTIVETEXTCOLOR>0xFF1F5042</MENU_ACTIVETEXTCOLOR>
			<MENU_BORDERCOLOR>0x00000000</MENU_BORDERCOLOR>
			<MENU_BACKCOLOR>0x00000000</MENU_BACKCOLOR>
			<MENU_ACTIVEBACKCOLOR>0x00000000</MENU_ACTIVEBACKCOLOR>
			<MENU_ACTIVEBORDERCOLOR>0x00000000</MENU_ACTIVEBORDERCOLOR>

	</ColorScheme>
</Skin>