<?xml version="1.0" encoding="utf-8" ?>
<Skin Name="Animetrix">
<Information>
<Author>Termill</Author>
<Version>1</Version>
<Credits>Skin is based on Kakashi skin, but with some nice pics I found on the web.</Credits>
</Information>
	
<LoadingScreen ShowInfo="True">
<BackGround>loading.jpg</BackGround>
</LoadingScreen>

<Main Globe="False" Orb="False">
<Background>bg.png</Background>

<Menu Smooth="True" Align="Left" ShowArrows="True" ShowIcon="False" Rotate="False">
<Font>Arial10.xpr</Font>
<Position left="62" Top="82" Width="298" Height="183" />
</Menu>

<Image Opacity="50" Top="22" Left="60" Width="300" Height="60">logo.png</Image>
<Image Opacity="50" Top="80" Left="60" Width="300" Height="185">menu.png</Image>
<Image Opacity="50" Top="272" Left="60" Width="130" Height="130">iconoverlay.png</Image>
<Image Opacity="50" Top="272" Left="194" Width="164" Height="130">info.png</Image>		
<XImage Top="272" Left="60" width="129" Height="129">icon.png</XImage>
<Image Top="272" Left="60" width="129" Height="129" Source="GameIcon" />
<InfoFont>Arial10.xpr</InfoFont>

<Text Left="195" Top="272" Color="0x99FFFFFF" Source="XBOX INFO" />
<Text Left="195" Top="297" Color="0xFFFFFFFF" Source="E:" />
<Text Left="215" Top="297" Color="0xFFFFFFFF" Source="$E_Free$" />
<Text Left="195" Top="317" Color="0xFFFFFFFF" Source="F:" />
<Text Left="215" Top="317" Color="0xFFFFFFFF" Source="$F_Free$" />
<Text Left="195" Top="352" Color="0xFFFFFFFF" Source="Tray" />
<Text Left="195" Top="372" Color="0xFFFFFFFF" Source="$Time$" />

</Main>

	<ColorScheme >
		<AMBIENT_FOGCOLOR>0xFF000000</AMBIENT_FOGCOLOR>
		<AMBIENT_SKYCOLOR></AMBIENT_SKYCOLOR>
		<AMBIENT_CELLCOLOR>0x00FFFFFF</AMBIENT_CELLCOLOR>

		<CAPTION_TEXTCOLOR>0xFFFFFFFF</CAPTION_TEXTCOLOR>
		<CAPTION_BACKCOLOR>0xFF2E438D</CAPTION_BACKCOLOR>
		<DIALOG_BORDERCOLOR>0xFFFFFFFF</DIALOG_BORDERCOLOR>
		<DIALOG_BACKCOLOR>0xFF162043</DIALOG_BACKCOLOR>
		<DIALOG_INNER_BORDERCOLOR>0xFFFFFFFF</DIALOG_INNER_BORDERCOLOR>
		<DIALOG_INNER_BACKCOLOR>0xFF2E438D</DIALOG_INNER_BACKCOLOR>
		<DIALOG_TEXTCOLOR>0xFFFFFFFF</DIALOG_TEXTCOLOR>

		<DIALOG_DISABLEDTEXT>0xFFC0C0C0</DIALOG_DISABLEDTEXT>

		<OPTION_TEXTCOLOR>0xFFFFFFFF</OPTION_TEXTCOLOR>
		<OPTION_ACTIVETEXTCOLOR>0xFFFFFFFF</OPTION_ACTIVETEXTCOLOR>
		<OPTION_ACTIVEBACKCOLOR></OPTION_ACTIVEBACKCOLOR>

		<BUTTON_BORDERCOLOR></BUTTON_BORDERCOLOR>
		<BUTTON_TEXTCOLOR>0xFF02C90C</BUTTON_TEXTCOLOR>
		<BUTTON_BACKCOLOR>0xCD636482</BUTTON_BACKCOLOR>
		<BUTTON_ACTIVETEXTCOLOR>0xFFFFFFFF</BUTTON_ACTIVETEXTCOLOR>
		<BUTTON_ACTIVEBACKCOLOR>0xE102C90C</BUTTON_ACTIVEBACKCOLOR>	
		
		<KB_KEYBG_HIGHLIGHT>0xCC00C000</KB_KEYBG_HIGHLIGHT>
		<KB_KEYBG_DISABLED>0xffc0c0c0</KB_KEYBG_DISABLED>
		<KB_KEY_PRESSED>0xff808080</KB_KEY_PRESSED>
		<KB_KEY_NORMAL>0xff000000</KB_KEY_NORMAL>
		<KB_KEY_DISABLED>0xff808080</KB_KEY_DISABLED>
		<KB_KEY_ACTIVEBORDER>0xff008000</KB_KEY_ACTIVEBORDER>
		<KB_KEY_TEXTCOLOR>0xff000000</KB_KEY_TEXTCOLOR>
		<KB_KEY_TEXTBACKCOLOR>0xffFFFFFF</KB_KEY_TEXTBACKCOLOR>
		<KB_KEY_TEXTBORDERCOLOR>0xff0000FF</KB_KEY_TEXTBORDERCOLOR>
		
		<MENU_TEXTCOLOR>0x99FFFFFF</MENU_TEXTCOLOR>
		<MENU_ACTIVETEXTCOLOR>0xFFFFFFFF</MENU_ACTIVETEXTCOLOR>
		<MENU_BORDERCOLOR>0x00000000</MENU_BORDERCOLOR>
		<MENU_BACKCOLOR>0x00000000</MENU_BACKCOLOR>
		<MENU_ACTIVEBACKCOLOR></MENU_ACTIVEBACKCOLOR>
		<MENU_ACTIVEBORDERCOLOR></MENU_ACTIVEBORDERCOLOR>
	</ColorScheme>
</Skin>