<Skin name="Green Cube">
	<Information>
		<Author>blachiau</Author>
		<Copyright>Pirated 2004</Copyright>
	</Information>
	<Main Globe="False" Orb="False">
		<BackGround>back.wmv</BackGround>
		<Cellwall></Cellwall>
		<Orb></Orb>
		<Icon>orb.png</Icon>
		<GameIcon Enable="True" Opacity="50">
			<Position Top="32" Left="210" Width="219" Height="276" />
		</GameIcon>
		<Menu Smooth="False" ShowIcon="False" Align="Middle" ShowArrows="True">
		<Position Top="343" Left="220" Width="200" Height="130" Fixed="False" FixAt="1" MaxItem="4">
		</Position>
		</Menu>
		<Image Left="" Top="" Width="640" Height="480">back2.png</Image>
		<InfoFont>ft53_10.XPR</InfoFont>
		<Text Left="60" Top="70" Align="Left" Color="0xFFf0f0f0" Source="Unit ID - $NickName$"></Text>
		<Text Left="52" Top="85" Align="Left" Color="0xFFf0f0f0" Source="$ChipID$"></Text>
		<Text Left="46" Top="100" Align="Left" Color="0xFFf0f0f0" Source="XBox $Version$"></Text>
		<Text Left="28" Top="170" Align="Left" Color="0xFFf0f0f0" Source="Intel 733Mhz @ $CPUTemp$"></Text>
		<Text Left="26" Top="185" Align="Left" Color="0xFFf0f0f0" Source="Intel Chipset @ $MBTemp$"></Text>
		<Text Left="25" Top="200" Align="Left" Color="0xFFf0f0f0" Source="Fan Rotation @ $FanSpeed$"></Text>
		<Text Left="24" Top="270" Align="Left" Color="0xFFf0f0f0" Source="C:\$C_FreeMB$ Free"></Text>
		<Text Left="25" Top="285" Align="Left" Color="0xFFf0f0f0" Source="E:\$E_FreeMB$ Free"></Text>
		<Text Left="27" Top="300" Align="Left" Color="0xFFf0f0f0" Source="F:\$F_FreeMB$ Free"></Text>
		<Text Left="29" Top="315" Align="Left" Color="0xFFf0f0f0" Source="G:\$G_FreeMB$ Free"></Text>
		<Text Left="32" Top="330" Align="Left" Color="0xFFf0f0f0" Source="Optical Unit - $DVDType$"></Text>
		<Text Left="585" Top="70" Align="Right" Color="0xFFf0f0f0" Source="IP - $IP$"></Text>
		<Text Left="591" Top="85" Align="Right" Color="0xFFf0f0f0" Source="Subnet - $Subnet$"></Text>
		<Text Left="596" Top="100" Align="Right" Color="0xFFf0f0f0" Source="Gateway - $Gateway$"></Text>
		<Text Left="601" Top="115" Align="Right" Color="0xFFf0f0f0" Source="DNS1 - $DNS1$"></Text>
		<Text Left="604" Top="130" Align="Right" Color="0xFFf0f0f0" Source="Users Connected - $NumClient$"></Text>
		<Text Left="615" Top="200" Align="Right" Color="0xFFf0f0f0" Source="Song - $SongName$"></Text>
		<Text Left="617" Top="215" Align="Right" Color="0xFFf0f0f0" Source="Time - $SongTime$"></Text>
		<Text Left="320" Top="270" Align="Middle" Color="0xFFf0f0f0" Source="$Date$"></Text>
		<Text Left="320" Top="285" Align="Middle" Color="0xFFf0f0f0" Source="$Time$"></Text>
	</Main>
	<IntroMovie>intro.wmv</IntroMovie>
	<LoadingScreen>
	<Background>intro.wmv</Background>
	</LoadingScreen>	
	<ColorScheme >
		<AMBIENT_FOGCOLOR>0xFF000000</AMBIENT_FOGCOLOR>
		<AMBIENT_SKYCOLOR></AMBIENT_SKYCOLOR>
		<AMBIENT_CELLCOLOR>0x00FFFFFF</AMBIENT_CELLCOLOR>
	
		<CAPTION_TEXTCOLOR>0xFFf0f0f0</CAPTION_TEXTCOLOR>
		<CAPTION_BACKCOLOR>0xFF047004</CAPTION_BACKCOLOR>

		<DIALOG_BORDERCOLOR>0x90F0f0f0</DIALOG_BORDERCOLOR>
		<DIALOG_BACKCOLOR>0xa0043004</DIALOG_BACKCOLOR>
		<DIALOG_INNER_BORDERCOLOR>0x90aaaaaa</DIALOG_INNER_BORDERCOLOR>
		<DIALOG_INNER_BACKCOLOR>0xc0047004</DIALOG_INNER_BACKCOLOR>
		<DIALOG_TEXTCOLOR>0xFFf0f0f0</DIALOG_TEXTCOLOR>
		<DIALOG_DISABLEDTEXT>0xFF606060</DIALOG_DISABLEDTEXT>

		<OPTION_TEXTCOLOR>0xFFf0f0f0</OPTION_TEXTCOLOR>
		<OPTION_ACTIVETEXTCOLOR>0xFFf0f0f0</OPTION_ACTIVETEXTCOLOR>
		<OPTION_ACTIVEBACKCOLOR>0xb0003000</OPTION_ACTIVEBACKCOLOR>

		<BUTTON_BORDERCOLOR>0xFFf0f0f0</BUTTON_BORDERCOLOR>
		<BUTTON_TEXTCOLOR>0xFFFFFF00</BUTTON_TEXTCOLOR>
		<BUTTON_BACKCOLOR>0xCD00F000</BUTTON_BACKCOLOR>
		<BUTTON_ACTIVETEXTCOLOR>0xfff0f0f0</BUTTON_ACTIVETEXTCOLOR>
		<BUTTON_ACTIVEBACKCOLOR>0xc004f004</BUTTON_ACTIVEBACKCOLOR>	

		<KB_KEYBG_HIGHLIGHT>0xc000b000</KB_KEYBG_HIGHLIGHT>
		<KB_KEYBG_DISABLED>0xffc0c0c0</KB_KEYBG_DISABLED>
		<KB_KEY_PRESSED>0xff808080</KB_KEY_PRESSED>
		<KB_KEY_NORMAL>0xff000000</KB_KEY_NORMAL>
		<KB_KEY_DISABLED>0xff808080</KB_KEY_DISABLED>
		<KB_KEY_ACTIVEBORDER>0xff00b000</KB_KEY_ACTIVEBORDER>
		<KB_KEY_TEXTCOLOR>0xff000000</KB_KEY_TEXTCOLOR>
		<KB_KEY_TEXTBACKCOLOR>0xffFFFFFF</KB_KEY_TEXTBACKCOLOR>
		<KB_KEY_TEXTBORDERCOLOR>0xff0000FF</KB_KEY_TEXTBORDERCOLOR>
		
		<MENU_TEXTCOLOR>0xFF104010</MENU_TEXTCOLOR>
		<MENU_ACTIVETEXTCOLOR>0xFF10c010</MENU_ACTIVETEXTCOLOR>
		<MENU_BORDERCOLOR></MENU_BORDERCOLOR>
		<MENU_BACKCOLOR></MENU_BACKCOLOR>
		<MENU_ACTIVEBACKCOLOR></MENU_ACTIVEBACKCOLOR>
		<MENU_ACTIVEBORDERCOLOR></MENU_ACTIVEBORDERCOLOR>
	</ColorScheme>
</Skin>