<Skin name="Alycia_Purrott">
	<Information>
		<Author>SamSam</Author>
		<Copyright>Copyright 2004</Copyright>
		<Version>0.9</Version>
	</Information>

	<IntroMovie>Alycia_Purrott_Intro.wmv</IntroMovie>

	<LoadingScreen ShowInfo="false">
		<BackGround>Alycia_Loading.png</BackGround>
	</LoadingScreen>

	<FileManager>
		<BackGround>Alycia_FileManager.png</BackGround>
	</FileManager>

	<Main Globe="True" Orb="False" Fog="False">
		<BackGround EnableAudio="False">Alycia_Back.png</BackGround>
		<Cellwall>Alycia_Cell.png</Cellwall>
		<Orb></Orb>
		<Icon></Icon>
		<GameIcon Enable="True" Opacity="0">
			<Position Top="22" Left="185" Width="182" Height="182" />
		</GameIcon>
		<InfoFont>Verdana_11.xpr</InfoFont>
		<Menu Smooth="False" Align="Left" ShowArrows="True" Rotate="False" ShowIcon="False">
		<Position Top="215" Left="25" Width="310" Height="245" Fixed="False" FixAt="4" MaxItem="8">
		</Position>
		<Font>Morpheus_14.xpr</Font>
		</Menu>
		<Text Left="25" Top="25" Align="Left" Color="0xFF9F9F9F" Source="$Date$"></Text>
		<Text Left="25" Top="42" Align="Left" Color="0xFF8B8B8B" Source="$Time$"></Text>
		<Text Left="25" Top="59" Align="Left" Color="0xFF7F7F7F" Source="IP - $IP$"></Text>
		<Text Left="25" Top="76" Align="Left" Color="0xFF757575" Source="C:\$C_FreeMB$"></Text>
		<Text Left="25" Top="93" Align="Left" Color="0xFF757575" Source="E:\$E_FreeMB$"></Text>
		<Text Left="25" Top="110" Align="Left" Color="0xFF757575" Source="F:\$F_FreeMB$"></Text>
		<Text Left="25" Top="127" Align="Left" Color="0xFF757575" Source="DVD - $DVDType$"></Text>
		<Text Left="25" Top="161" Align="Left" Color="0xFF8B8B8B" Source="M/B:$MBTemp$"></Text>
		<Text Left="25" Top="178" Align="Left" Color="0xFF9F9F9F" Source="CPU:$CPUTemp$"></Text>
	</Main>

	
	<ColorScheme Name="Default">
		<AMBIENT_FOGCOLOR>0xFF000040</AMBIENT_FOGCOLOR>
		<AMBIENT_SKYCOLOR>0xFF000040</AMBIENT_SKYCOLOR>
		<AMBIENT_CELLCOLOR>0x065A79CE</AMBIENT_CELLCOLOR>

		<CAPTION_TEXTCOLOR>0xFFFFFFC0</CAPTION_TEXTCOLOR>
		<CAPTION_BACKCOLOR>0xFF4274FF</CAPTION_BACKCOLOR>

		<WINDOW_BACKCOLOR>0x5C5A5E5E</WINDOW_BACKCOLOR>
		<WINDOW_FORECOLOR>0xFFFFFFFF</WINDOW_FORECOLOR>

		<DIALOG_BORDERCOLOR>0xFF999EA6</DIALOG_BORDERCOLOR>
		<DIALOG_BACKCOLOR>0x5C5A5E5E</DIALOG_BACKCOLOR>
		<DIALOG_INNER_BORDERCOLOR>0xFF7F7F7F</DIALOG_INNER_BORDERCOLOR>
		<DIALOG_INNER_BACKCOLOR>0x5C696E86</DIALOG_INNER_BACKCOLOR>
		<DIALOG_TEXTCOLOR>0xFFFFFFFF</DIALOG_TEXTCOLOR>
		<DIALOG_DISABLEDTEXT>0x7F0000C0</DIALOG_DISABLEDTEXT>

		<OPTION_TEXTCOLOR>0xFFFFFFFF</OPTION_TEXTCOLOR>
		<OPTION_ACTIVETEXTCOLOR>0xFFAAFFFF</OPTION_ACTIVETEXTCOLOR>
		<OPTION_ACTIVEBACKCOLOR>0xFF000080</OPTION_ACTIVEBACKCOLOR>

		<BUTTON_BORDERCOLOR>0xFFFFE2B4</BUTTON_BORDERCOLOR>
		<BUTTON_TEXTCOLOR>0xFF993300</BUTTON_TEXTCOLOR>
		<BUTTON_BACKCOLOR>0xCD1E34F2</BUTTON_BACKCOLOR>
		<BUTTON_ACTIVETEXTCOLOR>0xFFFFFFFF</BUTTON_ACTIVETEXTCOLOR>
		<BUTTON_ACTIVEBACKCOLOR>0xE1003399</BUTTON_ACTIVEBACKCOLOR>	
			
		<KB_KEYBG_HIGHLIGHT>0xcc0000C0</KB_KEYBG_HIGHLIGHT>
		<KB_KEYBG_DISABLED>0xffc0c0c0</KB_KEYBG_DISABLED>
		<KB_KEY_PRESSED>0xff808080</KB_KEY_PRESSED>
		<KB_KEY_NORMAL>0xff000000</KB_KEY_NORMAL>
		<KB_KEY_DISABLED>0xff808080</KB_KEY_DISABLED>
		<KB_KEY_ACTIVEBORDER>0xff0000FF</KB_KEY_ACTIVEBORDER>
		<KB_KEY_TEXTCOLOR>0xff000000</KB_KEY_TEXTCOLOR>
		<KB_KEY_TEXTBACKCOLOR>0xffFFFFFF</KB_KEY_TEXTBACKCOLOR>
		<KB_KEY_TEXTBORDERCOLOR>0xff0000FF</KB_KEY_TEXTBORDERCOLOR>
		
		<MENU_TEXTCOLOR>0xFF4F4F4F</MENU_TEXTCOLOR>
		<MENU_ACTIVETEXTCOLOR>0xFFA7C1E9</MENU_ACTIVETEXTCOLOR>
		<MENU_BORDERCOLOR>0x00000000</MENU_BORDERCOLOR>
		<MENU_BACKCOLOR>0x00000000</MENU_BACKCOLOR>
		<MENU_ACTIVEBACKCOLOR>0x00000000</MENU_ACTIVEBACKCOLOR>
		<MENU_ACTIVEBORDERCOLOR>0x00000000</MENU_ACTIVEBORDERCOLOR>
	</ColorScheme>
</Skin>