﻿<Skin name="GangGreen UX">
    <Information>
        <Author>KAP</Author>
        <Version>1</Version>
        <Copyright>2005</Copyright>
        <Skinner Name="UX Architect" Version="1.0c" />
    </Information>
    <Main Globe="False" Orb="False" Fog="False">
        <Background EnableAudio="False">greengrid.PNG</Background>
        <InfoFont>Lucida-10.xpr</InfoFont>
        <Text Top="211" Left="383" Width="200" Scroll="0" Color="0xFFFFFFFF" Source="$AppVersion$" Align="Left" />
        <Text Top="43" Left="158" Width="115" Scroll="0" Color="0xFFFFFFFF" Source="$Date$" Align="Left" />
        <Text Top="43" Left="39" Width="115" Scroll="0" Color="0xFFFFFFFF" Source="$Time$" Align="Left" />
        <Text Top="392" Left="306" Width="200" Scroll="0" Color="0xFFFFFFFF" Source="DVDType" Align="Left" />
        <Text Top="372" Left="305" Width="298" Scroll="0" Color="0xFFFFFFFF" Source="DVDTitle" Align="Left" />
        <Text Top="25" Left="20" Width="609" Scroll="0" Color="0xFFFFFFFF" Source="$Newsfeed$" Align="Left" />
        <Text Top="120" Left="394" Width="200" Scroll="0" Color="0xFFFFFFFF" Source="$SongTime$" Align="Left" />
        <Text Top="95" Left="393" Width="213" Scroll="0" Color="0xFFFFFFFF" Source="$SoundTrack$" Align="Left" />
        <Text Top="67" Left="360" Width="246" Scroll="0" Color="0xFFFFFFFF" Source="$SongName$" Align="Left" />
        <Text Top="443" Left="316" Width="200" Scroll="0" Color="0xFFFFFFFF" Source="$NickName$" Align="Left" />
        <Image Top="297" Left="140" Width="138" Height="114" Source="GameIcon" />
        <Image Source="GamePreview" />
        <Menu Align="Left" ShowIcon="False" ShowArrows="False">
            <Preview EnableAudio="True" Top="61" Left="28" Width="251" Height="212" />
            <Position Top="245" Left="301" Width="299" Height="120" Fixed="True" FixAt="3" MaxItem="6" />
            <Font>Lucida-12.xpr</Font>
        </Menu>
        <ColorScheme>
            <AMBIENT_FOGCOLOR>0xFFFF0000</AMBIENT_FOGCOLOR>
            <AMBIENT_SKYCOLOR>0xFF004000</AMBIENT_SKYCOLOR>
            <AMBIENT_CELLCOLOR>0xFF008000</AMBIENT_CELLCOLOR>
            <CAPTION_TEXTCOLOR>0xFFFFFFFF</CAPTION_TEXTCOLOR>
            <CAPTION_BACKCOLOR>0xFF008040</CAPTION_BACKCOLOR>
            <DIALOG_BORDERCOLOR>0xE100FF00</DIALOG_BORDERCOLOR>
            <DIALOG_BACKCOLOR>0xD1008040</DIALOG_BACKCOLOR>
            <DIALOG_INNER_BORDERCOLOR>0xFF00FF00</DIALOG_INNER_BORDERCOLOR>
            <DIALOG_INNER_BACKCOLOR>0xFF000000</DIALOG_INNER_BACKCOLOR>
            <DIALOG_TEXTCOLOR>0xFFFFFF80</DIALOG_TEXTCOLOR>
            <DIALOG_DISABLEDTEXT>0xFFB3B3B4</DIALOG_DISABLEDTEXT>
            <OPTION_TEXTCOLOR>0xFFFFFF80</OPTION_TEXTCOLOR>
            <OPTION_ACTIVETEXTCOLOR>0xFFFFFFFF</OPTION_ACTIVETEXTCOLOR>
            <OPTION_ACTIVEBACKCOLOR>0xFF008040</OPTION_ACTIVEBACKCOLOR>
            <BUTTON_BORDERCOLOR>0xFF00FF00</BUTTON_BORDERCOLOR>
            <BUTTON_TEXTCOLOR>0xFF000000</BUTTON_TEXTCOLOR>
            <BUTTON_BACKCOLOR>0xFF008040</BUTTON_BACKCOLOR>
            <BUTTON_ACTIVETEXTCOLOR>0xFF000000</BUTTON_ACTIVETEXTCOLOR>
            <BUTTON_ACTIVEBACKCOLOR>0xFF80FF00</BUTTON_ACTIVEBACKCOLOR>
            <KB_KEYBG_HIGHLIGHT>0xFF800080</KB_KEYBG_HIGHLIGHT>
            <KB_KEYBG_DISABLED>0xFFC0C0C0</KB_KEYBG_DISABLED>
            <KB_KEY_PRESSED>0xFFFFFF00</KB_KEY_PRESSED>
            <KB_KEY_NORMAL>0xFF000000</KB_KEY_NORMAL>
            <KB_KEY_DISABLED>0xFFFFFFFF</KB_KEY_DISABLED>
            <KB_KEY_ACTIVEBORDER>0xFFFFFFFF</KB_KEY_ACTIVEBORDER>
            <KB_KEY_TEXTCOLOR>0xFF000000</KB_KEY_TEXTCOLOR>
            <KB_KEY_TEXTBACKCOLOR>0xFFFFFFFF</KB_KEY_TEXTBACKCOLOR>
            <KB_KEY_TEXTBORDERCOLOR>0xFFFFFFFF</KB_KEY_TEXTBORDERCOLOR>
            <MENU_TEXTCOLOR>0xFFFFFFFF</MENU_TEXTCOLOR>
            <MENU_ACTIVETEXTCOLOR>0xFFFFFF80</MENU_ACTIVETEXTCOLOR>
            <MENU_BORDERCOLOR>0xFF00FF00</MENU_BORDERCOLOR>
            <MENU_BACKCOLOR>0xFF000000</MENU_BACKCOLOR>
            <MENU_ACTIVEBACKCOLOR>0xFF008040</MENU_ACTIVEBACKCOLOR>
            <MENU_ACTIVEBORDERCOLOR>0xFF00FF00</MENU_ACTIVEBORDERCOLOR>
        </ColorScheme>
    </Main>
</Skin>