﻿<Skin name="LUFC_0405V4">
    <Information>
        <Author>SMILER</Author>
        <Version>1.0</Version>
        <Copyright>2005</Copyright>
        <Skinner Name="UX Architect" Version="1.0c" />
    </Information>
    <LoadingScreen ShowInfo="True">
        <Background>GameIcon</Background>
    </LoadingScreen>
    <Main Globe="False" Orb="False">
        <Background EnableAudio="False">squad2.jpg</Background>
        <InfoFont>Trebuchet-12.xpr</InfoFont>
        <Text Top="80" Left="-60" Width="200" Scroll="0" Color="0xFFFFFF00" Source="SkinAuthor" Align="Middle" />
        <Text Top="368" Left="230" Width="200" Scroll="0" Color="0xFFFFFF00" Source="DVDTitle" Align="Middle" />
        <Text Top="374" Left="496" Width="112" Scroll="" Color="0xFFFFFFFF" Source="CPUTEMP" Align="Left" />
        <Text Top="398" Left="496" Width="94" Scroll="" Color="0xFFFFFFFF" Source="MBTEMP" Align="Left" />
        <Text Top="426" Left="234" Width="200" Scroll="0" Color="0xFFFFFF00" Source="C_FreeMB" Align="Middle" />
        <Text Top="400" Left="234" Width="200" Scroll="0" Color="0xFFFFFF00" Source="F_FreeMB" Align="Middle" />
        <Text Top="446" Left="496" Width="146" Scroll="" Color="0xFFFFFFFF" Source="$IP$" Align="Left" />
        <Text Top="452" Left="234" Width="200" Scroll="0" Color="0xFFFFFF00" Source="DateTime" Align="Middle" />
        <Text Top="80" Left="506" Width="200" Scroll="0" Color="0xFFFFFF00" Source="VideoMode" Align="Middle" />
        <Text Top="422" Left="496" Width="200" Scroll="0" Color="0xFFFFFFFF" Source="FanSpeed" Align="Left" />
        <Shape Type="RoundedBox" Left="490" Top="368" Width="146" Height="107" BorderColor="0xFFFFFF00" BackColor="0xFF0080FF"></Shape>
        <Shape Type="RoundedBox" Left="166" Top="366" Width="320" Height="27" BorderColor="0xFFFFFF00" BackColor="0xFF0080FF"></Shape>
        <Shape Type="RoundedBox" Left="166" Top="396" Width="320" Height="25" BorderColor="0xFFFFFF00" BackColor="0xFF0080FF"></Shape>
        <Shape Type="RoundedBox" Left="166" Top="422" Width="320" Height="25" BorderColor="0xFFFFFF00" BackColor="0xFF0080FF"></Shape>
        <Shape Type="RoundedBox" Left="166" Top="448" Width="320" Height="25" BorderColor="0xFFFFFF00" BackColor="0xFF0080FF"></Shape>
        <Image Top="366" Left="6" Width="144" Height="109" Source="GameIcon" />
        <Image Source="GamePreview" />
        <Menu Scroll="True" Smooth="True" Align="Middle" ShowIcon="False" Rotate="True" ShowArrows="False">
            <Preview EnableAudio="True" Top="12" Left="118" Width="23" Height="22" />
            <Position Top="9" Left="150" Width="338" Height="112" Fixed="False" FixAt="3" MaxItem="5" />
            <Font>Trebuchet-14.xpr</Font>
        </Menu>
        <ColorScheme>
            <AMBIENT_FOGCOLOR>0xFFFFFFFF</AMBIENT_FOGCOLOR>
            <AMBIENT_SKYCOLOR>0xFFFFFFFF</AMBIENT_SKYCOLOR>
            <AMBIENT_CELLCOLOR>0xFF000000</AMBIENT_CELLCOLOR>
            <CAPTION_TEXTCOLOR>0xFFFFFFFF</CAPTION_TEXTCOLOR>
            <CAPTION_BACKCOLOR>0xFF0080FF</CAPTION_BACKCOLOR>
            <DIALOG_BORDERCOLOR>0xFFFFFF00</DIALOG_BORDERCOLOR>
            <DIALOG_BACKCOLOR>0xD10080FF</DIALOG_BACKCOLOR>
            <DIALOG_INNER_BORDERCOLOR>0xFFFFFF00</DIALOG_INNER_BORDERCOLOR>
            <DIALOG_INNER_BACKCOLOR>0xFF0080FF</DIALOG_INNER_BACKCOLOR>
            <DIALOG_TEXTCOLOR>0xFFFFFF00</DIALOG_TEXTCOLOR>
            <DIALOG_DISABLEDTEXT>0xFF0080FF</DIALOG_DISABLEDTEXT>
            <OPTION_TEXTCOLOR>0xFF00FFFF</OPTION_TEXTCOLOR>
            <OPTION_ACTIVETEXTCOLOR>0xFF0000FF</OPTION_ACTIVETEXTCOLOR>
            <OPTION_ACTIVEBACKCOLOR>0xFFFFFF00</OPTION_ACTIVEBACKCOLOR>
            <BUTTON_BORDERCOLOR>0xFFFFFF00</BUTTON_BORDERCOLOR>
            <BUTTON_TEXTCOLOR>0xFF0080FF</BUTTON_TEXTCOLOR>
            <BUTTON_BACKCOLOR>0xFFFFFF00</BUTTON_BACKCOLOR>
            <BUTTON_ACTIVETEXTCOLOR>0xFFFFFF00</BUTTON_ACTIVETEXTCOLOR>
            <BUTTON_ACTIVEBACKCOLOR>0xFF0080FF</BUTTON_ACTIVEBACKCOLOR>
            <KB_KEYBG_HIGHLIGHT>0xFFFFFF00</KB_KEYBG_HIGHLIGHT>
            <KB_KEYBG_DISABLED>0xFFFFFFFF</KB_KEYBG_DISABLED>
            <KB_KEY_PRESSED>0xFF0080FF</KB_KEY_PRESSED>
            <KB_KEY_NORMAL>0xFF0080FF</KB_KEY_NORMAL>
            <KB_KEY_DISABLED>0xFFC0C0C0</KB_KEY_DISABLED>
            <KB_KEY_ACTIVEBORDER>0xFFFFFF00</KB_KEY_ACTIVEBORDER>
            <KB_KEY_TEXTCOLOR>0xFF0080FF</KB_KEY_TEXTCOLOR>
            <KB_KEY_TEXTBACKCOLOR>0xFFFFFFFF</KB_KEY_TEXTBACKCOLOR>
            <KB_KEY_TEXTBORDERCOLOR>0xFFFFFF00</KB_KEY_TEXTBORDERCOLOR>
            <MENU_TEXTCOLOR>0xFFFFFF00</MENU_TEXTCOLOR>
            <MENU_ACTIVETEXTCOLOR>0xFF0080FF</MENU_ACTIVETEXTCOLOR>
            <MENU_BORDERCOLOR>0xFFFFFF00</MENU_BORDERCOLOR>
            <MENU_BACKCOLOR>0xFF0080FF</MENU_BACKCOLOR>
            <MENU_ACTIVEBACKCOLOR>0xFFFFFF00</MENU_ACTIVEBACKCOLOR>
            <MENU_ACTIVEBORDERCOLOR>0xFFFFFF00</MENU_ACTIVEBORDERCOLOR>
        </ColorScheme>
    </Main>
</Skin>