﻿<Skin name="GunGrave Unleashed">
    <Information>
        <Author>ColdReader</Author>
        <Version>1</Version>
        <Copyright>2004</Copyright>
        <Skinner Name="UX Architect" Version="1.0c" />
    </Information>
    <Filemanager SafeBorder="False">
        <Background>GunGrave.png</Background>
    </Filemanager>
    <LoadingScreen ShowInfo="True">
        <Background>GunGrave2.png</Background>
    </LoadingScreen>
    <Main Orb="False" Fog="False">
        <Background EnableAudio="False">GungraveC.jpg</Background>
        <InfoFont>20thCentury-12.xpr</InfoFont>
        <Text Top="434" Left="217" Width="200" Scroll="0" Color="0xFF0000FF" Source="SongName" Align="Left" />
        <Text Top="412" Left="199" Width="200" Scroll="0" Color="0xFF0000FF" Source="SoundTrack" Align="Left" />
        <Text Top="418" Left="422" Width="200" Scroll="0" Color="0xFF0000FF" Source="Date" Align="Left" />
        <Text Top="444" Left="422" Width="200" Scroll="0" Color="0xFF0000FF" Source="Time" Align="Left" />
        <Text Top="386" Left="38" Width="200" Scroll="0" Color="0xFF0000FF" Source="LaunchMode" Align="Left" />
        <Text Top="339" Left="12" Width="200" Scroll="0" Color="0xFF0000FF" Source="Gateway" Align="Left" />
        <Text Top="410" Left="41" Width="200" Scroll="0" Color="0xFF0000FF" Source="VideoMode" Align="Left" />
        <Text Top="446" Left="41" Width="200" Scroll="0" Color="0xFF0000FF" Source="Tray" Align="Left" />
        <Text Top="428" Left="42" Width="200" Scroll="0" Color="0xFF0000FF" Source="DVDTitle" Align="Left" />
        <Text Top="53" Left="10" Width="200" Scroll="0" Color="0xFF0000FF" Source="E_Total" Align="Left" />
        <Text Top="75" Left="11" Width="200" Scroll="0" Color="0xFF0000FF" Source="E_Free" Align="Left" />
        <Text Top="103" Left="27" Width="200" Scroll="0" Color="0xFF0000FF" Source="F_Total" Align="Left" />
        <Text Top="126" Left="26" Width="200" Scroll="0" Color="0xFF0000FF" Source="F_Free" Align="Left" />
        <Text Top="8" Left="197" Width="200" Scroll="0" Color="0xFF0000FF" Source="NickName" Align="Left" />
        <Text Top="15" Left="408" Width="200" Scroll="0" Color="0xFF0000FF" Source="CPUTempF" Align="Left" />
        <Text Top="38" Left="408" Width="200" Scroll="0" Color="0xFF0000FF" Source="MBTempF" Align="Left" />
        <Text Top="318" Left="16" Width="200" Scroll="0" Color="0xFF0000FF" Source="IP" Align="Left" />
        <Text Top="93" Left="262" Width="200" Scroll="0" Color="0xFFFF0000" Source="SkinAuthor" Align="Left" />
        <Text Top="112" Left="267" Width="200" Scroll="0" Color="0xFFFFFFFF" Source="SkinVersion" Align="Left" />
        <Text Top="152" Left="13" Width="200" Scroll="0" Color="0xFF0000FF" Source="ChipID" Align="Left" />
        <Text Top="24" Left="12" Width="200" Scroll="0" Color="0xFFFF0000" Source="FanSpeed" Align="Left" />
        <Image Top="271" Left="464" Width="128" Height="128" Source="GameIcon" />
        <Menu Scroll="True" Smooth="True" Align="Left" ShowIcon="True" ShowArrows="False">
            <Position Top="263" Left="218" Width="211" Height="131" Fixed="True" FixAt="2" MaxItem="4" />
            <Font>20thCentury-12.xpr</Font>
        </Menu>
        <ColorScheme>
            <AMBIENT_FOGCOLOR>0xFFFFFFFF</AMBIENT_FOGCOLOR>
            <AMBIENT_SKYCOLOR>0xFF400040</AMBIENT_SKYCOLOR>
            <AMBIENT_CELLCOLOR>0xFF8000FF</AMBIENT_CELLCOLOR>
            <CAPTION_TEXTCOLOR>0xFF400080</CAPTION_TEXTCOLOR>
            <CAPTION_BACKCOLOR>0xFFFFFFFF</CAPTION_BACKCOLOR>
            <DIALOG_BORDERCOLOR>0xFFFFFFFF</DIALOG_BORDERCOLOR>
            <DIALOG_BACKCOLOR>0xC3400080</DIALOG_BACKCOLOR>
            <DIALOG_INNER_BORDERCOLOR>0xFFFFFFFF</DIALOG_INNER_BORDERCOLOR>
            <DIALOG_INNER_BACKCOLOR>0x2E09389A</DIALOG_INNER_BACKCOLOR>
            <DIALOG_TEXTCOLOR>0xFFFFFFFF</DIALOG_TEXTCOLOR>
            <DIALOG_DISABLEDTEXT>0xFFB3B3B4</DIALOG_DISABLEDTEXT>
            <OPTION_TEXTCOLOR>0xFFFFFFFF</OPTION_TEXTCOLOR>
            <OPTION_ACTIVETEXTCOLOR>0xFFFFFFFF</OPTION_ACTIVETEXTCOLOR>
            <OPTION_ACTIVEBACKCOLOR>0xFF400080</OPTION_ACTIVEBACKCOLOR>
            <BUTTON_BORDERCOLOR>0xFFFFFFFF</BUTTON_BORDERCOLOR>
            <BUTTON_TEXTCOLOR>0xFFFFFFFF</BUTTON_TEXTCOLOR>
            <BUTTON_BACKCOLOR>0xFF400080</BUTTON_BACKCOLOR>
            <BUTTON_ACTIVETEXTCOLOR>0xFFFFFFFF</BUTTON_ACTIVETEXTCOLOR>
            <BUTTON_ACTIVEBACKCOLOR>0x888080FF</BUTTON_ACTIVEBACKCOLOR>
            <KB_KEYBG_HIGHLIGHT>0xFF800080</KB_KEYBG_HIGHLIGHT>
            <KB_KEYBG_DISABLED>0x78C0C0C0</KB_KEYBG_DISABLED>
            <KB_KEY_PRESSED>0xFF8080FF</KB_KEY_PRESSED>
            <KB_KEY_NORMAL>0xFF000000</KB_KEY_NORMAL>
            <KB_KEY_DISABLED>0xFF808080</KB_KEY_DISABLED>
            <KB_KEY_ACTIVEBORDER>0x78FFFFFF</KB_KEY_ACTIVEBORDER>
            <KB_KEY_TEXTCOLOR>0xFF000000</KB_KEY_TEXTCOLOR>
            <KB_KEY_TEXTBACKCOLOR>0xFFFFFFFF</KB_KEY_TEXTBACKCOLOR>
            <KB_KEY_TEXTBORDERCOLOR>0x78FFFFFF</KB_KEY_TEXTBORDERCOLOR>
            <MENU_TEXTCOLOR>0xFFC0C0C0</MENU_TEXTCOLOR>
            <MENU_ACTIVETEXTCOLOR>0xFFFFFFFF</MENU_ACTIVETEXTCOLOR>
            <MENU_BORDERCOLOR>0xFFFFFFFF</MENU_BORDERCOLOR>
            <MENU_BACKCOLOR>0x74000000</MENU_BACKCOLOR>
            <MENU_ACTIVEBACKCOLOR>0xFF8000FF</MENU_ACTIVEBACKCOLOR>
            <MENU_ACTIVEBORDERCOLOR>0xFFFFFFFF</MENU_ACTIVEBORDERCOLOR>
        </ColorScheme>
    </Main>
</Skin>