<Skin Name="Sexy Rims">

 <Information>
    <Author>XRTD</Author>
    <Copyright>2005</Copyright>
    <Version>1</Version>
 </Information>

 <LoadingScreen ShowInfo="False">
  <BackGround>loading.png</BackGround>
 </LoadingScreen>

  <Main Globe="False" Orb="False" Fog="False">

  <Image Source="GamePreview" />
  <Image Top="130" Left="365" width="50" Height="50" Source="GameIcon" />

  <Background EnableAudio="False">background.png</background>

  <Image Left="0" Top="0" Opacity="100">overlay.png</ Shape>


    <Menu Smooth="False" Align="left" ShowArrows="true" ShowIcon="false" Rotate="false">
        <Preview EnableAudio="True" Top="180" Left="144" Width="280" Height="300" />
        <Position Left="400" Top="360" Width="200" Height="100" />
	<Font>Verdana_10.xpr</Font>
    </Menu>
		
               
    <InfoFont>Verdana_10.xpr</InfoFont>

		<Text Left="2"  Top="130" Color="0xFFFFFFFF" Source="C:" />
		<Text Left="32" Top="130" Color="0xFFFFFFFF" Source="$C_Free$ free" />
		<Text Left="2"  Top="150" Color="0xFFFFFFFF" Source="F:" />
		<Text Left="32" Top="150" Color="0xFFFFFFFF" Source="$F_Free$ free" />
		<Text Left="2"  Top="170" Color="0xFFFFFFFF" Source="IP:" />
		<Text Left="32" Top="170" Color="0xFFFFFFFF" Source="$IP$" />
		<Text Left="2"  Top="190" Color="0xFFFFFFFF" Source="Users:" />
		<Text Left="62" Top="190" Color="0xFFFFFFFF" Source="$NumClient$" />


</Main>

 <ColorScheme>
    <MENU_TEXTCOLOR>0xFF000000</MENU_TEXTCOLOR>
    
    <MENU_ACTIVETEXTCOLOR>0xFFFF8040</MENU_ACTIVETEXTCOLOR>
 </ColorSceme>

</Skin>
