<Skin Name="Inner Circle">

<Information>
    <Author>RTD</Author>
    <Copyright>2005</Copyright>
    <Version>1.0</Version>
</Information>

<LoadingScreen ShowInfo="False">
<BackGround>loading.png</BackGround>
</LoadingScreen>


<Main Globe="False" Orb="false" Fog="False">

<Image Source="GamePreview" />
<Image Top="378" Left="0" Width="108" Height="100" Source="GameIcon" />

<Image Left="3" Top="0" Opacity="100">overlay.png</ Shape>

<Background EnableAudio="False">background.png</background>

<InfoFont>Verdana_10.xpr</InfoFont>

		<Text Left="400" Top="380"  Color="0xFFFFFFFF" Source="C:" />
		<Text Left="425" Top="380"  Color="0xFFFFFFFF" Source="$C_Free$ free" />
		<Text Left="400" Top="400"  Color="0xFFFFFFFF" Source="F:" />
		<Text Left="425" Top="400"  Color="0xFFFFFFFF" Source="$F_Free$ free" />
		<Text Left="400" Top="420"  Color="0xFFFFFFFF" Source="IP:" />
		<Text Left="425" Top="420"  Color="0xFFFFFFFF" Source="$IP$" />
		<Text Left="400" Top="440"  Color="0xFFFFFFFF" Source="Time:" />
		<Text Left="450" Top="440"  Color="0xFFFFFFFF" Source="$Time$" />
		<Text Left="400" Top="460"  Color="0xFFFFFFFF" Source="Date:" />
		<Text Left="450" Top="460"  Color="0xFFFFFFFF" Source="$Date$" />
	

<Menu Align="left" ShowArrows="false" ShowIcon="false">

            <ItemPos Top="380"  Left="150" ></ItemPos>
            <ItemPos Top="400"  Left="150" ></ItemPos>
            <ItemPos Top="420"  Left="150" ></ItemPos>
            <ItemPos Top="440"  Left="150" ></ItemPos>
	    <ItemPos Top="460"  Left="150" ></ItemPos>
	
<Font>Verdana_10.xpr</Font>

<Preview EnableAudio="true" Top="0" Left="130" Width="510" Height="410" />

</Menu> <InfoFont>Verdana_10.xpr</InfoFont>	

</Main>

 <ColorScheme>
    <MENU_TEXTCOLOR>0xFFFFFFFF</MENU_TEXTCOLOR>
    <MENU_ACTIVETEXTCOLOR>0xFFFF8040</MENU_ACTIVETEXTCOLOR>
 </ColorSceme>

       
</Skin>
