<Skin Name="Xmas">
<Information>
<Author>Erik J. Sundquist</Author>
<Copyright>2003 Skinned by Sketchy Skinner</Copyright>
<Version>1</Version>
</Information>
<Main globe="False" Orb="False">
<Background EnableAudio="False">bg.png</background>
<Menu smooth="True" ShowArrows="True" ShowIcon="False" Rotate="False">
<Position left="350" Top="82" Width="230" Height="360" />
<Preview EnableAudio="False" left="8" Top="415" Width="32" Height="41" />
<Font>menu.xpr</Font>
</Menu>
<InfoFont>cursive.xpr</InfoFont>
<Text Left="150" Top="80" Align="Left" Color="0xFFFFFFFF" Source="DVDType"></Text>
<Text Left="150" Top="110" Align="Left" Color="0xFFFFFFFF" Source="MBTemp"></Text>
<Text Left="150" Top="140" Align="Left" Color="0xFFFFFFFF" Source="CPUTemp"></Text>
<Text Left="50" Top="406" Align="Left" Color="0xFFFFFFFF" Source="DateTime"></Text>
<Text Left="50" Top="186" Align="Left" Color="0xFFFFFFFF" Source="E_Free"></Text>
<Text Left="50" Top="218" Align="Left" Color="0xFFFFFFFF" Source="F_Free"></Text>
<Text Left="50" Top="271" Align="Left" Color="0xFFFFFFFF" Source="NickName"></Text>
<Text Left="50" Top="292" Align="Left" Color="0xFFFFFFFF" Source="IP"></Text>
<Text Left="250" Top="380" Align="Left" Color="0xFFFFFFFF" Source="NumClient"></Text>
<Text Left="250" Top="350" Align="Left" Color="0xFFFFFFFF" Source="FanSpeed"></Text>
<Text Left="50" Top="316" Align="Left" Color="0xFFFFFFFF" Source="ChipID"></Text>
<Image Top="82" Left="50" width="100" Height="102" Source="GameIcon"/>
<Image Source="GamePreview"/>
</Main>
<FileManager>
<Backgroung>fmbg.png</Background>
</FileManager>
<LoadingScreen ShowInfo="False">
<Backgroung>load.png</Background>
</LoadingScreen>
<ColorScheme>
<MENU_TEXTCOLOR>0xFFFFFFFF</MENU_TEXTCOLOR>
<MENU_ACTIVETEXTCOLOR>0xFFFFFF80</MENU_ACTIVETEXTCOLOR>
</ColorSceme>
</Skin>
