<Skin name="Kyrus">
	<Information>
		<Author>KenCiro</Author>
		<Copyright>Copyright 2004</Copyright>
		<Version>1.0</Version>
	</Information>
	<Main Globe="True" Orb="False">
		<BackGround>bg.png</BackGround>
		<Cellwall>Cell.png</Cellwall>
		<Image Left="65" Top="75" Width="100" Height="100">round.png</Image>
		

		<GameIcon Enable="True" Opacity="0">
			<Position Left="173" Top="237" Width="71" Height="60" />
		</GameIcon>	
			
		<Menu Smooth="False" Align="middle" Rotate="False" ShowIcon="false">
			<Font>verdana_10.XPR</Font>
			<Position Top="150" Left="310" Width="100" Height="180" Fixed="false" FixAt="0" MaxItem="1"></Position>
		</Menu>

		<InfoFont>verdana_10.XPR</InfoFont>
		<Text Left="145" Top="168" Width="150" Align="Middle" Color="0x00000000" Source="$DVDType$"></Text>
		<Text Left="400" Top="46"             Align="Left"   Color="0x00000000" Source="Network: $IP$"></Text>
		<Text Left="260" Top="360" Width="145" Align="Middle" Color="0x00000000" Source="C:\ $C_FreeMB$ Free"></Text>
		<Text Left="257" Top="373" Width="158" Align="Middle" Color="0x00000000" Source="E:\ $E_FreeMB$ Free"></Text>
		<Text Left="255" Top="387" Width="168" Align="Middle" Color="0x00000000" Source="F:\ $F_FreeMB$ Free"></Text>
		<Text Left="334" Top="75" Width="200" Align="Left" Color="00000000" Source="Track: $SongName$"></Text>
		<Text Left="334" Top="90" Width="150" Align="Left" Color="0x00000000" Source="Time Elapsed: $SongTime$"></Text>
	</Main>

	<LoadingScreen ShowInfo="False">
		<BackGround>loading.png</BackGround>
	</LoadingScreen>

	
	<ColorScheme >
		<AMBIENT_FOGCOLOR>0xFF000000</AMBIENT_FOGCOLOR>
		<AMBIENT_SKYCOLOR></AMBIENT_SKYCOLOR>
		<AMBIENT_CELLCOLOR>0x00FFFFFF</AMBIENT_CELLCOLOR>

		<CAPTION_TEXTCOLOR>0xFFFFFFFF</CAPTION_TEXTCOLOR>
		<CAPTION_BACKCOLOR></CAPTION_BACKCOLOR>

		<DIALOG_BORDERCOLOR>0xFFFFFFFF</DIALOG_BORDERCOLOR>
		<DIALOG_BACKCOLOR>0xAA172947</DIALOG_BACKCOLOR>  		
		<DIALOG_TEXTCOLOR>0xFF4A75C6</DIALOG_TEXTCOLOR>
		<DIALOG_DISABLEDTEXT>0xFF000000</DIALOG_DISABLEDTEXT>

		<DIALOG_INNER_BORDERCOLOR>0xFFFFFFFF</DIALOG_INNER_BORDERCOLOR>
		<DIALOG_INNER_BACKCOLOR>0xAA172947</DIALOG_INNER_BACKCOLOR>

		<OPTION_TEXTCOLOR>0xFF4A75C6</OPTION_TEXTCOLOR>
		<OPTION_ACTIVETEXTCOLOR>0xFFFFFFFF</OPTION_ACTIVETEXTCOLOR>
		<OPTION_ACTIVEBACKCOLOR></OPTION_ACTIVEBACKCOLOR>

		<BUTTON_BORDERCOLOR></BUTTON_BORDERCOLOR>
		<BUTTON_TEXTCOLOR>0xFFFFFFFF</BUTTON_TEXTCOLOR>
		<BUTTON_BACKCOLOR>0xCD636482</BUTTON_BACKCOLOR>
		<BUTTON_ACTIVETEXTCOLOR>0xFFFFFFFF</BUTTON_ACTIVETEXTCOLOR>
		<BUTTON_ACTIVEBACKCOLOR>0xE14A75C6</BUTTON_ACTIVEBACKCOLOR>	
		
		<KB_KEYBG_HIGHLIGHT>0xCC4A75C6</KB_KEYBG_HIGHLIGHT>
		<KB_KEYBG_DISABLED>0xffc0c0c0</KB_KEYBG_DISABLED>
		<KB_KEY_PRESSED>0xff808080</KB_KEY_PRESSED>
		<KB_KEY_NORMAL>0xff000000</KB_KEY_NORMAL>
		<KB_KEY_DISABLED>0xff808080</KB_KEY_DISABLED>
		<KB_KEY_ACTIVEBORDER>0xff000080</KB_KEY_ACTIVEBORDER>
		<KB_KEY_TEXTCOLOR>0xff000000</KB_KEY_TEXTCOLOR>
		<KB_KEY_TEXTBACKCOLOR>0xffFFFFFF</KB_KEY_TEXTBACKCOLOR>
		<KB_KEY_TEXTBORDERCOLOR>0xff0000FF</KB_KEY_TEXTBORDERCOLOR>
		
		<MENU_TEXTCOLOR>0xFFFFFFFF</MENU_TEXTCOLOR>
		<MENU_ACTIVETEXTCOLOR>0xFF579DFB</MENU_ACTIVETEXTCOLOR>
		<MENU_BORDERCOLOR></MENU_BORDERCOLOR>
		<MENU_BACKCOLOR></MENU_BACKCOLOR>
		<MENU_ACTIVEBACKCOLOR></MENU_ACTIVEBACKCOLOR>
		<MENU_ACTIVEBORDERCOLOR></MENU_ACTIVEBORDERCOLOR>
	</ColorScheme>
</Skin>