<Skin name="Doom3UX">
	<Information>
		<Author>RustAngel</Author>
		<Copyright>Copyright 2003</Copyright>
		<Version>1.0</Version>
	</Information>
		<IntroMovie>intro.xmv</IntroMovie>
		<Main Globe="False" Orb="False" Fog="False">
		<BackGround>menu.jpg</BackGround>
		<Cellwall></Cellwall>
		<Orb></Orb>
		<Image Top="101" Left="479" Width="99" Height="74" Opacity="75" Source="GameIcon" />
		<Menu Align="Left" ShowIcon="False" ShowArrows="True">
            <Position Top="115" Left="70" Width="200" Height="210" Fixed="False" FixAt="2" MaxItem="4" />
            <Font>Square-10.xpr</Font>
        </Menu>
        <InfoFont>Square-10.xpr</InfoFont>
		<Text Left="455" Top="110" Align="Right" Color="0x9999CCCC" Source="$NickName$"></Text>
		<Text Left="20" Top="20" Align="Left" Color="0x9999CCCC" Source="DateTime"></Text>
		<Text Left="455" Top="130" Align="Right" Color="0x9999CCCC" Source="SoundTrack"></Text>
		<Text Left="455" Top="150" Align="Right" Color="0x9999CCCC" Source="SongName"></Text>
		<Text Left="455" Top="170" Align="Right" Color="0x9999CCCC" Source="SongTime"></Text>
		<Text Left="455" Top="190" Align="Right" Color="0x9999CCCC" Source="CPUTempC"></Text>
		<Text Left="455" Top="210" Align="Right" Color="0x9999CCCC" Source="MBTempC"></Text>
		<Text Left="455" Top="230" Align="Right" Color="0x9999CCCC" Source="C_FreeMB"></Text>
		<Text Left="455" Top="250" Align="Right" Color="0x9999CCCC" Source="E_FreeMB"></Text>
		<Text Left="455" Top="270" Align="Right" Color="0x9999CCCC" Source="F_FreeMB"></Text>
		<Text Left="455" Top="290" Align="Right" Color="0x9999CCCC" Source="DVDTitle"></Text>
		<Text Left="455" Top="310" Align="Right" Color="0x9999CCCC" Source="IP"></Text>
	</Main>

	<LoadingScreen ShowInfo="false">
		<BackGround>loading.jpg</BackGround>
	</LoadingScreen>

	
	<ColorScheme >
		<AMBIENT_FOGCOLOR>0xFF000000</AMBIENT_FOGCOLOR>
		<AMBIENT_SKYCOLOR></AMBIENT_SKYCOLOR>
		<AMBIENT_CELLCOLOR>0x00FFFFFF</AMBIENT_CELLCOLOR>

		<CAPTION_TEXTCOLOR>0xFFFFFFFF</CAPTION_TEXTCOLOR>
		<CAPTION_BACKCOLOR>0xFF2E438D</CAPTION_BACKCOLOR>
		<DIALOG_BORDERCOLOR>0xFFFFFFFF</DIALOG_BORDERCOLOR>
		<DIALOG_BACKCOLOR>0xFF162043</DIALOG_BACKCOLOR>
		<DIALOG_INNER_BORDERCOLOR>0xFFFFFFFF</DIALOG_INNER_BORDERCOLOR>
		<DIALOG_INNER_BACKCOLOR>0xFF2E438D</DIALOG_INNER_BACKCOLOR>
		<DIALOG_TEXTCOLOR>0xFFFFFFFF</DIALOG_TEXTCOLOR>

		<DIALOG_DISABLEDTEXT>0xFFC0C0C0</DIALOG_DISABLEDTEXT>

		<OPTION_TEXTCOLOR>0xFFFFFFFF</OPTION_TEXTCOLOR>
		<OPTION_ACTIVETEXTCOLOR>0xFFFFFFFF</OPTION_ACTIVETEXTCOLOR>
		<OPTION_ACTIVEBACKCOLOR></OPTION_ACTIVEBACKCOLOR>

		<BUTTON_BORDERCOLOR></BUTTON_BORDERCOLOR>
		<BUTTON_TEXTCOLOR>0xFF02C90C</BUTTON_TEXTCOLOR>
		<BUTTON_BACKCOLOR>0xCD636482</BUTTON_BACKCOLOR>
		<BUTTON_ACTIVETEXTCOLOR>0xFFFFFFFF</BUTTON_ACTIVETEXTCOLOR>
		<BUTTON_ACTIVEBACKCOLOR>0xE102C90C</BUTTON_ACTIVEBACKCOLOR>	
		
		<KB_KEYBG_HIGHLIGHT>0xCC00C000</KB_KEYBG_HIGHLIGHT>
		<KB_KEYBG_DISABLED>0xffc0c0c0</KB_KEYBG_DISABLED>
		<KB_KEY_PRESSED>0xff808080</KB_KEY_PRESSED>
		<KB_KEY_NORMAL>0xff000000</KB_KEY_NORMAL>
		<KB_KEY_DISABLED>0xff808080</KB_KEY_DISABLED>
		<KB_KEY_ACTIVEBORDER>0xff008000</KB_KEY_ACTIVEBORDER>
		<KB_KEY_TEXTCOLOR>0xff000000</KB_KEY_TEXTCOLOR>
		<KB_KEY_TEXTBACKCOLOR>0xffFFFFFF</KB_KEY_TEXTBACKCOLOR>
		<KB_KEY_TEXTBORDERCOLOR>0xff0000FF</KB_KEY_TEXTBORDERCOLOR>
		
		<MENU_TEXTCOLOR>0x99FFFFFF</MENU_TEXTCOLOR>
		<MENU_ACTIVETEXTCOLOR>0xFFFFFFFF</MENU_ACTIVETEXTCOLOR>
		<MENU_BORDERCOLOR>0x00000000</MENU_BORDERCOLOR>
		<MENU_BACKCOLOR>0x00000000</MENU_BACKCOLOR>
		<MENU_ACTIVEBACKCOLOR>0x00000000</MENU_ACTIVEBACKCOLOR>
		<MENU_ACTIVEBORDERCOLOR>0x00000000</MENU_ACTIVEBORDERCOLOR>
	</ColorScheme>
</Skin>