﻿<Skin name="Transformers">
	<Information>
		<Author>David</Author>
		<Copyright>Copyright 2007</Copyright>
	 	<Version>1.0</Version>
	</Information>

        <FileManager SafeBorder="true">
		<BackGround>filemanager.png</BackGround>
	</FileManager>

    	<LoadingScreen ShowInfo="False">
        	<Background>loading.png</Background>
    	</LoadingScreen>

	<MusicPlayer Top="10" Left="70" Width="484" Height="213" Relative="False">
		<BackGround>mp.png</BackGround>

		<ButtonMap>mp_Buttons.png</ButtonMap>	
		<Element Type="Play" Left="128" Top="146" Width="32" Height="44" zIndex="3" />
		<Element Type="Pause" Left="172" Top="146" Width="32" Height="44" zIndex="3" />
		<Element Type="Stop" Left="216" Top="146" Width="32" Height="44" zIndex="3" />
		<Element Type="Prev" Left="260" Top="146" Width="32" Height="44" zIndex="3" />
		<Element Type="Next" Left="304" Top="146" Width="32" Height="44" zIndex="3" />
		<Element Type="Mute" Left="348" Top="157" Width="32" Height="22" zIndex="3" />
		<Element Type="Random" Left="392" Top="157" Width="32" Height="22" zIndex="3" />
		<Element Type="PrevTrack" Left="436" Top="146" Width="32" Height="44" />
		<Element Type="NextTrack" Left="480" Top="146" Width="32" Height="44" />

		
		<Text Left="453" Top="119" Align="Middle" Width="105" Height="30" Color="0xFFFFFFFF" Source="SongTime" Font="Special" Align="left" ScaleX="100" ScaleY="100" zIndex="3" />
		<Text Left="128" Top="123" Width="285" Height="30" Color="0xFFFFFFFF" Source="SongTrack" Scroll="2" Font="SpecialBold" ScaleX="100" ScaleY="100" zIndex="3" />
		<Playlist Top="155" Left="1" Width="640" Height="437" OffsetX="85" OffsetY="92">
			<BackGround>Playlist.png</BackGround>
		</Playlist>

	</MusicPlayer>

	<Main Globe="false" Orb="False" Fog="false">
		<Cellwall></Cellwall>
		<Orb></Orb>
		<Icon></Icon>
		<BackGround>background.png</BackGround>
	       	<Image Top="0" Left="0" Width="640" Height="480" zIndex="2" Opacity="100">overlay.png</Image>
        	<InfoFont>Square-10.xpr</InfoFont>
        	<Text Top="10" Left="15" Width="200" Scroll="1" Color="0xFFFF8000" Source="DVDTitle" zIndex="3" Align="Left" />
        	<Text Top="30" Left="15" Width="125" Scroll="1" Color="0xFFFF8000" Source="SongName" zIndex="3" Align="Left" />
        	<Text Top="50" Left="15" Width="125" Scroll="1" Color="0xFFFF8000" Source="SongTime" zIndex="3" Align="Left" />
        	<Text Top="10" Left="160" Width="200" Scroll="0" Color="0xFFFF8000" Source="MBTemp" zIndex="3" Align="Left" />
        	<Text Top="30" Left="160" Width="200" Scroll="0" Color="0xFFFF8000" Source="CPUTemp" zIndex="3" Align="Left" />
        	<Text Top="150" Left="-10" Width="200" Scroll="0" Color="0xFFFF8000" Source="Time" zIndex="3" Align="Middle" />
        	<Text Top="408" Left="15" Width="200" Scroll="0" Color="0xFFFF8000" Source="C_FreeMB" zIndex="3" Align="Left" />
        	<Text Top="428" Left="15" Width="200" Scroll="0" Color="0xFFFF8000" Source="E_FreeMB" zIndex="3" Align="Left" />
        	<Text Top="448" Left="15" Width="200" Scroll="0" Color="0xFFFF8000" Source="F_FreeMB" zIndex="3" Align="Left" />
        	<Text Top="301" Left="15" Width="220" Scroll="0" Color="0xFFFF8000" Source="IP" zIndex="3" Align="Left" />

		<Image Top="391" Left="210" Width="80" Height="80" zIndex="3" Source="GameIcon" />
       
	 	<Menu Smooth="True" Align="Left" ShowIcon="False" ShowArrows="False">
            		<ItemPos Top="170" Left="165" Width="200"></ItemPos>
            		<ItemPos Top="195" Left="165" Width="200"></ItemPos>
            		<ItemPos Top="220" Left="155" Width="200"></ItemPos>
            		<ItemPos Top="245" Left="145" Width="200"></ItemPos>
            		<ItemPos Top="270" Left="135" Width="200"></ItemPos>
            		<Font>Square-10.xpr</Font>
        	</Menu>
     		<ColorScheme>
            		<AMBIENT_FOGCOLOR>0x00FFFFFF</AMBIENT_FOGCOLOR>
            		<AMBIENT_SKYCOLOR>0x0000000F</AMBIENT_SKYCOLOR>
            		<AMBIENT_CELLCOLOR>0x0000C000</AMBIENT_CELLCOLOR>
            		<CAPTION_TEXTCOLOR>0xFFFF8000</CAPTION_TEXTCOLOR>
            		<CAPTION_BACKCOLOR>0x64808080</CAPTION_BACKCOLOR>
            		<DIALOG_BORDERCOLOR>0xFF000000</DIALOG_BORDERCOLOR>
            		<DIALOG_BACKCOLOR>0x64808080</DIALOG_BACKCOLOR>
            		<DIALOG_INNER_BORDERCOLOR>0xC8000000</DIALOG_INNER_BORDERCOLOR>
            		<DIALOG_INNER_BACKCOLOR>0x5A808080</DIALOG_INNER_BACKCOLOR>
            		<DIALOG_TEXTCOLOR>0xFFFFFFFF</DIALOG_TEXTCOLOR>
            		<DIALOG_DISABLEDTEXT>0xFFB3B3B4</DIALOG_DISABLEDTEXT>
            		<OPTION_TEXTCOLOR>0xFFFFFFFF</OPTION_TEXTCOLOR>
            		<OPTION_ACTIVETEXTCOLOR>0xFFFF8000</OPTION_ACTIVETEXTCOLOR>
            		<OPTION_ACTIVEBACKCOLOR>0x50808080</OPTION_ACTIVEBACKCOLOR>
            		<BUTTON_BORDERCOLOR>0xC8000000</BUTTON_BORDERCOLOR>
            		<BUTTON_TEXTCOLOR>0xFFFFFFFF</BUTTON_TEXTCOLOR>
            		<BUTTON_BACKCOLOR>0xFF525252</BUTTON_BACKCOLOR>
            		<BUTTON_ACTIVETEXTCOLOR>0xFFFFFFFF</BUTTON_ACTIVETEXTCOLOR>
            		<BUTTON_ACTIVEBACKCOLOR>0xFF808080</BUTTON_ACTIVEBACKCOLOR>
            		<KB_KEYBG_HIGHLIGHT>0x19575757</KB_KEYBG_HIGHLIGHT>
            		<KB_KEYBG_DISABLED>0x78C0C0C0</KB_KEYBG_DISABLED>
            		<KB_KEY_PRESSED>0xFF008000</KB_KEY_PRESSED>
            		<KB_KEY_NORMAL>0xFF000000</KB_KEY_NORMAL>
            		<KB_KEY_DISABLED>0x78808080</KB_KEY_DISABLED>
            		<KB_KEY_ACTIVEBORDER>0xFFFF0000</KB_KEY_ACTIVEBORDER>
            		<KB_KEY_TEXTCOLOR>0xFF000000</KB_KEY_TEXTCOLOR>
            		<KB_KEY_TEXTBACKCOLOR>0xFFFFFFFF</KB_KEY_TEXTBACKCOLOR>
            		<KB_KEY_TEXTBORDERCOLOR>0x780000FF</KB_KEY_TEXTBORDERCOLOR>
            		<MENU_TEXTCOLOR>0x96FF8000</MENU_TEXTCOLOR>
            		<MENU_ACTIVETEXTCOLOR>0xFFFF8000</MENU_ACTIVETEXTCOLOR>
        	</ColorScheme>
    	</Main>
</Skin>