﻿<Skin name="GTASA">
    <Information>
        <Author>Ralph X</Author>
        <Version>1</Version>
        <Copyright>2009</Copyright>
        <Skinner Name="UX Architect" Version="1.0c" />
    </Information>
    <Main Globe="False" Orb="False" Fog="False">
        <Background EnableAudio="False">GTASA.PNG</Background>
        <InfoFont>Square-10.xpr</InfoFont>
        <Text Top="100" Left="12" Width="155" Scroll="0" Color="0xFF000000" Source="MBTemp" Align="Left" />
        <Text Top="78" Left="11" Width="157" Scroll="0" Color="0xFF000000" Source="CPUTemp" Align="Left" />
        <Text Top="54" Left="12" Width="153" Scroll="2" Color="0xFF000000" Source="F_Free" Align="Left" />
        <Text Top="32" Left="12" Width="154" Scroll="2" Color="0xFF000000" Source="E_Free" Align="Left" />
        <Text Top="198" Left="234" Width="200" Scroll="2" Color="0xFF000000" Source="Grand Theft Auto San Andreas" Align="Left" />
        <Text Top="452" Left="228" Width="200" Scroll="0" Color="0xFF000000" Source="IP" Align="Left" />
        <Text Top="452" Left="436" Width="200" Scroll="0" Color="0xFF000000" Source="Newsfeed" Align="Left" />
        <Text Top="175" Left="403" Width="200" Scroll="0" Color="0xFF000000" Source="DateTime" Align="Left" />
        <Text Top="177" Left="184" Width="200" Scroll="0" Color="0xFF000000" Source="DVDTitle" Align="Left" />
        <Image Top="333" Left="490" Width="117" Height="110" Source="GameIcon" />
        <Image Source="GamePreview" />
        <Menu Align="Left" ShowIcon="False" ShowArrows="False">
            <Preview EnableAudio="True" Top="14" Left="176" Width="224" Height="151" />
            <ItemPos Top="307" Left="252" Width="200"></ItemPos>
            <ItemPos Top="338" Left="252" Width="200"></ItemPos>
            <ItemPos Top="365" Left="253" Width="200"></ItemPos>
            <ItemPos Top="395" Left="253" Width="200"></ItemPos>
            <ItemPos Top="426" Left="252" Width="200"></ItemPos>
            <Font>Square-12.xpr</Font>
        </Menu>
        </Main>
                <IntroMovie>intro.wmv</IntroMovie>
                <FileManager SafeBorder="False">
		<BackGround>filemanager.png</BackGround>
        </FileManager>
	<LoadingScreen ShowInfo="False">
		<BackGround>loading.png</BackGround>
	</LoadingScreen>

        <ColorScheme>
            <AMBIENT_FOGCOLOR>0xFF8080FF</AMBIENT_FOGCOLOR>
            <AMBIENT_SKYCOLOR>0xFF000000</AMBIENT_SKYCOLOR>
            <AMBIENT_CELLCOLOR>0xFF0080FF</AMBIENT_CELLCOLOR>
            <CAPTION_TEXTCOLOR>0xFFFFFFFF</CAPTION_TEXTCOLOR>
            <CAPTION_BACKCOLOR>0xFFFF8040</CAPTION_BACKCOLOR>
            <DIALOG_BORDERCOLOR>0xFFFF8000</DIALOG_BORDERCOLOR>
            <DIALOG_BACKCOLOR>0x3F000000</DIALOG_BACKCOLOR>
            <DIALOG_INNER_BORDERCOLOR>0xFFFF8040</DIALOG_INNER_BORDERCOLOR>
            <DIALOG_INNER_BACKCOLOR>0xFF000000</DIALOG_INNER_BACKCOLOR>
            <DIALOG_TEXTCOLOR>0xFFFFFFFF</DIALOG_TEXTCOLOR>
            <DIALOG_DISABLEDTEXT>0xFFB3B3B4</DIALOG_DISABLEDTEXT>
            <OPTION_TEXTCOLOR>0xFFFFFFFF</OPTION_TEXTCOLOR>
            <OPTION_ACTIVETEXTCOLOR>0xFFFFFFFF</OPTION_ACTIVETEXTCOLOR>
            <OPTION_ACTIVEBACKCOLOR>0xFFFF8040</OPTION_ACTIVEBACKCOLOR>
            <BUTTON_BORDERCOLOR>0xFFFFFFFF</BUTTON_BORDERCOLOR>
            <BUTTON_TEXTCOLOR>0xFFFFFFFF</BUTTON_TEXTCOLOR>
            <BUTTON_BACKCOLOR>0x4F000000</BUTTON_BACKCOLOR>
            <BUTTON_ACTIVETEXTCOLOR>0xFFFFFFFF</BUTTON_ACTIVETEXTCOLOR>
            <BUTTON_ACTIVEBACKCOLOR>0x8EFF8040</BUTTON_ACTIVEBACKCOLOR>
            <KB_KEYBG_HIGHLIGHT>0xFFFF8040</KB_KEYBG_HIGHLIGHT>
            <KB_KEYBG_DISABLED>0xFFC0C0C0</KB_KEYBG_DISABLED>
            <KB_KEY_PRESSED>0xFF008000</KB_KEY_PRESSED>
            <KB_KEY_NORMAL>0xFF000000</KB_KEY_NORMAL>
            <KB_KEY_DISABLED>0xFFFFFFFF</KB_KEY_DISABLED>
            <KB_KEY_ACTIVEBORDER>0xFF808080</KB_KEY_ACTIVEBORDER>
            <KB_KEY_TEXTCOLOR>0xFF000000</KB_KEY_TEXTCOLOR>
            <KB_KEY_TEXTBACKCOLOR>0xFFFFFFFF</KB_KEY_TEXTBACKCOLOR>
            <KB_KEY_TEXTBORDERCOLOR>0xFFFF8040</KB_KEY_TEXTBORDERCOLOR>
            <MENU_TEXTCOLOR>0xFF000000</MENU_TEXTCOLOR>
            <MENU_ACTIVETEXTCOLOR>0xFFFFFFFF</MENU_ACTIVETEXTCOLOR>
            <MENU_BORDERCOLOR>0xFFFF8040</MENU_BORDERCOLOR>
            <MENU_BACKCOLOR>0xFF000000</MENU_BACKCOLOR>
            <MENU_ACTIVEBACKCOLOR>0xFF000000</MENU_ACTIVEBACKCOLOR>
            <MENU_ACTIVEBORDERCOLOR>0xFFFF8040</MENU_ACTIVEBORDERCOLOR>
        </ColorScheme>
    </Main>
</Skin>