<Skin name="KMK v k.4.2.1">
         <Information>
                  <Author>John Tryba</Author>
                  <Copyright>2008</Copyright>
                  <Version>k.4.2.0</Version>
         </Information>
        <Fonts>
		<Font Name="10">12.xpr</Font>
		<Font Name="12">14.xpr</Font>
		<Font Name="14">16.xpr</Font>
		<Font Name="Special">16.xpr</Font>
		<Font Name="SpecialBold">18.xpr</Font>
		</Fonts>
         <IntroMovie></IntroMovie>
         <FileManager>
                  <BackGround>fm.jpg</BackGround>
         </FileManager>
         <LoadingScreen ShowInfo="False">
                  <BackGround>lbg.jpg</BackGround>
         </LoadingScreen>
         <MusicPlayer Left="138" Top="20" Width="364" Height="215" >
	<BackGround>main_back.png</BackGround>
		<!-- back image of the peak meter and mask for the volume -->
		<!-- Progress and volume must be under this image, hence zIndex > 0 -->
		<Image Left="277" Top="70" Width="167" Height="115" zIndex="1">vizbg.png</Image>
		<!-- cover image must be drawn on top of everything, zIndex=10 should be fine -->
		<Image Left="253" Top="48" Width="206" Height="152" zIndex="10">viz_cover.png</Image>


		<ButtonMap>ButtonMap.png</ButtonMap>	
		<!-- Buttons -->
		<Element Type="Prev" Left="189" Top="186" Width="30" Height="36" />
		<Element Type="Play" Left="219" Top="186" Width="30" Height="36" />
		<Element Type="Pause" Left="249" Top="186" Width="30" Height="36" />
		<Element Type="Stop" Left="279" Top="186" Width="30" Height="36" />
		<Element Type="Next" Left="309" Top="186" Width="30" Height="36" />
		<Element Type="PrevTrack" Left="339" Top="186" Width="30" Height="36" />
		<Element Type="NextTrack" Left="369" Top="186" Width="30" Height="36" />
		<!-- Random and mute must be drawn on top of vizbg, zIndex = 2 -->
		<Element Type="Random" Left="334" Top="168" Width="30" Height="18" zIndex="2" />
		<Element Type="Mute" Left="372" Top="168" Width="30" Height="18" zIndex="2" />
		<Element Type="Progress" Left="303" Top="89" Width="122" Height="12" />
		<Element Type="Volume" Left="280" Top="148" Width="162" Height="16" />

		<!-- Meter must be drawn on top of vizbg, zIndex = 2 -->
		<Element Type="Meter" Left="298" Top="98" Width="134" Height="58" zIndex="2" />
		<Element Type="Meter" Left="360" Top="98" Width="134" Height="58" zIndex="2" />
		<Element Type="SongStatus" Left="288" Top="135" Width="10" Height="10" zIndex="2" />
		<!-- Other possible types:
			PlayStatus, PauseStatus, StopStatus -These are the symbols which are either dimmed or lit
			SongStatus, could be Playing, Paused or Stopped symbol
		 -->

		<!-- Text must be drawn on top of vizbg, zIndex = 2 -->
		<Text Left="180" Top="142" Width="55" Height="20" Color="0xFFf9920f" Source="SongTime" Font="font" zIndex="2" ScaleX="100" ScaleY="100" Align="left" />
		<!-- New feature Alert:
			New Source for Text element
			SongTrack - concat of song and soundtrack 
			SongBitRate - 128KBPS
			SongLength - 5:12
			SongFrequency - 44.1KHz
			SongChannel - Audio CD, Stereo or Mono
		-->
		<Text Left="313" Top="76" Width="108" Height="12" Color="0xFFf9920f" Source="SongTrack" Scroll="2" Align="Bottom" Font="font" zIndex="2"/>

		<Playlist Top="235" Left="205" Width="430" Height="240" OffsetX="30" OffsetY="30">
			<BackGround>pl_back.png</BackGround>
		</Playlist>
		
	</MusicPlayer>
         <Main Globe="False" Orb="False" Fog="False">
                  <BackGround EnableAudio="False">bg.wmv</BackGround>
                  <Image Left="0" Top="0" Width="640" Height="480" Opacity="100">overlay.png</Image>
                  <Cellwall></Cellwall>
                  <Orb></Orb>
                  <Icon></Icon>
                  <Menu Smooth="false" ShowIcon="false" Rotate="false" Opacity="2" ShowArrows="false">
		<itempos left="96" top="170" width="190"></itempos>
		<itempos left="96" top="200" width="190"></itempos>
		<itempos left="96" top="230" width="190"></itempos>
		<itempos left="96" top="250" width="190"></itempos>
		<itempos left="96" top="280" width="190"></itempos> 
		<itempos left="96" top="310" width="190"></itempos>
		<itempos left="96" top="340" width="190"></itempos>
		<itempos left="96" top="370" width="190"></itempos>
                  <Font>18.xpr</Font>
                           <Preview EnableAudio="False" Top="0" Left="0" Width="0" Height="0" />
                  </Menu>
                  <InfoFont>12.xpr</InfoFont>
                  <Text Top="440" Left="143" Align="Left" Color="0xFF000000" Source="Ip"></Text>
                  <Text Top="114" Left="174" Align="Left" Color="0xFF000000" Source="CPUTempF"></Text>
                  <Text Top="135" Left="174" Align="Left" Color="0xFF000000" Source="FanSpeed"></Text>
                  </Main>
         <ColorScheme >
                  <AMBIENT_FOGCOLOR>0xFF000000</AMBIENT_FOGCOLOR>
                  <AMBIENT_SKYCOLOR></AMBIENT_SKYCOLOR>
                  <AMBIENT_CELLCOLOR>0x00FFFFFF</AMBIENT_CELLCOLOR>
                  <CAPTION_TEXTCOLOR>0xFF23AA49</CAPTION_TEXTCOLOR>
                  <CAPTION_BACKCOLOR>0xFFFFFFFF</CAPTION_BACKCOLOR>
                  <DIALOG_BORDERCOLOR>0xFF23AA49</DIALOG_BORDERCOLOR>
                  <DIALOG_BACKCOLOR>0xFFFFFFFF</DIALOG_BACKCOLOR>
                  <DIALOG_INNER_BORDERCOLOR>0xFF23AA49</DIALOG_INNER_BORDERCOLOR>
                  <DIALOG_INNER_BACKCOLOR>0xFFFFFFFF</DIALOG_INNER_BACKCOLOR>
                  <DIALOG_TEXTCOLOR>0xFF000000</DIALOG_TEXTCOLOR>
                  <DIALOG_DISABLEDTEXT>0xFF000000</DIALOG_DISABLEDTEXT>
                  <OPTION_TEXTCOLOR>0xFF23AA49</OPTION_TEXTCOLOR>
                  <OPTION_ACTIVETEXTCOLOR>0xFF23AA49</OPTION_ACTIVETEXTCOLOR>
                  <OPTION_ACTIVEBACKCOLOR>0xFF00FF00</OPTION_ACTIVEBACKCOLOR>
                  <BUTTON_BORDERCOLOR>0xFF23AA49</BUTTON_BORDERCOLOR>
                  <BUTTON_TEXTCOLOR>0xFF23AA49</BUTTON_TEXTCOLOR>
                  <BUTTON_BACKCOLOR>0xFF808080</BUTTON_BACKCOLOR>
                  <BUTTON_ACTIVETEXTCOLOR>0xFF23AA49</BUTTON_ACTIVETEXTCOLOR>
                  <BUTTON_ACTIVEBACKCOLOR>0xFF00FF00</BUTTON_ACTIVEBACKCOLOR>
                  <KB_KEYBG_HIGHLIGHT>0xFFFFFFFF</KB_KEYBG_HIGHLIGHT>
                  <KB_KEYBG_DISABLED>0xFF808080</KB_KEYBG_DISABLED>
                  <KB_KEY_PRESSED>0xFF808080</KB_KEY_PRESSED>
                  <KB_KEY_NORMAL>0xFF00FF00</KB_KEY_NORMAL>
                  <KB_KEY_DISABLED>0xff808080</KB_KEY_DISABLED>
                  <KB_KEY_ACTIVEBORDER>0xFF23AA49</KB_KEY_ACTIVEBORDER>
                  <KB_KEY_TEXTCOLOR>0xFF23AA49</KB_KEY_TEXTCOLOR>
                  <KB_KEY_TEXTBACKCOLOR>0xFFFFFFFF</KB_KEY_TEXTBACKCOLOR>
                  <KB_KEY_TEXTBORDERCOLOR>0xFF23AA49</KB_KEY_TEXTBORDERCOLOR>
                  <MENU_TEXTCOLOR>0xFF23AA49</MENU_TEXTCOLOR>
                  <MENU_ACTIVETEXTCOLOR>0xFF23AA49</MENU_ACTIVETEXTCOLOR>
                  <MENU_BORDERCOLOR>0xFF23AA49</MENU_BORDERCOLOR>
                  <MENU_BACKCOLOR>0xFFFFFFFF</MENU_BACKCOLOR>
                  <MENU_ACTIVEBACKCOLOR>0xFF808080</MENU_ACTIVEBACKCOLOR>
                  <MENU_ACTIVEBORDERCOLOR>0xFF23AA49</MENU_ACTIVEBORDERCOLOR>
               	  <MMActiveForeColor>0xFFFFFFFF</MMActiveForeColor>
		  <MMForeColor>0xFFFFFFFF</MMForeColor>
		  <MMOffForeColor>0xFFFFFFFF</MMOffForeColor>
		  <MMDarkBarColor>0xFFFF8000</MMDarkBarColor>
		  <MMLightBarColor>0xFFFFFF00</MMLightBarColor>
		  <MMDarkBackColor>0xFF2C574C</MMDarkBackColor>
		  <WindowBackCOLOR>0xFF000000</WindowBackCOLOR>
		  <WindowForeCOLOR>0xFFFFFFFF</WindowForeCOLOR>
         </ColorScheme>
</Skin>




