﻿<Skin name="Lain Serial Experiment">
    <Information>
        <Author>shookie</Author>
        <Version>3</Version>
        <Copyright>2004</Copyright>
        <Skinner Name="UX Architect" Version="1.0c" />
    </Information>
    <IntroMovie>intro.xmv</IntroMovie>
    <LoadingScreen ShowInfo="False">
        <Background>loading.xmv</Background>
    </LoadingScreen>
    <Main Orb="False" Fog="False">
        <Cellwall>Image5.png</Cellwall>
        <InfoFont>BookAntiqua-10.xpr</InfoFont>
        <Text Top="0" Left="155" Width="344" Scroll="2" Color="0xFFFFFFFF" Source="Welcome to the wire, $NickName$.                                                                                            We have been waiting for you." Align="Left" />
        <Text Top="392" Left="131" Width="140" Scroll="0" Color="0xFFFFFFFF" Source="$IP$" Align="Left" />
        <Text Top="129" Left="333" Width="196" Scroll="0" Color="0xFFFFFFFF" Source="$DateTime$" Align="Right" />
        <Text Top="392" Left="389" Width="115" Scroll="0" Color="0xFFFFFFFF" Source="Tray" Align="Left" />
        <Text Top="412" Left="389" Width="113" Scroll="2" Color="0xFFFFFFFF" Source="Latest news: $Newsfeed$" Align="Left" />
        <Text Top="129" Left="129" Width="195" Scroll="2" Color="0xFFFFFFFF" Source="Now Playing: $SongName$" Align="Left" />
        <Text Top="412" Left="131" Width="140" Scroll="0" Color="0xFFFFFFFF" Source="NumClient" Align="Left" />
        <Text Top="372" Left="389" Width="100" Scroll="0" Color="0xFFFFFFFF" Source="Misc Stats:" Align="Left" />
        <Text Top="372" Left="131" Width="111" Scroll="0" Color="0xFFFFFFFF" Source="Network Stats:" Align="Left" />
        <Text Top="128" Left="8" Width="57" Scroll="0" Color="0xFFFFFFFF" Source="System" Align="Left" />
        <Text Top="156" Left="2" Width="109" Scroll="0" Color="0xFFFFFFFF" Source="C_FreeMB" Align="Left" />
        <Text Top="176" Left="2" Width="109" Scroll="0" Color="0xFFFFFFFF" Source="E_FreeMB" Align="Left" />
        <Text Top="196" Left="2" Width="109" Scroll="0" Color="0xFFFFFFFF" Source="F_FreeMB" Align="Left" />
        <Text Top="216" Left="2" Width="109" Scroll="0" Color="0xFFFFFFFF" Source="G_FreeMB" Align="Left" />
        <Shape Type="Rectangle" Left="404" Top="169" Width="2" Height="105" BorderColor="0xFF000000" BackColor="0xFF000000"></Shape>
        <Image Top="0" Left="0" Width="640" Height="480" Opacity="100">Lain Serial Experiment 1a.png</Image>
        <Image Top="169" Left="409" Width="113" Height="105" Source="GameIcon" />
        <Image Source="GamePreview" />
        <Menu Smooth="True" Align="Left" ShowIcon="False" Rotate="True" ShowArrows="False">
            <Preview EnableAudio="True" Top="168" Left="130" Width="184" Height="186" />
            <ItemPos Top="283" Left="320" Width="200"></ItemPos>
            <ItemPos Top="308" Left="320" Width="200"></ItemPos>
            <ItemPos Top="333" Left="320" Width="200"></ItemPos>
            <Font>CourierNew-12.xpr</Font>
        </Menu>
        <ColorScheme>
            <AMBIENT_FOGCOLOR>0x780000FF</AMBIENT_FOGCOLOR>
            <AMBIENT_SKYCOLOR>0xFF00000F</AMBIENT_SKYCOLOR>
            <AMBIENT_CELLCOLOR>0x9CFFFFFF</AMBIENT_CELLCOLOR>
            <CAPTION_TEXTCOLOR>0xFF0000A0</CAPTION_TEXTCOLOR>
            <CAPTION_BACKCOLOR>0xCA4274FF</CAPTION_BACKCOLOR>
            <DIALOG_BORDERCOLOR>0xCA8080FF</DIALOG_BORDERCOLOR>
            <DIALOG_BACKCOLOR>0xB6273CF3</DIALOG_BACKCOLOR>
            <DIALOG_INNER_BORDERCOLOR>0xFF8080FF</DIALOG_INNER_BORDERCOLOR>
            <DIALOG_INNER_BACKCOLOR>0x950000FF</DIALOG_INNER_BACKCOLOR>
            <DIALOG_TEXTCOLOR>0xFFFFFFFF</DIALOG_TEXTCOLOR>
            <DIALOG_DISABLEDTEXT>0xFFB3B3B4</DIALOG_DISABLEDTEXT>
            <OPTION_TEXTCOLOR>0xFFFFFFFF</OPTION_TEXTCOLOR>
            <OPTION_ACTIVETEXTCOLOR>0xFFFFFFFF</OPTION_ACTIVETEXTCOLOR>
            <OPTION_ACTIVEBACKCOLOR>0xFF8080FF</OPTION_ACTIVEBACKCOLOR>
            <BUTTON_BORDERCOLOR>0x0080FFFF</BUTTON_BORDERCOLOR>
            <BUTTON_TEXTCOLOR>0xFFFFFFFF</BUTTON_TEXTCOLOR>
            <BUTTON_BACKCOLOR>0x7E273CF3</BUTTON_BACKCOLOR>
            <BUTTON_ACTIVETEXTCOLOR>0xFFFFFFFF</BUTTON_ACTIVETEXTCOLOR>
            <BUTTON_ACTIVEBACKCOLOR>0xFF8080FF</BUTTON_ACTIVEBACKCOLOR>
            <KB_KEYBG_HIGHLIGHT>0xFF0000FF</KB_KEYBG_HIGHLIGHT>
            <KB_KEYBG_DISABLED>0x78C0C0C0</KB_KEYBG_DISABLED>
            <KB_KEY_PRESSED>0xFF008000</KB_KEY_PRESSED>
            <KB_KEY_NORMAL>0xFF000000</KB_KEY_NORMAL>
            <KB_KEY_DISABLED>0xFFFFFFFF</KB_KEY_DISABLED>
            <KB_KEY_ACTIVEBORDER>0xFFFF0000</KB_KEY_ACTIVEBORDER>
            <KB_KEY_TEXTCOLOR>0xFF000000</KB_KEY_TEXTCOLOR>
            <KB_KEY_TEXTBACKCOLOR>0xFFFFFFFF</KB_KEY_TEXTBACKCOLOR>
            <KB_KEY_TEXTBORDERCOLOR>0x780000FF</KB_KEY_TEXTBORDERCOLOR>
            <MENU_TEXTCOLOR>0xFFC0C0C0</MENU_TEXTCOLOR>
            <MENU_ACTIVETEXTCOLOR>0xFFFFFFFF</MENU_ACTIVETEXTCOLOR>
            <MENU_BACKCOLOR>0xFF000000</MENU_BACKCOLOR>
            <MENU_ACTIVEBACKCOLOR>0x888080FF</MENU_ACTIVEBACKCOLOR>
            <MENU_ACTIVEBORDERCOLOR>0xFF8080FF</MENU_ACTIVEBORDERCOLOR>
        </ColorScheme>
    </Main>
</Skin>