﻿<Skin Name="Black Hole Sun">
<Information>
<Author>KAP</Author>
<Copyright>2004</Copyright>
<Version>1.3</Version>
</Information>
<Main Globe="False" Orb="False">
<Background>bg.png</Background>
<Menu Smooth="True" Align="Middle" ShowArrows="False" ShowIcon="False" Rotate="False">
<Font>Trebuchet-12.xpr</Font>
	    <ItemPos Top="4" Left="85" Width="200"></ItemPos>
            <ItemPos Top="24" Left="65" Width="200"></ItemPos>
            <ItemPos Top="44" Left="45" Width="200"></ItemPos>
            <ItemPos Top="64" Left="25" Width="200"></ItemPos>
            <ItemPos Top="84" Left="5" Width="200"></ItemPos>
<Preview EnableAudio="True" Left="245" Top="130" Width="177" Height="177" />
</Menu>

	<Text Top="378" Left="5" Width="432" Scroll="0" Color="0xFFFFFFFF" Source="News: $Newsfeed$" Align="Left" />
        <Text Top="398" Left="5" Width="200" Scroll="0" Color="0xFFFFFFFF" Source="Source: $NewsSource$" Align="Left" />
        <Text Top="301" Left="5" Width="200" Scroll="0" Color="0xFFFFFFFF" Source="Song: $SongName$" Align="Left" />
        <Text Top="247" Left="500" Width="200" Scroll="0" Color="0xFFFFFFFF" Source="Dash: V$AppVersion$" Align="Left" />
        <Text Top="211" Left="502" Width="200" Scroll="0" Color="0xFFFFFFFF" Source="Fan Speed: $FanSpeed$" Align="Left" />
        <Text Top="228" Left="501" Width="200" Scroll="0" Color="0xFFFFFFFF" Source="Xbox: $Version$" Align="Left" />
        <Text Top="427" Left="482" Width="200" Scroll="0" Color="0xFFFFFFFF" Source="Version: $SkinVersion$" Align="Left" />
        <Text Top="409" Left="482" Width="200" Scroll="0" Color="0xFFFFFFFF" Source="Author: $SkinAuthor$" Align="Left" />
        <Text Top="326" Left="495" Width="200" Scroll="0" Color="0xFFFFFFFF" Source="IP: $IP$" Align="Left" />
        <Text Top="338" Left="5" Width="200" Scroll="0" Color="0xFFFFFFFF" Source="Time: $SongTime$" Align="Left" />
        <Text Top="320" Left="5" Width="200" Scroll="0" Color="0xFFFFFFFF" Source="Album: $SoundTrack$" Align="Left" />
        <Text Top="191" Left="510" Width="200" Scroll="0" Color="0xFFFFFFFF" Source="M/B Temp: $MBTempF$" Align="Left" />
        <Text Top="170" Left="513" Width="200" Scroll="0" Color="0xFFFFFFFF" Source="CPU Temp: $CPUTempF$" Align="Left" />
        <Text Top="455" Left="234" Width="200" Scroll="0" Color="0xFFFFFFFF" Source="$NickName$" Align="Middle" />
        <Text Top="204" Left="5" Width="200" Scroll="0" Color="0xFFFFFFFF" Source="Date: $Date$" Align="Left" />
        <Text Top="186" Left="5" Width="200" Scroll="0" Color="0xFFFFFFFF" Source="Time: $Time$" Align="Left" />
        <Text Top="148" Left="507" Width="200" Scroll="0" Color="0xFFFFFFFF" Source="F: Total: $F_TotalMB$" Align="Left" />
        <Text Top="128" Left="498" Width="200" Scroll="0" Color="0xFFFFFFFF" Source="F: Free: $F_FreeMB$" Align="Left" />
        <Text Top="108" Left="483" Width="200" Scroll="0" Color="0xFFFFFFFF" Source="E: Total: $E_TotalMB$" Align="Left" />
        <Text Top="88" Left="457" Width="200" Scroll="0" Color="0xFFFFFFFF" Source="E: Free: $E_FreeMB$" Align="Left" />
        <Text Top="67" Left="437" Width="200" Scroll="0" Color="0xFFFFFFFF" Source="DVD Drive: $DVDTitle$" Align="Left" />

<Image Top="130" Left="245" width="177" Height="177" Source="GameIcon" />
<Image Source="GamePreview" />

<InfoFont>Square-10.xpr</InfoFont>
<Image Left="" Top="" Width="640" Height="480">blackholesun.png</Image>
</Main>

<ColorScheme Name="Default">
		<AMBIENT_FOGCOLOR>0xFF002000</AMBIENT_FOGCOLOR>
		<AMBIENT_SKYCOLOR>0xFF004000</AMBIENT_SKYCOLOR>
		<AMBIENT_CELLCOLOR>0x061A520A</AMBIENT_CELLCOLOR>

		<CAPTION_TEXTCOLOR>0xFF264700</CAPTION_TEXTCOLOR>
		<CAPTION_BACKCOLOR>0xFF28590F</CAPTION_BACKCOLOR>
		<DIALOG_BORDERCOLOR>0xFFFFFFFF</DIALOG_BORDERCOLOR>
		<DIALOG_BACKCOLOR>0xCD93AF00</DIALOG_BACKCOLOR>
		<DIALOG_INNER_BORDERCOLOR>0xFFFFE2B4</DIALOG_INNER_BORDERCOLOR>
		<DIALOG_INNER_BACKCOLOR>0xE1072700</DIALOG_INNER_BACKCOLOR>
		<DIALOG_TEXTCOLOR>0xFFFFFFFF</DIALOG_TEXTCOLOR>

		<DIALOG_DISABLEDTEXT>0x7F195408</DIALOG_DISABLEDTEXT>

		<OPTION_TEXTCOLOR>0xFFFFFFFF</OPTION_TEXTCOLOR>
		<OPTION_ACTIVETEXTCOLOR>0xFF072700</OPTION_ACTIVETEXTCOLOR>
		<OPTION_ACTIVEBACKCOLOR>0xFF8EA700</OPTION_ACTIVEBACKCOLOR>

		<BUTTON_BORDERCOLOR>0xFF008000</BUTTON_BORDERCOLOR>
		<BUTTON_TEXTCOLOR>0xFF77AB39</BUTTON_TEXTCOLOR>
		<BUTTON_BACKCOLOR>0xCD93AF00</BUTTON_BACKCOLOR>
		<BUTTON_ACTIVETEXTCOLOR>0xFFFFFFFF</BUTTON_ACTIVETEXTCOLOR>
		<BUTTON_ACTIVEBACKCOLOR>0xE1072700</BUTTON_ACTIVEBACKCOLOR>	
		
		<KB_KEYBG_HIGHLIGHT>0xCC00C000</KB_KEYBG_HIGHLIGHT>
		<KB_KEYBG_DISABLED>0xffc0c0c0</KB_KEYBG_DISABLED>
		<KB_KEY_PRESSED>0xff808080</KB_KEY_PRESSED>
		<KB_KEY_NORMAL>0xff000000</KB_KEY_NORMAL>
		<KB_KEY_DISABLED>0xff808080</KB_KEY_DISABLED>
		<KB_KEY_ACTIVEBORDER>0xffFF0000</KB_KEY_ACTIVEBORDER>
		<KB_KEY_TEXTCOLOR>0xff000000</KB_KEY_TEXTCOLOR>
		<KB_KEY_TEXTBACKCOLOR>0xffFFFFFF</KB_KEY_TEXTBACKCOLOR>
		<KB_KEY_TEXTBORDERCOLOR>0xffFF0000</KB_KEY_TEXTBORDERCOLOR>
		
		<MENU_TEXTCOLOR>0x99FFFFFF</MENU_TEXTCOLOR>
		<MENU_ACTIVETEXTCOLOR>0xFF40FF40</MENU_ACTIVETEXTCOLOR>
		<MENU_BORDERCOLOR>0x00000000</MENU_BORDERCOLOR>
		<MENU_BACKCOLOR>0x00000000</MENU_BACKCOLOR>
		<MENU_ACTIVEBACKCOLOR>0x00000000</MENU_ACTIVEBACKCOLOR>
		<MENU_ACTIVEBORDERCOLOR>0x00000000</MENU_ACTIVEBORDERCOLOR>
	</ColorScheme>
</Skin>
