<Skin name="Vario">
	<Information>
		<Author>lectrcMAN</Author>
		<Copyright>Copyright 2003</Copyright>
		<Version>.01beta</Version>
	</Information>
	<IntroMovie>intro.wmv</IntroMovie>
    <LoadingScreen ShowInfo="False">
		<BackGround Enableaudio="False">Loading.wmv</BackGround>
	</LoadingScreen>
		<Main Globe="True" Orb="False">
		<BackGround>vario.png</BackGround>
		<Cellwall>cell.png</Cellwall>
		<Image Left="425" Top="54" Width="124" Height="145">icon.png</Image>
		<GameIcon Enable="True" Opacity="0">
			<Position Top="77" Left="437" Width="90" Height="98" />
		</GameIcon>
		<InfoFont>info.XPR</InfoFont>
		<Menu Smooth="True" Align="Left" Rotate="True" ShowIcon="False">
		<Position Top="324" Left="195" Width="159" Height="125" Fixed="False" 
                FixAt="1" MaxItem="7">
		</Position>
		<Font>text.xpr</Font>
		</Menu>
		<Text Left="192" Top="82" Align="left" Color="0xFFFFFFFF" Source="$NickName$"></Text>
		<Text Left="193" Top="272" Align="left" Color="0xFFFFFFFF" Source="$Time$"></Text>
		<Text Left="340" Top="272" Align="right" Color="0xFFFFFFFF" Source="$Date$"></Text>
		<Text Left="192" Top="224" Align="left" Color="0xFFFFFFFF" Source="IP :  $IP$"></Text>
		<Text Left="310" Top="224" Align="Left" Color="0xFFFFFFFF" Source="FTP Users :  $NumClient$"></Text>
        <Text Left="192" Top="119" Align="Left" Color="0xFFFFFFFF" Source="C:\ $C_FreeMB$"></Text>
		<Text Left="192" Top="143" Align="Left" Color="0xFFFFFFFF" Source="E:\ $E_FreeMB$"></Text>
		<Text Left="192" Top="167" Align="Left" Color="0xFFFFFFFF" Source="F:\ $F_FreeMB$"></Text>
		<Text Left="192" Top="191" Align="Left" Color="0xFFFFFFFF" Source="DVD: $DVDType$"></Text>
		</Main>

	
   <ColorScheme >
      <AMBIENT_FOGCOLOR>0xFF000000</AMBIENT_FOGCOLOR>
	  <AMBIENT_SKYCOLOR></AMBIENT_SKYCOLOR>
	  <AMBIENT_CELLCOLOR>0x00FFFFFF</AMBIENT_CELLCOLOR>
      <CAPTION_TEXTCOLOR>0xFFFFFFFF</CAPTION_TEXTCOLOR>
      <CAPTION_BACKCOLOR>0xE1FFFFFF</CAPTION_BACKCOLOR>
      <DIALOG_BORDERCOLOR>0xFF4F4F4F</DIALOG_BORDERCOLOR>
      <DIALOG_BACKCOLOR>0x83000000</DIALOG_BACKCOLOR>
      <DIALOG_INNER_BORDERCOLOR>0xFF4F4F4F</DIALOG_INNER_BORDERCOLOR>
      <DIALOG_INNER_BACKCOLOR>0x83000000</DIALOG_INNER_BACKCOLOR>
      <DIALOG_TEXTCOLOR>0x99FFFFFF</DIALOG_TEXTCOLOR>
      <DIALOG_DISABLEDTEXT>0x7F000000</DIALOG_DISABLEDTEXT>
      <OPTION_TEXTCOLOR>0xFFFFFFFF</OPTION_TEXTCOLOR>
      <OPTION_ACTIVETEXTCOLOR>0xFFFFFFFF</OPTION_ACTIVETEXTCOLOR>
      <OPTION_ACTIVEBACKCOLOR>0xFF4F4F4F</OPTION_ACTIVEBACKCOLOR>
      <BUTTON_BORDERCOLOR>0xFF000000</BUTTON_BORDERCOLOR>
      <BUTTON_TEXTCOLOR>0xFF77AB39</BUTTON_TEXTCOLOR>
      <BUTTON_BACKCOLOR>0x83000000</BUTTON_BACKCOLOR>
      <BUTTON_ACTIVETEXTCOLOR>0xFFFFFFFF</BUTTON_ACTIVETEXTCOLOR>
      <BUTTON_ACTIVEBACKCOLOR>0xFF4F4F4F</BUTTON_ACTIVEBACKCOLOR>	
      <KB_KEYBG_HIGHLIGHT>0xFF575757</KB_KEYBG_HIGHLIGHT>
      <KB_KEYBG_DISABLED>0xffc0c0c0</KB_KEYBG_DISABLED>
      <KB_KEY_PRESSED>0xff808080</KB_KEY_PRESSED>
      <KB_KEY_NORMAL>0xff000000</KB_KEY_NORMAL>
      <KB_KEY_DISABLED>0xff808080</KB_KEY_DISABLED>
      <KB_KEY_ACTIVEBORDER>0xFF575757</KB_KEY_ACTIVEBORDER>
      <KB_KEY_TEXTCOLOR>0xff000000</KB_KEY_TEXTCOLOR>
      <KB_KEY_TEXTBACKCOLOR>0xE1FFFFFF</KB_KEY_TEXTBACKCOLOR>
      <KB_KEY_TEXTBORDERCOLOR>0xFF575757</KB_KEY_TEXTBORDERCOLOR>
      <MENU_TEXTCOLOR>0x99FFFFFF</MENU_TEXTCOLOR>
      <MENU_ACTIVETEXTCOLOR>0xFFFFFFFF</MENU_ACTIVETEXTCOLOR>
      <MENU_BORDERCOLOR>0x00000000</MENU_BORDERCOLOR>
      <MENU_BACKCOLOR>0x00000000</MENU_BACKCOLOR>
      <MENU_ACTIVEBACKCOLOR>0xFF4F4F4F</MENU_ACTIVEBACKCOLOR>
      <MENU_ACTIVEBORDERCOLOR>0xFF4F4F4F</MENU_ACTIVEBORDERCOLOR>
   </ColorScheme>
</Skin>