﻿<Skin name="Halo2_UX">
    <Information>
        <Author>puddwakkr</Author>
        <Version>1</Version>
        <Copyright>1776</Copyright>
        <Skinner Name="UX Architect" Version="1.0c" />
    </Information>
    <IntroMovie>intro.wmv</IntroMovie>
    <Filemanager>
        <Background>filemanager.png</Background>
    </Filemanager>
    <LoadingScreen ShowInfo="False">
        <Background>launch.png</Background>
    </LoadingScreen>
    <Main Globe="False" Orb="False" Fog="False">
        <Background EnableAudio="False">menu1.png</Background>
        <InfoFont>1979-10.xpr</InfoFont>
        <Text Top="392" Left="278" Width="325" Scroll="0" Color="0xFFFFFFFF" Source="DateTime" Align="Left" />
        <Image Top="409" Left="280" Width="255" Height="55" Source="GameIcon" />
        <Image Source="GamePreview" />
        <Menu Align="Left" ShowIcon="False" ShowArrows="False">
            <Preview EnableAudio="True" Top="314" Left="31" Width="235" Height="150" />
            <ItemPos Top="80" Left="34" Width="240"></ItemPos>
            <ItemPos Top="110" Left="34" Width="240"></ItemPos>
            <ItemPos Top="140" Left="34" Width="240"></ItemPos>
            <ItemPos Top="170" Left="34" Width="240"></ItemPos>
            <ItemPos Top="200" Left="34" Width="240"></ItemPos>
            <Font>1979-12.xpr</Font>
        </Menu>
        <ColorScheme>
            <AMBIENT_FOGCOLOR>0x00FFFFFF</AMBIENT_FOGCOLOR>
            <AMBIENT_SKYCOLOR>0x0000000F</AMBIENT_SKYCOLOR>
            <AMBIENT_CELLCOLOR>0x0000C000</AMBIENT_CELLCOLOR>
            <CAPTION_TEXTCOLOR>0xFF000040</CAPTION_TEXTCOLOR>
            <CAPTION_BACKCOLOR>0x64FFFFFF</CAPTION_BACKCOLOR>
            <DIALOG_BORDERCOLOR>0xFF000040</DIALOG_BORDERCOLOR>
            <DIALOG_BACKCOLOR>0x32C0C0C0</DIALOG_BACKCOLOR>
            <DIALOG_INNER_BORDERCOLOR>0xC8000040</DIALOG_INNER_BORDERCOLOR>
            <DIALOG_INNER_BACKCOLOR>0x75000040</DIALOG_INNER_BACKCOLOR>
            <DIALOG_TEXTCOLOR>0xFF000000</DIALOG_TEXTCOLOR>
            <DIALOG_DISABLEDTEXT>0xFF000000</DIALOG_DISABLEDTEXT>
            <OPTION_TEXTCOLOR>0xFFFFFFFF</OPTION_TEXTCOLOR>
            <OPTION_ACTIVETEXTCOLOR>0xFF000040</OPTION_ACTIVETEXTCOLOR>
            <OPTION_ACTIVEBACKCOLOR>0x50FFFFFF</OPTION_ACTIVEBACKCOLOR>
            <BUTTON_BORDERCOLOR>0xC8000040</BUTTON_BORDERCOLOR>
            <BUTTON_TEXTCOLOR>0xFF000080</BUTTON_TEXTCOLOR>
            <BUTTON_BACKCOLOR>0xFF000040</BUTTON_BACKCOLOR>
            <BUTTON_ACTIVETEXTCOLOR>0xFFFFFFFF</BUTTON_ACTIVETEXTCOLOR>
            <BUTTON_ACTIVEBACKCOLOR>0xFF000071</BUTTON_ACTIVEBACKCOLOR>
            <KB_KEYBG_HIGHLIGHT>0x19C0C0C0</KB_KEYBG_HIGHLIGHT>
            <KB_KEYBG_DISABLED>0x78C0C0C0</KB_KEYBG_DISABLED>
            <KB_KEY_PRESSED>0xFF000040</KB_KEY_PRESSED>
            <KB_KEY_NORMAL>0xFF000000</KB_KEY_NORMAL>
            <KB_KEY_DISABLED>0x78808080</KB_KEY_DISABLED>
            <KB_KEY_ACTIVEBORDER>0xFF0000FF</KB_KEY_ACTIVEBORDER>
            <KB_KEY_TEXTCOLOR>0xFF000000</KB_KEY_TEXTCOLOR>
            <KB_KEY_TEXTBACKCOLOR>0xFFFFFFFF</KB_KEY_TEXTBACKCOLOR>
            <KB_KEY_TEXTBORDERCOLOR>0x780000FF</KB_KEY_TEXTBORDERCOLOR>
            <MENU_TEXTCOLOR>0x80000040</MENU_TEXTCOLOR>
            <MENU_ACTIVETEXTCOLOR>0xFF000040</MENU_ACTIVETEXTCOLOR>
        </ColorScheme>
    </Main>
</Skin>