<Skin name="DragonUX">
    <Information>
        <Author>Tiro</Author>
        <Version>1</Version>
        <Copyright>2004</Copyright>
        <Skinner Name="UX Architect" Version="1.0c" />
    </Information>
<IntroMovie>[4773]Movie.wmv</IntroMovie>
    <LoadingScreen ShowInfo="False">
        <Background>loading.png</Background>
    </LoadingScreen>
    <Main Globe="False" Orb="False" Fog="False">
        <Background EnableAudio="False">Dragonbg.png</Background>
        <InfoFont>Square-10.xpr</InfoFont>
        <Image Top="0" Left="0" Width="640" Height="480" Opacity="100">overlay.png</Image>
        <Image Top="358" Left="16" Width="131" Height="103" Source="GameIcon" />
        <Image Source="GamePreview" />


                <InfoFont>Square-10.xpr</InfoFont>
                <Text Top="30" Left="370" Align="right" Color="0xFF000000" ScaleX="100" ScaleY="95" Source="$Time$"></Text>
                <Text Top="55" Left="410" Align="right" Color="0xFF000000" ScaleX="100" ScaleY="95" Source="IP"></Text>
                <Text Top="272" Left="295" Align="Left"  Color="0xFF000000" ScaleX="90" ScaleY="90" Source="Temp - CPU :                    MB :"></Text>
                <Text Top="272" Left="375" Align="Left"  Color="0xFF000000" ScaleX="90" ScaleY="90" Source="$CPUTemp$"></Text>
                <Text Top="272" Left="470" Align="Left"  Color="0xFF000000" ScaleX="90" ScaleY="90" Source="$MBTemp$"></Text>
                <Text Top="290" Left="295" Align="Left"  Color="0xFF000000" ScaleX="100" ScaleY="95" Source="Free Space - F:\"></Text>
                <Text Top="290" Left="405" Align="Left"  Color="0xFF000000" ScaleX="100" ScaleY="95" Source="$F_FreeMB$"></Text>
                <Text Top="305" Left="295" Align="Left"  Color="0xFF000000" ScaleX="100" ScaleY="95" Source="Free Space - G:\"></Text>
                <Text Top="305" Left="405" Align="Left"  Color="0xFF000000" ScaleX="100" ScaleY="95" Source="$G_FreeMB$"></Text>
                <Text Top="88" Left="320"  Align="middle" Scroll="0" Color="0xFF000000" ScaleX="80" ScaleY="65" Source="$Newsfeed$"></Text>
                <Text Top="345" Left="320" Align="Left" Width="250" Scroll="1" Color="0xFF000000" ScaleX="85" ScaleY="100" Source="Tray :"></Text>
                <Text Top="345" Left="355" Align="Left" Width="210" Scroll="1" Color="0xFF000000" ScaleX="100" ScaleY="100" Source="$Tray$"></Text>
                <Text Top="365" Left="320" Align="left" Scroll="1" Color="0xFF000000" ScaleX="80" ScaleY="100"Source="Song :"></Text>
                <Text Top="365" Left="358" Width="210" Align="left" Scroll="1" Color="0xFF000000" ScaleX="90" ScaleY="100"Source="SongName"></Text>
                <Text Top="380" Left="320" Align="left" Scroll="1" Color="0xFF000000" ScaleX="80" ScaleY="100"Source="Album :"></Text>
                <Text Top="380" Left="362" Width="210" Align="left" Scroll="1" Color="0xFF000000" ScaleX="90" ScaleY="100"Source="SoundTrack"></Text>
        <Menu Align="Left" ShowIcon="False" ShowArrows="False">
            <Preview EnableAudio="True" Top="358" Left="16" Width="131" Height="103" />
            <Position Top="246" Left="16" Width="131" Height="101" Fixed="False" FixAt="2" MaxItem="4" />
            <Font>Square-10.xpr</Font>
        </Menu>

    </Main>

	<!-- New feature Alert: 
		MusicPlayer is now fully skinnable, and Texts, Shapes and Images are acceptable.
	-->
	<MusicPlayer Left="138" Top="20" Width="364" Height="215" >
		<BackGround>main_back.png</BackGround>
		
		<!-- back image of the peak meter and mask for the volume -->
		<!-- Progress and volume must be under this image, hence zIndex > 0 -->
		<Image Left="277" Top="70" Width="167" Height="115" zIndex="1">vizbg.png</Image>
		<!-- cover image must be drawn on top of everything, zIndex=10 should be fine -->
		<Image Left="253" Top="48" Width="206" Height="152" zIndex="10">viz_cover.png</Image>


		<ButtonMap>ButtonMap.png</ButtonMap>	
		<!-- Buttons -->
		<Element Type="Prev" Left="189" Top="186" Width="30" Height="36" />
		<Element Type="Play" Left="219" Top="186" Width="30" Height="36" />
		<Element Type="Pause" Left="249" Top="186" Width="30" Height="36" />
		<Element Type="Stop" Left="279" Top="186" Width="30" Height="36" />
		<Element Type="Next" Left="309" Top="186" Width="30" Height="36" />
		<Element Type="PrevTrack" Left="339" Top="186" Width="30" Height="36" />
		<Element Type="NextTrack" Left="369" Top="186" Width="30" Height="36" />
		<!-- Random and mute must be drawn on top of vizbg, zIndex = 2 -->
		<Element Type="Random" Left="334" Top="168" Width="30" Height="18" zIndex="2" />
		<Element Type="Mute" Left="372" Top="168" Width="30" Height="18" zIndex="2" />
		<Element Type="Progress" Left="303" Top="89" Width="122" Height="12" />
		<Element Type="Volume" Left="280" Top="148" Width="162" Height="16" />

		<!-- Meter must be drawn on top of vizbg, zIndex = 2 -->
		<Element Type="Meter" Left="298" Top="98" Width="134" Height="58" zIndex="2" />
		<Element Type="SongStatus" Left="288" Top="135" Width="10" Height="10" zIndex="2" />
		<!-- Other possible types:
			PlayStatus, PauseStatus, StopStatus -These are the symbols which are either dimmed or lit
			SongStatus, could be Playing, Paused or Stopped symbol
		 -->

		<!-- Text must be drawn on top of vizbg, zIndex = 2 -->
		<Text Left="180" Top="142" Width="55" Height="20" Color="0xFF33CC00" Source="SongTime" Font="Agency" zIndex="2" ScaleX="120" ScaleY="120" Align="MiddleCenter" />
		<!-- New feature Alert:
			New Source for Text element
			SongTrack - concat of song and soundtrack 
			SongBitRate - 128KBPS
			SongLength - 5:12
			SongFrequency - 44.1KHz
			SongChannel - Audio CD, Stereo or Mono
		-->
		<Text Left="313" Top="76" Width="108" Height="12" Color="0xFF33CC00" Source="SongTrack" Scroll="2" Align="Bottom" Font="Agency" zIndex="2"/>

		<Playlist Top="235" Left="125" Width="390" Height="225" OffsetX="22" OffsetY="24">
			<BackGround>pl_back.png</BackGround>
		</Playlist>
		
	</MusicPlayer>

	<ColorScheme>
            <AMBIENT_FOGCOLOR>0x00FFFFFF</AMBIENT_FOGCOLOR>
            <AMBIENT_SKYCOLOR>0x0000000F</AMBIENT_SKYCOLOR>
            <AMBIENT_CELLCOLOR>0x0000C000</AMBIENT_CELLCOLOR>
            <CAPTION_TEXTCOLOR>0xFFA2E043</CAPTION_TEXTCOLOR>
            <CAPTION_BACKCOLOR>0x64808080</CAPTION_BACKCOLOR>
            <DIALOG_BORDERCOLOR>0xFF000000</DIALOG_BORDERCOLOR>
            <DIALOG_BACKCOLOR>0x64808080</DIALOG_BACKCOLOR>
            <DIALOG_INNER_BORDERCOLOR>0xC8000000</DIALOG_INNER_BORDERCOLOR>
            <DIALOG_INNER_BACKCOLOR>0x0A808080</DIALOG_INNER_BACKCOLOR>
            <DIALOG_TEXTCOLOR>0xFFFFFFFF</DIALOG_TEXTCOLOR>
            <DIALOG_DISABLEDTEXT>0xFFB3B3B4</DIALOG_DISABLEDTEXT>
            <OPTION_TEXTCOLOR>0xFFFFFFFF</OPTION_TEXTCOLOR>
            <OPTION_ACTIVETEXTCOLOR>0xFF8EE11E</OPTION_ACTIVETEXTCOLOR>
            <OPTION_ACTIVEBACKCOLOR>0x50808080</OPTION_ACTIVEBACKCOLOR>
            <BUTTON_BORDERCOLOR>0xC8000000</BUTTON_BORDERCOLOR>
            <BUTTON_TEXTCOLOR>0xFFFFFFFF</BUTTON_TEXTCOLOR>
            <BUTTON_BACKCOLOR>0x98525252</BUTTON_BACKCOLOR>
            <BUTTON_ACTIVETEXTCOLOR>0xFFFFFFFF</BUTTON_ACTIVETEXTCOLOR>
            <BUTTON_ACTIVEBACKCOLOR>0x8B808080</BUTTON_ACTIVEBACKCOLOR>
            <KB_KEYBG_HIGHLIGHT>0xFF68F40B</KB_KEYBG_HIGHLIGHT>
            <KB_KEYBG_DISABLED>0x78C0C0C0</KB_KEYBG_DISABLED>
            <KB_KEY_PRESSED>0xFF79EC2D</KB_KEY_PRESSED>
            <KB_KEY_NORMAL>0xFF000000</KB_KEY_NORMAL>
            <KB_KEY_DISABLED>0x78808080</KB_KEY_DISABLED>
            <KB_KEY_ACTIVEBORDER>0xFF72DB40</KB_KEY_ACTIVEBORDER>
            <KB_KEY_TEXTCOLOR>0xFF000000</KB_KEY_TEXTCOLOR>
            <KB_KEY_TEXTBACKCOLOR>0xFFFFFFFF</KB_KEY_TEXTBACKCOLOR>
            <KB_KEY_TEXTBORDERCOLOR>0x7863D22D</KB_KEY_TEXTBORDERCOLOR>
            <MENU_TEXTCOLOR>0x96FFFFFF</MENU_TEXTCOLOR>
            <MENU_ACTIVETEXTCOLOR>0xFFFFFFFF</MENU_ACTIVETEXTCOLOR>

		<!-- New feature Alert:
			New colorscheme elements
			MMLightBackColor -Lighter Backcolor of the Soundtrack manager
			MMDarkBackColor -Backcolor of the Soundtrack manager

			MMLightBarColor -Color of high peak meter indicator
			MMDarkBarColor -Color of low peak meter indicator
			MMForeColor -Text, Led color
			MMOffForeColor -Led color
		-->
		<MMBorderColor>0x00000001</MMBorderColor>
		
		<!-- LED color-->
		<MMForeColor>0xff33CC00</MMForeColor>
		<MMOffForeColor>0xff33CC00</MMOffForeColor>

		<!-- Peak meter color-->
		<!-- Here, we just want a uniform color, Dark is low, light is high-->
		<MMDarkBarColor>0xff33CC00</MMDarkBarColor>
		<MMLightBarColor>0xff33CC00</MMLightBarColor>
</Skin>