﻿<Skin name="Abstracto1">
    <Information>
        <Author>WMS Sft &amp; Tecn</Author>
        <Version>1</Version>
        <Copyright>2006</Copyright>
        <Skinner Name="UX Architect" Version="1.0c" />
    </Information>
    <IntroMovie>Intro.wmv</IntroMovie>
    <LoadingScreen ShowInfo="False">
        <Background>66116.png</Background>
    </LoadingScreen>
    <Main Globe="False" Orb="False" Fog="False">
        <Background EnableAudio="False">1151516166.png</Background>
        <InfoFont>20thCentury-10.xpr</InfoFont>
        <Text Top="347" Left="208" Width="166" Scroll="0" Color="0xFFFF0000" Source=" DVD:" Align="Left" />
        <Text Top="365" Left="208" Width="166" Scroll="0" Color="0xFFFF0000" Source="DVDType:" Align="Left" />
        <Text Top="9" Left="26" Width="200" Scroll="0" Color="0xFFFF0000" Source="Tiempo:" Align="Left" />
        <Text Top="436" Left="195" Width="200" Scroll="0" Color="0xFFFFFF00" Source="SkinVersion" Align="Left" />
        <Text Top="414" Left="195" Width="200" Scroll="0" Color="0xFFFFFF00" Source="SkinAuthor:" Align="Left" />
        <Text Top="9" Left="355" Width="200" Scroll="0" Color="0xFFFF0000" Source="Fecha:" Align="Left" />
        <Text Top="374" Left="449" Width="168" Scroll="0" Color="0xFFFF0000" Source="FanSpeed" Align="Left" />
        <Text Top="395" Left="449" Width="168" Scroll="0" Color="0xFFFF0000" Source="IP" Align="Left" />
        <Text Top="353" Left="449" Width="168" Scroll="0" Color="0xFFFF0000" Source="Temp HDD" Align="Left" />
        <Text Top="332" Left="448" Width="170" Scroll="0" Color="0xFFFF0000" Source="CPUTemp" Align="Left" />
        <Text Top="313" Left="449" Width="168" Scroll="0" Color="0xFFFF0000" Source="G:" Align="Left" />
        <Text Top="293" Left="449" Width="168" Scroll="0" Color="0xFFFF0000" Source="F:" Align="Left" />
        <Text Top="272" Left="449" Width="168" Scroll="0" Color="0xFFFF0000" Source="E:" Align="Left" />
        <Text Top="252" Left="449" Width="168" Scroll="0" Color="0xFFFF0000" Source="C:" Align="Left" />
        <Image Top="328" Left="29" Width="128" Height="128" Source="GameIcon" />
        <Image Top="303" Left="3" Width="176" Height="172" Opacity="100">Display.png</Image>
        <Image Top="201" Left="425" Width="217" Height="277" Opacity="100">Long Rectangle.png</Image>
        <Image Top="3" Left="12" Width="617" Height="27" Opacity="100">654641616.png</Image>
        <Image Top="317" Left="175" Width="247" Height="90" Opacity="100">Cool 3.png</Image>
        <Image Top="29" Left="-1" Width="388" Height="268" Opacity="100">Cool 2.png</Image>
        <Image Top="219" Left="479" Width="113" Height="29" Opacity="100">1222424.png</Image>
        <Image Top="422" Left="442" Width="178" Height="31" Opacity="100">unleashx3.png</Image>
        <Image Top="400" Left="182" Width="231" Height="75" Opacity="100">shadows 2.png</Image>
        <Image Source="GamePreview" />
        <Menu Scroll="True" Smooth="True" Align="Left" ShowIcon="True" ShowArrows="False">
            <Preview EnableAudio="True" Top="57" Left="42" Width="300" Height="206" />
            <Position Top="41" Left="391" Width="234" Height="155" Fixed="False" FixAt="2" MaxItem="4" />
            <Font>1979-10.xpr</Font>
        </Menu>
        <ColorScheme>
            <AMBIENT_FOGCOLOR>0xFF8080FF</AMBIENT_FOGCOLOR>
            <AMBIENT_SKYCOLOR>0xFF00000F</AMBIENT_SKYCOLOR>
            <AMBIENT_CELLCOLOR>0xFF0080FF</AMBIENT_CELLCOLOR>
            <CAPTION_TEXTCOLOR>0xFFFFFFFF</CAPTION_TEXTCOLOR>
            <CAPTION_BACKCOLOR>0xFF0080FF</CAPTION_BACKCOLOR>
            <DIALOG_BORDERCOLOR>0xFF0080FF</DIALOG_BORDERCOLOR>
            <DIALOG_BACKCOLOR>0x9F000000</DIALOG_BACKCOLOR>
            <DIALOG_INNER_BORDERCOLOR>0xFF0080FF</DIALOG_INNER_BORDERCOLOR>
            <DIALOG_INNER_BACKCOLOR>0xFF000000</DIALOG_INNER_BACKCOLOR>
            <DIALOG_TEXTCOLOR>0xFFFFFFFF</DIALOG_TEXTCOLOR>
            <DIALOG_DISABLEDTEXT>0xFFB3B3B4</DIALOG_DISABLEDTEXT>
            <OPTION_TEXTCOLOR>0xFFFFFFFF</OPTION_TEXTCOLOR>
            <OPTION_ACTIVETEXTCOLOR>0xFFFFFFFF</OPTION_ACTIVETEXTCOLOR>
            <OPTION_ACTIVEBACKCOLOR>0xFF0080FF</OPTION_ACTIVEBACKCOLOR>
            <BUTTON_BORDERCOLOR>0xFFFFFFFF</BUTTON_BORDERCOLOR>
            <BUTTON_TEXTCOLOR>0xFFFFFFFF</BUTTON_TEXTCOLOR>
            <BUTTON_BACKCOLOR>0x980000A0</BUTTON_BACKCOLOR>
            <BUTTON_ACTIVETEXTCOLOR>0xFFFFFFFF</BUTTON_ACTIVETEXTCOLOR>
            <BUTTON_ACTIVEBACKCOLOR>0xFF0080FF</BUTTON_ACTIVEBACKCOLOR>
            <KB_KEYBG_HIGHLIGHT>0xFF0080FF</KB_KEYBG_HIGHLIGHT>
            <KB_KEYBG_DISABLED>0xFFC0C0C0</KB_KEYBG_DISABLED>
            <KB_KEY_PRESSED>0xFF008000</KB_KEY_PRESSED>
            <KB_KEY_NORMAL>0xFF000000</KB_KEY_NORMAL>
            <KB_KEY_DISABLED>0xFFFFFFFF</KB_KEY_DISABLED>
            <KB_KEY_ACTIVEBORDER>0xFF808080</KB_KEY_ACTIVEBORDER>
            <KB_KEY_TEXTCOLOR>0xFF000000</KB_KEY_TEXTCOLOR>
            <KB_KEY_TEXTBACKCOLOR>0xFFFFFFFF</KB_KEY_TEXTBACKCOLOR>
            <KB_KEY_TEXTBORDERCOLOR>0xFFFFFF00</KB_KEY_TEXTBORDERCOLOR>
            <MENU_TEXTCOLOR>0xFFFFFFFF</MENU_TEXTCOLOR>
            <MENU_ACTIVETEXTCOLOR>0xFFFFFFFF</MENU_ACTIVETEXTCOLOR>
            <MENU_ACTIVEBACKCOLOR>0x960080FF</MENU_ACTIVEBACKCOLOR>
            <MENU_ACTIVEBORDERCOLOR>0xFFFFFFFF</MENU_ACTIVEBORDERCOLOR>
        </ColorScheme>
    </Main>
</Skin>