﻿<Skin name="Fall In Blue - By FJTR">
    <Information>
        <Author>FJTR</Author>
        <Version>1.0</Version>
        <Copyright>12/03/2005</Copyright>
        <Skinner Name="UX Architect" Version="1.0c" />
    </Information>
    <Main Orb="False">
        <Background EnableAudio="False">fog.png</Background>
        <Cellwall>Cell.png</Cellwall>
        <InfoFont>Trebuchet-14.xpr</InfoFont>
        <Text Top="21" Left="34" Width="220" Scroll="2" Color="0xFFFFFFFF" Source="SongName" Align="Left" />
        <Text Top="127" Left="364" Width="200" Scroll="0" Color="0xFFFFFFFF" Source="CPUTempC" Align="Left" />
        <Text Top="155" Left="364" Width="200" Scroll="0" Color="0xFFFFFFFF" Source="MBTempC" Align="Left" />
        <Text Top="184" Left="364" Width="200" Scroll="0" Color="0xFFFFFFFF" Source="C_FreeMB" Align="Left" />
        <Text Top="213" Left="364" Width="200" Scroll="0" Color="0xFFFFFFFF" Source="F_FreeMB" Align="Left" />
        <Text Top="243" Left="364" Width="156" Scroll="0" Color="0xFFFFFFFF" Source="DVDType" Align="Left" />
        <Text Top="265" Left="415" Width="150" Scroll="2" Color="0xFFFFFFFF" Source="DVDTitle" Align="Left" />
        <Text Top="43" Left="35" Width="135" Scroll="0" Color="0xFFFFFFFF" Source="SongTime" Align="Left" />
        <Text Top="43" Left="180" Width="200" Scroll="0" Color="0xFFFFFFFF" Source="NickName" Align="Left" />
        <Text Top="19" Left="399" Width="200" Scroll="0" Color="0xFFFFFFFF" Source="DateTime" Align="Right" />
        <Text Top="42" Left="399" Width="200" Scroll="0" Color="0xFFFFFFFF" Source="VideoMode" Align="Right" />
        <Text Top="85" Left="364" Width="210" Scroll="0" Color="0xFFFFFFFF" Source="IP" Align="Left" />
        <Shape Type="RoundedBox" Left="30" Top="15" Width="580" Height="53" BorderColor="0xFF0080FF"></Shape>
        <Shape Type="RoundedBox" Left="30" Top="302" Width="195" Height="158" BorderColor="0xFF0080FF"></Shape>
        *<Shape Type="RoundedBox" Left="253" Top="338" Width="357" Height="90" BorderColor="0xFF0080FF"></Shape>
        <Shape Type="RoundedBox" Left="355" Top="74" Width="255" Height="218" BorderColor="0xFF0080FF"></Shape>
        <Shape Type="RoundedBox" Left="30" Top="74" Width="307" Height="216" BorderColor="0xFF0080FF"></Shape>
        <Shape Type="Rectangle" Left="454" Top="293" Width="33" Height="46" BorderColor="0xFF0080FF"></Shape>
        <Shape Type="Rectangle" Left="107" Top="291" Width="33" Height="12" BorderColor="0xFF0080FF"></Shape>
        <Image Top="304" Left="32" Width="191" Height="154" Source="GameIcon" />
        <Image Source="GamePreview" />
        <Menu Align="Left" ShowIcon="False" ShowArrows="False">
            <Preview EnableAudio="False" Top="76" Left="32" Width="303" Height="213" />
            <Position Top="338" Left="253" Width="357" Height="90" Fixed="False" FixAt="2" MaxItem="3" />
            <Font>Trebuchet-14.xpr</Font>
        </Menu>
        <ColorScheme>
             <AMBIENT_FOGCOLOR>0xFF010931</AMBIENT_FOGCOLOR>
		<AMBIENT_SKYCOLOR>0x00000000</AMBIENT_SKYCOLOR>
		<AMBIENT_CELLCOLOR>0xFFFFFFFF</AMBIENT_CELLCOLOR>

			<CAPTION_TEXTCOLOR>0xFFFFFFC0</CAPTION_TEXTCOLOR>
			<CAPTION_BACKCOLOR>0xFF000000</CAPTION_BACKCOLOR>
			<DIALOG_BORDERCOLOR>0xFFFFFFFF</DIALOG_BORDERCOLOR>
			<DIALOG_BACKCOLOR>0xCD1E34F2</DIALOG_BACKCOLOR>
			<DIALOG_INNER_BORDERCOLOR>0xFFFFE2B4</DIALOG_INNER_BORDERCOLOR>
			<DIALOG_INNER_BACKCOLOR>0xE1003399</DIALOG_INNER_BACKCOLOR>
			<DIALOG_TEXTCOLOR>0xFFFFFFFF</DIALOG_TEXTCOLOR>
			<DIALOG_DISABLEDTEXT>0x7F0000C0</DIALOG_DISABLEDTEXT>
			<OPTION_TEXTCOLOR>0xFFFFFFFF</OPTION_TEXTCOLOR>
			<OPTION_ACTIVETEXTCOLOR>0xFF40FFFF</OPTION_ACTIVETEXTCOLOR>
			<OPTION_ACTIVEBACKCOLOR>0xFF000080</OPTION_ACTIVEBACKCOLOR>
			<BUTTON_BORDERCOLOR>0xFFFFE2B4</BUTTON_BORDERCOLOR>
			<BUTTON_TEXTCOLOR>0xFF993300</BUTTON_TEXTCOLOR>
			<BUTTON_BACKCOLOR>0xCD1E34F2</BUTTON_BACKCOLOR>
			<BUTTON_ACTIVETEXTCOLOR>0xFFFFFFFF</BUTTON_ACTIVETEXTCOLOR>
			<BUTTON_ACTIVEBACKCOLOR>0xE1003399</BUTTON_ACTIVEBACKCOLOR>
			<KB_KEYBG_HIGHLIGHT>0xcc0000C0</KB_KEYBG_HIGHLIGHT>
			<KB_KEYBG_DISABLED>0xffc0c0c0</KB_KEYBG_DISABLED>
			<KB_KEY_PRESSED>0xff808080</KB_KEY_PRESSED>
			<KB_KEY_NORMAL>0xff000000</KB_KEY_NORMAL>
			<KB_KEY_DISABLED>0xff808080</KB_KEY_DISABLED>
			<KB_KEY_ACTIVEBORDER>0xff0000FF</KB_KEY_ACTIVEBORDER>
			<KB_KEY_TEXTCOLOR>0xff000000</KB_KEY_TEXTCOLOR>
			<KB_KEY_TEXTBACKCOLOR>0xffFFFFFF</KB_KEY_TEXTBACKCOLOR>
			<KB_KEY_TEXTBORDERCOLOR>0xff0000FF</KB_KEY_TEXTBORDERCOLOR>
			
		<MENU_TEXTCOLOR>0xFFFFFFFF</MENU_TEXTCOLOR>
		<MENU_ACTIVETEXTCOLOR>0xFF0080FF</MENU_ACTIVETEXTCOLOR>
		<MENU_BORDERCOLOR>0xFF0080FF</MENU_BORDERCOLOR>	>
        </ColorScheme>
    </Main>
</Skin>