<Skin Name="AmvTV.com">
<Information>
<Author>PooP</Author>
<Copyright>2004 Skinned by Sketchy Skinner</Copyright>
<Version>1</Version>
</Information>
<IntroMovie>C:\xodash\media\live.xmv</IntroMovie>
<Main globe="False" Orb="False">
<InfoFont>menu.xpr</InfoFont>
<Background EnableAudio="True">bg.jpg</background>
<Menu smooth="True" ShowArrows="False" ShowIcon="False" Rotate="False">
<Position left="41" Top="209" Width="300" Height="219" />
<Preview EnableAudio="True" left="219" Top="106" Width="123" Height="99" />
<Font>info.xpr</Font>
</Menu>
<Text Left="41" Top="433" Align="Left" Color="0xFFFFFFFF" Source="IP"></Text>
<Text Left="462" Top="431" Align="Left" Color="0xFFFFFFFF" Source="NickName"></Text>
<Text Left="42" Top="92" Align="Left" Color="0xFFFFFFFF" Source="DateTime"></Text>
<Text Left="42" Top="147" Align="Left" Color="0xFFFFFFFF" Source="F_FreeMB"></Text>
<Text Left="42" Top="108" Align="Left" Color="0xFFFFFFFF" Source="Tray"></Text>
<Text Left="41" Top="75" Align="Left" Color="0xFFFFFFFF" Source="NewsSource"></Text>
<Text Left="186" Top="75" Align="Left" Color="0xFFFFFFFF" Source="NewsFeed"></Text>
<Text Left="206" Top="9" Align="Left" Color="0xFFFFFFFF" Source="SoundTrack"></Text>
<Text Left="300" Top="9" Align="Left" Color="0xFFFFFFFF" Source="SongName"></Text>
<Image Top="110" Left="219" width="125" Height="99" Source="GameIcon"/>
<Image Source="GamePreview"/>
</Main>
<FileManager>
<Background>fmbg.jpg</Background>
</FileManager>
<LoadingScreen ShowInfo="False">
<Background>ls.jpg</Background>
</LoadingScreen>
<ColorScheme>
<MENU_TEXTCOLOR>0xFFFFFFFF</MENU_TEXTCOLOR>
<MENU_ACTIVETEXTCOLOR>0x000000</MENU_ACTIVETEXTCOLOR>
</ColorScheme>
</Skin>
