﻿<Skin name="Barbie_For_kef">
    <Information>
        <Author>FJTR</Author>
        <Version>1</Version>
        <Copyright>2005</Copyright>
        <Skinner Name="UX Architect" Version="1.0c" />
    </Information>
    <LoadingScreen ShowInfo="False">
        <Background>barbie-loading.jpg</Background>
    </LoadingScreen>
    <Main Globe="False" Orb="False" Fog="False">
        <Background EnableAudio="False">barbie1-background.jpg</Background>
        <InfoFont>20thCentury-12.xpr</InfoFont>
        <Text Top="35" Left="257" Width="188" Scroll="2" Color="0xFF8000FF" Source="Dedicado a Kef de ZonaXbox,   no te lo tomes a ma pero dijiste que si alguien lo hacia tu lo pondiras en tu Xbox, asi k ajo y agua.... jajajajaja" Align="Middle" />
        <Text Top="126" Left="264" Width="176" Scroll="1" Color="0xFF8000FF" Source="DateTime" Align="Left" />
        <Text Top="251" Left="59" Width="200" Scroll="0" Color="0xFF8000FF" Source="MBTempC" Align="Left" />
        <Text Top="227" Left="60" Width="200" Scroll="0" Color="0xFF8000FF" Source="CPUTempC" Align="Left" />
        <Text Top="167" Left="57" Width="200" Scroll="0" Color="0xFF8000FF" Source="VideoMode" Align="Left" />
        <Text Top="138" Left="58" Width="200" Scroll="1" Color="0xFF8000FF" Source="DVDTitle" Align="Left" />
        <Text Top="115" Left="57" Width="200" Scroll="0" Color="0xFF8000FF" Source="DVDType" Align="Left" />
        <Text Top="89" Left="262" Width="179" Scroll="1" Color="0xFF8000FF" Source="NickName" Align="Left" />
        <Text Top="40" Left="60" Width="190" Scroll="0" Color="0xFF8000FF" Source="IP" Align="Left" />
        <Text Top="73" Left="61" Width="200" Scroll="0" Color="0xFF8000FF" Source="F_FreeMB" Align="Left" />
        <Image Top="37" Left="447" Width="145" Height="142" Source="GameIcon" />
        <Menu Align="Left" ShowIcon="True" ShowArrows="False">
            <Position Top="325" Left="70" Width="358" Height="122" Fixed="True" FixAt="2" MaxItem="4" />
            <Font>Tahoma-14.xpr</Font>
        </Menu>
        <ColorScheme>
            <AMBIENT_FOGCOLOR>0xFFFFFFFF</AMBIENT_FOGCOLOR>
            <AMBIENT_SKYCOLOR>0xFF00000F</AMBIENT_SKYCOLOR>
            <AMBIENT_CELLCOLOR>0xFF00C000</AMBIENT_CELLCOLOR>
            <CAPTION_TEXTCOLOR>0xFFFFFFFF</CAPTION_TEXTCOLOR>
            <CAPTION_BACKCOLOR>0xFF000000</CAPTION_BACKCOLOR>
            <DIALOG_BORDERCOLOR>0xFFFFFFFF</DIALOG_BORDERCOLOR>
            <DIALOG_BACKCOLOR>0xD1800080</DIALOG_BACKCOLOR>
            <DIALOG_INNER_BORDERCOLOR>0xFFFFFFFF</DIALOG_INNER_BORDERCOLOR>
            <DIALOG_INNER_BACKCOLOR>0xFF000000</DIALOG_INNER_BACKCOLOR>
            <DIALOG_TEXTCOLOR>0xFFFFFFFF</DIALOG_TEXTCOLOR>
            <DIALOG_DISABLEDTEXT>0xFFB3B3B4</DIALOG_DISABLEDTEXT>
            <OPTION_TEXTCOLOR>0xFFFFFFFF</OPTION_TEXTCOLOR>
            <OPTION_ACTIVETEXTCOLOR>0xFFFFFFFF</OPTION_ACTIVETEXTCOLOR>
            <OPTION_ACTIVEBACKCOLOR>0xFF800080</OPTION_ACTIVEBACKCOLOR>
            <BUTTON_BORDERCOLOR>0xFFFFFFFF</BUTTON_BORDERCOLOR>
            <BUTTON_TEXTCOLOR>0xFFFFFFFF</BUTTON_TEXTCOLOR>
            <BUTTON_BACKCOLOR>0xFF800080</BUTTON_BACKCOLOR>
            <BUTTON_ACTIVETEXTCOLOR>0xFFFFFFFF</BUTTON_ACTIVETEXTCOLOR>
            <BUTTON_ACTIVEBACKCOLOR>0xFF8080C0</BUTTON_ACTIVEBACKCOLOR>
            <KB_KEYBG_HIGHLIGHT>0xFF800080</KB_KEYBG_HIGHLIGHT>
            <KB_KEYBG_DISABLED>0xFFC0C0C0</KB_KEYBG_DISABLED>
            <KB_KEY_PRESSED>0xFF008000</KB_KEY_PRESSED>
            <KB_KEY_NORMAL>0xFF000000</KB_KEY_NORMAL>
            <KB_KEY_DISABLED>0xFF808080</KB_KEY_DISABLED>
            <KB_KEY_ACTIVEBORDER>0xFFFF0000</KB_KEY_ACTIVEBORDER>
            <KB_KEY_TEXTCOLOR>0xFF000000</KB_KEY_TEXTCOLOR>
            <KB_KEY_TEXTBACKCOLOR>0xFFFFFFFF</KB_KEY_TEXTBACKCOLOR>
            <KB_KEY_TEXTBORDERCOLOR>0xFFFFFF00</KB_KEY_TEXTBORDERCOLOR>
            <MENU_TEXTCOLOR>0xFF8000FF</MENU_TEXTCOLOR>
            <MENU_ACTIVETEXTCOLOR>0xFF830170</MENU_ACTIVETEXTCOLOR>
        </ColorScheme>
    </Main>
</Skin>