﻿<Skin name="Jennifer Ellison-Pt1">
    <Information>
        <Author>Snipes101</Author>
        <Version>1</Version>
        <Copyright>2007</Copyright>
        <Skinner Name="UX Architect" Version="1.0c" />
    </Information>
    <Filemanager SafeBorder="False">
        <Background>Jennifer Ellison.jpg</Background>
    </Filemanager>
    <Main Globe="False" Orb="False" Fog="False">
        <Background EnableAudio="False">Jennifer Ellison-a.jpg</Background>
        <InfoFont>Square-10.xpr</InfoFont>
        <Text Top="55" Left="9" Width="200" Scroll="0" Color="0xFF000000" Source="F_TotalMB" Align="Left" />
        <Text Top="31" Left="9" Width="200" Scroll="0" Color="0xFF000000" Source="E_FreeMB" Align="Left" />
        <Text Top="7" Left="9" Width="200" Scroll="0" Color="0xFF000000" Source="C_FreeMB" Align="Left" />
        <Text Top="83" Left="476" Width="200" Scroll="0" Color="0xFF000000" Source="Version" Align="Left" />
        <Text Top="64" Left="476" Width="200" Scroll="0" Color="0xFF000000" Source="Tray" Align="Left" />
        <Text Top="46" Left="476" Width="200" Scroll="0" Color="0xFF000000" Source="NickName" Align="Left" />
        <Text Top="26" Left="476" Width="200" Scroll="0" Color="0xFF000000" Source="Time" Align="Left" />
        <Text Top="6" Left="476" Width="200" Scroll="0" Color="0xFF000000" Source="Date" Align="Left" />
        <Text Top="438" Left="438" Width="200" Scroll="0" Color="0xFFFF8040" Source="IP" Align="Left" />
        <Text Top="455" Left="439" Width="200" Scroll="0" Color="0xFFFF8040" Source="NumClient" Align="Left" />
        <Text Top="455" Left="303" Width="200" Scroll="0" Color="0xFFFF8040" Source="MBTempF" Align="Left" />
        <Text Top="436" Left="302" Width="200" Scroll="0" Color="0xFFFF8040" Source="CPUTempF" Align="Left" />
        <Text Top="310" Left="8" Width="200" Scroll="0" Color="0xFFFF8040" Source="SongTime" Align="Left" />
        <Text Top="85" Left="9" Width="168" Scroll="0" Color="0xFF000000" Source="Newsfeed" Align="Left" />
        <Text Top="295" Left="8" Width="200" Scroll="0" Color="0xFFFF8040" Source="SongName" Align="Left" />
        <Shape Type="RoundedBox" Left="4" Top="82" Width="176" Height="24" BorderColor="0xFFFF8000" BackColor="0xFFFFFFFF"></Shape>
        <Image Top="-18" Left="430" Width="287" Height="146" Opacity="100">Rectangle.png</Image>
        <Image Top="331" Left="8" Width="150" Height="140" Source="GameIcon" />
        <Image Top="120" Left="577" Width="46" Height="289" Opacity="100">unleashx9clock.png</Image>
        <Image Top="-29" Left="-24" Width="212" Height="109" Opacity="100">Long Rectangle.png</Image>
        <Menu Scroll="True" Smooth="True" Align="Left" ShowIcon="False" ShowArrows="False">
            <ItemPos Top="119" Left="8" Width="200"></ItemPos>
            <ItemPos Top="145" Left="8" Width="200"></ItemPos>
            <ItemPos Top="171" Left="8" Width="200"></ItemPos>
            <ItemPos Top="197" Left="8" Width="200"></ItemPos>
            <ItemPos Top="223" Left="8" Width="200"></ItemPos>
            <ItemPos Top="249" Left="8" Width="200"></ItemPos>
            <ItemPos Top="275" Left="8" Width="200"></ItemPos>
            <Font>Square-12.xpr</Font>
        </Menu>
        <ColorScheme>
            <AMBIENT_FOGCOLOR>0xFF8080FF</AMBIENT_FOGCOLOR>
            <AMBIENT_SKYCOLOR>0xFF000000</AMBIENT_SKYCOLOR>
            <AMBIENT_CELLCOLOR>0xFF0080FF</AMBIENT_CELLCOLOR>
            <CAPTION_TEXTCOLOR>0xFFFFFFFF</CAPTION_TEXTCOLOR>
            <CAPTION_BACKCOLOR>0xFFFF8040</CAPTION_BACKCOLOR>
            <DIALOG_BORDERCOLOR>0xFFFF8000</DIALOG_BORDERCOLOR>
            <DIALOG_BACKCOLOR>0x3F000000</DIALOG_BACKCOLOR>
            <DIALOG_INNER_BORDERCOLOR>0xFFFF8040</DIALOG_INNER_BORDERCOLOR>
            <DIALOG_INNER_BACKCOLOR>0xFF000000</DIALOG_INNER_BACKCOLOR>
            <DIALOG_TEXTCOLOR>0xFFFFFFFF</DIALOG_TEXTCOLOR>
            <DIALOG_DISABLEDTEXT>0xFFB3B3B4</DIALOG_DISABLEDTEXT>
            <OPTION_TEXTCOLOR>0xFFFFFFFF</OPTION_TEXTCOLOR>
            <OPTION_ACTIVETEXTCOLOR>0xFFFFFFFF</OPTION_ACTIVETEXTCOLOR>
            <OPTION_ACTIVEBACKCOLOR>0xFFFF8040</OPTION_ACTIVEBACKCOLOR>
            <BUTTON_BORDERCOLOR>0xFFFFFFFF</BUTTON_BORDERCOLOR>
            <BUTTON_TEXTCOLOR>0xFFFFFFFF</BUTTON_TEXTCOLOR>
            <BUTTON_BACKCOLOR>0x4F000000</BUTTON_BACKCOLOR>
            <BUTTON_ACTIVETEXTCOLOR>0xFFFFFFFF</BUTTON_ACTIVETEXTCOLOR>
            <BUTTON_ACTIVEBACKCOLOR>0x8EFF8040</BUTTON_ACTIVEBACKCOLOR>
            <KB_KEYBG_HIGHLIGHT>0xFFFF8040</KB_KEYBG_HIGHLIGHT>
            <KB_KEYBG_DISABLED>0xFFC0C0C0</KB_KEYBG_DISABLED>
            <KB_KEY_PRESSED>0xFF008000</KB_KEY_PRESSED>
            <KB_KEY_NORMAL>0xFF000000</KB_KEY_NORMAL>
            <KB_KEY_DISABLED>0xFFFFFFFF</KB_KEY_DISABLED>
            <KB_KEY_ACTIVEBORDER>0xFF808080</KB_KEY_ACTIVEBORDER>
            <KB_KEY_TEXTCOLOR>0xFF000000</KB_KEY_TEXTCOLOR>
            <KB_KEY_TEXTBACKCOLOR>0xFFFFFFFF</KB_KEY_TEXTBACKCOLOR>
            <KB_KEY_TEXTBORDERCOLOR>0xFFFF8040</KB_KEY_TEXTBORDERCOLOR>
            <MENU_TEXTCOLOR>0xFFFF8040</MENU_TEXTCOLOR>
            <MENU_ACTIVETEXTCOLOR>0xFFFFFFFF</MENU_ACTIVETEXTCOLOR>
            <MENU_BORDERCOLOR>0xFFFF8040</MENU_BORDERCOLOR>
            <MENU_BACKCOLOR>0xFF000000</MENU_BACKCOLOR>
            <MENU_ACTIVEBACKCOLOR>0xF0000000</MENU_ACTIVEBACKCOLOR>
            <MENU_ACTIVEBORDERCOLOR>0xFFFF8040</MENU_ACTIVEBORDERCOLOR>
        </ColorScheme>
    </Main>
</Skin>