﻿<Skin name="Untitled">
    <Information>
        <Author>Strategy</Author>
        <Version>1</Version>
        <Copyright>2004</Copyright>
        <Skinner Name="UX Architect" Version="1.0c" />
    </Information>
    <Main Globe="False" Orb="False" Fog="False">
        <Background EnableAudio="False">sky.JPG</Background>
        <InfoFont>Square-10.xpr</InfoFont>
        <Text Top="168" Left="-3" Width="322" Scroll="0" Color="0xFFFFFFFF" Source="NewsSource" Align="Left" />
        <Text Top="150" Left="-1" Width="322" Scroll="0" Color="0xFFFFFFFF" Source="Newsfeed" Align="Left" />
        <Text Top="101" Left="377" Width="200" Scroll="0" Color="0xFFFFFFFF" Source="NickName" Align="Left" />
        <Text Top="23" Left="2" Width="200" Scroll="0" Color="0xFFFFFFFF" Source="F_Free" Align="Left" />
        <Text Top="40" Left="1" Width="200" Scroll="0" Color="0xFFFFFFFF" Source="Tray" Align="Left" />
        <Text Top="56" Left="2" Width="200" Scroll="0" Color="0xFFFFFFFF" Source="IP" Align="Left" />
        <Text Top="72" Left="1" Width="200" Scroll="0" Color="0xFFFFFFFF" Source="SongName" Align="Left" />
        <Text Top="89" Left="0" Width="200" Scroll="0" Color="0xFFFFFFFF" Source="SongTime" Align="Left" />
        <Text Top="108" Left="1" Width="200" Scroll="0" Color="0xFFFFFFFF" Source="SoundTrack" Align="Left" />
        <Text Top="6" Left="3" Width="200" Scroll="0" Color="0xFFFFFFFF" Source="F_Total" Align="Left" />
        <Image Top="203" Left="34" Width="100" Height="87" Source="GameIcon" />
        <Menu Smooth="True" Align="Left" ShowIcon="False" ShowArrows="False">
            <Position Top="296" Left="2" Width="203" Height="182" Fixed="False" FixAt="2" MaxItem="4" />
            <Font>Tahoma-12.xpr</Font>
        </Menu>
        <ColorScheme>
            <AMBIENT_FOGCOLOR>0xFF8080FF</AMBIENT_FOGCOLOR>
            <AMBIENT_SKYCOLOR>0xFF00000F</AMBIENT_SKYCOLOR>
            <AMBIENT_CELLCOLOR>0xFF0080FF</AMBIENT_CELLCOLOR>
            <CAPTION_TEXTCOLOR>0xFFFFFFFF</CAPTION_TEXTCOLOR>
            <CAPTION_BACKCOLOR>0xFF0080FF</CAPTION_BACKCOLOR>
            <DIALOG_BORDERCOLOR>0xFF0080FF</DIALOG_BORDERCOLOR>
            <DIALOG_BACKCOLOR>0x9F000000</DIALOG_BACKCOLOR>
            <DIALOG_INNER_BORDERCOLOR>0xFF0080FF</DIALOG_INNER_BORDERCOLOR>
            <DIALOG_INNER_BACKCOLOR>0xFF000000</DIALOG_INNER_BACKCOLOR>
            <DIALOG_TEXTCOLOR>0xFFFFFFFF</DIALOG_TEXTCOLOR>
            <DIALOG_DISABLEDTEXT>0xFFB3B3B4</DIALOG_DISABLEDTEXT>
            <OPTION_TEXTCOLOR>0xFFFFFFFF</OPTION_TEXTCOLOR>
            <OPTION_ACTIVETEXTCOLOR>0xFFFFFFFF</OPTION_ACTIVETEXTCOLOR>
            <OPTION_ACTIVEBACKCOLOR>0xFF0080FF</OPTION_ACTIVEBACKCOLOR>
            <BUTTON_BORDERCOLOR>0xFFFFFFFF</BUTTON_BORDERCOLOR>
            <BUTTON_TEXTCOLOR>0xFFFFFFFF</BUTTON_TEXTCOLOR>
            <BUTTON_BACKCOLOR>0x980000A0</BUTTON_BACKCOLOR>
            <BUTTON_ACTIVETEXTCOLOR>0xFFFFFFFF</BUTTON_ACTIVETEXTCOLOR>
            <BUTTON_ACTIVEBACKCOLOR>0xFF0080FF</BUTTON_ACTIVEBACKCOLOR>
            <KB_KEYBG_HIGHLIGHT>0xFF0080FF</KB_KEYBG_HIGHLIGHT>
            <KB_KEYBG_DISABLED>0xFFC0C0C0</KB_KEYBG_DISABLED>
            <KB_KEY_PRESSED>0xFF008000</KB_KEY_PRESSED>
            <KB_KEY_NORMAL>0xFF000000</KB_KEY_NORMAL>
            <KB_KEY_DISABLED>0xFFFFFFFF</KB_KEY_DISABLED>
            <KB_KEY_ACTIVEBORDER>0xFF808080</KB_KEY_ACTIVEBORDER>
            <KB_KEY_TEXTCOLOR>0xFF000000</KB_KEY_TEXTCOLOR>
            <KB_KEY_TEXTBACKCOLOR>0xFFFFFFFF</KB_KEY_TEXTBACKCOLOR>
            <KB_KEY_TEXTBORDERCOLOR>0xFFFFFF00</KB_KEY_TEXTBORDERCOLOR>
            <MENU_TEXTCOLOR>0xFFFFFFFF</MENU_TEXTCOLOR>
            <MENU_ACTIVETEXTCOLOR>0xFFFFFF00</MENU_ACTIVETEXTCOLOR>
            <MENU_BORDERCOLOR>0xFF0080FF</MENU_BORDERCOLOR>
            <MENU_BACKCOLOR>0xFF000000</MENU_BACKCOLOR>
            <MENU_ACTIVEBACKCOLOR>0xFF000080</MENU_ACTIVEBACKCOLOR>
            <MENU_ACTIVEBORDERCOLOR>0xFFFFFFFF</MENU_ACTIVEBORDERCOLOR>
        </ColorScheme>
    </Main>
</Skin>