<Skin Name="Bliss">
<Information>
<Author>NaMrrAc</Author>
<Copyright>2004</Copyright>
<Version>Um 6th maybe 7th...I lost count.</Version>
</Information>
<Main globe="True" Orb="False">
<Cellwall></Cellwall>
<Background EnableAudio="False">background2.png</background>
<Menu smooth="True" ShowArrows="False" ShowIcon="False" Rotate="False">
<Position left="30" Top="20" Width="256" Height="440" />
<Preview EnableAudio="False" left="128" Top="96" Width="384" Height="288" />
<Font></Font>
</Menu>
<Image Source="GamePreview"/>
<Text Left="400" Top="20" Align="Left" Color="0xFFFFFFFF" Source="DvdTitle"></Text>
<Text Left="400" Top="40" Align="Left" Color="0xFFFFFFFF" Source="DateTime"></Text>
<Text Left="400" Top="60" Align="Left" Color="0xFFFFFFFF" Source="IP"></Text>
<Text Left="400" Top="80" Align="Left" Color="0xFFFFFFFF" Source="SongName"></Text>
<Image width="640" Height="480">background.png</background>
<Image Top="320" Left="432" width="128" Height="128" Opacity="50" Source="GameIcon"/>
</Main>
<FileManager>
<Background></Background>
</FileManager>
<LoadingScreen ShowInfo="False">
<Background></Background>
</LoadingScreen>
<ColorScheme>
<AMBIENT_FOGCOLOR>0xFF002000</AMBIENT_FOGCOLOR>
<AMBIENT_SKYCOLOR>0xFF004000</AMBIENT_SKYCOLOR>
<AMBIENT_CELLCOLOR>0x00000000</AMBIENT_CELLCOLOR>

<CAPTION_TEXTCOLOR>0xFFFFFFC0</CAPTION_TEXTCOLOR>
<CAPTION_BACKCOLOR>0xFF686485</CAPTION_BACKCOLOR>

<DIALOG_BORDERCOLOR>0xFF0C0A18</DIALOG_BORDERCOLOR>
<DIALOG_BACKCOLOR></DIALOG_BACKCOLOR>
<DIALOG_INNER_BORDERCOLOR>0xFF636482</DIALOG_INNER_BORDERCOLOR>
<DIALOG_INNER_BACKCOLOR></DIALOG_INNER_BACKCOLOR>
<DIALOG_TEXTCOLOR>0xFFFFFFFF</DIALOG_TEXTCOLOR>
<DIALOG_DISABLEDTEXT>0x7F086820</DIALOG_DISABLEDTEXT>

<OPTION_TEXTCOLOR>0xFF02C90C</OPTION_TEXTCOLOR>
<OPTION_ACTIVETEXTCOLOR>0xFFFFFFFF</OPTION_ACTIVETEXTCOLOR>
<OPTION_ACTIVEBACKCOLOR></OPTION_ACTIVEBACKCOLOR>

<BUTTON_BORDERCOLOR>0xFF0C0A18</BUTTON_BORDERCOLOR>
<BUTTON_TEXTCOLOR>0xFF02C90C</BUTTON_TEXTCOLOR>
<BUTTON_BACKCOLOR></BUTTON_BACKCOLOR>
<BUTTON_ACTIVETEXTCOLOR>0xFFFFFFFF</BUTTON_ACTIVETEXTCOLOR>
<BUTTON_ACTIVEBACKCOLOR>0xE102C90C</BUTTON_ACTIVEBACKCOLOR>	

<KB_KEYBG_HIGHLIGHT>0xCC00C000</KB_KEYBG_HIGHLIGHT>
<KB_KEYBG_DISABLED>0xffc0c0c0</KB_KEYBG_DISABLED>
<KB_KEY_PRESSED>0xff808080</KB_KEY_PRESSED>
<KB_KEY_NORMAL>0xff000000</KB_KEY_NORMAL>
<KB_KEY_DISABLED>0xff808080</KB_KEY_DISABLED>
<KB_KEY_ACTIVEBORDER>0xff008000</KB_KEY_ACTIVEBORDER>
<KB_KEY_TEXTCOLOR>0xff000000</KB_KEY_TEXTCOLOR>
<KB_KEY_TEXTBACKCOLOR>0xffFFFFFF</KB_KEY_TEXTBACKCOLOR>
<KB_KEY_TEXTBORDERCOLOR>0xff0000FF</KB_KEY_TEXTBORDERCOLOR>

<MENU_BORDERCOLOR></MENU_BORDERCOLOR>
<MENU_BACKCOLOR></MENU_BACKCOLOR>
<MENU_ACTIVEBACKCOLOR></MENU_ACTIVEBACKCOLOR>
<MENU_ACTIVEBORDERCOLOR></MENU_ACTIVEBORDERCOLOR>
<MENU_TEXTCOLOR>0xFF808080</MENU_TEXTCOLOR>
<MENU_ACTIVETEXTCOLOR>0xFFFFFFFF</MENU_ACTIVETEXTCOLOR>
</ColorScheme>
</Skin>
