<Skin Name="The Mars Landing">

	<Information>
		<Author>Erik J. Sundquist</Author>
		<Copyright>2004 Erik J. Sundquist</Copyright>
		<Version>1</Version>
	</Information>

	<Main globe="False" Orb="False">
		<InfoFont>info.xpr</InfoFont>
		<Background EnableAudio="False">bg.png</background>

		<Menu smooth="True" ShowArrows="True" ShowIcon="False" Rotate="False">
			<Position left="50" Top="40" Width="410" Height="200" />
			<Font>menu.xpr</Font>
		</Menu>

		<Text Left="345" Top="236" Align="Left" Color="0xFFB4B467" Source="DVD"></Text>
		<Text Left="460" Top="236" Align="Left" Color="0xFFB4B467" Source=": $DVDTitle$"></Text>
		<Text Left="345" Top="251" Align="Left" Color="0xFFB4B467" Source="Video Mode"></Text>
		<Text Left="460" Top="251" Align="Left" Color="0xFFB4B467" Source=": $VideoMode$"></Text>
		<Text Left="345" Top="266" Align="Left" Color="0xFFB4B467" Source="XBox Name"></Text>
		<Text Left="460" Top="266" Align="Left" Color="0xFFB4B467" Source=": $NickName$"></Text>
		<Text Left="345" Top="282" Align="Left" Color="0xFFB4B467" Source="XBox Version"></Text>
		<Text Left="460" Top="282" Align="Left" Color="0xFFB4B467" Source=": $Version$"></Text>
		<Text Left="345" Top="298" Align="Left" Color="0xFFB4B467" Source="M/B Temp"></Text>
		<Text Left="460" Top="298" Align="Left" Color="0xFFB4B467" Source=": $MBTemp$"></Text>
		<Text Left="345" Top="313" Align="Left" Color="0xFFB4B467" Source="CPU Temp"></Text>
		<Text Left="460" Top="313" Align="Left" Color="0xFFB4B467" Source=": $CPUTemp$"></Text>
		<Text Left="345" Top="329" Align="Left" Color="0xFFB4B467" Source="Fan Speed"></Text>
		<Text Left="460" Top="329" Align="Left" Color="0xFFB4B467" Source=": $FanSpeed$"></Text>
		<Text Left="345" Top="345" Align="Left" Color="0xFFB4B467" Source="C: Free"></Text>
		<Text Left="460" Top="345" Align="Left" Color="0xFFB4B467" Source=": $C_FreeMB$"></Text>
		<Text Left="345" Top="361" Align="Left" Color="0xFFB4B467" Source="E: Free"></Text>
		<Text Left="460" Top="361" Align="Left" Color="0xFFB4B467" Source=": $E_FreeMB$"></Text>
		<Text Left="345" Top="377" Align="Left" Color="0xFFB4B467" Source="F: Free"></Text>
		<Text Left="460" Top="377" Align="Left" Color="0xFFB4B467" Source=": $F_FreeMB$"></Text>
		<Text Left="345" Top="393" Align="Left" Color="0xFFB4B467" Source="G: Free"></Text>
		<Text Left="460" Top="393" Align="Left" Color="0xFFB4B467" Source=": $G_FreeMB$"></Text>
		<Text Left="50" Top="266" Align="Left" Color="0xFFB4B467" Source="Time "></Text>
		<Text Left="160" Top="266" Align="Left" Color="0xFFB4B467" Source=": $Time$"></Text>
		<Text Left="50" Top="282" Align="Left" Color="0xFFB4B467" Source="Date "></Text>
		<Text Left="160" Top="282" Align="Left" Color="0xFFB4B467" Source=": $Date$"></Text>
		<Text Left="50" Top="298" Align="Left" Color="0xFFB4B467" Source="IP Address "></Text>
		<Text Left="160" Top="298" Align="Left" Color="0xFFB4B467" Source=": $IP$"></Text>
		<Text Left="50" Top="313" Align="Left" Color="0xFFB4B467" Source="Clients"></Text>
		<Text Left="160" Top="313" Align="Left" Color="0xFFB4B467" Source=": $NumClient$"></Text>
		<Text Left="50" Top="329" Align="Left" Color="0xFFB4B467" Source="Sound Track"></Text>
		<Text Left="160" Top="329" Align="Left" Color="0xFFB4B467" Source=": $SoundTrack$"></Text>
		<Text Left="50" Top="345" Align="Left" Color="0xFFB4B467" Source="Song Name"></Text>
		<Text Left="160" Top="345" Width="180" Align="Left" Color="0xFFB4B467" Source=": $SongName$"></Text>
		<Text Left="50" Top="361" Align="Left" Color="0xFFB4B467" Source="Song Time"></Text>
		<Text Left="160" Top="361" Align="Left" Color="0xFFB4B467" Source=": $SongTime$"></Text>
		<Text Left="50" Top="420" Align="Left" Color="0xFFB4B467" Source="XBox News"></Text>
		<Text Left="160" Top="420" Align="Left" Color="0xFFB4B467" Source=": $Newsfeed$"></Text>

		<Image Top="33" Left="420" width="165" Height="196" Source="GameIcon"/>
		<Image Source="GamePreview"/>
	</Main>

	<FileManager>
		<Background>fmbg.png</Background>
	</FileManager>

	<LoadingScreen ShowInfo="True">
		<Background>load.png</Background>
	</LoadingScreen>

	<ColorScheme>
		<MENU_TEXTCOLOR>0xFFC0C0C0</MENU_TEXTCOLOR>
		<MENU_ACTIVETEXTCOLOR>0xFFFF0000</MENU_ACTIVETEXTCOLOR>
	</ColorSceme>

</Skin>
