﻿<Skin name="BoBoX">
    <Information>
        <Author>TiMaL</Author>
        <Version>1</Version>
        <Copyright>2006</Copyright>
        <Skinner Name="UX Architect" Version="1.0c" />
    </Information>
    <Main Globe="False" Orb="False" Fog="False">
        <Background EnableAudio="False">bg_xbox.PNG</Background>
        <InfoFont>Square-10.xpr</InfoFont>
        <Text Top="292" Left="18" Width="200" Scroll="0" Color="0xFF000000" Source="ChipID" Align="Left" />
        <Text Top="84" Left="16" Width="200" Scroll="0" Color="0xFF808080" Source="DVDTitle" Align="Left" />
        <Text Top="449" Left="429" Width="200" Scroll="0" Color="0xFF000000" Source="DateTime" Align="Left" />
        <Text Top="446" Left="61" Width="200" Scroll="0" Color="0xFF000000" Source="SoundTrack" Align="Left" />
        <Text Top="463" Left="61" Width="200" Scroll="0" Color="0xFF000000" Source="SongTime" Align="Left" />
        <Text Top="428" Left="61" Width="200" Scroll="0" Color="0xFF000000" Source="SongName" Align="Left" />
        <Text Top="39" Left="16" Width="200" Scroll="0" Color="0xFFF54B03" Source="NickName" Align="Left" />
        <Text Top="66" Left="17" Width="200" Scroll="0" Color="0xFF808080" Source="Tray" Align="Left" />
        <Text Top="313" Left="95" Width="200" Scroll="0" Color="0xFFFF0000" Source="CPUTempC" Align="Left" />
        <Text Top="355" Left="95" Width="200" Scroll="0" Color="0xFFFF0000" Source="FanSpeed" Align="Left" />
        <Text Top="333" Left="95" Width="200" Scroll="0" Color="0xFFFF0000" Source="MBTempC" Align="Left" />
        <Text Top="108" Left="16" Width="200" Scroll="0" Color="0xFF008000" Source="C_FreeMB" Align="Left" />
        <Text Top="128" Left="16" Width="200" Scroll="0" Color="0xFF008000" Source="E_FreeMB" Align="Left" />
        <Text Top="147" Left="16" Width="200" Scroll="0" Color="0xFF008000" Source="F_FreeMB" Align="Left" />
        <Text Top="166" Left="16" Width="200" Scroll="0" Color="0xFF008000" Source="G_FreeMB" Align="Left" />
        <Text Top="197" Left="17" Width="200" Scroll="0" Color="0xFF008080" Source="IP" Align="Left" />
        <Text Top="214" Left="16" Width="200" Scroll="0" Color="0xFF008080" Source="Subnet" Align="Left" />
        <Text Top="231" Left="16" Width="200" Scroll="0" Color="0xFF008080" Source="Gateway" Align="Left" />
        <Text Top="247" Left="17" Width="200" Scroll="0" Color="0xFF008080" Source="MAC" Align="Left" />
        <Image Top="32" Left="433" Width="195" Height="202" Opacity="60" Source="GameIcon" />
        <Image Top="429" Left="-18" Width="78" Height="48" Opacity="100">itunes.jpg</Image>
        <Image Top="313" Left="17" Width="75" Height="61" Opacity="100">shadows.png</Image>
        <Image Top="427" Left="268" Width="83" Height="63" Opacity="100">unleashx10.png</Image>
        <Menu Smooth="True" Align="Left" ShowIcon="False" ShowArrows="False">
            <Position Top="35" Left="226" Width="190" Height="206" Fixed="False" FixAt="2" MaxItem="7" />
            <Font>Square-10.xpr</Font>
        </Menu>
        <ColorScheme>
            <AMBIENT_FOGCOLOR>0x78FFFFFF</AMBIENT_FOGCOLOR>
            <AMBIENT_SKYCOLOR>0xFF00000F</AMBIENT_SKYCOLOR>
            <AMBIENT_CELLCOLOR>0x7800C000</AMBIENT_CELLCOLOR>
            <CAPTION_TEXTCOLOR>0xFFEAEA47</CAPTION_TEXTCOLOR>
            <CAPTION_BACKCOLOR>0xFF4274FF</CAPTION_BACKCOLOR>
            <DIALOG_BORDERCOLOR>0xFFFFFFFF</DIALOG_BORDERCOLOR>
            <DIALOG_BACKCOLOR>0xFF273CF3</DIALOG_BACKCOLOR>
            <DIALOG_INNER_BORDERCOLOR>0xFFFFFFFF</DIALOG_INNER_BORDERCOLOR>
            <DIALOG_INNER_BACKCOLOR>0xFF09389A</DIALOG_INNER_BACKCOLOR>
            <DIALOG_TEXTCOLOR>0xFFFFFFFF</DIALOG_TEXTCOLOR>
            <DIALOG_DISABLEDTEXT>0xFFB3B3B4</DIALOG_DISABLEDTEXT>
            <OPTION_TEXTCOLOR>0xFFFFFFFF</OPTION_TEXTCOLOR>
            <OPTION_ACTIVETEXTCOLOR>0xFF47EAEA</OPTION_ACTIVETEXTCOLOR>
            <OPTION_ACTIVEBACKCOLOR>0xFF273CF3</OPTION_ACTIVEBACKCOLOR>
            <BUTTON_BORDERCOLOR>0xFFFFFFFF</BUTTON_BORDERCOLOR>
            <BUTTON_TEXTCOLOR>0xFFFFFFFF</BUTTON_TEXTCOLOR>
            <BUTTON_BACKCOLOR>0xFF273CF3</BUTTON_BACKCOLOR>
            <BUTTON_ACTIVETEXTCOLOR>0xFFFFFFFF</BUTTON_ACTIVETEXTCOLOR>
            <BUTTON_ACTIVEBACKCOLOR>0xFF003399</BUTTON_ACTIVEBACKCOLOR>
            <KB_KEYBG_HIGHLIGHT>0xFF0000FF</KB_KEYBG_HIGHLIGHT>
            <KB_KEYBG_DISABLED>0x78C0C0C0</KB_KEYBG_DISABLED>
            <KB_KEY_PRESSED>0xFF008000</KB_KEY_PRESSED>
            <KB_KEY_NORMAL>0xFF000000</KB_KEY_NORMAL>
            <KB_KEY_DISABLED>0xFFFFFFFF</KB_KEY_DISABLED>
            <KB_KEY_ACTIVEBORDER>0xFFFF0000</KB_KEY_ACTIVEBORDER>
            <KB_KEY_TEXTCOLOR>0xFF000000</KB_KEY_TEXTCOLOR>
            <KB_KEY_TEXTBACKCOLOR>0xFFFFFFFF</KB_KEY_TEXTBACKCOLOR>
            <KB_KEY_TEXTBORDERCOLOR>0x780000FF</KB_KEY_TEXTBORDERCOLOR>
            <MENU_TEXTCOLOR>0xFF000000</MENU_TEXTCOLOR>
            <MENU_ACTIVETEXTCOLOR>0xFFFFFFFF</MENU_ACTIVETEXTCOLOR>
            <MENU_BORDERCOLOR>0xFFFFFFFF</MENU_BORDERCOLOR>
            <MENU_BACKCOLOR>0xFFFFFFFF</MENU_BACKCOLOR>
            <MENU_ACTIVEBACKCOLOR>0xFF000000</MENU_ACTIVEBACKCOLOR>
            <MENU_ACTIVEBORDERCOLOR>0xFFFFFFFF</MENU_ACTIVEBORDERCOLOR>
        </ColorScheme>
    </Main>
</Skin>