﻿<Skin name="Elisha Cuthbert">
    <Information>
        <Author>Sir William</Author>
        <Version>1</Version>
        <Copyright>2004</Copyright>
        <Skinner Name="UX Architect" Version="1.0c" />
    </Information>
    <Filemanager SafeBorder="False">
        <Background>Elisha Cuthbert 2.png</Background>
    </Filemanager>
    <LoadingScreen ShowInfo="False">
        <Background>Elisha Cuthbert 3 Loading.png</Background>
    </LoadingScreen>
    <Main Globe="False" Orb="False" Fog="False">
        <Background EnableAudio="False">Elisha Cuthbert 1.png</Background>
        <InfoFont>Square-10.xpr</InfoFont>
        <Text Top="425" Left="19" Width="200" Scroll="0" Color="0xFFFF0000" Source="DateTime" Align="Left" />
        <Text Top="435" Left="444" Width="178" Scroll="0" Color="0xFFFF0000" Source="Created By" Align="Left" />
        <Text Top="410" Left="443" Width="182" Scroll="0" Color="0xFFFF0000" Source="IP" Align="Left" />
        <Text Top="9" Left="47" Width="173" Scroll="0" Color="0xFFFF0000" Source="NickName" Align="Left" />
        <Image Top="-13" Left="291" Width="289" Height="225" Opacity="100">Heart.png</Image>
        <Menu Scroll="True" Align="Left" ShowIcon="False" ShowArrows="False">
            <Position Top="49" Left="341" Width="194" Height="59" Fixed="True" FixAt="2" MaxItem="4" />
            <Font>Tahoma-14.xpr</Font>
        </Menu>
        <ColorScheme>
            <AMBIENT_FOGCOLOR>0xFFFF0000</AMBIENT_FOGCOLOR>
            <AMBIENT_SKYCOLOR>0xFF004000</AMBIENT_SKYCOLOR>
            <AMBIENT_CELLCOLOR>0xFF008000</AMBIENT_CELLCOLOR>
            <CAPTION_TEXTCOLOR>0xFFFFFFFF</CAPTION_TEXTCOLOR>
            <CAPTION_BACKCOLOR>0x71FF0000</CAPTION_BACKCOLOR>
            <DIALOG_BORDERCOLOR>0x4CFFFFFF</DIALOG_BORDERCOLOR>
            <DIALOG_BACKCOLOR>0x59FF0000</DIALOG_BACKCOLOR>
            <DIALOG_INNER_BORDERCOLOR>0x71FFFFFF</DIALOG_INNER_BORDERCOLOR>
            <DIALOG_INNER_BACKCOLOR>0x60FFFFFF</DIALOG_INNER_BACKCOLOR>
            <DIALOG_TEXTCOLOR>0xFFFF0000</DIALOG_TEXTCOLOR>
            <DIALOG_DISABLEDTEXT>0x8BB3B3B4</DIALOG_DISABLEDTEXT>
            <OPTION_TEXTCOLOR>0xFFFF0000</OPTION_TEXTCOLOR>
            <OPTION_ACTIVETEXTCOLOR>0xFFFF0000</OPTION_ACTIVETEXTCOLOR>
            <OPTION_ACTIVEBACKCOLOR>0x24FF0000</OPTION_ACTIVEBACKCOLOR>
            <BUTTON_BORDERCOLOR>0x7BFFFFFF</BUTTON_BORDERCOLOR>
            <BUTTON_TEXTCOLOR>0xFFFFFFFF</BUTTON_TEXTCOLOR>
            <BUTTON_BACKCOLOR>0x2BFF0000</BUTTON_BACKCOLOR>
            <BUTTON_ACTIVETEXTCOLOR>0xFFFFFFFF</BUTTON_ACTIVETEXTCOLOR>
            <BUTTON_ACTIVEBACKCOLOR>0x8BFF0000</BUTTON_ACTIVEBACKCOLOR>
            <KB_KEYBG_HIGHLIGHT>0xFFFF0000</KB_KEYBG_HIGHLIGHT>
            <KB_KEYBG_DISABLED>0xFF000000</KB_KEYBG_DISABLED>
            <KB_KEY_PRESSED>0xFFFFFF00</KB_KEY_PRESSED>
            <KB_KEY_NORMAL>0xFFFF0000</KB_KEY_NORMAL>
            <KB_KEY_DISABLED>0x00000000</KB_KEY_DISABLED>
            <KB_KEY_ACTIVEBORDER>0xFFFF0000</KB_KEY_ACTIVEBORDER>
            <KB_KEY_TEXTCOLOR>0xFFFFFFFF</KB_KEY_TEXTCOLOR>
            <KB_KEY_TEXTBACKCOLOR>0x2EFF0000</KB_KEY_TEXTBACKCOLOR>
            <KB_KEY_TEXTBORDERCOLOR>0xFFFFFFFF</KB_KEY_TEXTBORDERCOLOR>
            <MENU_TEXTCOLOR>0xFFFFFFFF</MENU_TEXTCOLOR>
            <MENU_ACTIVETEXTCOLOR>0xCDFF0000</MENU_ACTIVETEXTCOLOR>
            <MENU_BORDERCOLOR>0x72FF0000</MENU_BORDERCOLOR>
            <MENU_ACTIVEBACKCOLOR>0x95FFFFFF</MENU_ACTIVEBACKCOLOR>
            <MENU_ACTIVEBORDERCOLOR>0x41FFFFFF</MENU_ACTIVEBORDERCOLOR>
        </ColorScheme>
    </Main>
</Skin>