<Skin Name="UX_int3rfac3">
<Information>
<Author>puddwakkr</Author>
<Copyright>None</Copyright>
<Version>1.0</Version>
</Information>

<Main Globe="False" Orb="False">
<Background EnableAudio="True">backgrnd.png</Background>
<Image Top="95" Left="503" Height="112" Width="104" Source="GameIcon"/>
<Image Source="GamePreview"/>
<Menu Smooth="True" Align="Middle" ShowArrows="False" ShowIcon="False" Rotate="False">
<Position Top="86" Left="190" Height="190" Width="260"/>
<Preview EnableAudio="True" Top="92" Left="43" Height="112" Width="110"/>
</Menu>

<Image OPacity="100" Top="0" Left="0" Height="480" Width="640">overlay1.png</Image>
<Text Top="345" Left="130" Align="Left" Color="0xFFFFFFFF" Source="C_Free"></Text>
<Text Top="365" Left="130" Align="Left" Color="0xFFFFFFFF" Source="F_Free"></Text>
<Text Top="345" Left="525" Align="Right" Color="0xFFFFFFFF" Source="IP"></Text>
<Text Top="385" Left="325" Align="Middle" Color="0xFFFFFFFF" Source="DateTime"></Text>
<Text Top="365" Left="525" Align="Right" Color="0xFFFFFFFF" Source="CPUTempF"></Text>
</Main>
<FileManager>
<Background>filemanager.png</Background>
</FileManager>
<LoadingScreen ShowInfo="False">
<Background>loadscreen.png</Background>
</LoadingScreen>
<ColorScheme>
</ColorScheme>
</Skin>





