<Skin name="croft">
	<Information>
		<Author>UnleashX</Author>
		<Copyright>Copyright 2003</Copyright>
		<Version>1.0</Version>
	</Information>
	<Main Globe="False" Orb="False">
		<BackGround>Tomb.jpg</BackGround>
		<GameIcon Enable="False" Opacity="100">
			<Position Top="162" Left="500" Width="76" Height="76" />
		</GameIcon>
		<Menu Smooth="True" ShowIcon="True" Rotate="False">
			<Position Top="162" Left="50" Width="540" Height="76"></Position>
		</Menu>
		<Text Left="35" Top="30" Align="Left" Color="0xFF808000" Source="DateTime"></Text>
		<Text Left="35" Top="" Align="Left" Color="0xFF808000" Source=""></Text>
		<Text Left="35" Top="" Align="Left" Color="0xFF808000" Source=""></Text>
		<Text Left="35" Top="280" Align="Left" Color="0xFF808000" Source="F_FreeMB"></Text>
		
		<Text Left="35" Top="300" Align="Left" Color="0xFF808000" Source="Tray"></Text>
		<Text Left="35" Top="320" Align="Lert" Color="0xFF808000" Source="NickName"></Text>
		<Text Left="35" Top="110" Color="0xFF808000" Source="SongName"></Text>
		<Text Left="35" Top="80" Color="0xFF808000" Source="SoundTrack"></Text>
		<Text Left="35" Top="55" Color="0xFF808000" Source="SongTime"></Text>
		<Text Left="35" Top="350" Color="0xFF808000" Source="News: "></Text>
		<Text Left="135" Top="350" Color="0xFF808000" Source="Newsfeed"></Text>
		<Shape Type="RoundedBox" Left="132" Top="348" Width="438" Height="34" BorderColor="0xFF808000" />

		
		<Text Left="35" Top="410" Align="Left" Color="0xFF808000" Source="CPUTemp"></Text>
		<Text Left="35" Top="430" Align="Left" Color="0xFF808000" Source="MBTemp"></Text>
		
		<Text Left="605" Top="410" Align="Right" Color="0xFF808000" Source="IP"></Text>
		<Text Left="605" Top="430" Align="Right" Color="0xFF808000" Source="NumClient"></Text>
	</Main>
</Skin>