<Skin Name="DashSpawn">
<Information>
<Author>Jdogg</Author>
<Copyright>2004 Skinned by Sketchy Skinner</Copyright>
<Version>1.5</Version>
</Information>
<IntroMovie></IntroMovie>
<Main globe="False" Orb="False">
<Background EnableAudio="True">bg.xmv</background>
<Image Left="" Top="" >bg.png</Image>
<Menu smooth="True" ShowArrows="False" ShowIcon="False" Rotate="True">
<Position left="13" Top="57" Width="237" Height="173" />
<Preview EnableAudio="True" left="190" Top="258" Width="107" Height="99" />
</Menu>
<Text Left="10" Top="261" Align="Left" Color="0xFFC0C0C0" Source="C_FreeMB"></Text>
<Text Left="10" Top="280" Align="Left" Color="0xFFC0C0C0" Source="E_FreeMB"></Text>
<Text Left="10" Top="300" Align="Left" Color="0xFFC0C0C0" Source="F_FreeMB"></Text>
<Text Left="9" Top="345" Align="Left" Color="0xFFC0C0C0" Source="CPUTemp"></Text>
<Text Left="10" Top="365" Align="Left" Color="0xFFC0C0C0" Source="MBTemp"></Text>
<Text Left="10" Top="420" Align="Left" Color="0xFFC0C0C0" Source="NickName"></Text>
<Text Left="9" Top="440" Align="Left" Color="0xFFC0C0C0" Source="IP"></Text>
<Text Left="400" Top="25" Align="Left" Color="0xFFC0C0C0" Source="Date"></Text>
<Text Left="415" Top="75" Align="Left" Color="0xFFC0C0C0" Source="$Time$"></Text>
<Text Left="55" Top="-2" Align="Left" Color="0xFFC0C0C0" Source="*News*"></Text>
<Text Left="134" Top="-2" Align="Left" Width="380" Color="0xFFC0C0C0" Source="$Newsfeed$"></Text>
<Text Left="527" Top="-3" Align="Left" Color="0xFFC0C0C0" Source="LaunchMode"></Text>
<Text Left="318" Top="443" Align="Left" Color="0xFFC0C0C0" Source="FanSpeed"></Text>
<Text Left="474" Top="221" Align="Left" Color="0xFFC0C0C0" Source="SongName"></Text>
<Text Left="474" Top="250" Align="Left" Color="0xFFC0C0C0" Source="SoundTrack"></Text>
<Text Left="474" Top="280" Align="Left" Color="0xFFC0C0C0" Source="SongTime"></Text>
<Image Top="258" Left="190" width="107" Height="99" Source="GameIcon"/>
<Image Source="GamePreview"/>
</Main>
<FileManager>
<Background>fmbg.jpg</Background>
</FileManager>
<LoadingScreen ShowInfo="False">
<Background>ls.jpg</Background>
</LoadingScreen>
<ColorScheme>
<AMBIENT_FOGCOLOR>0xFF002000</AMBIENT_FOGCOLOR>
<AMBIENT_SKYCOLOR>0xFF004000</AMBIENT_SKYCOLOR>
<AMBIENT_CELLCOLOR>0x0600C000</AMBIENT_CELLCOLOR>

<CAPTION_TEXTCOLOR>0xFFFFFFC0</CAPTION_TEXTCOLOR>
<CAPTION_BACKCOLOR>0xFF686485</CAPTION_BACKCOLOR>

<DIALOG_BORDERCOLOR>0xFF0C0A18</DIALOG_BORDERCOLOR>
<DIALOG_BACKCOLOR>0xCD636482</DIALOG_BACKCOLOR>
<DIALOG_INNER_BORDERCOLOR>0xFF636482</DIALOG_INNER_BORDERCOLOR>
<DIALOG_INNER_BACKCOLOR>0xE1004100</DIALOG_INNER_BACKCOLOR>
<DIALOG_TEXTCOLOR>0xFFFFFFFF</DIALOG_TEXTCOLOR>
<DIALOG_DISABLEDTEXT>0x7F086820</DIALOG_DISABLEDTEXT>

<OPTION_TEXTCOLOR>0xFF02C90C</OPTION_TEXTCOLOR>
<OPTION_ACTIVETEXTCOLOR>0xFFFFFFFF</OPTION_ACTIVETEXTCOLOR>
<OPTION_ACTIVEBACKCOLOR>0xFF02C90C</OPTION_ACTIVEBACKCOLOR>

<BUTTON_BORDERCOLOR>0xFF0C0A18</BUTTON_BORDERCOLOR>
<BUTTON_TEXTCOLOR>0xFF02C90C</BUTTON_TEXTCOLOR>
<BUTTON_BACKCOLOR>0xCD636482</BUTTON_BACKCOLOR>
<BUTTON_ACTIVETEXTCOLOR>0xFFFFFFFF</BUTTON_ACTIVETEXTCOLOR>
<BUTTON_ACTIVEBACKCOLOR>0xE102C90C</BUTTON_ACTIVEBACKCOLOR>	

<KB_KEYBG_HIGHLIGHT>0xCC00C000</KB_KEYBG_HIGHLIGHT>
<KB_KEYBG_DISABLED>0xffc0c0c0</KB_KEYBG_DISABLED>
<KB_KEY_PRESSED>0xff808080</KB_KEY_PRESSED>
<KB_KEY_NORMAL>0xff000000</KB_KEY_NORMAL>
<KB_KEY_DISABLED>0xff808080</KB_KEY_DISABLED>
<KB_KEY_ACTIVEBORDER>0xff008000</KB_KEY_ACTIVEBORDER>
<KB_KEY_TEXTCOLOR>0xff000000</KB_KEY_TEXTCOLOR>
<KB_KEY_TEXTBACKCOLOR>0xffFFFFFF</KB_KEY_TEXTBACKCOLOR>
<KB_KEY_TEXTBORDERCOLOR>0xff0000FF</KB_KEY_TEXTBORDERCOLOR>

<MENU_BORDERCOLOR>0x00000000</MENU_BORDERCOLOR>
<MENU_BACKCOLOR>0x00000000</MENU_BACKCOLOR>
<MENU_ACTIVEBACKCOLOR>0xFF004000</MENU_ACTIVEBACKCOLOR>
<MENU_ACTIVEBORDERCOLOR>0xFF686485</MENU_ACTIVEBORDERCOLOR>
<MENU_TEXTCOLOR>0xFFC0C0C0</MENU_TEXTCOLOR>
<MENU_ACTIVETEXTCOLOR>0xFF808080</MENU_ACTIVETEXTCOLOR>
</ColorScheme>
</Skin>
