﻿<Skin name="Flashback">
    <Information>
        <Author>sausage-n-muff@shaw.ca</Author>
        <Version>1</Version>
        <Copyright>2004</Copyright>
        <Skinner Name="UX Architect" Version="1.0c" />
    </Information>
    <IntroMovie Enableaudio="True">i.xmv</IntroMovie>
    <Filemanager SafeBorder="False">
        <Background>f.jpg</Background>
    </Filemanager>
    <LoadingScreen ShowInfo="False">
	<BackGround Enableaudio="True">l.xmv</BackGround>
    </LoadingScreen>
    <Main Globe="False" Orb="False" Fog="False">
        <Background EnableAudio="True">b.jpg</Background>
        <Text Top="29" Left="450" Width="200" Scroll="0" Color="0xFFC0C0C0" Source="Time" Align="Left" />
        <Text Top="335" Left="49" Width="200" Scroll="0" Color="0xFFC0C0C0" Source="F_Free" Align="Left" />
        <Text Top="380" Left="49" Width="200" Scroll="0" Color="0xFFC0C0C0" Source="IP" Align="Left" />
        <Text Top="275" Left="49" Width="200" Scroll="0" Color="0xFFC0C0C0" Source="C_Free" Align="Left" />
        <Text Top="305" Left="49" Width="200" Scroll="0" Color="0xFFC0C0C0" Source="E_Free" Align="Left" />
        <Text Top="60" Left="450" Width="200" Scroll="0" Color="0xFFC0C0C0" Source="CPUTempC" Align="Left" />
        <Text Top="92" Left="450" Width="200" Scroll="0" Color="0xFFC0C0C0" Source="MBTempC" Align="Left" />
        <Image Top="10" Left="10" Width="124" Height="113" Opacity="50">cool.png</Image>
        <Image Top="24" Left="31" Width="83" Height="86" Source="GameIcon" />
        <Menu Smooth="True" Align="Left" ShowIcon="True" Rotate="False" ShowArrows="False">
            <ItemPos Top="28" Left="159" Width="287"></ItemPos>
            <ItemPos Top="73" Left="153" Width="287"></ItemPos>
            <ItemPos Top="110" Left="126" Width="287"></ItemPos>
            <ItemPos Top="144" Left="88" Width="287"></ItemPos>
            <ItemPos Top="173" Left="36" Width="287"></ItemPos>
        </Menu>
        <ColorScheme>
            <AMBIENT_FOGCOLOR>0x00FFFFFF</AMBIENT_FOGCOLOR>
            <AMBIENT_SKYCOLOR>0x0000000F</AMBIENT_SKYCOLOR>
            <AMBIENT_CELLCOLOR>0x0000C000</AMBIENT_CELLCOLOR>
            <CAPTION_TEXTCOLOR>0xFF00FF00</CAPTION_TEXTCOLOR>
            <CAPTION_BACKCOLOR>0x64808080</CAPTION_BACKCOLOR>
            <DIALOG_BORDERCOLOR>0xFF000000</DIALOG_BORDERCOLOR>
            <DIALOG_BACKCOLOR>0x64808080</DIALOG_BACKCOLOR>
            <DIALOG_INNER_BORDERCOLOR>0xC8000000</DIALOG_INNER_BORDERCOLOR>
            <DIALOG_INNER_BACKCOLOR>0x5A808080</DIALOG_INNER_BACKCOLOR>
            <DIALOG_TEXTCOLOR>0xFFFFFFFF</DIALOG_TEXTCOLOR>
            <DIALOG_DISABLEDTEXT>0xFFB3B3B4</DIALOG_DISABLEDTEXT>
            <OPTION_TEXTCOLOR>0xFFFFFFFF</OPTION_TEXTCOLOR>
            <OPTION_ACTIVETEXTCOLOR>0xFF008000</OPTION_ACTIVETEXTCOLOR>
            <OPTION_ACTIVEBACKCOLOR>0x50808080</OPTION_ACTIVEBACKCOLOR>
            <BUTTON_BORDERCOLOR>0xC8000000</BUTTON_BORDERCOLOR>
            <BUTTON_TEXTCOLOR>0xFFFFFFFF</BUTTON_TEXTCOLOR>
            <BUTTON_BACKCOLOR>0xFF525252</BUTTON_BACKCOLOR>
            <BUTTON_ACTIVETEXTCOLOR>0xFFFFFFFF</BUTTON_ACTIVETEXTCOLOR>
            <BUTTON_ACTIVEBACKCOLOR>0xFF808080</BUTTON_ACTIVEBACKCOLOR>
            <KB_KEYBG_HIGHLIGHT>0x19575757</KB_KEYBG_HIGHLIGHT>
            <KB_KEYBG_DISABLED>0x78C0C0C0</KB_KEYBG_DISABLED>
            <KB_KEY_PRESSED>0xFF008000</KB_KEY_PRESSED>
            <KB_KEY_NORMAL>0xFF000000</KB_KEY_NORMAL>
            <KB_KEY_DISABLED>0x78808080</KB_KEY_DISABLED>
            <KB_KEY_ACTIVEBORDER>0xFF00FF00</KB_KEY_ACTIVEBORDER>
            <KB_KEY_TEXTCOLOR>0xFF000000</KB_KEY_TEXTCOLOR>
            <KB_KEY_TEXTBACKCOLOR>0xFFFFFFFF</KB_KEY_TEXTBACKCOLOR>
            <KB_KEY_TEXTBORDERCOLOR>0x780000FF</KB_KEY_TEXTBORDERCOLOR>
            <MENU_TEXTCOLOR>0x96FFFFFF</MENU_TEXTCOLOR>
            <MENU_ACTIVETEXTCOLOR>0xFFFFFFFF</MENU_ACTIVETEXTCOLOR>
        </ColorScheme>
    </Main>
</Skin>