﻿<Skin name="SkinZombie">
    <Information>
        <Author>EvilGibo</Author>
        <Version>1</Version>
        <Copyright>2004</Copyright>
        <Skinner Name="UX Architect" Version="1.0c" />
    </Information>
    <LoadingScreen ShowInfo="True">
        <Background>loading zombie.jpg</Background>
    </LoadingScreen>
    <Main Orb="False" Fog="False">
        <Background EnableAudio="False">bob zombie.png</Background>
        <Cellwall>cell.jpg</Cellwall>
        <InfoFont>39Smooth-12.xpr</InfoFont>
        <Text Top="409" Left="240" Width="160" Scroll="0" Color="0xFF000000" Source="SoundTrack" Align="Left" />
        <Text Top="378" Left="240" Width="160" Scroll="0" Color="0xFF000000" Source="SongName" Align="Left" />
        <Text Top="378" Left="460" Width="160" Scroll="0" Color="0xFF000000" Source="    SkinZombie" Align="Middle" />
        <Text Top="348" Left="451" Width="160" Scroll="0" Color="0xFF000000" Source="CPUTemp" Align="Right" />
        <Text Top="378" Left="30" Width="160" Scroll="0" Color="0xFF000000" Source="F_FreeMB" Align="Left" />
        <Text Top="408" Left="480" Width="160" Scroll="0" Color="0xFF000000" Source="$NickName$" Align="Middle" />
        <Text Top="408" Left="30" Width="160" Scroll="0" Color="0xFF000000" Source="G_FreeMB" Align="Left" />
        <Text Top="318" Left="473" Width="160" Scroll="0" Color="0xFF000000" Source="DVDTitle" Align="Middle" />
        <Text Top="348" Left="30" Width="160" Scroll="0" Color="0xFF000000" Source="E_FreeMB" Align="Left" />
        <Text Top="318" Left="30" Width="160" Scroll="0" Color="0xFF000000" Source="C_FreeMB" Align="Left" />
        <Text Top="55" Left="72" Width="75" Scroll="0" Color="0xFF000000" Source="EvilGibo" Align="Left" />
        <Text Top="28" Left="20" Width="180" Scroll="0" Color="0xFF000000" Source="www.zxbinstaller.net" Align="Left" />
        <Text Top="178" Left="29" Width="160" Scroll="0" Color="0xFF000000" Source="Time" Align="Middle" />
        <Text Top="206" Left="30" Width="160" Scroll="0" Color="0xFF000000" Source="Date" Align="Middle" />
        <Image Top="171" Left="465" Width="128" Height="128" Source="GameIcon" />
        <Image Source="GamePreview" />
        <Menu Scroll="True" Smooth="True" Align="Left" ShowIcon="False" ShowArrows="False">
            <Preview EnableAudio="True" Top="27" Left="465" Width="128" Height="128" />
            <Position Top="278" Left="230" Width="180" Height="93" Fixed="True" FixAt="2" MaxItem="4" />
            <Font>39Smooth-12.xpr</Font>
        </Menu>
        <ColorScheme>
            <AMBIENT_FOGCOLOR>0x00FFFFFF</AMBIENT_FOGCOLOR>
            <AMBIENT_SKYCOLOR>0xFF00000F</AMBIENT_SKYCOLOR>
            <AMBIENT_CELLCOLOR>0x00FFFFFF</AMBIENT_CELLCOLOR>
            <CAPTION_TEXTCOLOR>0xFFFFFFFF</CAPTION_TEXTCOLOR>
            <CAPTION_BACKCOLOR>0xFF000000</CAPTION_BACKCOLOR>
            <DIALOG_BORDERCOLOR>0xFFC80000</DIALOG_BORDERCOLOR>
            <DIALOG_BACKCOLOR>0xC8808080</DIALOG_BACKCOLOR>
            <DIALOG_INNER_BORDERCOLOR>0xFFC80000</DIALOG_INNER_BORDERCOLOR>
            <DIALOG_INNER_BACKCOLOR>0xFF000000</DIALOG_INNER_BACKCOLOR>
            <DIALOG_TEXTCOLOR>0xFFFFFFFF</DIALOG_TEXTCOLOR>
            <DIALOG_DISABLEDTEXT>0xFFB3B3B4</DIALOG_DISABLEDTEXT>
            <OPTION_TEXTCOLOR>0xFFFFFFFF</OPTION_TEXTCOLOR>
            <OPTION_ACTIVETEXTCOLOR>0xFFFFFFFF</OPTION_ACTIVETEXTCOLOR>
            <OPTION_ACTIVEBACKCOLOR>0xC8FF0000</OPTION_ACTIVEBACKCOLOR>
            <BUTTON_BORDERCOLOR>0xFFC80000</BUTTON_BORDERCOLOR>
            <BUTTON_TEXTCOLOR>0xFFFFFFFF</BUTTON_TEXTCOLOR>
            <BUTTON_BACKCOLOR>0xC8808080</BUTTON_BACKCOLOR>
            <BUTTON_ACTIVETEXTCOLOR>0xFFFFFFFF</BUTTON_ACTIVETEXTCOLOR>
            <BUTTON_ACTIVEBACKCOLOR>0xFF373737</BUTTON_ACTIVEBACKCOLOR>
            <KB_KEYBG_HIGHLIGHT>0xFFC80000</KB_KEYBG_HIGHLIGHT>
            <KB_KEYBG_DISABLED>0x78C0C0C0</KB_KEYBG_DISABLED>
            <KB_KEY_PRESSED>0xFF640000</KB_KEY_PRESSED>
            <KB_KEY_NORMAL>0xFF000000</KB_KEY_NORMAL>
            <KB_KEY_DISABLED>0xFF808080</KB_KEY_DISABLED>
            <KB_KEY_ACTIVEBORDER>0xFFFF0000</KB_KEY_ACTIVEBORDER>
            <KB_KEY_TEXTCOLOR>0xFF000000</KB_KEY_TEXTCOLOR>
            <KB_KEY_TEXTBACKCOLOR>0xFFFFFFFF</KB_KEY_TEXTBACKCOLOR>
            <KB_KEY_TEXTBORDERCOLOR>0x78FFFFFF</KB_KEY_TEXTBORDERCOLOR>
            <MENU_TEXTCOLOR>0xFFB4B4B4</MENU_TEXTCOLOR>
            <MENU_ACTIVETEXTCOLOR>0xFFFFFFFF</MENU_ACTIVETEXTCOLOR>
            <MENU_ACTIVEBACKCOLOR>0xFFC80000</MENU_ACTIVEBACKCOLOR>
        </ColorScheme>
    </Main>
</Skin>