<Skin name="FlighTsXBOXpro">
	<Information>
		<Author>FlighT</Author>
		<Copyright>Copyright 2004</Copyright>
		<Version>1</Version>
	</Information>
	<Main Globe="True" Orb="False">
		<BackGround>bg1.png</BackGround>
		<Cellwall>Cell1.png</Cellwall>
		<Orb>orb.png</Orb>
		<Icon>orb.png</Icon>
		<Image Left="79" Top="107" Width="156" Height="154">icon.png</Image>
		<GameIcon Enable="True" Opacity="0">
			<Position Top="121" Left="97" Width="122" Height="124" />
		</GameIcon>
		<InfoFont>Cop8.XPR</InfoFont>
		<Menu Smooth="False" Align="Left" Rotate="False" ShowIcon="False">
		<Position Top="67" Left="300" Width="243" Height="125" Fixed="False" 
                FixAt="1" MaxItem="8">
		</Position>
		<Font>AS14.xpr</Font>
		</Menu>
		<Text Left="265" Top="280" Align="Left" Color="0xFF98FF00" Source="CPU :  $CPUTemp$"></Text>
		
		<Text Left="265" Top="310" Align="Left" Color="0xFF98FF00" Source="HDD F:\ $F_FreeMB$ Free"></Text>
		<Text Left="265" Top="325" Align="Left" Color="0xFF98FF00" Source="IP: $IP$"></Text>
		<Text Left="410" Top="280" Align="Left" Color="0xFF98FF00" Source="DVD :  $DVDType$"></Text>
                <Text Left="265" Top="355" Align="Left" Color="0xFF98FF00" Source="ALBUM : $SoundTrack$"></Text>
		<Text Left="265" Top="370" Align="Left" Color="0xFF98FF00" Source="SONG : $SongName$"></Text>
		<Text Left="265" Top="385" Align="Left" Color="0xFF98FF00" Source="ELAPSED : $SongTime$"></Text>
	</Main>

	
	<ColorScheme >
		<AMBIENT_FOGCOLOR>0xFF000000</AMBIENT_FOGCOLOR>
		<AMBIENT_SKYCOLOR></AMBIENT_SKYCOLOR>
		<AMBIENT_CELLCOLOR>0x00FFFFFF</AMBIENT_CELLCOLOR>

		<CAPTION_TEXTCOLOR>0xFFFFFFFF</CAPTION_TEXTCOLOR>
		<CAPTION_BACKCOLOR>0xFF2E438D</CAPTION_BACKCOLOR>
		<DIALOG_BORDERCOLOR>0xFFFFFFFF</DIALOG_BORDERCOLOR>
		<DIALOG_BACKCOLOR>0xFF162043</DIALOG_BACKCOLOR>
		<DIALOG_INNER_BORDERCOLOR>0xFFFFFFFF</DIALOG_INNER_BORDERCOLOR>
		<DIALOG_INNER_BACKCOLOR>0xFF2E438D</DIALOG_INNER_BACKCOLOR>
		<DIALOG_TEXTCOLOR>0xFFFFFFFF</DIALOG_TEXTCOLOR>

		<DIALOG_DISABLEDTEXT>0xFFC0C0C0</DIALOG_DISABLEDTEXT>

		<OPTION_TEXTCOLOR>0xFF98FF00</OPTION_TEXTCOLOR>
		<OPTION_ACTIVETEXTCOLOR>0xFF98FF00</OPTION_ACTIVETEXTCOLOR>
		<OPTION_ACTIVEBACKCOLOR></OPTION_ACTIVEBACKCOLOR>

		<BUTTON_BORDERCOLOR></BUTTON_BORDERCOLOR>
		<BUTTON_TEXTCOLOR>0xFF02C90C</BUTTON_TEXTCOLOR>
		<BUTTON_BACKCOLOR>0xCD636482</BUTTON_BACKCOLOR>
		<BUTTON_ACTIVETEXTCOLOR>0xFFFFFFFF</BUTTON_ACTIVETEXTCOLOR>
		<BUTTON_ACTIVEBACKCOLOR>0xE102C90C</BUTTON_ACTIVEBACKCOLOR>	
		
		<KB_KEYBG_HIGHLIGHT>0xCC00C000</KB_KEYBG_HIGHLIGHT>
		<KB_KEYBG_DISABLED>0xffc0c0c0</KB_KEYBG_DISABLED>
		<KB_KEY_PRESSED>0xff808080</KB_KEY_PRESSED>
		<KB_KEY_NORMAL>0xff000000</KB_KEY_NORMAL>
		<KB_KEY_DISABLED>0xff808080</KB_KEY_DISABLED>
		<KB_KEY_ACTIVEBORDER>0xff008000</KB_KEY_ACTIVEBORDER>
		<KB_KEY_TEXTCOLOR>0xff000000</KB_KEY_TEXTCOLOR>
		<KB_KEY_TEXTBACKCOLOR>0xffFFFFFF</KB_KEY_TEXTBACKCOLOR>
		<KB_KEY_TEXTBORDERCOLOR>0xff0000FF</KB_KEY_TEXTBORDERCOLOR>
		
		<MENU_TEXTCOLOR>0xFF98FF00</MENU_TEXTCOLOR>
		<MENU_ACTIVETEXTCOLOR>0xFF4060B5</MENU_ACTIVETEXTCOLOR>
		<MENU_BORDERCOLOR></MENU_BORDERCOLOR>
		<MENU_BACKCOLOR></MENU_BACKCOLOR>
		<MENU_ACTIVEBACKCOLOR></MENU_ACTIVEBACKCOLOR>
		<MENU_ACTIVEBORDERCOLOR></MENU_ACTIVEBORDERCOLOR>
	</ColorScheme>
</Skin>