﻿<Skin name="Iced Earth">
    <Information>
        <Author>Owizardo</Author>
        <Version>1</Version>
        <Copyright>2004</Copyright>
        <Skinner Name="UX Architect" Version="1.0c" />
    </Information>
    <Main Orb="False">
        <InfoFont>Square-10.xpr</InfoFont>
        <Text Top="90" Left="283" Width="127" Scroll="0" Color="0xFF000000" Source="SongTime" Align="Left" />
        <Text Top="437" Left="206" Width="216" Scroll="0" Color="0xFF000000" Source="IP" Align="Left" />
        <Text Top="397" Left="431" Width="173" Scroll="0" Color="0xFF000000" Source="NewsSource" Align="Left" />
        <Text Top="230" Left="431" Width="172" Scroll="0" Color="0xFF000000" Source="Newsfeed" Align="Left" />
        <Text Top="39" Left="211" Width="200" Scroll="0" Color="0xFF000000" Source="E_Free" Align="Left" />
        <Text Top="61" Left="212" Width="200" Scroll="0" Color="0xFF000000" Source="F_Free" Align="Left" />
        <Text Top="18" Left="212" Width="200" Scroll="0" Color="0xFF000000" Source="C_Free" Align="Left" />
        <Text Top="201" Left="86" Width="81" Scroll="0" Color="0xFF000000" Source="Tray" Align="Left" />
        <Text Top="153" Left="244" Width="123" Scroll="2" Color="0xFF000000" Source="SongName" Align="Left" />
        <Image Top="0" Left="-7" Width="653" Height="522" Opacity="100">Iced Earth 3.png</Image>
        <Image Top="228" Left="92" Width="104" Height="82" Source="GameIcon" />
        <Image Source="GamePreview" />
        <Menu Smooth="True" Align="Left" ShowIcon="False" ShowArrows="False">
            <Preview EnableAudio="True" Top="227" Left="90" Width="106" Height="83" />
            <Position Top="224" Left="204" Width="217" Height="211" Fixed="True" FixAt="2" MaxItem="4" />
            <Font>39Smooth-12.xpr</Font>
        </Menu>
        <ColorScheme>
            <AMBIENT_FOGCOLOR>0x498080FF</AMBIENT_FOGCOLOR>
            <AMBIENT_SKYCOLOR>0x4200000F</AMBIENT_SKYCOLOR>
            <AMBIENT_CELLCOLOR>0x00000000</AMBIENT_CELLCOLOR>
            <CAPTION_TEXTCOLOR>0xFF000000</CAPTION_TEXTCOLOR>
            <CAPTION_BACKCOLOR>0x14C0C0C0</CAPTION_BACKCOLOR>
            <DIALOG_BORDERCOLOR>0xFF000000</DIALOG_BORDERCOLOR>
            <DIALOG_BACKCOLOR>0x64C0C0C0</DIALOG_BACKCOLOR>
            <DIALOG_INNER_BORDERCOLOR>0xC8000000</DIALOG_INNER_BORDERCOLOR>
            <DIALOG_INNER_BACKCOLOR>0x5A000000</DIALOG_INNER_BACKCOLOR>
            <DIALOG_TEXTCOLOR>0xFFFFFFFF</DIALOG_TEXTCOLOR>
            <DIALOG_DISABLEDTEXT>0xFF808080</DIALOG_DISABLEDTEXT>
            <OPTION_TEXTCOLOR>0xFFC0C0C0</OPTION_TEXTCOLOR>
            <OPTION_ACTIVETEXTCOLOR>0xFFFFFFFF</OPTION_ACTIVETEXTCOLOR>
            <OPTION_ACTIVEBACKCOLOR>0x0000FF00</OPTION_ACTIVEBACKCOLOR>
            <BUTTON_BORDERCOLOR>0xC8000000</BUTTON_BORDERCOLOR>
            <BUTTON_TEXTCOLOR>0xFF000000</BUTTON_TEXTCOLOR>
            <BUTTON_BACKCOLOR>0xFF5C5C5C</BUTTON_BACKCOLOR>
            <BUTTON_ACTIVETEXTCOLOR>0xFF000000</BUTTON_ACTIVETEXTCOLOR>
            <BUTTON_ACTIVEBACKCOLOR>0xFFC0C0C0</BUTTON_ACTIVEBACKCOLOR>
            <KB_KEYBG_HIGHLIGHT>0x19575757</KB_KEYBG_HIGHLIGHT>
            <KB_KEYBG_DISABLED>0x78C0C0C0</KB_KEYBG_DISABLED>
            <KB_KEY_PRESSED>0xFF008000</KB_KEY_PRESSED>
            <KB_KEY_NORMAL>0xFF000000</KB_KEY_NORMAL>
            <KB_KEY_DISABLED>0x78808080</KB_KEY_DISABLED>
            <KB_KEY_ACTIVEBORDER>0xFFFF0000</KB_KEY_ACTIVEBORDER>
            <KB_KEY_TEXTCOLOR>0xFF000000</KB_KEY_TEXTCOLOR>
            <KB_KEY_TEXTBACKCOLOR>0xFFFFFFFF</KB_KEY_TEXTBACKCOLOR>
            <KB_KEY_TEXTBORDERCOLOR>0x780000FF</KB_KEY_TEXTBORDERCOLOR>
            <MENU_TEXTCOLOR>0x96000000</MENU_TEXTCOLOR>
            <MENU_ACTIVETEXTCOLOR>0xFF000000</MENU_ACTIVETEXTCOLOR>
        </ColorScheme>
    </Main>
</Skin>