﻿<Skin name="Sofia">
    <Information>
        <Author>~punqewe~</Author>
        <Version>1</Version>
        <Copyright>none</Copyright>
        <Skinner Name="wordpad" />
    </Information>


    <Main>
     <Image Top="0" Left="0" Width="640" Height="480" Opacity="100">background.png</Image>
       <Image Source="GamePreview"/>
       <Image Top="55" Left="440" width="175" Height="110" Source="GameIcon"/>

       <Preview EnableAudio="False" left="440" Top="350" Width="175" Height="110" />
     

        <InfoFont>Square-10.xpr</InfoFont>
        <Image Top="0" Left="0" Width="640" Height="480" Opacity="100">main.png</Image>
        <Menu Smooth="True" Align="Left" ShowIcon="False" ShowArrows="False">
         <ItemPos Top="112" Left="45" Width="200"></ItemPos>
            <ItemPos Top="152" Left="45" Width="200"></ItemPos>
            <ItemPos Top="192" Left="45" Width="200"></ItemPos>
            <ItemPos Top="232" Left="45" Width="200"></ItemPos>
            <ItemPos Top="272" Left="45" Width="200"></ItemPos>
            <Font>1979-12.xpr</Font>
            
        </Menu>


           <InfoFont>39Smooth-12.xpr</InfoFont>
        <Text Top="429" Left="85" Width="472" Scroll="1" Color="0xFF000000" Source="Newsfeed" Align="Left" />
        <Text left="450" top="175" Width="170" Scroll="1" Color="0xFF000000" Source="$Time$" Align="left" />
        <Text left="450" top="195" Width="170" Scroll="1" Color="0xFF000000" Source="$Date$" Align="left" />
        <Text left="450" top="215" Width="170" Scroll="0" Color="0xFF000000" Source="C: $C_FreeMB$" Align="left" />
        <Text left="450" top="235" Width="170" Scroll="0" Color="0xFF000000" Source="E: $E_FreeMB$" Align="left" />
	<Text left="450" top="255" Width="170" Scroll="0" Color="0xFF000000" Source="F: $F_FreeMB$" Align="left" />
        <Text left="450" top="275" Width="170" Scroll="0" Color="0xFF000000" Source="IP: $IP$" Align="left" />
	<Text left="450" top="295" Width="170" Scroll="1" Color="0xFF000000" Source="NickName" Align="left" />
        
	<Text left="30" top="365" Width="150" Scroll="1" Color="0xFF000000" Source="FanSpeed" Align="left" />
        <Text left="30" top="345" Width="150" Scroll="1" Color="0xFF000000" Source="CPUTemp" Align="left" />
	<Text left="145" top="345" Width="150" Scroll="1" Color="0xFF000000" Source="MBTemp" Align="left" />
        
	<Text left="145" top="365" Width="100" Scroll="1" Color="0xFF000000" Source="DVDTitle" Align="left" />
        <Text Left="30" Top="383" width="215"  Scroll="1"  Color="0xFF000000" Source="Playing: $SongName$"></Text>


  

 </main>


        <ColorScheme>
          <AMBIENT_FOGCOLOR>0xFF000000</AMBIENT_FOGCOLOR>
                  <AMBIENT_SKYCOLOR>0xFF000040</AMBIENT_SKYCOLOR>
                  <AMBIENT_CELLCOLOR>0xFF000000</AMBIENT_CELLCOLOR>
                  <CAPTION_TEXTCOLOR>0xFFFFFFFF</CAPTION_TEXTCOLOR>
                  <CAPTION_BACKCOLOR>0xFF000000</CAPTION_BACKCOLOR>
                  <DIALOG_BORDERCOLOR>0xFFFF8000</DIALOG_BORDERCOLOR>
                  <DIALOG_BACKCOLOR>0xFF000000</DIALOG_BACKCOLOR>
                  <DIALOG_INNER_BORDERCOLOR>0xFFFF8040</DIALOG_INNER_BORDERCOLOR>
                  <DIALOG_INNER_BACKCOLOR>0xFF000000</DIALOG_INNER_BACKCOLOR>
                  <DIALOG_TEXTCOLOR>0xFFFFFFFF</DIALOG_TEXTCOLOR>
                  <DIALOG_DISABLEDTEXT></DIALOG_DISABLEDTEXT>
                  <OPTION_TEXTCOLOR>0xFFFF8000</OPTION_TEXTCOLOR>
                  <OPTION_ACTIVETEXTCOLOR>0xFFFF8040</OPTION_ACTIVETEXTCOLOR>
                  <OPTION_ACTIVEBACKCOLOR>0xFF000000</OPTION_ACTIVEBACKCOLOR>
                  <BUTTON_BORDERCOLOR>0xFFFF8000</BUTTON_BORDERCOLOR>
                  <BUTTON_TEXTCOLOR>0xFFFFFFFF</BUTTON_TEXTCOLOR>
                  <BUTTON_BACKCOLOR>0xFF000000</BUTTON_BACKCOLOR>
                  <BUTTON_ACTIVETEXTCOLOR>0xFFFF8000</BUTTON_ACTIVETEXTCOLOR>
                  <BUTTON_ACTIVEBACKCOLOR>0xFF000000</BUTTON_ACTIVEBACKCOLOR>
                  <KB_KEYBG_HIGHLIGHT>0xFFFF8040</KB_KEYBG_HIGHLIGHT>
                  <KB_KEYBG_DISABLED>0xFFFFFFFF</KB_KEYBG_DISABLED>
                  <KB_KEY_PRESSED>0xFFFFFF00</KB_KEY_PRESSED>
                  <KB_KEY_NORMAL>0xFFC0C0C0</KB_KEY_NORMAL>
                  <KB_KEY_DISABLED>0xFFC0C0C0</KB_KEY_DISABLED>
                  <KB_KEY_ACTIVEBORDER>0xFFFF0000</KB_KEY_ACTIVEBORDER>
                  <KB_KEY_TEXTCOLOR>0xFF000000</KB_KEY_TEXTCOLOR>
                  <KB_KEY_TEXTBACKCOLOR>0xFFC0C0C0</KB_KEY_TEXTBACKCOLOR>
                  <KB_KEY_TEXTBORDERCOLOR>0xFF808080</KB_KEY_TEXTBORDERCOLOR>
            <MENU_TEXTCOLOR>0xFFFFFFFF</MENU_TEXTCOLOR>
            <MENU_ACTIVETEXTCOLOR>0xFF000000</MENU_ACTIVETEXTCOLOR>
            <MENU_ACTIVEBORDERCOLOR>0xFFFFFFFF</MENU_ACTIVEBORDERCOLOR>
        </ColorScheme>
    </Main>
</Skin>