﻿<Skin name="Coolred">
    <Information>
        <Author>Tulipa Negra</Author>
        <Version>1</Version>
        <Copyright>2004</Copyright>
        <Skinner Name="UX Architect" Version="1.0c" />
    </Information>
    <Filemanager SafeBorder="False">
        <Background>filemaneger.jpg</Background>
    </Filemanager>
    <LoadingScreen ShowInfo="False">
        <Background>loading1.jpg</Background>
    </LoadingScreen>
    <Main Globe="False" Orb="False" Fog="False">
        <Background EnableAudio="False">cool2.jpg</Background>
        <InfoFont>Square-10.xpr</InfoFont>
        <Text Top="383" Left="490" Width="96" Scroll="0" Color="0xFF000000" Source="$Date$" Align="Middle" />
        <Text Top="195" Left="316" Width="66" Scroll="0" Color="0xFF000000" Source="$MBTempC$" Align="Middle" />
        <Text Top="150" Left="250" Width="65" Scroll="0" Color="0xFF000000" Source="$CPUTempC$" Align="Middle" />
        <Text Top="234" Left="51" Width="165" Scroll="0" Color="0xFF000000" Source="$SongName$" Align="Left" />
        <Text Top="331" Left="487" Width="99" Scroll="0" Color="0xFF000000" Source="$Time$" Align="Middle" />
        <Text Top="236" Left="409" Width="180" Scroll="0" Color="0xFF000000" Source="$Newsfeed$" Align="Left" />
        <Text Top="330" Left="60" Width="95" Scroll="0" Color="0xFF000000" Source="$DVDTitle$" Align="Middle" />
        <Text Top="383" Left="61" Width="90" Scroll="0" Color="0xFF000000" Source="$FanSpeed$" Align="Middle" />
        <Text Top="67" Left="404" Width="192" Scroll="0" Color="0xFF000000" Source="$E_FreeMB$" Align="Left" />
        <Text Top="114" Left="404" Width="192" Scroll="0" Color="0xFF000000" Source="$F_FreeMB$" Align="Left" />
        <Text Top="162" Left="408" Width="185" Scroll="0" Color="0xFF000000" Source="$IP$" Align="Middle" />
        <Text Top="440" Left="89" Width="200" Scroll="0" Color="0xFFFFFFFF" Source="SkinAuthor" Align="Left" />
        <Image Top="16" Left="256" Width="120" Height="81" Source="GameIcon" />
        <Image Source="GamePreview" />
        <Menu Align="Middle" ShowIcon="False" ShowArrows="False">
            <Preview EnableAudio="True" Top="49" Left="35" Width="194" Height="145" />
            <Position Top="278" Left="181" Width="283" Height="149" Fixed="True" FixAt="2" MaxItem="4" />
            <Font>CenturyGothic-10.xpr</Font>
        </Menu>
        <ColorScheme>
            <AMBIENT_FOGCOLOR>0xFFFFFFFF</AMBIENT_FOGCOLOR>
            <AMBIENT_SKYCOLOR>0xFF00000F</AMBIENT_SKYCOLOR>
            <AMBIENT_CELLCOLOR>0x7800C000</AMBIENT_CELLCOLOR>
            <CAPTION_TEXTCOLOR>0xFFC0C0C0</CAPTION_TEXTCOLOR>
            <CAPTION_BACKCOLOR>0xFF000000</CAPTION_BACKCOLOR>
            <DIALOG_BORDERCOLOR>0xFFFFFFFF</DIALOG_BORDERCOLOR>
            <DIALOG_BACKCOLOR>0xD1FF0000</DIALOG_BACKCOLOR>
            <DIALOG_INNER_BORDERCOLOR>0xFFFFFFFF</DIALOG_INNER_BORDERCOLOR>
            <DIALOG_INNER_BACKCOLOR>0xFF000000</DIALOG_INNER_BACKCOLOR>
            <DIALOG_TEXTCOLOR>0xFFFFFFFF</DIALOG_TEXTCOLOR>
            <DIALOG_DISABLEDTEXT>0xFFB3B3B4</DIALOG_DISABLEDTEXT>
            <OPTION_TEXTCOLOR>0xFFFFFFFF</OPTION_TEXTCOLOR>
            <OPTION_ACTIVETEXTCOLOR>0xFFFFFFFF</OPTION_ACTIVETEXTCOLOR>
            <OPTION_ACTIVEBACKCOLOR>0xFFFF0000</OPTION_ACTIVEBACKCOLOR>
            <BUTTON_BORDERCOLOR>0xFFFFFFFF</BUTTON_BORDERCOLOR>
            <BUTTON_TEXTCOLOR>0xFFFFFFFF</BUTTON_TEXTCOLOR>
            <BUTTON_BACKCOLOR>0xFFFF0000</BUTTON_BACKCOLOR>
            <BUTTON_ACTIVETEXTCOLOR>0xFFFFFFFF</BUTTON_ACTIVETEXTCOLOR>
            <BUTTON_ACTIVEBACKCOLOR>0xFFC0C0C0</BUTTON_ACTIVEBACKCOLOR>
            <KB_KEYBG_HIGHLIGHT>0xFFFF0000</KB_KEYBG_HIGHLIGHT>
            <KB_KEYBG_DISABLED>0x78C0C0C0</KB_KEYBG_DISABLED>
            <KB_KEY_PRESSED>0xFF008000</KB_KEY_PRESSED>
            <KB_KEY_NORMAL>0xFF000000</KB_KEY_NORMAL>
            <KB_KEY_DISABLED>0xFF808080</KB_KEY_DISABLED>
            <KB_KEY_ACTIVEBORDER>0xFFFF0000</KB_KEY_ACTIVEBORDER>
            <KB_KEY_TEXTCOLOR>0xFF000000</KB_KEY_TEXTCOLOR>
            <KB_KEY_TEXTBACKCOLOR>0xFFFFFFFF</KB_KEY_TEXTBACKCOLOR>
            <KB_KEY_TEXTBORDERCOLOR>0x78FFFFFF</KB_KEY_TEXTBORDERCOLOR>
            <MENU_TEXTCOLOR>0xFFFFFFFF</MENU_TEXTCOLOR>
            <MENU_ACTIVETEXTCOLOR>0xFFFFFFFF</MENU_ACTIVETEXTCOLOR>
            <MENU_BORDERCOLOR>0xFFFFFFFF</MENU_BORDERCOLOR>
            <MENU_BACKCOLOR>0xFF000000</MENU_BACKCOLOR>
            <MENU_ACTIVEBACKCOLOR>0xFFFF0000</MENU_ACTIVEBACKCOLOR>
            <MENU_ACTIVEBORDERCOLOR>0xFFFFFFFF</MENU_ACTIVEBORDERCOLOR>
        </ColorScheme>
    </Main>
</Skin>