<Skin name="Shattered Cube Green">
	<Information>
		<Author>David</Author>
		<Copyright>Copyright 2007</Copyright>
	 	<Version>1.0</Version>
	</Information>
	<Fonts>
		<Font Name="Common10">common-font10.xpr</Font>
		<Font Name="Common12">common-font12.xpr</Font>
		<Font Name="Common14">common-font14.xpr</Font>
		<Font Name="Special">special-normal-pal.xpr</Font>
		<Font Name="SpecialBold">special-bold.xpr</Font>
	</Fonts>	
	<Main Globe="false" Orb="False" Fog="false">
		<Cellwall></Cellwall>
		<Orb></Orb>
		<Icon></Icon>
		<BackGround>background.jpg</BackGround>
		
        	<Menu Smooth="False" Align="Left" ShowIcon="False" ShowArrows="False">
            <ItemPos Top="108" Left="12" Width="220"></ItemPos>
            <ItemPos Top="144" Left="12" Width="220"></ItemPos>
            <ItemPos Top="179" Left="12" Width="220"></ItemPos>
            <ItemPos Top="214" Left="12" Width="220"></ItemPos>
            <ItemPos Top="250" Left="12" Width="220"></ItemPos>
            <ItemPos Top="285" Left="12" Width="220"></ItemPos>
            <ItemPos Top="321" Left="12" Width="220"></ItemPos>
		<Preview EnableAudio="False" Left="217" Top="79" Width="425" Height="319"/>
		<Font>Special</Font>
		
		</Menu>
        	<Image Top="0" Left="0" Width="640" Height="480" zIndex="3" Opacity="100">ux360green.png</Image>
		<Image Left="68" Top="384" Width="107" Height="85" zIndex="4" Source="GameIcon" />
		<Image zIndex="2" Source="GamePreview"/>
		
		<InfoFont>Common12</InfoFont>    
                  <Text Top="13" Left="338" Align="Right" Width="220" Scroll="0" Color="0xFFFFFFFF" Font="SpecialBold" zIndex="4" Source="SongName"></Text>
                  <Text Top="35" Left="338" Align="Right" Width="220" Scroll="0" Color="0xFFFFFFFF" zIndex="4" Source="SoundTrack"></Text>
                  <Text Top="46" Left="328" Align="Right" Width="230" Scroll="0" Color="0xFFFFFFFF" ScaleX="100" ScaleY="100" Font="Special" zIndex="4" Source="SongTime"></Text>

                  <Text Top="411" Left="335" Align="Right" Width="220" Scroll="0" Color="0xFFFFFFFF" ScaleX="100" ScaleY="100" Font="SmallFont" zIndex="4" Source="E_FreeMB"></Text>
                  <Text Top="431" Left="335" Align="Right" Width="220" Scroll="0" Color="0xFFFFFFFF" ScaleX="100" ScaleY="100" Font="SmallFont" zIndex="4" Source="F_FreeMB"></Text>
		  <Text Top="451" Left="335" Align="Right" Width="220" Scroll="0" Color="0xFFFFFFFF"  ScaleX="100" ScaleY="100" Font="SmallFont" zIndex="4" Source="IP"></Text>

                  <Text Top="47" Left="14" Align="Middle" Width="215" Scroll="0" Color="0xFFFFFFFF" Font="SpecialBold" zIndex="5" Source="$DateTime$"></Text>  	
         </Main>

	<IntroMovie></IntroMovie>
        <FileManager SafeBorder="true">
		<BackGround>filemanager.png</BackGround>
		
	</FileManager>
	
	<LoadingScreen ShowInfo="False">
		<BackGround>loading.png</BackGround>
	</LoadingScreen>
	
	<MusicPlayer Top="10" Left="70" Width="484" Height="213" Relative="False">
		<BackGround>mp.png</BackGround>

		<ButtonMap>mp_Buttons.png</ButtonMap>	
		<Element Type="Play" Left="128" Top="146" Width="32" Height="44" zIndex="3" />
		<Element Type="Pause" Left="172" Top="146" Width="32" Height="44" zIndex="3" />
		<Element Type="Stop" Left="216" Top="146" Width="32" Height="44" zIndex="3" />
		<Element Type="Prev" Left="260" Top="146" Width="32" Height="44" zIndex="3" />
		<Element Type="Next" Left="304" Top="146" Width="32" Height="44" zIndex="3" />
		<Element Type="Mute" Left="348" Top="157" Width="32" Height="22" zIndex="3" />
		<Element Type="Random" Left="392" Top="157" Width="32" Height="22" zIndex="3" />
		<Element Type="PrevTrack" Left="436" Top="146" Width="32" Height="44" />
		<Element Type="NextTrack" Left="480" Top="146" Width="32" Height="44" />
		
		<Text Left="453" Top="119" Align="Middle" Width="105" Height="30" Color="0xFFFFFFFF" Source="SongTime" Font="Special" Align="left" ScaleX="100" ScaleY="100" zIndex="3" />
		<Text Left="128" Top="123" Width="285" Height="30" Color="0xFFFFFFFF" Source="SongTrack" Scroll="2" Font="SpecialBold" ScaleX="100" ScaleY="100" zIndex="3" />
		<Playlist Top="155" Left="1" Width="640" Height="437" OffsetX="85" OffsetY="92">
			<BackGround>Playlist.png</BackGround>
		</Playlist>

	</MusicPlayer>

	<ColorScheme Name="Default">
            <AMBIENT_FOGCOLOR>0x00FFFFFF</AMBIENT_FOGCOLOR>
            <AMBIENT_SKYCOLOR>0x0000000F</AMBIENT_SKYCOLOR>
            <AMBIENT_CELLCOLOR>0x0000C000</AMBIENT_CELLCOLOR>
            <CAPTION_TEXTCOLOR>0xFFFFFFFF</CAPTION_TEXTCOLOR>
            <CAPTION_BACKCOLOR>0x649CB3AA</CAPTION_BACKCOLOR>
            <DIALOG_BORDERCOLOR>0xFFFFFFFF</DIALOG_BORDERCOLOR>
            <DIALOG_BACKCOLOR>0x64345735</DIALOG_BACKCOLOR>
            <DIALOG_INNER_BORDERCOLOR>0xC8FFFFFF</DIALOG_INNER_BORDERCOLOR>
            <DIALOG_INNER_BACKCOLOR>0x5A345735</DIALOG_INNER_BACKCOLOR>
            <DIALOG_TEXTCOLOR>0xFFFFFFFF</DIALOG_TEXTCOLOR>
            <DIALOG_DISABLEDTEXT>0xFFB3B3B4</DIALOG_DISABLEDTEXT>
            <OPTION_TEXTCOLOR>0xFFFFFFFF</OPTION_TEXTCOLOR>
            <OPTION_ACTIVETEXTCOLOR>0xFF000000</OPTION_ACTIVETEXTCOLOR>
            <OPTION_ACTIVEBACKCOLOR>0x64345735</OPTION_ACTIVEBACKCOLOR>
            <BUTTON_BORDERCOLOR>0xC8000000</BUTTON_BORDERCOLOR>
            <BUTTON_TEXTCOLOR>0xFFFFFFFF</BUTTON_TEXTCOLOR>
            <BUTTON_BACKCOLOR>0xFF9CB3AA</BUTTON_BACKCOLOR>
            <BUTTON_ACTIVETEXTCOLOR>0xFFFFFFFF</BUTTON_ACTIVETEXTCOLOR>
            <BUTTON_ACTIVEBACKCOLOR>0xFF345735</BUTTON_ACTIVEBACKCOLOR>
            <KB_KEYBG_HIGHLIGHT>0x199CB3AA</KB_KEYBG_HIGHLIGHT>
            <KB_KEYBG_DISABLED>0x78FFFFFF</KB_KEYBG_DISABLED>
            <KB_KEY_PRESSED>0xFF9CB3AA</KB_KEY_PRESSED>
            <KB_KEY_NORMAL>0xFF000000</KB_KEY_NORMAL>
            <KB_KEY_DISABLED>0xFF000000</KB_KEY_DISABLED>
            <KB_KEY_ACTIVEBORDER>0xFF9CB3AA</KB_KEY_ACTIVEBORDER>
            <KB_KEY_TEXTCOLOR>0xFF000000</KB_KEY_TEXTCOLOR>
            <KB_KEY_TEXTBACKCOLOR>0xFFFFFFFF</KB_KEY_TEXTBACKCOLOR>
            <KB_KEY_TEXTBORDERCOLOR>0x789CB3AA</KB_KEY_TEXTBORDERCOLOR>
            <MENU_TEXTCOLOR>0xFF345735</MENU_TEXTCOLOR>
            <MENU_ACTIVETEXTCOLOR>0xFFFFFFFF</MENU_ACTIVETEXTCOLOR>
	    <MMActiveForeColor>0xFFFFFFFF</MMActiveForeColor>
	    <MMForeColor>0xFFFFFFFF</MMForeColor>
	    <MMOffForeColor>0xFFFFFFFF</MMOffForeColor>
	    <MMDarkBarColor>0xFFFFFFFF</MMDarkBarColor>
	    <MMLightBarColor>0xFFFFFFFF</MMLightBarColor>
	    <MMDarkBackColor>0xFF345735</MMDarkBackColor>
	    <WindowBackCOLOR>0xFF000000</WindowBackCOLOR>
	    <WindowForeCOLOR>0xFFFFFFFF</WindowForeCOLOR>
	</ColorScheme>
</Skin>























