<Skin Name="NEO RnGe">
   <Information>
   <Author>ReO</Author> 
   <Version>1</Version> 
   <Credits>Lite</Credits> 
   </Information>
   
   <Filemanager>
   <Background>filemanager.png</Background> 
   </Filemanager>


   <Main Globe="true" Orb="False">
   <Background>bg.png</Background>
   <Cellwall>Cell.png</Cellwall>
     <Menu Smooth="True" Align="Left" ShowArrows="True" ShowIcon="False" Rotate="False">
     <Font></Font> 
     <Position left="50" Top="100" Width="230" Height="275" /> 
     </Menu>
   <Image Opacity="50" Top="40" Left="1">bg1.png</Image>
   <Image Opacity="50" Top="312" Left="290" width="88" Height="88" Source="GameIcon" /> 
   <InfoFont>Arial10.xpr</InfoFont> 
   <Text Left="75" Top="58" Align="left" Color="0xffffff00" Source="$DateTime$"></Text>
   <Text Left="65" Top="400" Align="left" Color="0xffffff00" Source="DVD: $DVDType$"></Text>
   <Text Left="65" Top="420" Align="left" Color="0xffffff00" Source="IP: $IP$"></Text>
   <Text Left="65" Top="440" Align="left" Color="0xffffff00" Source="User(s): $NumClient$"></Text>
  </Main>

        <LoadingScreen>
        <BackGround>reo.png</BackGround>
        </LoadingScreen>

   <ColorScheme>
  	<AMBIENT_FOGCOLOR>0xFF000000</AMBIENT_FOGCOLOR>
	<AMBIENT_SKYCOLOR>0xFF000000</AMBIENT_SKYCOLOR>
	<AMBIENT_CELLCOLOR>0xFFFFFFFF</AMBIENT_CELLCOLOR>

	<CAPTION_TEXTCOLOR>0xFFFFFF00</CAPTION_TEXTCOLOR>
	<CAPTION_BACKCOLOR>0xFF590000</CAPTION_BACKCOLOR>

	<DIALOG_BORDERCOLOR>0x00000000</DIALOG_BORDERCOLOR>
	<DIALOG_BACKCOLOR>0xff000000</DIALOG_BACKCOLOR>
	<DIALOG_INNER_BORDERCOLOR>0x00000000</DIALOG_INNER_BORDERCOLOR>
	<DIALOG_INNER_BACKCOLOR>0xff000000</DIALOG_INNER_BACKCOLOR>
	<DIALOG_TEXTCOLOR>0xFFFFFFFF</DIALOG_TEXTCOLOR>
	<DIALOG_DISABLEDTEXT>0xff000000</DIALOG_DISABLEDTEXT>

	<OPTION_TEXTCOLOR>0xFFFFFFFF</OPTION_TEXTCOLOR>
	<OPTION_ACTIVETEXTCOLOR>0xFFFFFF00</OPTION_ACTIVETEXTCOLOR>
	<OPTION_ACTIVEBACKCOLOR>0xFF590000</OPTION_ACTIVEBACKCOLOR>

	<BUTTON_BORDERCOLOR>0x00000000</BUTTON_BORDERCOLOR>
	<BUTTON_TEXTCOLOR>0xFF590000</BUTTON_TEXTCOLOR>
	<BUTTON_BACKCOLOR>0xff000000</BUTTON_BACKCOLOR>
	<BUTTON_ACTIVETEXTCOLOR>0xFFFFFFFF</BUTTON_ACTIVETEXTCOLOR>
	<BUTTON_ACTIVEBACKCOLOR>0xFF590000</BUTTON_ACTIVEBACKCOLOR>

	<KB_KEYBG_HIGHLIGHT>0xFF590000</KB_KEYBG_HIGHLIGHT>
	<KB_KEYBG_DISABLED>0xffc0c0c0</KB_KEYBG_DISABLED>
	<KB_KEY_PRESSED>0xFF590000</KB_KEY_PRESSED>
	<KB_KEY_NORMAL>0xff000000</KB_KEY_NORMAL>
	<KB_KEY_DISABLED>0xff000000</KB_KEY_DISABLED>
	<KB_KEY_ACTIVEBORDER>0xFF590000</KB_KEY_ACTIVEBORDER>
	<KB_KEY_TEXTCOLOR>0xff000000</KB_KEY_TEXTCOLOR>
	<KB_KEY_TEXTBACKCOLOR>0xffFFFFFF</KB_KEY_TEXTBACKCOLOR>
	<KB_KEY_TEXTBORDERCOLOR>0xff0000FF</KB_KEY_TEXTBORDERCOLOR>

	<MENU_TEXTCOLOR>0xffffffff</MENU_TEXTCOLOR>
	<MENU_ACTIVETEXTCOLOR>0xff590000</MENU_ACTIVETEXTCOLOR>
	<MENU_BORDERCOLOR>0x00000000</MENU_BORDERCOLOR>
	<MENU_BACKCOLOR>0x00000000</MENU_BACKCOLOR>
	<MENU_ACTIVEBACKCOLOR></MENU_ACTIVEBACKCOLOR>
	<MENU_ACTIVEBORDERCOLOR>0x00000000</MENU_ACTIVEBORDERCOLOR>
  </ColorScheme>
</Skin>