<Skin name="Unleash NXE v2">
    <Information>
        <Author>Gangst3r</Author>
        <Version>1</Version>
        <Copyright>2010</Copyright>
        <ScreenSize Width="720" Height="480" />
    </Information>
    <IntroMovie>Intro.wmv</IntroMovie>
	<Fonts>
		<Font Name="Common10">common-font10.xpr</Font>
		<Font Name="Tahoma10">Tahoma-10.xpr</Font>
		<Font Name="Common12">common-font12.xpr</Font>
		<Font Name="Tahoma12">Tahoma-12.xpr</Font>
		<Font Name="Common14">common-font14.xpr</Font>
		<Font Name="Tahoma14">Tahoma-14.xpr</Font>
		<Font Name="Common18">common-font18.xpr</Font>
		<Font Name="Tahoma18">Tahoma-18.xpr</Font>

	</Fonts>

    <Filemanager SafeBorder="False">
        <Background>File Manager.jpg</Background>
    </Filemanager>
    <LoadingScreen ShowInfo="False">
        <Background>Loading.jpg</Background>
    </LoadingScreen>
    <Main Globe="False" Orb="False" Fog="False">
        <Background EnableAudio="False">Background NXE 480.png</Background>
        <InfoFont>Tahoma12</InfoFont>
        <Text Top="50" Left="360" Width="200" Scroll="0" Color="0xFFFFFFFF" Source="$NickName$" Align="Right" />
        <Image Top="50" Left="565" Width="45" Height="45" zIndex="3">avatar.jpg</Image>
        <Text Top="78" Left="342" Width="200" Scroll="0" zIndex="3" Color="0xFFFFFFFF" Source="3800" Align="Right" />
        <Image Top="80" Left="547" Width="15" Height="15" zIndex="3">gs.png</Image>
        <Image Top="190" Left="480" Width="80" Height="160" zIndex="4">avatar_big.png</Image>
        <Text Top="445" Left="545" Width="162" Scroll="0" Color="0xFFFFFFFF" Source="Version" Align="Left" />

        <Text Top="13" Left="545" Width="140" Scroll="0" Color="0xFFFFFFFF" Source="$Date$" Align="Left" />
        <Text Top="13" Left="410" Width="140" Scroll="0" Color="0xFFFFFFFF" Source="$Time$" Align="Left" />
        <Text Top="170" Left="260" Width="420" Scroll="0" Color="0xFFFFFFFF" Source="Newsfeed" Align="Left" />
        <Text Top="355" Left="95" Width="200" Scroll="0" Color="0xFFFFFFFF" zIndex="3" Source="$DVDTitle$" Align="Left" />

	  <Image Top="10" Left="512" Width="28" Height="30" zIndex="3">date.png</Image>  		
	  <Image Top="10" Left="380" Width="28" Height="30" zIndex="3">time.png</Image>
	  <Text Top="355" Left="55" Align="Left" Width="100" Scroll="0" Color="0xFFFFFFFF" Font="Tahoma12" ScaleX="100" ScaleY="100" zIndex="3" Source="DVD:"></Text>


        <Image Top="170" Left="50" Width="205" Height="205" Source="GameIcon" />
        <Image Source="GamePreview" />
        <Menu Align="Left" ShowIcon="False" Rotate="False" ShowArrows="False">
            <Preview EnableAudio="True" Top="170" Left="50" Width="205" Height="205" />
            <ItemPos Top="5" Left="50" Width="200"></ItemPos>
            <ItemPos Top="35" Left="50" Width="250"></ItemPos>
            <ItemPos Top="65" Left="50" Width="300"></ItemPos>
            <ItemPos Top="95" Left="50" Width="350"></ItemPos>
            <ItemPos Top="130" Left="50" Width="400"></ItemPos>
            <Font>Tahoma14</Font>
        </Menu>

	</Main>

	<MusicPlayer Top="1" Left="1" Width="640" Height="480" Relative="True">
		<BackGround>MP_Back.png</BackGround>
		<Image Left="110" Top="255" Width="100" Height="100" zIndex="2" >defaultalbumcover.png</Image>
		<Image Left="110" Top="230" Width="170" Height="150" zIndex="2" Source="AlbumArt"/>
		<Image Left="200" Top="423" Width="20" Height="20" zIndex="1" >Start-button.png</Image>
		<Image Left="132" Top="423" Width="20" Height="20" zIndex="1" >B-button.png</Image>
		<Image Left="50" Top="423" Width="20" Height="20" zIndex="1" >A-button.png</Image>
		<Image Left="275" Top="420" Width="30" Height="30" zIndex="1" >Thumb_Stick.png</Image>
		<Image Left="61" Top="366" zIndex="2" >mp_triggers.png</Image>
		
		<ButtonMap>mp_Buttons.png</ButtonMap>	
		<Element Type="Prev" Left="54" Top="102" Width="45" Height="30"/>
		<Element Type="Stop" Left="95" Top="102" Width="45" Height="30"/>
		<Element Type="Play" Left="136" Top="102" Width="45" Height="30"/>
		<Element Type="Pause" Left="177" Top="102" Width="45" Height="30"/>
		<Element Type="Next" Left="218" Top="102" Width="45" Height="30"/>
		<Element Type="Mute" Left="50" Top="140" Width="56" Height="16"/>
		<Element Type="Random" Left="145" Top=140" Width="56" Height="16"/>
		
		<Element Type="Meter" Left="70" Top="235" Width="180" Height="140" zIndex="1" Relative="True"/>
		<Element Type="Volume" Left="88" Top="370" Width="140" Height="14" Direction="right" zIndex="1" Relative="True"/>
		<Element Type="Progress" Left="65" Top="213" Width="150" Height="14" Direction="right" zIndex="1"/>


                <Text Top="40" Left="85" Align="Left" Width="400" Scroll="0" Color="0xFFFFFFFF" Font="Common18" ScaleX="100" ScaleY="100" zIndex="1" Source="Now playing"></Text>  		
		<Text Left="90" Top="142" Width="80" Height="15" Color="0xFFFFFFFF" Source="Mute" Font="Common10" Align="left" ScaleX="100" ScaleY="100" zIndex="1" />
		<Text Left="185" Top="142" Width="80" Height="15" Color="0xFFFFFFFF" Source="Random" Font="Common10" Align="left" ScaleX="100" ScaleY="100" zIndex="1" />
                <Text Top="425" Left="155" Align="Left" Width="200" Scroll="0" Color="0xFFFFFFFF" Font="Common12" ScaleX="100" ScaleY="100" zIndex="1" Source=""></Text>  		
                <Text Top="425" Left="156" Align="Left" Width="200" Scroll="0" Color="0xFFFFFFFF" Font="Common12" ScaleX="100" ScaleY="100" zIndex="1" Source="Back"></Text>  		
                <Text Top="425" Left="224" Align="Left" Width="200" Scroll="0" Color="0xFFFFFFFF" Font="Common12" ScaleX="100" ScaleY="100" zIndex="1" Source="Options"></Text>  		
                <Text Top="425" Left="74" Align="Left" Width="200" Scroll="0" Color="0xFFFFFFFF" Font="Common12" ScaleX="100" ScaleY="100" zIndex="1" Source="Select"></Text>  		
                <Text Top="427" Left="308" Align="Left" Width="200" Scroll="0" Color="0xFFFFFFFF" Font="Common12" ScaleX="100" ScaleY="100" zIndex="1" Source="Show playlist"></Text>  		
                <Text Top="230" Left="65" Align="Left" Width="200" Scroll="0" Color="0xFFFFFFFF" Font="Common12" ScaleX="100" ScaleY="100" zIndex="1" Source="Bitrate:"></Text>  

		
		<Text Left="115" Top="230" Width="100" Height="30" Color="0xFFFFFFFF" Source="SongBitRate" Font="Common12" Align="left" ScaleX="100" ScaleY="100" zIndex="3" />
		<Text Left="65" Top="174" Width="185" Height="30" Scroll="1" Color="0xFF989898" Source="SoundTrack" Font="Common10" Align="left" ScaleX="100" ScaleY="100" zIndex="1" />
		<Text Left="65" Top="192" Width="185" Height="30" Scroll="1" Color="0xFFFFFFFF" Source="SongName" Font="Common12" Align="left" ScaleX="100" ScaleY="100" zIndex="1" />
		<Text Left="255" Top="212" Height="30" Color="0xFF989898" Source="$SongTime$" Font="Common10" Align="right" ScaleX="100" ScaleY="100" zIndex="1" />

		<Playlist Top="93" Left="267" Width="350" Height="348" OffsetX="20" OffsetY="20">
			<BackGround>Playlist.png</BackGround>
		</Playlist>
		<Dialog OffsetX="10" OffsetX2="10" OffsetY="10" OffsetY2="10">
			<BackGround>MP_Dialog.png</BackGround>
		</Dialog>
	</MusicPlayer>

        <ColorScheme>
            <AMBIENT_FOGCOLOR>0x008080FF</AMBIENT_FOGCOLOR>
            <AMBIENT_SKYCOLOR>0x0000000F</AMBIENT_SKYCOLOR>
            <AMBIENT_CELLCOLOR>0x000080FF</AMBIENT_CELLCOLOR>
            <CAPTION_TEXTCOLOR>0xFFFFFFFF</CAPTION_TEXTCOLOR>
            <CAPTION_BACKCOLOR>0x630080FF</CAPTION_BACKCOLOR>
            <DIALOG_BORDERCOLOR>0x640080FF</DIALOG_BORDERCOLOR>
            <DIALOG_BACKCOLOR>0x46000000</DIALOG_BACKCOLOR>
            <DIALOG_INNER_BORDERCOLOR>0x640080FF</DIALOG_INNER_BORDERCOLOR>
            <DIALOG_INNER_BACKCOLOR>0x64000000</DIALOG_INNER_BACKCOLOR>
            <DIALOG_TEXTCOLOR>0xFFFFFFFF</DIALOG_TEXTCOLOR>
            <DIALOG_DISABLEDTEXT>0x63B3B3B4</DIALOG_DISABLEDTEXT>
            <OPTION_TEXTCOLOR>0xFFFFFFFF</OPTION_TEXTCOLOR>
            <OPTION_ACTIVETEXTCOLOR>0xFFFFFFFF</OPTION_ACTIVETEXTCOLOR>
            <OPTION_ACTIVEBACKCOLOR>0x630080FF</OPTION_ACTIVEBACKCOLOR>
            <BUTTON_BORDERCOLOR>0x96FFFFFF</BUTTON_BORDERCOLOR>
            <BUTTON_TEXTCOLOR>0xFFFFFFFF</BUTTON_TEXTCOLOR>
            <BUTTON_BACKCOLOR>0x640000A0</BUTTON_BACKCOLOR>
            <BUTTON_ACTIVETEXTCOLOR>0xFFFFFFFF</BUTTON_ACTIVETEXTCOLOR>
            <BUTTON_ACTIVEBACKCOLOR>0x640080FF</BUTTON_ACTIVEBACKCOLOR>
            <KB_KEYBG_HIGHLIGHT>0x640080FF</KB_KEYBG_HIGHLIGHT>
            <KB_KEYBG_DISABLED>0x64C0C0C0</KB_KEYBG_DISABLED>
            <KB_KEY_PRESSED>0x6480FF00</KB_KEY_PRESSED>
            <KB_KEY_NORMAL>0x64000000</KB_KEY_NORMAL>
            <KB_KEY_DISABLED>0x46FFFFFF</KB_KEY_DISABLED>
            <KB_KEY_ACTIVEBORDER>0x64808080</KB_KEY_ACTIVEBORDER>
            <KB_KEY_TEXTCOLOR>0xFF000000</KB_KEY_TEXTCOLOR>
            <KB_KEY_TEXTBACKCOLOR>0x96FFFFFF</KB_KEY_TEXTBACKCOLOR>
            <KB_KEY_TEXTBORDERCOLOR>0x961A8CFF</KB_KEY_TEXTBORDERCOLOR>
            <MENU_TEXTCOLOR>0x63FFFFFF</MENU_TEXTCOLOR>
            <MENU_ACTIVETEXTCOLOR>0xFFFFFFFF</MENU_ACTIVETEXTCOLOR>
        </ColorScheme>
    </Main>
</Skin>

