<Skin name="Ghost">
	<Information>
		<Author>Ogami</Author>
		<Copyright>Copyright 2003</Copyright>
		<Version>1.0</Version>
	</Information>
	<IntroMovie>C:\UXSkins\Ghost\intro.xmv</IntroMovie>
		<Main Globe="false" Orb="false" fog="false">
		<BackGround>gits.jpg</BackGround>
		<Image Top="95" Left="32" Width="111" Height="111" Opacity="90" Source="GameIcon" />
		<Menu Smooth="True" ShowIcon="False">
		<Position Top="100" Left="410" Width="230" Height="300" Fixed="false" FixAt="1" MaxItem="8">
		</Position>
		</Menu>
		<Text Left="39" Top="240" Align="left" Color="0xFFFFFFFF" Source="$DateTime$"></Text>
		<Text Left="39" Top="260" Align="left" Color="0xFFFFFFFF" Source="UXv$AppVersion$"></Text>
		<Text Left="39" Top="280" Align="left" Color="0xFFFFFFFF" Source="DVD: $DVDTitle$"></Text>
		<Text Left="39" Top="300" Align="left" Color="0xFFFFFFFF" Source="IP"></Text>
		<Text Left="39" Top="320" Align="left" Color="0xFFFFFFFF" Source="F_FreeMB"></Text>
		<Text Left="39" Top="340" Align="left" Color="0xFFFFFFFF" Source="MBTempC"></Text>
		<Text Left="39" Top="360" Align="left" Color="0xFFFFFFFF" Source="CPUTempC"></Text>
		<Text Left="600" Top="430" Align="right" Color="0xFFFFFFFF" Source="SoundTrack"></Text>
		<Text Left="39" Top="30" Align="left" Color="0xFFFFFFFF" Source="NickName"></Text>
	</Main>
	
	<LoadingScreen ShowInfo="false">
		<BackGround>Load.xmv</BackGround>
	</LoadingScreen>
	
	<ColorScheme >
		<AMBIENT_FOGCOLOR>0xFF000000</AMBIENT_FOGCOLOR>
		<AMBIENT_SKYCOLOR></AMBIENT_SKYCOLOR>
		<AMBIENT_CELLCOLOR>0x00FFFFFF</AMBIENT_CELLCOLOR>

		<CAPTION_TEXTCOLOR>0xFFFFFFFF</CAPTION_TEXTCOLOR>
		<CAPTION_BACKCOLOR>0xFF2E438D</CAPTION_BACKCOLOR>
		<DIALOG_BORDERCOLOR>0xFFFFFFFF</DIALOG_BORDERCOLOR>
		<DIALOG_BACKCOLOR>0xFF162043</DIALOG_BACKCOLOR>
		<DIALOG_INNER_BORDERCOLOR>0xFFFFFFFF</DIALOG_INNER_BORDERCOLOR>
		<DIALOG_INNER_BACKCOLOR>0xFF2E438D</DIALOG_INNER_BACKCOLOR>
		<DIALOG_TEXTCOLOR>0xFFFFFFFF</DIALOG_TEXTCOLOR>

		<DIALOG_DISABLEDTEXT>0xFFC0C0C0</DIALOG_DISABLEDTEXT>

		<OPTION_TEXTCOLOR>0xFFFFFFFF</OPTION_TEXTCOLOR>
		<OPTION_ACTIVETEXTCOLOR>0xFFFFFFFF</OPTION_ACTIVETEXTCOLOR>
		<OPTION_ACTIVEBACKCOLOR></OPTION_ACTIVEBACKCOLOR>

		<BUTTON_BORDERCOLOR></BUTTON_BORDERCOLOR>
		<BUTTON_TEXTCOLOR>0xFF02C90C</BUTTON_TEXTCOLOR>
		<BUTTON_BACKCOLOR>0xCD636482</BUTTON_BACKCOLOR>
		<BUTTON_ACTIVETEXTCOLOR>0xFFFFFFFF</BUTTON_ACTIVETEXTCOLOR>
		<BUTTON_ACTIVEBACKCOLOR>0xE102C90C</BUTTON_ACTIVEBACKCOLOR>	
		
		<KB_KEYBG_HIGHLIGHT>0xCC00C000</KB_KEYBG_HIGHLIGHT>
		<KB_KEYBG_DISABLED>0xffc0c0c0</KB_KEYBG_DISABLED>
		<KB_KEY_PRESSED>0xff808080</KB_KEY_PRESSED>
		<KB_KEY_NORMAL>0xff000000</KB_KEY_NORMAL>
		<KB_KEY_DISABLED>0xff808080</KB_KEY_DISABLED>
		<KB_KEY_ACTIVEBORDER>0xff008000</KB_KEY_ACTIVEBORDER>
		<KB_KEY_TEXTCOLOR>0xff000000</KB_KEY_TEXTCOLOR>
		<KB_KEY_TEXTBACKCOLOR>0xffFFFFFF</KB_KEY_TEXTBACKCOLOR>
		<KB_KEY_TEXTBORDERCOLOR>0xff0000FF</KB_KEY_TEXTBORDERCOLOR>
		
		<MENU_TEXTCOLOR>0x99FFFFFF</MENU_TEXTCOLOR>
		<MENU_ACTIVETEXTCOLOR>0xFFFFFFFF</MENU_ACTIVETEXTCOLOR>
		<MENU_BORDERCOLOR>0x00000000</MENU_BORDERCOLOR>
		<MENU_BACKCOLOR>0x00000000</MENU_BACKCOLOR>
		<MENU_ACTIVEBACKCOLOR></MENU_ACTIVEBACKCOLOR>
		<MENU_ACTIVEBORDERCOLOR></MENU_ACTIVEBORDERCOLOR>
	</ColorScheme>
	
	</Skin>