﻿<Skin name="Elisha C">
    <Information>
        <Author>Lo</Author>
        <Version>1</Version>
        <Copyright>2006</Copyright>
        <Skinner Name="UX Architect" Version="1.0c" />
    </Information>
    <Filemanager SafeBorder="False">
        <Background>explo.jpg</Background>
    </Filemanager>
    <LoadingScreen ShowInfo="False">
        <Background>Loading.jpg</Background>
    </LoadingScreen>
    <Main Globe="False" Orb="False" Fog="False">
        <Background EnableAudio="False">Dashboard.jpg</Background>
        <InfoFont>Trebuchet-10.xpr</InfoFont>
        <Text Top="429" Left="203" Width="200" Scroll="0" Color="0xFF000000" Source="E_Total" Align="Left" />
        <Text Top="404" Left="203" Width="200" Scroll="0" Color="0xFF000000" Source="C_Total" Align="Left" />
        <Text Top="451" Left="204" Width="200" Scroll="0" Color="0xFF000000" Source="F_Total" Align="Left" />
        <Text Top="90" Left="31" Width="200" Scroll="0" Color="0xFF000000" Source="SongTime" Align="Left" />
        <Text Top="70" Left="31" Width="200" Scroll="0" Color="0xFF000000" Source="SoundTrack" Align="Left" />
        <Text Top="48" Left="31" Width="200" Scroll="0" Color="0xFF000000" Source="SongName" Align="Left" />
        <Text Top="20" Left="31" Width="200" Scroll="0" Color="0xFF000000" Source="DateTime" Align="Left" />
        <Text Top="450" Left="31" Width="200" Scroll="0" Color="0xFF000000" Source="F_Free" Align="Left" />
        <Text Top="428" Left="31" Width="200" Scroll="0" Color="0xFF000000" Source="E_Free" Align="Left" />
        <Text Top="406" Left="31" Width="200" Scroll="0" Color="0xFF000000" Source="C_Free" Align="Left" />
        <Image Top="0" Left="0" Width="640" Height="480" Opacity="100">Dashboard.jpg</Image>
        <Image Top="268" Left="450" Width="138" Height="131" Source="GameIcon" />
        <Image Source="GamePreview" />
        <Menu Align="Left" ShowIcon="False" Rotate="True" ShowArrows="False">
            <Preview EnableAudio="True" Top="26" Left="332" Width="231" Height="194" />
            <ItemPos Top="188" Left="30" Width="200"></ItemPos>
            <ItemPos Top="215" Left="30" Width="200"></ItemPos>
            <ItemPos Top="243" Left="30" Width="200"></ItemPos>
            <ItemPos Top="271" Left="29" Width="200"></ItemPos>
            <ItemPos Top="300" Left="29" Width="200"></ItemPos>
            <Font>Trebuchet-10.xpr</Font>
        </Menu>
        <ColorScheme>
            <AMBIENT_FOGCOLOR>0x78FFFFFF</AMBIENT_FOGCOLOR>
            <AMBIENT_SKYCOLOR>0xFFECECFF</AMBIENT_SKYCOLOR>
            <AMBIENT_CELLCOLOR>0x780000A0</AMBIENT_CELLCOLOR>
            <CAPTION_TEXTCOLOR>0xFFEAEA47</CAPTION_TEXTCOLOR>
            <CAPTION_BACKCOLOR>0xFF4274FF</CAPTION_BACKCOLOR>
            <DIALOG_BORDERCOLOR>0xFFFFFFFF</DIALOG_BORDERCOLOR>
            <DIALOG_BACKCOLOR>0xFF273CF3</DIALOG_BACKCOLOR>
            <DIALOG_INNER_BORDERCOLOR>0xFFFFFFFF</DIALOG_INNER_BORDERCOLOR>
            <DIALOG_INNER_BACKCOLOR>0xFF09389A</DIALOG_INNER_BACKCOLOR>
            <DIALOG_TEXTCOLOR>0xFFFFFFFF</DIALOG_TEXTCOLOR>
            <DIALOG_DISABLEDTEXT>0xFFB3B3B4</DIALOG_DISABLEDTEXT>
            <OPTION_TEXTCOLOR>0xFFFFFF00</OPTION_TEXTCOLOR>
            <OPTION_ACTIVETEXTCOLOR>0xFFFFFFFF</OPTION_ACTIVETEXTCOLOR>
            <OPTION_ACTIVEBACKCOLOR>0xFF3E3EFF</OPTION_ACTIVEBACKCOLOR>
            <BUTTON_BORDERCOLOR>0xFFFFFFFF</BUTTON_BORDERCOLOR>
            <BUTTON_TEXTCOLOR>0xFFFFFFFF</BUTTON_TEXTCOLOR>
            <BUTTON_BACKCOLOR>0xFF273CF3</BUTTON_BACKCOLOR>
            <BUTTON_ACTIVETEXTCOLOR>0xFFFFFF00</BUTTON_ACTIVETEXTCOLOR>
            <BUTTON_ACTIVEBACKCOLOR>0xFF003399</BUTTON_ACTIVEBACKCOLOR>
            <KB_KEYBG_HIGHLIGHT>0xFF0000FF</KB_KEYBG_HIGHLIGHT>
            <KB_KEYBG_DISABLED>0x78C0C0C0</KB_KEYBG_DISABLED>
            <KB_KEY_PRESSED>0xFFFFFF00</KB_KEY_PRESSED>
            <KB_KEY_NORMAL>0xFF000000</KB_KEY_NORMAL>
            <KB_KEY_DISABLED>0x78FF0000</KB_KEY_DISABLED>
            <KB_KEY_ACTIVEBORDER>0xFFFFFF00</KB_KEY_ACTIVEBORDER>
            <KB_KEY_TEXTCOLOR>0xFF000000</KB_KEY_TEXTCOLOR>
            <KB_KEY_TEXTBACKCOLOR>0xFFFFFFFF</KB_KEY_TEXTBACKCOLOR>
            <KB_KEY_TEXTBORDERCOLOR>0x78FFFF00</KB_KEY_TEXTBORDERCOLOR>
            <MENU_TEXTCOLOR>0xFF000000</MENU_TEXTCOLOR>
            <MENU_ACTIVETEXTCOLOR>0xFFFFFFFF</MENU_ACTIVETEXTCOLOR>
            <MENU_ACTIVEBACKCOLOR>0xFF7D7DFF</MENU_ACTIVEBACKCOLOR>
            <MENU_ACTIVEBORDERCOLOR>0xFFFFFFFF</MENU_ACTIVEBORDERCOLOR>
        </ColorScheme>
    </Main>
</Skin>