	<Skin name="Blu Rapidz">

	<Information>
	<Author>Illizit</Author>
	<Version>1</Version>
    </Information>

    <Filemanager SafeBorder="False">
		<Background>filemanager.png</Background>
	</Filemanager>

	<LoadingScreen ShowInfo="False">
		<BackGround>loading.png</BackGround>
	</LoadingScreen>

	<Main Globe="False" Orb="False" Fog="False">
		<BackGround>back.xmv</BackGround>
		<InfoFont>Square-10.xpr</InfoFont>
		<Text Top="455" Left="162" Width="203" zIndex="3" Scroll="0" Color="0xFFFFFFFF" Source="SongName" Align="Left" />
		<Text Top="435" Left="366" Width="160" zIndex="3" Scroll="0" Color="0xFFFFFFFF" Source="Tray" Align="Right" />
		<Text Top="455" Left="366" Width="160" zIndex="3" Scroll="0" Color="0xFFFFFFFF" Source="DVDType" Align="Right" />
		<Text Top="435" Left="110" Width="255" zIndex="3" Scroll="0" Color="0xFFFFFFFF" Source="SoundTrack" Align="Left" />
		<Text Top="455" Left="110" Width="50" zIndex="3"Scroll="0" Color="0xFFFFFFFF" Source="SongTime" Align="Left" />
		<Text Top="27" Left="123" Width="200" zIndex="3" Scroll="0" Color="0xFFFFFFFF" Source="Time" Align="Left" />
		<Text Top="7" Left="123" Width="200" zIndex="3" Scroll="0" Color="0xFFFFFFFF" Source="Date" Align="Left" />
		<Text Top="27" Left="321" Width="200" zIndex="3" Scroll="0" Color="0xFFFFFFFF" Source="F_FreeMB" Align="Right" />
		<Text Top="7" Left="321" Width="200" zIndex="3" Scroll="0" Color="0xFFFFFFFF" Source="E_FreeMB" Align="Right" />

		<Image Top="0" Left="0" Width="640" Height="480" zIndex="2">overlay.png</Image>
		<Image Top="214" Left="3" Width="60" Height="60" zIndex="3" Source="GameIcon" />
		<Image Top="270" Left="69" Width="210" Height="153" Opacity="30" zIndex="2" Source="GameIcon" />
		<Image Top="40" Left="50" Width="550" Height="405" zIndex="1" Source="GamePreview" />

		<Menu Align="Left" ShowIcon="False" ShowArrows="False">
			<Preview EnableAudio="True" Top="56" Left="62" Width="515" Height="371" />
			<ItemPos Top="282" Left="73" Width="200"></ItemPos>
			<ItemPos Top="315" Left="72" Width="200"></ItemPos>
			<ItemPos Top="344" Left="69" Width="200"></ItemPos>
			<ItemPos Top="377" Left="67" Width="200"></ItemPos>
			<ItemPos Top="407" Left="65" Width="200"></ItemPos>
			<Font>Square-10.xpr</Font>
		</Menu>
	</Main>

	<MusicPlayer Top="1" Left="1" Width="640" Height="480">
		<BackGround>mp.png</BackGround>
		<Image Top="1" Left="1" Width="640" Height="480" zIndex="3">mp.png</Image>
			<Text Top="455" Left="110" Width="50" zIndex="4" Scroll="0" Color="0xFFFFFFFF" Source="SongTime" />
			<Text Top="435" Left="110" Width="255" zIndex="4" Scroll="0" Color="0xFFFFFFFF" Source="SoundTrack" />
			<Text Top="455" Left="162" Width="203" zIndex="4" Scroll="0" Color="0xFFFFFFFF" Source="SongName" />
			<Text Top="27" Left="123" Width="200" zIndex="4" Scroll="0" Color="0xFFFFFFFF" Source="Time" />
			<Text Top="7" Left="123" Width="200" zIndex="4" Scroll="0" Color="0xFFFFFFFF" Source="Date" />
			<Text Top="27" Left="321" Width="200" zIndex="4" Scroll="0" Align="Right" Color="0xFFFFFFFF" Source="F_FreeMB" />
			<Text Top="7" Left="321" Width="200" zIndex="4" Scroll="0" Align="Right" Color="0xFFFFFFFF" Source="E_FreeMB" />

		<ButtonMap>buttonmap.png</ButtonMap>
			<Element Type="Play" Top="282" Left="20" Width="300" Height="30" zIndex="1" />
			<Element Type="Stop" Top="315" Left="20" Width="300" Height="30" zIndex="1" />
			<Element Type="Pause" Top="344" Left="20" Width="300" Height="30" zIndex="1" />
			<Element Type="PrevTrack" Top="377" Left="20" Width="300" Height="30" zIndex="1" />
			<Element Type="NextTrack" Top="407" Left="20" Width="300" Height="30" zIndex="1" />
			<Element Type="Progress" Top="437" Left="282" Width="240" Height="15" zIndex="1" />
			<Element Type="Volume" Top="284" Left="502" Width="20" Height="135" Direction="Up" zIndex="1" />

		<Playlist Top="51" Left="63" Width="519" Height="225">
			<BackGround>pl.png</BackGround>
		</Playlist>
	</MusicPlayer>

		<ColorScheme>
			<AMBIENT_FOGCOLOR>0x78FFFFFF</AMBIENT_FOGCOLOR>
			<AMBIENT_SKYCOLOR>0xFF00000F</AMBIENT_SKYCOLOR>
			<AMBIENT_CELLCOLOR>0x7800C000</AMBIENT_CELLCOLOR>
			<CAPTION_TEXTCOLOR>0xFFFFFFFF</CAPTION_TEXTCOLOR>
			<CAPTION_BACKCOLOR>0xFF3F607D</CAPTION_BACKCOLOR>
			<DIALOG_BORDERCOLOR>0xFFFFFFFF</DIALOG_BORDERCOLOR>
			<DIALOG_BACKCOLOR>0xAA2B4155</DIALOG_BACKCOLOR>
			<DIALOG_INNER_BORDERCOLOR>0xFFFFFFFF</DIALOG_INNER_BORDERCOLOR>
			<DIALOG_INNER_BACKCOLOR>0xFF3F607D</DIALOG_INNER_BACKCOLOR>
			<DIALOG_TEXTCOLOR>0xFFFFFFFF</DIALOG_TEXTCOLOR>
			<DIALOG_DISABLEDTEXT>0xFFB3B3B4</DIALOG_DISABLEDTEXT>
			<OPTION_TEXTCOLOR>0xFFFFFFFF</OPTION_TEXTCOLOR>
			<OPTION_ACTIVETEXTCOLOR>0xFFFFFFFF</OPTION_ACTIVETEXTCOLOR>
			<OPTION_ACTIVEBACKCOLOR>0xFF2B4155</OPTION_ACTIVEBACKCOLOR>
			<BUTTON_BORDERCOLOR>0xFFFFFFFF</BUTTON_BORDERCOLOR>
			<BUTTON_TEXTCOLOR>0xFFFFFFFF</BUTTON_TEXTCOLOR>
			<BUTTON_BACKCOLOR>0xAA2B4155</BUTTON_BACKCOLOR>
			<BUTTON_ACTIVETEXTCOLOR>0xFFFFFFFF</BUTTON_ACTIVETEXTCOLOR>
			<BUTTON_ACTIVEBACKCOLOR>0xFF3F607D</BUTTON_ACTIVEBACKCOLOR>
			<KB_KEYBG_HIGHLIGHT>0xFF3F607D</KB_KEYBG_HIGHLIGHT>
			<KB_KEYBG_DISABLED>0x78C0C0C0</KB_KEYBG_DISABLED>
			<KB_KEY_PRESSED>0xFF2B4155</KB_KEY_PRESSED>
			<KB_KEY_NORMAL>0xFF000000</KB_KEY_NORMAL>
			<KB_KEY_DISABLED>0xFFFFFFFF</KB_KEY_DISABLED>
			<KB_KEY_ACTIVEBORDER>0xFF8BA9C5</KB_KEY_ACTIVEBORDER>
			<KB_KEY_TEXTCOLOR>0xFF000000</KB_KEY_TEXTCOLOR>
			<KB_KEY_TEXTBACKCOLOR>0xFFFFFFFF</KB_KEY_TEXTBACKCOLOR>
			<KB_KEY_TEXTBORDERCOLOR>0x780000FF</KB_KEY_TEXTBORDERCOLOR>
			<MENU_TEXTCOLOR>0xFF3F607D</MENU_TEXTCOLOR>
			<MENU_ACTIVETEXTCOLOR>0xFFFFFFFF</MENU_ACTIVETEXTCOLOR>
			<MENU_BORDERCOLOR>0xFFFFFFFF</MENU_BORDERCOLOR>
			<MENU_BACKCOLOR>0xFF000000</MENU_BACKCOLOR>
			<MENU_ACTIVEBACKCOLOR>0x00000000</MENU_ACTIVEBACKCOLOR>
			<MENU_ACTIVEBORDERCOLOR>0x00000000</MENU_ACTIVEBORDERCOLOR>
		</ColorScheme>
</Skin>