<Skin name="XBOX 360">
    <Information>
        <Author>Kracker624</Author>
        <Version>1</Version>
        <Copyright>2004</Copyright>
        <Skinner Name="UX Architect" Version="1.0c" />
    </Information>
    <IntroMovie>Intro.wmv</IntroMovie>
    <LoadingScreen ShowInfo="False">
        <Background>Loading.wmv</Background>
    </LoadingScreen>

    <Main Globe="False" Orb="False" Fog="False">
        <Background EnableAudio="False">BackGround.wmv</Background>
        <InfoFont>TimesNewRoman-14.xpr</InfoFont>
        <Image Top="281" Left="75" Width="205" Height="60" zIndex="1" Source="GameIcon" />
        <Image Top="97" Left="73" Width="48" Height="55" zIndex="1" Opacity="100">GamerTag.png</Image>
        <Image Top="-1" Left="-31" Width="719" Height="482" zIndex="3" Opacity="100">BackGround.png</Image>
        <Image Top="171" Left="299" Width="214" Height="170" zIndex="1" Opacity="100">videos.png</Image>
        <Text Top="372" Left="166" Width="323" zIndex="4" Scroll="0" Color="0xFF000000" Source="DVDTitle" Align="Left" font="Connfont1"/>
        <Text Top="71" Left="73" Width="200" zIndex="4" Scroll="0" Color="0xFF000000" Source="SkinAuthor" Align="Left" font="Connfont1"/>
	<Image zIndex="1" Source="GamePreview" />
	<Menu Align="Left" ShowIcon="False" ShowArrows="False">
	    <Preview EnableAudio="True" Top="171" Left="299" Width="214" Height="170"/>	
            <ItemPos Top="180" Left="102" Width="180"></ItemPos>
            <ItemPos Top="210" Left="102" Width="180"></ItemPos>
            <ItemPos Top="245" Left="102" Width="180"></ItemPos>
            <Font>TimesNewRoman-14.xpr</Font>
        </Menu>

</Main>
	<FileManager>
		<Background>filemanager.png</Background>
	</FileManager>

<Font>Connfont1.xpr</Font>

	<MusicPlayer Top="1" Left="1" Width="640" Height="480" zIndex="2" Relative="True">
		<BackGround>Music Player.png</BackGround>

		<Image Top="333" Left="24" width="263" Height="65" zIndex="2">Untitled-2.png</Image>
		<Image Top="329" Left="26" width="257" Height="49" zIndex="1"></Image>
		<Image Top="333" Left="24" Width="263" Height="65"" zIndex="1" Source="GameIcon" />

		<ButtonMap>mp_Buttons.png</ButtonMap>	
		<Element Type="Pause" Left="21" Top="260" Width="75" Height="45" zIndex="3" />
		<Element Type="Prev" Left="76" Top="260" Width="75" Height="45" zIndex="3" />

		<Element Type="Next" Left="121" Top="260" Width="75" Height="45" zIndex="3" />
		<Element Type="Random" Left="131" Top="249" Width="145" Height="49" zIndex="3" />
		<Element Type="Mute" Left="178" Top="272" Width="145" Height="49" zIndex="3" />

	<Text Top="29" Left="5" Align="Left"Width="200" Scroll="0" Color="0xFFFFFFFF" zIndex="3" Source="$Date$" font="Connfont1"/>
	<Text Top="29" Left="112" Align="Right"Width="200" Scroll="0" Color="0xFFFFFFFF" zIndex="3" Source="$Time$" font="Connfont1"/>		<Text Top="145" Left="50" Align="Left" Width="220" Scroll="0" Color="0xFF282828" zIndex="3" Source="C_FreeMB" font="Connfont1"/>
	<Text Top="160" Left="50" Align="Left" Width="220" Scroll="0" Color="0xFF282828" zIndex="3" Source="E_FreeMB" font="Connfont1"/>
	<Text Top="175" Left="50" Align="Left" Width="220" Scroll="0" Color="0xFF282828" zIndex="3" Source="F_FreeMB" font="Connfont1"/>
	<Text Top="98" Left="30" Align="Left" Width="246" Scroll="2" Color="0xFF282828" zIndex="4" Source="Newsfeed" font="Connfont1"/>
	<Text Top="78" Left="30" Align="Left" Width="200" Scroll="0" Color="0xFF282828" zIndex="4" Source="NewsSource" font="Connfont1"/>
	<Text Top="202" Left="50" Align="Left" Color="0xFF282828" zIndex="3" Source="IP $IP$" font="Connfont1"/>
	<Text Top="232" Left="50" Align="Left" Width="205" Scroll="0" Color="0xFF282828" zIndex="3" Source="AppVersion" font="Connfont1"/>

		<Text Left="38" Top="301" Width="233" Height="30" Color="0xFF404040" Source="SongName" Scroll="1" Font="Common10" ScaleX="100" ScaleY="120" zIndex="3" />
		<Playlist Top="1" Left="1" Width="640" Height="480" OffsetX=150" OffsetY="70">
			<BackGround>Playlist.png</BackGround>
		</Playlist>

	</MusicPlayer>

        <ColorScheme>
            <AMBIENT_FOGCOLOR>0xFF8080FF</AMBIENT_FOGCOLOR>
            <AMBIENT_SKYCOLOR>0xFF000000</AMBIENT_SKYCOLOR>
            <AMBIENT_CELLCOLOR>0xFF0080FF</AMBIENT_CELLCOLOR>
            <CAPTION_TEXTCOLOR>0xFFFFFFFF</CAPTION_TEXTCOLOR>
            <CAPTION_BACKCOLOR>0xFFFF8040</CAPTION_BACKCOLOR>
            <DIALOG_BORDERCOLOR>0xFFFF8000</DIALOG_BORDERCOLOR>
            <DIALOG_BACKCOLOR>0x3F000000</DIALOG_BACKCOLOR>
            <DIALOG_INNER_BORDERCOLOR>0xFFFF8040</DIALOG_INNER_BORDERCOLOR>
            <DIALOG_INNER_BACKCOLOR>0xFF000000</DIALOG_INNER_BACKCOLOR>
            <DIALOG_TEXTCOLOR>0xFFFFFFFF</DIALOG_TEXTCOLOR>
            <DIALOG_DISABLEDTEXT>0xFFB3B3B4</DIALOG_DISABLEDTEXT>
            <OPTION_TEXTCOLOR>0xFFFFFFFF</OPTION_TEXTCOLOR>
            <OPTION_ACTIVETEXTCOLOR>0xFFFFFFFF</OPTION_ACTIVETEXTCOLOR>
            <OPTION_ACTIVEBACKCOLOR>0xFFFF8040</OPTION_ACTIVEBACKCOLOR>
            <BUTTON_BORDERCOLOR>0xFFFFFFFF</BUTTON_BORDERCOLOR>
            <BUTTON_TEXTCOLOR>0xFFFFFFFF</BUTTON_TEXTCOLOR>
            <BUTTON_BACKCOLOR>0x4F000000</BUTTON_BACKCOLOR>
            <BUTTON_ACTIVETEXTCOLOR>0xFFFFFFFF</BUTTON_ACTIVETEXTCOLOR>
            <BUTTON_ACTIVEBACKCOLOR>0x8EFF8040</BUTTON_ACTIVEBACKCOLOR>
            <KB_KEYBG_HIGHLIGHT>0xFFFF8040</KB_KEYBG_HIGHLIGHT>
            <KB_KEYBG_DISABLED>0xFFC0C0C0</KB_KEYBG_DISABLED>
            <KB_KEY_PRESSED>0xFF008000</KB_KEY_PRESSED>
            <KB_KEY_NORMAL>0xFF000000</KB_KEY_NORMAL>
            <KB_KEY_DISABLED>0xFFFFFFFF</KB_KEY_DISABLED>
            <KB_KEY_ACTIVEBORDER>0xFF808080</KB_KEY_ACTIVEBORDER>
            <KB_KEY_TEXTCOLOR>0xFF000000</KB_KEY_TEXTCOLOR>
            <KB_KEY_TEXTBACKCOLOR>0xFFFFFFFF</KB_KEY_TEXTBACKCOLOR>
            <KB_KEY_TEXTBORDERCOLOR>0xFFFF8040</KB_KEY_TEXTBORDERCOLOR>
            <MENU_TEXTCOLOR>0xFF808080</MENU_TEXTCOLOR>
            <MENU_ACTIVETEXTCOLOR>0xFF000000</MENU_ACTIVETEXTCOLOR>
            <MENU_BORDERCOLOR>0xFF0080FF</MENU_BORDERCOLOR>
            <MENU_BACKCOLOR>0xFF000000</MENU_BACKCOLOR>
            <MENU_ACTIVEBORDERCOLOR>0xFFFFFFFF</MENU_ACTIVEBORDERCOLOR>
            <MMActiveForeColor>0xFFB6FF00</MMActiveForeColor>
	    <MMForeColor>0xFFADADAD</MMForeColor>
	    <MMOffForeColor>0xFF808080</MMOffForeColor>
	    <MMDarkBarColor>0xFF9aab01</MMDarkBarColor>
	    <MMLightBarColor>0xFFa9bc00</MMLightBarColor>
	    <MMDarkBackColor>0x99404040</MMDarkBackColor>
	    <WindowBackCOLOR>0xFF000000</WindowBackCOLOR>
	    <WindowForeCOLOR>0xFFFFFFFF</WindowForeCOLOR>
        </ColorScheme>
    </Main>
</Skin>