<Skin name="Danixbox">

	<Information>
		<Author>Danixbox</Author>
		<Copyright>Copyright 2003</Copyright>
		<Version>1</Version>
	</Information>
                <IntroMovie Enableaudio="True">intro.xmv</IntroMovie>
		<FileManager>
			<BackGround>filemanager.png</BackGround>
                </FileManager>

        <LoadingScreen ShowInfo="True">
               <Background>radamanthy.png</Background>
        </LoadingScreen>
	<Main Globe="False" Orb="False">

		<BackGround>radamanthys.png</BackGround>
 		<Menu Smooth="True" Align="Middle" ShowIcon="False">
         		<Font>Font1.xpr</Font>
	        	<Position Top="190" Left="20" Width="228" Height="140" Fixed="False" FixAt="1" MaxItem="5">
		        </Position>
		</menu>

		<GameIcon Enable="True" Opacity="100">
			<Position Top="60" Left="62" Width="163" Height="115" />
		</GameIcon>

		<InfoFont>Font1.xpr</InfoFont>

<Text Left="450" Top="85" Align="Left" Color="0xFFFFFFFF" Source="C:"></Text>
		<Text Left="472" Top="85" Align="Left" Color="0xffff55ff" Source="$C_FreeMB$"></Text>
		<Text Left="450" Top="115" Align="Left" Color="0xFFFFFFFF" Source="E:"></Text>
		<Text Left="472" Top="115" Align="Left" Color="0xFFff55ff" Source="$E_FreeMB$"></Text>
		<text Left="450" Top="145" Align="Left" Color="0xFFFFFFFF" Source="F:"></text>
		<text Left="472" Top="145" Align="Left" Color="0xFFff55ff" Source="$F_FreeMB$"></text>

		<Text Left="260" Top="85" Align="Left" Color="0xFFFFFFFF" Source="CPU:"></Text>
		<Text Left="330" Top="85" Align="Left" Color="0xFFff55ff" Source="$CPUTemp$"></Text>
		<Text Left="260" Top="115" Align="Left" Color="0xFFFFFFFF" Source="M/B:"></text>
		<Text Left="330" Top="115" Align="Left" Color="0xFFff55ff" Source="$MBTemp$"></text>
		<Text Left="260" Top="145" Align="Left" Color="0xFFFFFFFF" Source="Fan:"></Text>
		<Text Left="330" Top="145" Align="Left" Color="0xFFff55ff" Source="$FanSpeed$"></Text>
		
		<text Left="400" Top="360" Align="Left" Color="0xFFFFFFFF" Source="IP"/>
		<Text Left="400" Top="380" Align="Left" Color="0xFFFFFFFF" Source="Users - $NumClient$"></Text>
		
		<Text Left="95" Top="407" Align="Left" Color="0xFFffffff" Source="$Date$"></text>
		<text Left="195" Top="407" Align="Left" Color="0xFFffffff" Source="$Time$"></Text>

		<text Left="90" Top="360" Align="Left" Color="0xFFFFFFFF" Source="DVD:"/>
		<text Left="135" Top="360" Align="Left" Color="0xFFffffff" Source="$Tray$"/>

		<text Left="95" Top="340" Align="Left" Width="90" Scroll="2" Color="0xFFFFFFFF" Source="$NickName$"/>

	  <Text Top="410" Left="400" Width="156" Scroll="2" Color="0xFFffffff" Source="SongName" Align="Left" />
		
	</Main>

	<ColorScheme >
		<AMBIENT_FOGCOLOR>0xFF8080FF</AMBIENT_FOGCOLOR>
            <AMBIENT_SKYCOLOR>0xFF000000</AMBIENT_SKYCOLOR>
            <AMBIENT_CELLCOLOR>0xFF0080FF</AMBIENT_CELLCOLOR>
            <CAPTION_TEXTCOLOR>0xFFFFFFFF</CAPTION_TEXTCOLOR>
            <CAPTION_BACKCOLOR>0xFFff55ff</CAPTION_BACKCOLOR>
            <DIALOG_BORDERCOLOR>0xFFff55ff</DIALOG_BORDERCOLOR>
            <DIALOG_BACKCOLOR>0x3F000000</DIALOG_BACKCOLOR>
            <DIALOG_INNER_BORDERCOLOR>0xFFff55ff</DIALOG_INNER_BORDERCOLOR>
            <DIALOG_INNER_BACKCOLOR>0xFF000000</DIALOG_INNER_BACKCOLOR>
            <DIALOG_TEXTCOLOR>0xFFFFFFFF</DIALOG_TEXTCOLOR>
            <DIALOG_DISABLEDTEXT>0xFFB3B3B4</DIALOG_DISABLEDTEXT>
            <OPTION_TEXTCOLOR>0xFFFFFFFF</OPTION_TEXTCOLOR>
            <OPTION_ACTIVETEXTCOLOR>0xFFFFFFFF</OPTION_ACTIVETEXTCOLOR>
            <OPTION_ACTIVEBACKCOLOR>0xFFff55ff</OPTION_ACTIVEBACKCOLOR>
            <BUTTON_BORDERCOLOR>0xFFFFFFFF</BUTTON_BORDERCOLOR>
            <BUTTON_TEXTCOLOR>0xFFFFFFFF</BUTTON_TEXTCOLOR>
            <BUTTON_BACKCOLOR>0x4F000000</BUTTON_BACKCOLOR>
            <BUTTON_ACTIVETEXTCOLOR>0xFFFFFFFF</BUTTON_ACTIVETEXTCOLOR>
            <BUTTON_ACTIVEBACKCOLOR>0x8EE1A21E</BUTTON_ACTIVEBACKCOLOR>
            <KB_KEYBG_HIGHLIGHT>0xFFE1A21E</KB_KEYBG_HIGHLIGHT>
            <KB_KEYBG_DISABLED>0xFFC0C0C0</KB_KEYBG_DISABLED>
            <KB_KEY_PRESSED>0xFF008000</KB_KEY_PRESSED>
            <KB_KEY_NORMAL>0xFF000000</KB_KEY_NORMAL>
            <KB_KEY_DISABLED>0xFFFFFFFF</KB_KEY_DISABLED>
            <KB_KEY_ACTIVEBORDER>0xFF808080</KB_KEY_ACTIVEBORDER>
            <KB_KEY_TEXTCOLOR>0xFF000000</KB_KEY_TEXTCOLOR>
            <KB_KEY_TEXTBACKCOLOR>0xFFFFFFFF</KB_KEY_TEXTBACKCOLOR>
            <KB_KEY_TEXTBORDERCOLOR>0xFFFF8040</KB_KEY_TEXTBORDERCOLOR>
            <MENU_TEXTCOLOR>0xFFffffff</MENU_TEXTCOLOR>
            <MENU_ACTIVETEXTCOLOR>0xFFFF55FF</MENU_ACTIVETEXTCOLOR>
            MENU_ACTIVEBORDERCOLOR>0xFFE1A21E</MENU_ACTIVEBORDERCOLOR>
	</ColorScheme>

</Skin>