<Skin name="Xbox_Ftp">
	<Information>
		<Author>Suckerlove78</Author>
		<Copyright>Copyright 2004</Copyright>
	</Information>
      <IntroMovie>intro.wmv</IntroMovie>
	<Main Globe="True" Orb="False">
		<BackGround>bg.png</BackGround>
		<Cellwall>Cell.png</Cellwall>
		<Orb></Orb>
		<Icon></Icon>
		<GameIcon Enable="False" Opacity="40">
			<Position Top="134" Left="280" Width="300" Height="215" />
		</GameIcon>
		<Menu Smooth="False" Align="Left" ShowArrows="False" Rotate="False" ShowIcon="False">
		<Position left="90" Top="155" Width="224" Height="119" Fixed="False" FixAt="1" MaxItem="6">
		</Position>
            <Font>Xbox_Book_11.xpr</Font>
	</Menu>
            <InfoFont>Font_Arial_10.xpr</InfoFont>
		<Text Left="95" Top="301" Align="Left" Color="0xFF31B12E" Source="Date"></Text>
            <Text Left="110" Top="107" Align="Left" Color="0xFF31B12E" Source="Time"></Text>
            <Text Left="383" Top="139" Align="Left" Color="0xFF31B12E" Source="C_FreeMB"></Text>
            <Text Left="383" Top="167" Align="Left" Color="0xFF31B12E" Source="E_FreeMB"></Text>
            <Text Left="383" Top="195" Align="Left" Color="0xFF31B12E" Source="F_FreeMB"></Text>
            <Text Left="383" Top="223" Align="Left" Color="0xFF31B12E" Source="IP"></Text>
            <Text Left="383" Top="251" Align="Left" Color="0xFF31B12E" Source="Subnet"></Text>
	</Main>
	<LoadingScreen>
	<Background>loading.png</Background>
	</LoadingScreen>
	<ColorScheme >
			<AMBIENT_FOGCOLOR>0xFF031500</AMBIENT_FOGCOLOR>
			<AMBIENT_SKYCOLOR>0xFF000000</AMBIENT_SKYCOLOR>
			<AMBIENT_CELLCOLOR>0xFFFFFFFF</AMBIENT_CELLCOLOR>
		      <CAPTION_TEXTCOLOR>0xFF264700</CAPTION_TEXTCOLOR>
		      <CAPTION_BACKCOLOR>0xFF28590F</CAPTION_BACKCOLOR>
		      <DIALOG_BORDERCOLOR>0xFFFFFFFF</DIALOG_BORDERCOLOR>
		      <DIALOG_BACKCOLOR>0xCD93AF00</DIALOG_BACKCOLOR>
		      <DIALOG_INNER_BORDERCOLOR>0xFFFFE2B4</DIALOG_INNER_BORDERCOLOR>
		      <DIALOG_INNER_BACKCOLOR>0xE1072700</DIALOG_INNER_BACKCOLOR>
		      <DIALOG_TEXTCOLOR>0xFFFFFFFF</DIALOG_TEXTCOLOR>
		      <DIALOG_DISABLEDTEXT>0x7F195408</DIALOG_DISABLEDTEXT>
		      <OPTION_TEXTCOLOR>0xFFFFFFFF</OPTION_TEXTCOLOR>
		      <OPTION_ACTIVETEXTCOLOR>0xFF072700</OPTION_ACTIVETEXTCOLOR>
		      <OPTION_ACTIVEBACKCOLOR>0xFF8EA700</OPTION_ACTIVEBACKCOLOR>
		      <BUTTON_BORDERCOLOR>0xFF008000</BUTTON_BORDERCOLOR>
		      <BUTTON_TEXTCOLOR>0xFF77AB39</BUTTON_TEXTCOLOR>
		      <BUTTON_BACKCOLOR>0xCD93AF00</BUTTON_BACKCOLOR>
		      <BUTTON_ACTIVETEXTCOLOR>0xFFFFFFFF</BUTTON_ACTIVETEXTCOLOR>
		      <BUTTON_ACTIVEBACKCOLOR>0xE1072700</BUTTON_ACTIVEBACKCOLOR>
		      <KB_KEYBG_HIGHLIGHT>0xCC00C000</KB_KEYBG_HIGHLIGHT>
		      <KB_KEYBG_DISABLED>0xffc0c0c0</KB_KEYBG_DISABLED>
		      <KB_KEY_PRESSED>0xff808080</KB_KEY_PRESSED>
		      <KB_KEY_NORMAL>0xff000000</KB_KEY_NORMAL>
		      <KB_KEY_DISABLED>0xff808080</KB_KEY_DISABLED>
		      <KB_KEY_ACTIVEBORDER>0xffFF0000</KB_KEY_ACTIVEBORDER>
		      <KB_KEY_TEXTCOLOR>0xff000000</KB_KEY_TEXTCOLOR>
		      <KB_KEY_TEXTBACKCOLOR>0xffFFFFFF</KB_KEY_TEXTBACKCOLOR>
		      <KB_KEY_TEXTBORDERCOLOR>0xffFF0000</KB_KEY_TEXTBORDERCOLOR>
			<MENU_TEXTCOLOR>0xFF73AA00</MENU_TEXTCOLOR>
			<MENU_ACTIVETEXTCOLOR>0xFFFFFFFF</MENU_ACTIVETEXTCOLOR>
			<MENU_BORDERCOLOR>0x00000000</MENU_BORDERCOLOR>
			<MENU_BACKCOLOR>0x00000000</MENU_BACKCOLOR>
			<MENU_ACTIVEBACKCOLOR>0x00000000</MENU_ACTIVEBACKCOLOR>
			<MENU_ACTIVEBORDERCOLOR>0x00000000</MENU_ACTIVEBORDERCOLOR>

	</ColorScheme>
</Skin>