﻿<Skin name="girlx">
    <Information>
        <Author>xlordx</Author>
        <Version>1</Version>
        <Copyright>2007</Copyright>
        <Skinner Name="UX Architect" Version="1.0c" />
    </Information>
    <LoadingScreen ShowInfo="False">
        <Background>LOAD.jpg</Background>
    </LoadingScreen>
    <Main Globe="False" Orb="False" Fog="False">
        <Background EnableAudio="False">met-art_nva_46_6.jpg</Background>
        <InfoFont>Square-10.xpr</InfoFont>
        <Text Top="36" Left="16" Width="200" Scroll="0" Color="0xFFFFFF00" Source="E_Free" Align="Left" />
        <Text Top="435" Left="4" Width="200" Scroll="0" Color="0xFFFFFF00" Source="SoundTrack" Align="Left" />
        <Text Top="57" Left="16" Width="200" Scroll="0" Color="0xFFFFFF00" Source="F_Free" Align="Left" />
        <Text Top="76" Left="16" Width="200" Scroll="0" Color="0xFFFFFF00" Source="Tray" Align="Left" />
        <Text Top="15" Left="16" Width="200" Scroll="0" Color="0xFFFFFF00" Source="C_Free" Align="Left" />
        <Text Top="234" Left="44" Width="200" Scroll="0" Color="0xFFFFFF00" Source="" Align="Left" />
        <Image Source="GamePreview" />
        <Image Top="110" Left="8" Width="212" Height="66" Opacity="100">unleashx8.png</Image>
        <Menu Smooth="True" Align="Left" ShowIcon="True" ShowArrows="False">
            <Preview EnableAudio="True" Top="246" Left="522" Width="84" Height="85" />
            <ItemPos Top="194" Left="9" Width="200"></ItemPos>
            <ItemPos Top="230" Left="9" Width="200"></ItemPos>
            <ItemPos Top="263" Left="8" Width="200"></ItemPos>
            <ItemPos Top="297" Left="8" Width="200"></ItemPos>
            <ItemPos Top="335" Left="9" Width="200"></ItemPos>
            <Font>Square-10.xpr</Font>
        </Menu>
        <ColorScheme>
            <AMBIENT_FOGCOLOR>0xFFFFFFFF</AMBIENT_FOGCOLOR>
            <AMBIENT_SKYCOLOR>0xFF00000F</AMBIENT_SKYCOLOR>
            <AMBIENT_CELLCOLOR>0xFF00C000</AMBIENT_CELLCOLOR>
            <CAPTION_TEXTCOLOR>0xFFFFFFFF</CAPTION_TEXTCOLOR>
            <CAPTION_BACKCOLOR>0xFF000000</CAPTION_BACKCOLOR>
            <DIALOG_BORDERCOLOR>0xFFFFFF00</DIALOG_BORDERCOLOR>
            <DIALOG_BACKCOLOR>0xFF008040</DIALOG_BACKCOLOR>
            <DIALOG_INNER_BORDERCOLOR>0xFFFFFF00</DIALOG_INNER_BORDERCOLOR>
            <DIALOG_INNER_BACKCOLOR>0xFF000000</DIALOG_INNER_BACKCOLOR>
            <DIALOG_TEXTCOLOR>0xFFFFFFFF</DIALOG_TEXTCOLOR>
            <DIALOG_DISABLEDTEXT>0xFFB3B3B4</DIALOG_DISABLEDTEXT>
            <OPTION_TEXTCOLOR>0xFFFFFFFF</OPTION_TEXTCOLOR>
            <OPTION_ACTIVETEXTCOLOR>0xFFFFFFFF</OPTION_ACTIVETEXTCOLOR>
            <OPTION_ACTIVEBACKCOLOR>0xFF00FF00</OPTION_ACTIVEBACKCOLOR>
            <BUTTON_BORDERCOLOR>0xFFFFFFFF</BUTTON_BORDERCOLOR>
            <BUTTON_TEXTCOLOR>0xFFFFFFFF</BUTTON_TEXTCOLOR>
            <BUTTON_BACKCOLOR>0xFF008000</BUTTON_BACKCOLOR>
            <BUTTON_ACTIVETEXTCOLOR>0xFF000000</BUTTON_ACTIVETEXTCOLOR>
            <BUTTON_ACTIVEBACKCOLOR>0xFFFFFF00</BUTTON_ACTIVEBACKCOLOR>
            <KB_KEYBG_HIGHLIGHT>0xFFFFFF00</KB_KEYBG_HIGHLIGHT>
            <KB_KEYBG_DISABLED>0xFFC0C0C0</KB_KEYBG_DISABLED>
            <KB_KEY_PRESSED>0xFF008000</KB_KEY_PRESSED>
            <KB_KEY_NORMAL>0xFF000000</KB_KEY_NORMAL>
            <KB_KEY_DISABLED>0xFF808080</KB_KEY_DISABLED>
            <KB_KEY_ACTIVEBORDER>0xFFFFFF00</KB_KEY_ACTIVEBORDER>
            <KB_KEY_TEXTCOLOR>0xFF000000</KB_KEY_TEXTCOLOR>
            <KB_KEY_TEXTBACKCOLOR>0xFFFFFFFF</KB_KEY_TEXTBACKCOLOR>
            <KB_KEY_TEXTBORDERCOLOR>0xFFFFFF00</KB_KEY_TEXTBORDERCOLOR>
            <MENU_TEXTCOLOR>0xFFFFFFFF</MENU_TEXTCOLOR>
            <MENU_ACTIVETEXTCOLOR>0xFFFFFFFF</MENU_ACTIVETEXTCOLOR>
            <MENU_BORDERCOLOR>0xFFFFFF00</MENU_BORDERCOLOR>
            <MENU_BACKCOLOR>0xFF000000</MENU_BACKCOLOR>
            <MENU_ACTIVEBACKCOLOR>0xFF008000</MENU_ACTIVEBACKCOLOR>
            <MENU_ACTIVEBORDERCOLOR>0xFFFFFF00</MENU_ACTIVEBORDERCOLOR>
        </ColorScheme>
    </Main>
</Skin>