<!-- If Your Reading This, Just Ignore The Comments --!>
<!-- I was trying to figure out what is what since there was no real good documentation --!>
<!-- Thanks, XceL --!>

<Skin name="Spears Tears">
	<Information>
		<Author>XceL</Author>
		<Copyright>Copyright 2003</Copyright>
		<Version>1.0</Version>
	</Information>
	<Main Globe="False" Orb="False">
		<BackGround>Background.png</BackGround>
		<GameIcon Enable="True" Opacity="90">
			<Position Top="350" Left="283" Width="137" Height="101" />
		</GameIcon>
		<Menu Smooth="True" Align="Middle" ShowIcon="False" Rotate="False">
			<BackColor>0x000000</BackColor>
			<BorderColor Width="2">0xFFFFFFFF</BorderColor>
			<Font WidthFactor="1" HeightFactor="1"></Font>
			<Position Top="170" Left="40" Width="380" Height="140" Fixed="True" FixAt="3" MaxItem="1"></Position>
		</Menu>
		<Text Left="50" Top="60" Align="Left" Color="0xFF789CE6" Source="SoundTrack"></Text>
		<Text Left="50" Top="80" Align="Left" Color="0xFF789CE6" Source="SongName"></Text>
		<Text Left="50" Top="100" Align="Left" Color="0xFF789CE6" Source="SongTime"></Text>
		<Text Left="50" Top="350" Align="Left" Color="0xFF789CE6" Source="C_FreeMB"></Text>
		<Text Left="50" Top="370" Align="Left" Color="0xFF789CE6" Source="E_FreeMB"></Text>
		<Text Left="50" Top="390" Align="Left" Color="0xFF789CE6" Source="F_FreeMB"></Text>
		<Text Left="50" Top="410" Align="Left" Color="0xFF789CE6" Source="IP"></Text>
		<Text Left="50" Top="430" Align="Left" Color="0xFF789CE6" Source="Time"></Text>
	</Main>
	
	<ColorScheme>
		<AMBIENT_FOGCOLOR>0x00000000</AMBIENT_FOGCOLOR> <!-- ??? --!>
		<AMBIENT_SKYCOLOR>0xFF070709</AMBIENT_SKYCOLOR> <!-- Background Color --!>
		<AMBIENT_CELLCOLOR>0x00000000</AMBIENT_CELLCOLOR> <!-- Cell (Transparency) --!>

		<CAPTION_TEXTCOLOR>0x99FFFFFF</CAPTION_TEXTCOLOR> <!-- "Select Skin" --!>
		<CAPTION_BACKCOLOR>0x00FFFFFF</CAPTION_BACKCOLOR> <!-- Background of ^^ --!>
		<DIALOG_BORDERCOLOR>0x00FFFFFF</DIALOG_BORDERCOLOR> <!-- All The Way Around --!>
		<DIALOG_BACKCOLOR>0xDD789CE6</DIALOG_BACKCOLOR> <!-- Main Color --!>
		<DIALOG_INNER_BORDERCOLOR>0xDDFFFFFF</DIALOG_INNER_BORDERCOLOR> <!-- Around Inner --!>
		<DIALOG_INNER_BACKCOLOR>0xDD789CE6</DIALOG_INNER_BACKCOLOR> <!-- Secondary --!>
		<DIALOG_TEXTCOLOR>0xAA111111</DIALOG_TEXTCOLOR> <!-- Outside Bar (File Exp) --!>

		<DIALOG_DISABLEDTEXT>0x00000000</DIALOG_DISABLEDTEXT> <!-- ??? --!>
<!-- In The Settings --!>
		<OPTION_TEXTCOLOR>0xAA000000</OPTION_TEXTCOLOR> <!-- Main Text Color --!>
		<OPTION_ACTIVETEXTCOLOR>0xDD789CE6</OPTION_ACTIVETEXTCOLOR> <!-- Inside Bar --!>
		<OPTION_ACTIVEBACKCOLOR>0xDDFFFFFF</OPTION_ACTIVEBACKCOLOR> <!-- Bar Color --!>

		<BUTTON_BORDERCOLOR>0xFF004000</BUTTON_BORDERCOLOR> <!-- ??? --!>
		<BUTTON_TEXTCOLOR>0x00008000</BUTTON_TEXTCOLOR> <!-- ??? --!>
		<BUTTON_BACKCOLOR>0x00000000</BUTTON_BACKCOLOR> <!-- ??? --!>
		<BUTTON_ACTIVETEXTCOLOR>0x00000000</BUTTON_ACTIVETEXTCOLOR> <!-- ??? --!>
		<BUTTON_ACTIVEBACKCOLOR>0x00000000</BUTTON_ACTIVEBACKCOLOR> <!-- ??? --!>	
<!-- Keyboard --!>		
		<KB_KEYBG_HIGHLIGHT>0xFF789CE6</KB_KEYBG_HIGHLIGHT> <!-- Background of Selected Key --!>
		<KB_KEYBG_DISABLED>0xFF789CE6</KB_KEYBG_DISABLED> <!-- ??? --!>
		<KB_KEY_PRESSED>0x00000000</KB_KEY_PRESSED> <!-- ??? --!>
		<KB_KEY_NORMAL>0xFF789CE6</KB_KEY_NORMAL> <!-- Non-Selected --!>
		<KB_KEY_DISABLED>0x00808080</KB_KEY_DISABLED> <!-- ??? --!>
		<KB_KEY_ACTIVEBORDER>0x00FFFFFF</KB_KEY_ACTIVEBORDER> <!-- Of Pressed Key --!>
		<KB_KEY_TEXTCOLOR>0xDDFFFFFF</KB_KEY_TEXTCOLOR> <!-- Password --!>
		<KB_KEY_TEXTBACKCOLOR>0x10789CE6</KB_KEY_TEXTBACKCOLOR> <!-- PW Background --!>
		<KB_KEY_TEXTBORDERCOLOR>0x10789CE6</KB_KEY_TEXTBORDERCOLOR> <!-- PW Border --!>
		
		<MENU_TEXTCOLOR>0xCCFFFFFF</MENU_TEXTCOLOR> <!-- Outside Bar Text --!>
		<MENU_ACTIVETEXTCOLOR>0xFF789CE6</MENU_ACTIVETEXTCOLOR> <!-- Inside Bar Text --!>
		<MENU_BORDERCOLOR>0x00000000</MENU_BORDERCOLOR> <!-- Outside Bar --!>
		<MENU_BACKCOLOR>0x00000000</MENU_BACKCOLOR> <!-- Outside Bar --!>
		<MENU_ACTIVEBACKCOLOR>0x00000000</MENU_ACTIVEBACKCOLOR> <!-- Bar Back --!>
		<MENU_ACTIVEBORDERCOLOR>0xFFFFFFFF</MENU_ACTIVEBORDERCOLOR>  <!-- Bar Border --!>
	</ColorScheme>
</Skin>