﻿<Skin name="...Space in Widescreen">
    <Information>
        <Author>Love_Tropicana</Author>
        <Version>1</Version>
        <Copyright>2004</Copyright>
        <ScreenSize Width="720" Height="480" />
        <Skinner Name="UX Architect" Version="1.0c" />
    </Information>
    <IntroMovie>movie.xmv</IntroMovie>
    <LoadingScreen ShowInfo="True">
        <Background>movie.xmv</Background>
    </LoadingScreen>
    <Main Globe="False" Orb="False" Fog="False">
        <Background EnableAudio="True">movie.xmv</Background>
		<Text Left="210" Top="177" Align="Right" Color="0xFFFFFFFF" Source="Drive Info" />
		<Text Left="210" Top="197" Align="Right" Color="0x99FFFFFF" Source="C_FreeMB" />
		<Text Left="210" Top="217" Align="Right" Color="0x99FFFFFF" Source="E_FreeMB" />
		<Text Left="210" Top="237" Align="Right" Color="0x99FFFFFF" Source="F_FreeMB" />
		<Text Left="210" Top="257" Align="Right" Color="0x99FFFFFF" Source="G_FreeMB" />
		<Text Left="210" Top="281" Align="Right" Color="0xFFFFFFFF" Source="Health" />
		<Text Left="210" Top="301" Align="Right" Color="0x99FFFFFF" Source="CPUTemp" />
		<Text Left="210" Top="321" Align="Right" Color="0x99FFFFFF" Source="MBTemp" />
		<Text Left="210" Top="345" Align="Right" Color="0xFFFFFFFF" Source="Network" />
		<Text Left="210" Top="365" Align="Right" Color="0x99FFFFFF" Source="IP: $IP$" />
		<Text Left="210" Top="385" Align="Right" Color="0x99FFFFFF" Source="NumClient" />
		<Text Left="210" Top="409" Align="Right" Color="0xFFFFFFFF" Source=" Tray" />
		<Text Left="210" Top="429" Align="Right" Color="0x99FFFFFF" Source="$Tray$" />
        <Image Top="0" Left="0" Width="720" Height="480" Opacity="60">space.png</Image>
        <Image Top="80" Left="40" Width="253" Height="53" Source="GameIcon" />
        <Image Source="GamePreview" />
        <Menu Align="Left" ShowIcon="False" ShowArrows="False">
            <Preview EnableAudio="False" Top="36" Left="344" Width="189" Height="109" />
            <Position Top="177" Left="230" Width="489" Height="282" Fixed="True" FixAt="1" MaxItem="12" />
            <Font>unleash_font.xpr</Font>
        </Menu>
       <ColorScheme>
            <AMBIENT_FOGCOLOR>0xFF000000</AMBIENT_FOGCOLOR>
            <AMBIENT_SKYCOLOR>0xFF000000</AMBIENT_SKYCOLOR>
            <AMBIENT_CELLCOLOR>0xFFFFFFFF</AMBIENT_CELLCOLOR>
            <CAPTION_TEXTCOLOR>0xFFFFFFFF</CAPTION_TEXTCOLOR>
            <CAPTION_BACKCOLOR>0xFF000000</CAPTION_BACKCOLOR>
            <DIALOG_BORDERCOLOR>0xFFFFFFFF</DIALOG_BORDERCOLOR>
            <DIALOG_BACKCOLOR>0xD1008000</DIALOG_BACKCOLOR>
            <DIALOG_INNER_BORDERCOLOR>0xFFFFFFFF</DIALOG_INNER_BORDERCOLOR>
            <DIALOG_INNER_BACKCOLOR>0xFF000000</DIALOG_INNER_BACKCOLOR>
            <DIALOG_TEXTCOLOR>0xFFFFFFFF</DIALOG_TEXTCOLOR>
            <DIALOG_DISABLEDTEXT>0xFFB3B3B4</DIALOG_DISABLEDTEXT>
            <OPTION_TEXTCOLOR>0xFFFFFFFF</OPTION_TEXTCOLOR>
            <OPTION_ACTIVETEXTCOLOR>0xFFFFFFFF</OPTION_ACTIVETEXTCOLOR>
            <OPTION_ACTIVEBACKCOLOR>0xFF006400</OPTION_ACTIVEBACKCOLOR>
            <BUTTON_BORDERCOLOR>0xFFFFFFFF</BUTTON_BORDERCOLOR>
            <BUTTON_TEXTCOLOR>0xFFFFFFFF</BUTTON_TEXTCOLOR>
            <BUTTON_BACKCOLOR>0xFF60BF00</BUTTON_BACKCOLOR>
            <BUTTON_ACTIVETEXTCOLOR>0xFF000000</BUTTON_ACTIVETEXTCOLOR>
            <BUTTON_ACTIVEBACKCOLOR>0xFF499300</BUTTON_ACTIVEBACKCOLOR>
            <KB_KEYBG_HIGHLIGHT>0xFF5CB900</KB_KEYBG_HIGHLIGHT>
            <KB_KEYBG_DISABLED>0xFFC0C0C0</KB_KEYBG_DISABLED>
            <KB_KEY_PRESSED>0xFF008000</KB_KEY_PRESSED>
            <KB_KEY_NORMAL>0xFF000000</KB_KEY_NORMAL>
            <KB_KEY_DISABLED>0xFFFFFFFF</KB_KEY_DISABLED>
            <KB_KEY_ACTIVEBORDER>0xFF808080</KB_KEY_ACTIVEBORDER>
            <KB_KEY_TEXTCOLOR>0xFF000000</KB_KEY_TEXTCOLOR>
            <KB_KEY_TEXTBACKCOLOR>0xFFFFFFFF</KB_KEY_TEXTBACKCOLOR>
            <KB_KEY_TEXTBORDERCOLOR>0xFF8080FF</KB_KEY_TEXTBORDERCOLOR>
            <MENU_TEXTCOLOR>0x96FFFFFF</MENU_TEXTCOLOR>
            <MENU_ACTIVETEXTCOLOR>0xFFFFFFFF</MENU_ACTIVETEXTCOLOR>
        </ColorScheme>
    </Main>
</Skin>