﻿<Skin name="How About a Nice Glass of Shut the Fuck Up!!">
    <Information>
        <Author>Kracker624</Author>
        <Version>1</Version>
        <Copyright>2005</Copyright>
        <Skinner Name="UX Architect" Version="1.0c" />
    </Information>
    <Main Globe="False" Orb="False" Fog="False">
        <Background EnableAudio="False">1.JPG</Background>
        <InfoFont>TimesNewRoman-10.xpr</InfoFont>
        <Text Top="237" Left="354" Width="200" Scroll="0" Color="0xFF686635" Source="F_FreeMB" Align="Left" />
        <Text Top="139" Left="509" Width="200" Scroll="0" Color="0xFF686635" Source="Date" Align="Left" />
        <Text Top="119" Left="509" Width="200" Scroll="0" Color="0xFF686635" Source="Time" Align="Left" />
        <Text Top="100" Left="509" Width="200" Scroll="0" Color="0xFF686635" Source="MBTempF" Align="Left" />
        <Text Top="80" Left="509" Width="200" Scroll="0" Color="0xFF686635" Source="CPUTempF" Align="Left" />
        <Text Top="60" Left="509" Width="200" Scroll="0" Color="0xFF686635" Source="Tray" Align="Left" />
        <Text Top="196" Left="355" Width="200" Scroll="0" Color="0xFF686635" Source="IP" Align="Left" />
        <Text Top="216" Left="353" Width="200" Scroll="0" Color="0xFF686635" Source="C_FreeMB" Align="Left" />
        <Image Top="295" Left="347" Width="116" Height="84" Source="GameIcon" />
        <Image Source="GamePreview" />
        <Menu Smooth="True" Align="Left" ShowIcon="False" ShowArrows="False">
            <Preview EnableAudio="True" Top="62" Left="346" Width="162" Height="128" />
            <Position Top="293" Left="482" Width="135" Height="86" Fixed="True" FixAt="3" MaxItem="5" />
            <Font>TimesNewRoman-10.xpr</Font>
        </Menu>
        <ColorScheme>
            <AMBIENT_FOGCOLOR>0x78FFFFFF</AMBIENT_FOGCOLOR>
            <AMBIENT_SKYCOLOR>0xFF00000F</AMBIENT_SKYCOLOR>
            <AMBIENT_CELLCOLOR>0x7800C000</AMBIENT_CELLCOLOR>
            <CAPTION_TEXTCOLOR>0xFFC57C0B</CAPTION_TEXTCOLOR>
            <CAPTION_BACKCOLOR>0xFFA51D23</CAPTION_BACKCOLOR>
            <DIALOG_BORDERCOLOR>0xFFA51D23</DIALOG_BORDERCOLOR>
            <DIALOG_BACKCOLOR>0xFF686635</DIALOG_BACKCOLOR>
            <DIALOG_INNER_BORDERCOLOR>0xFFA51D23</DIALOG_INNER_BORDERCOLOR>
            <DIALOG_INNER_BACKCOLOR>0xFFEED5BB</DIALOG_INNER_BACKCOLOR>
            <DIALOG_TEXTCOLOR>0xFFC67B0B</DIALOG_TEXTCOLOR>
            <DIALOG_DISABLEDTEXT>0xFFC67B0B</DIALOG_DISABLEDTEXT>
            <OPTION_TEXTCOLOR>0xFFC67B0B</OPTION_TEXTCOLOR>
            <OPTION_ACTIVETEXTCOLOR>0xFFC67B0B</OPTION_ACTIVETEXTCOLOR>
            <OPTION_ACTIVEBACKCOLOR>0xFF686635</OPTION_ACTIVEBACKCOLOR>
            <BUTTON_BORDERCOLOR>0xFFA51D23</BUTTON_BORDERCOLOR>
            <BUTTON_TEXTCOLOR>0xFFC67B0B</BUTTON_TEXTCOLOR>
            <BUTTON_BACKCOLOR>0xFFEED5BB</BUTTON_BACKCOLOR>
            <BUTTON_ACTIVETEXTCOLOR>0xFFC67B0B</BUTTON_ACTIVETEXTCOLOR>
            <BUTTON_ACTIVEBACKCOLOR>0xFFA51D23</BUTTON_ACTIVEBACKCOLOR>
            <KB_KEYBG_HIGHLIGHT>0xFFA22026</KB_KEYBG_HIGHLIGHT>
            <KB_KEYBG_DISABLED>0x78A22026</KB_KEYBG_DISABLED>
            <KB_KEY_PRESSED>0xFF686635</KB_KEY_PRESSED>
            <KB_KEY_NORMAL>0xFFC67B0B</KB_KEY_NORMAL>
            <KB_KEY_DISABLED>0xFFFFFFFF</KB_KEY_DISABLED>
            <KB_KEY_ACTIVEBORDER>0xFFFF0000</KB_KEY_ACTIVEBORDER>
            <KB_KEY_TEXTCOLOR>0xFFC67B0B</KB_KEY_TEXTCOLOR>
            <KB_KEY_TEXTBACKCOLOR>0xFFECD5BD</KB_KEY_TEXTBACKCOLOR>
            <KB_KEY_TEXTBORDERCOLOR>0x78A22026</KB_KEY_TEXTBORDERCOLOR>
            <MENU_TEXTCOLOR>0xFFC57B0B</MENU_TEXTCOLOR>
            <MENU_ACTIVETEXTCOLOR>0xFFC57B0B</MENU_ACTIVETEXTCOLOR>
            <MENU_BORDERCOLOR>0xFFA51D23</MENU_BORDERCOLOR>
            <MENU_BACKCOLOR>0xFF686635</MENU_BACKCOLOR>
            <MENU_ACTIVEBACKCOLOR>0xFFEED5BD</MENU_ACTIVEBACKCOLOR>
            <MENU_ACTIVEBORDERCOLOR>0xFFA51D23</MENU_ACTIVEBORDERCOLOR>
        </ColorScheme>
    </Main>
</Skin>