﻿<Skin name="Nikki Cox">
    <Information>
        <Author>Kracker624</Author>
        <Version>1</Version>
        <Copyright>2004</Copyright>
        <Skinner Name="UX Architect" Version="1.0c" />
    </Information>
    <Main Orb="False" Fog="False">
        <Cellwall>army.jpg</Cellwall>
        <InfoFont>Square-10.xpr</InfoFont>
        <Image Top="27" Left="85" Width="182" Height="129" Source="GameIcon" />
        <Image Top="0" Left="183" Width="640" Height="480" Opacity="100">Nikki Cox 00.png</Image>
        <Image Source="GamePreview" />
        <Menu Smooth="True" Align="Middle" ShowIcon="False" ShowArrows="False">
            <Preview EnableAudio="True" Top="334" Left="83" Width="182" Height="129" />
            <Position Top="176" Left="1" Width="333" Height="131" Fixed="True" FixAt="2" MaxItem="4" />
            <Font>Square-12.xpr</Font>
        </Menu>
        <ColorScheme>
            <AMBIENT_FOGCOLOR>0x78FFFFFF</AMBIENT_FOGCOLOR>
            <AMBIENT_SKYCOLOR>0xFFFFFFFF</AMBIENT_SKYCOLOR>
            <AMBIENT_CELLCOLOR>0x78FFFFFF</AMBIENT_CELLCOLOR>
            <CAPTION_TEXTCOLOR>0xFFC57C0B</CAPTION_TEXTCOLOR>
            <CAPTION_BACKCOLOR>0xFFA51D23</CAPTION_BACKCOLOR>
            <DIALOG_BORDERCOLOR>0xFFA51D23</DIALOG_BORDERCOLOR>
            <DIALOG_BACKCOLOR>0xFF686635</DIALOG_BACKCOLOR>
            <DIALOG_INNER_BORDERCOLOR>0xFFA51D23</DIALOG_INNER_BORDERCOLOR>
            <DIALOG_INNER_BACKCOLOR>0xFFEED5BB</DIALOG_INNER_BACKCOLOR>
            <DIALOG_TEXTCOLOR>0xFFC67B0B</DIALOG_TEXTCOLOR>
            <DIALOG_DISABLEDTEXT>0xFFC67B0B</DIALOG_DISABLEDTEXT>
            <OPTION_TEXTCOLOR>0xFFC67B0B</OPTION_TEXTCOLOR>
            <OPTION_ACTIVETEXTCOLOR>0xFFC67B0B</OPTION_ACTIVETEXTCOLOR>
            <OPTION_ACTIVEBACKCOLOR>0xFFA51D23</OPTION_ACTIVEBACKCOLOR>
            <BUTTON_BORDERCOLOR>0xFFA51D23</BUTTON_BORDERCOLOR>
            <BUTTON_TEXTCOLOR>0xFFC67B0B</BUTTON_TEXTCOLOR>
            <BUTTON_BACKCOLOR>0xFFEED5BB</BUTTON_BACKCOLOR>
            <BUTTON_ACTIVETEXTCOLOR>0xFFC67B0B</BUTTON_ACTIVETEXTCOLOR>
            <BUTTON_ACTIVEBACKCOLOR>0xFFA51D23</BUTTON_ACTIVEBACKCOLOR>
            <KB_KEYBG_HIGHLIGHT>0xFFA22026</KB_KEYBG_HIGHLIGHT>
            <KB_KEYBG_DISABLED>0x78A22026</KB_KEYBG_DISABLED>
            <KB_KEY_PRESSED>0xFF686635</KB_KEY_PRESSED>
            <KB_KEY_NORMAL>0xFFC67B0B</KB_KEY_NORMAL>
            <KB_KEY_DISABLED>0xFFFFFFFF</KB_KEY_DISABLED>
            <KB_KEY_ACTIVEBORDER>0xFFFF0000</KB_KEY_ACTIVEBORDER>
            <KB_KEY_TEXTCOLOR>0xFFC67B0B</KB_KEY_TEXTCOLOR>
            <KB_KEY_TEXTBACKCOLOR>0xFFECD5BD</KB_KEY_TEXTBACKCOLOR>
            <KB_KEY_TEXTBORDERCOLOR>0x78A22026</KB_KEY_TEXTBORDERCOLOR>
            <MENU_TEXTCOLOR>0xFFC57B0B</MENU_TEXTCOLOR>
            <MENU_ACTIVETEXTCOLOR>0xFFC57B0B</MENU_ACTIVETEXTCOLOR>
            <MENU_BORDERCOLOR>0xFFFFFFFF</MENU_BORDERCOLOR>
            <MENU_BACKCOLOR>0xFF686635</MENU_BACKCOLOR>
            <MENU_ACTIVEBACKCOLOR>0xFFEED5BD</MENU_ACTIVEBACKCOLOR>
            <MENU_ACTIVEBORDERCOLOR>0xFFFFFFFF</MENU_ACTIVEBORDERCOLOR>
        </ColorScheme>
    </Main>
</Skin>