﻿<Skin name="Redbox">
    <Information>
        <Author>Pier-Luc</Author>
        <Version>1</Version>
        <Copyright>2005</Copyright>
        <Skinner Name="UX Architect" Version="1.0c" />
    </Information>
    <Filemanager SafeBorder="False">
        <Background>exploxbox.jpg</Background>
    </Filemanager>
    <LoadingScreen ShowInfo="False">
        <Background>Untitled-1 copy.jpg</Background>
    </LoadingScreen>
    <Main Globe="False" Orb="False" Fog="False">
        <Background EnableAudio="False">font2.jpg</Background>
        <InfoFont>Trebuchet-10.xpr</InfoFont>
        <Text Top="95" Left="416" Width="200" Scroll="0" Color="0xFFC0C0C0" Source="$E_Free$ libre" Align="Left" />
        <Text Top="60" Left="417" Width="200" Scroll="0" Color="0xFFC0C0C0" Source="$C_Free$ libre" Align="Left" />
        <Text Top="40" Left="90" Width="195" Scroll="0" Color="0xFFFFFFFF" Source="&lt;-- Duree --&gt;" Align="Middle" />
        <Text Top="26" Left="24" Width="325" Scroll="0" Color="0xFFC0C0C0" Source="SongName" Align="Middle" />
        <Text Top="11" Left="92" Width="189" Scroll="0" Color="0xFFFFFFFF" Source="&lt;-- Titre --&gt;" Align="Middle" />
        <Text Top="129" Left="416" Width="200" Scroll="0" Color="0xFFC0C0C0" Source="$F_Free$ libre" Align="Left" />
        <Text Top="445" Left="368" Width="256" Scroll="0" Color="0xFFC0C0C0" Source="Video -&gt; $VideoMode$" Align="Middle" />
        <Text Top="430" Left="368" Width="256" Scroll="0" Color="0xFFC0C0C0" Source="IP -&gt; $IP$" Align="Middle" />
        <Text Top="400" Left="368" Width="256" Scroll="0" Color="0xFFC0C0C0" Source="Surnom -&gt; $NickName$" Align="Middle" />
        <Text Top="415" Left="368" Width="256" Scroll="0" Color="0xFFC0C0C0" Source="DvD -&gt; $DVDTitle$" Align="Middle" />
        <Text Top="370" Left="368" Width="256" Scroll="0" Color="0xFFC0C0C0" Source="Heure -&gt; $Time$" Align="Middle" />
        <Text Top="385" Left="368" Width="256" Scroll="0" Color="0xFFC0C0C0" Source="Date -&gt; $Date$" Align="Middle" />
        <Text Top="54" Left="91" Width="193" Scroll="0" Color="0xFFC0C0C0" Source="$SongTime$" Align="Middle" />
        <Image Top="148" Left="27" Width="136" Height="106" Source="GameIcon" />
        <Image Source="GamePreview" />
        <Menu Align="Middle" ShowIcon="False" ShowArrows="False">
            <Preview EnableAudio="False" Top="184" Left="383" Width="232" Height="121" />
            <ItemPos Top="325" Left="30" Width="200"></ItemPos>
            <ItemPos Top="355" Left="30" Width="200"></ItemPos>
            <ItemPos Top="385" Left="30" Width="200"></ItemPos>
            <ItemPos Top="415" Left="30" Width="200"></ItemPos>
            <ItemPos Top="445" Left="30" Width="200"></ItemPos>
            <Font>Tahoma-14.xpr</Font>
        </Menu>
        <ColorScheme>
            <AMBIENT_FOGCOLOR>0x78FFFFFF</AMBIENT_FOGCOLOR>
            <AMBIENT_SKYCOLOR>0xFF00000F</AMBIENT_SKYCOLOR>
            <AMBIENT_CELLCOLOR>0x78804000</AMBIENT_CELLCOLOR>
            <CAPTION_TEXTCOLOR>0xFFFFFFFF</CAPTION_TEXTCOLOR>
            <CAPTION_BACKCOLOR>0xFFC0C0C0</CAPTION_BACKCOLOR>
            <DIALOG_BORDERCOLOR>0xFFFFFFFF</DIALOG_BORDERCOLOR>
            <DIALOG_BACKCOLOR>0xFFC0C0C0</DIALOG_BACKCOLOR>
            <DIALOG_INNER_BORDERCOLOR>0xFF800000</DIALOG_INNER_BORDERCOLOR>
            <DIALOG_INNER_BACKCOLOR>0xFF804000</DIALOG_INNER_BACKCOLOR>
            <DIALOG_TEXTCOLOR>0xFFF4E313</DIALOG_TEXTCOLOR>
            <DIALOG_DISABLEDTEXT>0xFFFFFF00</DIALOG_DISABLEDTEXT>
            <OPTION_TEXTCOLOR>0xFFFF0000</OPTION_TEXTCOLOR>
            <OPTION_ACTIVETEXTCOLOR>0xFF99361A</OPTION_ACTIVETEXTCOLOR>
            <OPTION_ACTIVEBACKCOLOR>0xFF808080</OPTION_ACTIVEBACKCOLOR>
            <BUTTON_BORDERCOLOR>0xFFFFFFFF</BUTTON_BORDERCOLOR>
            <BUTTON_TEXTCOLOR>0xFF800000</BUTTON_TEXTCOLOR>
            <BUTTON_BACKCOLOR>0xFF808080</BUTTON_BACKCOLOR>
            <BUTTON_ACTIVETEXTCOLOR>0xFFFF0000</BUTTON_ACTIVETEXTCOLOR>
            <BUTTON_ACTIVEBACKCOLOR>0xFFC0C0C0</BUTTON_ACTIVEBACKCOLOR>
            <KB_KEYBG_HIGHLIGHT>0xFFFF0000</KB_KEYBG_HIGHLIGHT>
            <KB_KEYBG_DISABLED>0x78C0C0C0</KB_KEYBG_DISABLED>
            <KB_KEY_PRESSED>0xFFFFFF00</KB_KEY_PRESSED>
            <KB_KEY_NORMAL>0xFF804000</KB_KEY_NORMAL>
            <KB_KEY_DISABLED>0xFFC0C0C0</KB_KEY_DISABLED>
            <KB_KEY_ACTIVEBORDER>0xFFFF0000</KB_KEY_ACTIVEBORDER>
            <KB_KEY_TEXTCOLOR>0xFF800000</KB_KEY_TEXTCOLOR>
            <KB_KEY_TEXTBACKCOLOR>0xFFFF8040</KB_KEY_TEXTBACKCOLOR>
            <KB_KEY_TEXTBORDERCOLOR>0x78800000</KB_KEY_TEXTBORDERCOLOR>
            <MENU_TEXTCOLOR>0xFFFFFFFF</MENU_TEXTCOLOR>
            <MENU_ACTIVETEXTCOLOR>0xFFFFFFFF</MENU_ACTIVETEXTCOLOR>
            <MENU_BORDERCOLOR>0xFFFFFFFF</MENU_BORDERCOLOR>
            <MENU_BACKCOLOR>0xFF000000</MENU_BACKCOLOR>
            <MENU_ACTIVEBACKCOLOR>0xFF0000FF</MENU_ACTIVEBACKCOLOR>
            <MENU_ACTIVEBORDERCOLOR>0xFFFFFFFF</MENU_ACTIVEBORDERCOLOR>
        </ColorScheme>
    </Main>
</Skin>