<Skin name="ABOV3theR1M v1.0">
	<Information>
		<Author>ABOV3theR1M</Author>
		<Copyright>Copyright 2003</Copyright>
		<Version>1.0</Version>
	</Information>
	<Main Globe="False" Orb="False">
		<BackGround>menu.png</BackGround>
		<GameIcon Enable="False" Opacity="100">
			<Position Top="57" Left="388" Width="211" Height="159" />
		</GameIcon>
		<Menu Smooth="False" ShowIcon="False">
		<Position Top="295" Left="51" Width="300" Height="136" Fixed="False" FixAt="1" MaxItem="4">
		</Position>
		</Menu>
		<Text Left="48" Top="68" Align="Left" Color="0xAAFFFFFF" Source="DateTime"></Text>
		<Text Left="51" Top="88" Align="Left" Color="0xAAFFFFFF" Source="SongTime"></Text>
		<Text Left="101" Top="88" Align="Left" Color="0xFFFFFFFF" Source="SongName"></Text>
		<Text Left="51" Top="108" Align="Left" Color="0xAAFFFFFF" Source="C_FreeMB"></Text>
		<Text Left="51" Top="135" Align="Left" Color="0xAAFFFFFF" Source="E_FreeMB"></Text>
		<Text Left="51" Top="155" Align="Left" Color="0xAAFFFFFF" Source="F_FreeMB"></Text>
		<Text Left="51" Top="185" Align="Left" Color="0xAAFFFFFF" Source="CPUTemp"></Text>
		<Text Left="51" Top="205" Align="Left" Color="0xAAFFFFFF" Source="MBTemp"></Text>
		<Text Left="51" Top="235" Align="Left" Color="0xAAFFFFFF" Source="IP: $IP$"></Text>
		<Text Left="51" Top="255" Align="Left" Color="0xAAFFFFFF" Source="Tray"></Text>

		<Image Top="73" Left="388" Width="211" Height="160" Source="GameIcon" />
	</Main>
	
	<ColorScheme >
		<AMBIENT_FOGCOLOR></AMBIENT_FOGCOLOR>
		<AMBIENT_SKYCOLOR></AMBIENT_SKYCOLOR>
		<AMBIENT_CELLCOLOR></AMBIENT_CELLCOLOR>

		<CAPTION_TEXTCOLOR>0xFF000000</CAPTION_TEXTCOLOR>
		<CAPTION_BACKCOLOR>0xFFC0C0C0</CAPTION_BACKCOLOR>
		<DIALOG_BORDERCOLOR>0xFF000000</DIALOG_BORDERCOLOR>
		<DIALOG_BACKCOLOR>0xFFA0A0A0</DIALOG_BACKCOLOR>
		<DIALOG_INNER_BORDERCOLOR>0xFFA0A0A0</DIALOG_INNER_BORDERCOLOR>
		<DIALOG_INNER_BACKCOLOR>0xFFA0A0A0</DIALOG_INNER_BACKCOLOR>
		<DIALOG_TEXTCOLOR>0xFF000000</DIALOG_TEXTCOLOR>

		<DIALOG_DISABLEDTEXT>0xFF202020</DIALOG_DISABLEDTEXT>

		<OPTION_TEXTCOLOR>0xFF000000</OPTION_TEXTCOLOR>
		<OPTION_ACTIVETEXTCOLOR>0xFF000000</OPTION_ACTIVETEXTCOLOR>
		<OPTION_ACTIVEBACKCOLOR>0xFFB27701</OPTION_ACTIVEBACKCOLOR>

		<BUTTON_BORDERCOLOR></BUTTON_BORDERCOLOR>
		<BUTTON_TEXTCOLOR>0xFF000000</BUTTON_TEXTCOLOR>
		<BUTTON_BACKCOLOR>0xFFA0A0A0</BUTTON_BACKCOLOR>
		<BUTTON_ACTIVETEXTCOLOR>0xFFA0A0A0</BUTTON_ACTIVETEXTCOLOR>
		<BUTTON_ACTIVEBACKCOLOR>0xFFFFFFFF</BUTTON_ACTIVEBACKCOLOR>	
		
		<KB_KEYBG_HIGHLIGHT>0xCC00C000</KB_KEYBG_HIGHLIGHT>
		<KB_KEYBG_DISABLED>0xffc0c0c0</KB_KEYBG_DISABLED>
		<KB_KEY_PRESSED>0xff808080</KB_KEY_PRESSED>
		<KB_KEY_NORMAL>0xff000000</KB_KEY_NORMAL>
		<KB_KEY_DISABLED>0xff808080</KB_KEY_DISABLED>
		<KB_KEY_ACTIVEBORDER>0xff000000</KB_KEY_ACTIVEBORDER>
		<KB_KEY_TEXTCOLOR>0xff000000</KB_KEY_TEXTCOLOR>
		<KB_KEY_TEXTBACKCOLOR>0xffFFFFFF</KB_KEY_TEXTBACKCOLOR>
		<KB_KEY_TEXTBORDERCOLOR>0xff000000</KB_KEY_TEXTBORDERCOLOR>
		
		<MENU_TEXTCOLOR>0xFFFFFFFF</MENU_TEXTCOLOR>
		<MENU_ACTIVETEXTCOLOR>0xFFD38D01</MENU_ACTIVETEXTCOLOR>
		<MENU_BORDERCOLOR></MENU_BORDERCOLOR>
		<MENU_BACKCOLOR></MENU_BACKCOLOR>
		<MENU_ACTIVEBACKCOLOR></MENU_ACTIVEBACKCOLOR>
		<MENU_ACTIVEBORDERCOLOR></MENU_ACTIVEBORDERCOLOR>
	</ColorScheme>
</Skin>