﻿<Skin name="EX">
    <Information>
        <Author>Ralph X</Author>
        <Version>1</Version>
        <Copyright>2008</Copyright>
        <Skinner Name="UX Architect" Version="1.0c" />
    </Information>
    <Main Globe="False" Orb="False" Fog="False">
        <Background EnableAudio="False">Aqua1236.jpg</Background>
        <InfoFont>Square-10.xpr</InfoFont>
        <Text Top="300" Left="369" Width="200" Scroll="0" Color="0xFF000000" Source="Newsfeed" Align="Left" />
        <Text Top="244" Left="369" Width="200" Scroll="0" Color="0xFF000000" Source="DateTime" Align="Left" />
        <Text Top="273" Left="369" Width="200" Scroll="0" Color="0xFF000000" Source="DVDTitle" Align="Left" />
        <Image Top="103" Left="31" Width="262" Height="88" Opacity="100">3.png</Image>
        <Image Top="265" Left="31" Width="270" Height="88" Opacity="100">3.png</Image>
        <Image Top="182" Left="17" Width="264" Height="92" Opacity="100">3.png</Image>
        <Image Top="355" Left="69" Width="268" Height="86" Opacity="100">3.png</Image>
        <Image Top="12" Left="57" Width="259" Height="83" Opacity="100">3.png</Image>
        <Image Top="264" Left="496" Width="121" Height="230" Opacity="100">3.png</Image>
        <Image Top="346" Left="517" Width="83" Height="52" Source="GameIcon" />
        <Image Top="6" Left="326" Width="333" Height="233" Opacity="100">31.png</Image>
        <Image Top="302" Left="372" Width="93" Height="175" Opacity="100">3.png</Image>
        <Image Source="GamePreview" />
        <Image Top="362" Left="389" Width="61" Height="46" Opacity="100">xboxicon.png</Image>
        <Menu Align="Left" ShowIcon="False" ShowArrows="False">
            <Preview EnableAudio="True" Top="47" Left="370" Width="201" Height="116" />
            <ItemPos Top="41" Left="97" Width="187"></ItemPos>
            <ItemPos Top="135" Left="69" Width="192"></ItemPos>
            <ItemPos Top="216" Left="59" Width="191"></ItemPos>
            <ItemPos Top="297" Left="70" Width="198"></ItemPos>
            <ItemPos Top="386" Left="108" Width="195"></ItemPos>
            <Font>Square-12.xpr</Font>
        </Menu>
        <ColorScheme>
            <AMBIENT_FOGCOLOR>0x00FFFFFF</AMBIENT_FOGCOLOR>
            <AMBIENT_SKYCOLOR>0x0000000F</AMBIENT_SKYCOLOR>
            <AMBIENT_CELLCOLOR>0x0000C000</AMBIENT_CELLCOLOR>
            <CAPTION_TEXTCOLOR>0xFFFF8000</CAPTION_TEXTCOLOR>
            <CAPTION_BACKCOLOR>0xFF808080</CAPTION_BACKCOLOR>
            <DIALOG_BORDERCOLOR>0xFF000000</DIALOG_BORDERCOLOR>
            <DIALOG_BACKCOLOR>0xFF808080</DIALOG_BACKCOLOR>
            <DIALOG_INNER_BORDERCOLOR>0xFF000000</DIALOG_INNER_BORDERCOLOR>
            <DIALOG_INNER_BACKCOLOR>0xFFC0C0C0</DIALOG_INNER_BACKCOLOR>
            <DIALOG_TEXTCOLOR>0xFF000000</DIALOG_TEXTCOLOR>
            <DIALOG_DISABLEDTEXT>0xFF3A3A3A</DIALOG_DISABLEDTEXT>
            <OPTION_TEXTCOLOR>0xFF000000</OPTION_TEXTCOLOR>
            <OPTION_ACTIVETEXTCOLOR>0xFF000000</OPTION_ACTIVETEXTCOLOR>
            <OPTION_ACTIVEBACKCOLOR>0x00273CF3</OPTION_ACTIVEBACKCOLOR>
            <BUTTON_BORDERCOLOR>0xC8000000</BUTTON_BORDERCOLOR>
            <BUTTON_TEXTCOLOR>0xFFFFFFFF</BUTTON_TEXTCOLOR>
            <BUTTON_BACKCOLOR>0xFF373737</BUTTON_BACKCOLOR>
            <BUTTON_ACTIVETEXTCOLOR>0xFF000000</BUTTON_ACTIVETEXTCOLOR>
            <BUTTON_ACTIVEBACKCOLOR>0xFFD96C00</BUTTON_ACTIVEBACKCOLOR>
            <KB_KEYBG_HIGHLIGHT>0xC8FF8000</KB_KEYBG_HIGHLIGHT>
            <KB_KEYBG_DISABLED>0x78C0C0C0</KB_KEYBG_DISABLED>
            <KB_KEY_PRESSED>0xFF008000</KB_KEY_PRESSED>
            <KB_KEY_NORMAL>0xFF000000</KB_KEY_NORMAL>
            <KB_KEY_DISABLED>0x78808080</KB_KEY_DISABLED>
            <KB_KEY_ACTIVEBORDER>0xFFFF0000</KB_KEY_ACTIVEBORDER>
            <KB_KEY_TEXTCOLOR>0xFF000000</KB_KEY_TEXTCOLOR>
            <KB_KEY_TEXTBACKCOLOR>0xFFFFFFFF</KB_KEY_TEXTBACKCOLOR>
            <KB_KEY_TEXTBORDERCOLOR>0x780000FF</KB_KEY_TEXTBORDERCOLOR>
            <MENU_TEXTCOLOR>0x50000000</MENU_TEXTCOLOR>
            <MENU_ACTIVETEXTCOLOR>0xFF000000</MENU_ACTIVETEXTCOLOR>
        </ColorScheme>
    </Main>
</Skin>