﻿<Skin name="Cowboys">
    <Information>
        <Author>Jake</Author>
        <Version>1</Version>
        <Copyright>2005</Copyright>
        <Skinner Name="UX Architect" Version="1.0c" />
    </Information>
    <Filemanager DrawBorder="True">
        <Background>poster1.jpg</Background>
    </Filemanager>
    <LoadingScreen ShowInfo="True">
        <Background>johnson1_120604_120.jpg</Background>
    </LoadingScreen>
    <Main Globe="False" Orb="False" Fog="False">
        <Background EnableAudio="False">gamephoto1_120604_200.jpg</Background>
        <InfoFont>1979-10.xpr</InfoFont>
        <Text Top="30" Left="464" Width="141" Scroll="2" Color="0xFFFFFFFF" Source="$G_Free$" Align="Left" />
        <Text Top="70" Left="460" Width="152" Scroll="2" Color="0xFFFFFFFF" Source="$C_Free$" Align="Left" />
        <Text Top="97" Left="460" Width="153" Scroll="2" Color="0xFFFFFFFF" Source="$E_Free$" Align="Left" />
        <Text Top="125" Left="459" Width="158" Scroll="2" Color="0xFFFFFFFF" Source="$F_Free$" Align="Left" />
        <Text Top="39" Left="662" Width="145" Scroll="2" Color="0xFFFFFFFF" Source="$C_Free$" Align="Right" />
        <Text Top="50" Left="680" Width="142" Scroll="2" Color="0xFFFFFFFF" Source="$E_Free$" Align="Middle" />
        <Text Top="108" Left="843" Width="200" Scroll="2" Color="0xFFFFFFFF" Source="$F_Free$" Align="Middle" />
        <Text Top="232" Left="-224" Width="200" Scroll="2" Color="0xFFFFFFFF" Source="$E_Free$" Align="Right" />
        <Text Top="77" Left="299" Width="88" Scroll="2" Color="0xFFFFFFFF" Source="$SongTime$" Align="Right" />
        <Text Top="56" Left="297" Width="90" Scroll="2" Color="0xFFFFFFFF" Source="$SoundTrack$" Align="Right" />
        <Text Top="36" Left="299" Width="86" Scroll="2" Color="0xFFFFFFFF" Source="$SongName$" Align="Right" />
        <Text Top="30" Left="35" Width="158" Scroll="2" Color="0xFFFFFFFF" Source="$DVDTitle$" Align="Right" />
        <Text Top="23" Left="383" Width="200" Scroll="2" Color="0xFFFFFFFF" Source="$C_Free$" Align="Right" />
        <Text Top="46" Left="696" Width="200" Scroll="2" Color="0xFFFFFFFF" Source="$C_Free$" Align="Left" />
        <Text Top="86" Left="385" Width="200" Scroll="2" Color="0xFFFFFFFF" Source="$G_Free$" Align="Right" />
        <Text Top="45" Left="517" Width="200" Scroll="2" Color="0xFFFFFFFF" Source="$E_Free$" Align="Left" />
        <Text Top="65" Left="382" Width="200" Scroll="2" Color="0xFFFFFFFF" Source="$F_Free$" Align="Right" />
        <Text Top="67" Left="268" Width="200" Scroll="2" Color="0xFFFFFFFF" Source="$SoundTrack$" Align="Left" />
        <Text Top="43" Left="269" Width="200" Scroll="2" Color="0xFFFFFFFF" Source="$SongTime$" Align="Left" />
        <Text Top="23" Left="268" Width="147" Scroll="2" Color="0xFFFFFFFF" Source="$SongName$" Align="Left" />
        <Text Top="23" Left="131" Width="200" Scroll="2" Color="0xFFFFFFFF" Source="$DateTime$" Align="Left" />
        <Text Top="23" Left="17" Width="96" Scroll="0" Color="0xFFFFFFFF" Source="$DVDTitle$" Align="Left" />
        <Text Top="206" Left="-264" Width="200" Scroll="0" Color="0xFFFFFFFF" Source="$DVDTitle$" Align="Right" />
        <Text Top="250" Left="-218" Width="200" Scroll="0" Color="0xFFFFFFFF" Source="$DVDTitle$" Align="Left" />
        <Text Top="273" Left="-227" Width="200" Scroll="0" Color="0xFFFFFFFF" Source="$DVDTitle$" Align="Right" />
        <Text Top="227" Left="-205" Width="200" Scroll="0" Color="0xFFFFFFFF" Source="$DVDTitle$" Align="Right" />
        <Text Top="-48" Left="-199" Width="200" Scroll="0" Color="0xFFFFFFFF" Source="$DVDTitle$" Align="Right" />
        <Image Top="160" Left="136" Width="289" Height="289" Opacity="100">Display.png</Image>
        <Image Top="4" Left="13" Width="219" Height="68" Opacity="100">Cool 3.png</Image>
        <Image Top="3" Left="446" Width="178" Height="165" Opacity="100">Cool 2.png</Image>
        <Image Top="-223" Left="211" Width="228" Height="147" Opacity="100">Frame.png</Image>
        <Image Top="1" Left="251" Width="186" Height="117" Opacity="100">Square 2.png</Image>
        <Menu Align="Left" ShowIcon="True" ShowArrows="False">
            <ItemPos Top="204" Left="177" Width="200"></ItemPos>
            <ItemPos Top="244" Left="197" Width="200"></ItemPos>
            <ItemPos Top="284" Left="217" Width="200"></ItemPos>
            <ItemPos Top="324" Left="197" Width="200"></ItemPos>
            <ItemPos Top="364" Left="177" Width="200"></ItemPos>
            <Font>1979-14.xpr</Font>
        </Menu>
        <ColorScheme>
            <AMBIENT_FOGCOLOR>0x00FFFFFF</AMBIENT_FOGCOLOR>
            <AMBIENT_SKYCOLOR>0x0000000F</AMBIENT_SKYCOLOR>
            <AMBIENT_CELLCOLOR>0x0000C000</AMBIENT_CELLCOLOR>
            <CAPTION_TEXTCOLOR>0xFFFF8000</CAPTION_TEXTCOLOR>
            <CAPTION_BACKCOLOR>0xFF808080</CAPTION_BACKCOLOR>
            <DIALOG_BORDERCOLOR>0xFF000000</DIALOG_BORDERCOLOR>
            <DIALOG_BACKCOLOR>0xFF808080</DIALOG_BACKCOLOR>
            <DIALOG_INNER_BORDERCOLOR>0xFF000000</DIALOG_INNER_BORDERCOLOR>
            <DIALOG_INNER_BACKCOLOR>0xFFC0C0C0</DIALOG_INNER_BACKCOLOR>
            <DIALOG_TEXTCOLOR>0xFF000000</DIALOG_TEXTCOLOR>
            <DIALOG_DISABLEDTEXT>0xFF3A3A3A</DIALOG_DISABLEDTEXT>
            <OPTION_TEXTCOLOR>0xFF000000</OPTION_TEXTCOLOR>
            <OPTION_ACTIVETEXTCOLOR>0xFF000000</OPTION_ACTIVETEXTCOLOR>
            <OPTION_ACTIVEBACKCOLOR>0x00273CF3</OPTION_ACTIVEBACKCOLOR>
            <BUTTON_BORDERCOLOR>0xC8000000</BUTTON_BORDERCOLOR>
            <BUTTON_TEXTCOLOR>0xFFFFFFFF</BUTTON_TEXTCOLOR>
            <BUTTON_BACKCOLOR>0xFF373737</BUTTON_BACKCOLOR>
            <BUTTON_ACTIVETEXTCOLOR>0xFF000000</BUTTON_ACTIVETEXTCOLOR>
            <BUTTON_ACTIVEBACKCOLOR>0xFFD96C00</BUTTON_ACTIVEBACKCOLOR>
            <KB_KEYBG_HIGHLIGHT>0xC8FF8000</KB_KEYBG_HIGHLIGHT>
            <KB_KEYBG_DISABLED>0x78C0C0C0</KB_KEYBG_DISABLED>
            <KB_KEY_PRESSED>0xFF008000</KB_KEY_PRESSED>
            <KB_KEY_NORMAL>0xFF000000</KB_KEY_NORMAL>
            <KB_KEY_DISABLED>0x78808080</KB_KEY_DISABLED>
            <KB_KEY_ACTIVEBORDER>0xFFFF0000</KB_KEY_ACTIVEBORDER>
            <KB_KEY_TEXTCOLOR>0xFF000000</KB_KEY_TEXTCOLOR>
            <KB_KEY_TEXTBACKCOLOR>0xFFFFFFFF</KB_KEY_TEXTBACKCOLOR>
            <KB_KEY_TEXTBORDERCOLOR>0x780000FF</KB_KEY_TEXTBORDERCOLOR>
            <MENU_TEXTCOLOR>0x50000000</MENU_TEXTCOLOR>
            <MENU_ACTIVETEXTCOLOR>0xFF000000</MENU_ACTIVETEXTCOLOR>
        </ColorScheme>
    </Main>
</Skin>