<Skin Name="AvaUnleashed">
<Information>
<Author>Koos K.</Author>
<Copyright>2005 Skinned by Sketchy Skinner</Copyright>
<Version>200</Version>
</Information>
<Main globe="False" Orb="False">
<InfoFont>info.xpr</InfoFont>
<Background EnableAudio="True">bg.png</background>
<Menu smooth="False" ShowArrows="True" ShowIcon="False" Rotate="False">
<Position left="68" Top="138" Width="235" Height="295" />
<Preview EnableAudio="False" left="85" Top="164" Width="189" Height="265" />
<Font>menu.xpr</Font>
</Menu>
<Text Left="446" Top="423" Align="Left" Color="0xFFFFFFFF" Source="IP"></Text>
<Text Left="401" Top="349" Align="Left" Color="0xFFFFFFFF" Source="NewsFeed"></Text>
<Text Left="18" Top="423" Align="Left" Color="0xFFFFFFFF" Source="Tray"></Text>
<Image Top="164" Left="451" width="120" Height="159" Source="GameIcon"/>
<Image Source="GamePreview"/>
</Main>
<FileManager>
<Background>fmbg.png</Background>
</FileManager>
<LoadingScreen ShowInfo="True">
<Backgroung>load.png</Background>
</LoadingScreen>
<ColorScheme>
<MENU_TEXTCOLOR>0xFFFFFFFF</MENU_TEXTCOLOR>
<MENU_ACTIVETEXTCOLOR>0xFFFF8000</MENU_ACTIVETEXTCOLOR>
</ColorSceme>
</Skin>
