﻿<Skin name="epic gray">
    <Information>
        <Author>vvill</Author>
        <Version>0</Version>
        <Copyright>0</Copyright>
        <Skinner Name="UX Architect" Version="1.0c" />
    </Information>
    <Filemanager SafeBorder="False">
        <Background>blank.jpg</Background>
    </Filemanager>
    <LoadingScreen ShowInfo="True">
        <Background>blank.jpg</Background>
    </LoadingScreen>
    <Main Globe="False" Orb="False" Fog="False">
        <Background EnableAudio="False">epic.jpg</Background>
        <InfoFont>Trebuchet-10.xpr</InfoFont>
        <Text Top="420" Left="103" Width="200" Scroll="0" Color="0xFFE3E3E3" Source="IP" Align="Left" />
        <Text Top="420" Left="333" Width="200" Scroll="0" Color="0xFFE3E3E3" Source="F_FreeMB" Align="Right" />
        <Image Top="73" Left="192" Width="254" Height="55" Source="GameIcon" />
        <Menu Align="Middle" ShowIcon="False" ShowArrows="False">
            <Position Top="172" Left="106" Width="427" Height="237" Fixed="True" FixAt="1" MaxItem="10" />
            <Font>Trebuchet-10.xpr</Font>
        </Menu>
        <ColorScheme>
            <AMBIENT_FOGCOLOR>0x00FFFFFF</AMBIENT_FOGCOLOR>
            <AMBIENT_SKYCOLOR>0x0000000F</AMBIENT_SKYCOLOR>
            <AMBIENT_CELLCOLOR>0x00C0C0C0</AMBIENT_CELLCOLOR>
            <CAPTION_TEXTCOLOR>0xFF9F9F9F</CAPTION_TEXTCOLOR>
            <CAPTION_BACKCOLOR>0xFFE3E3E3</CAPTION_BACKCOLOR>
            <DIALOG_BORDERCOLOR>0xFF9F9F9F</DIALOG_BORDERCOLOR>
            <DIALOG_BACKCOLOR>0xFFE3E3E3</DIALOG_BACKCOLOR>
            <DIALOG_INNER_BORDERCOLOR>0xFF9F9F9F</DIALOG_INNER_BORDERCOLOR>
            <DIALOG_INNER_BACKCOLOR>0xFFE6E6E6</DIALOG_INNER_BACKCOLOR>
            <DIALOG_TEXTCOLOR>0xFF9F9F9F</DIALOG_TEXTCOLOR>
            <DIALOG_DISABLEDTEXT>0x789F9F9F</DIALOG_DISABLEDTEXT>
            <OPTION_TEXTCOLOR>0xFF9F9F9F</OPTION_TEXTCOLOR>
            <OPTION_ACTIVETEXTCOLOR>0xFFE3E3E3</OPTION_ACTIVETEXTCOLOR>
            <OPTION_ACTIVEBACKCOLOR>0xFF9F9F9F</OPTION_ACTIVEBACKCOLOR>
            <BUTTON_BORDERCOLOR>0xFF9F9F9F</BUTTON_BORDERCOLOR>
            <BUTTON_TEXTCOLOR>0xFFFFFFFF</BUTTON_TEXTCOLOR>
            <BUTTON_BACKCOLOR>0xFF9F9F9F</BUTTON_BACKCOLOR>
            <BUTTON_ACTIVETEXTCOLOR>0xFF9F9F9F</BUTTON_ACTIVETEXTCOLOR>
            <BUTTON_ACTIVEBACKCOLOR>0xFFE6E6E6</BUTTON_ACTIVEBACKCOLOR>
            <KB_KEYBG_HIGHLIGHT>0xFF9F9F9F</KB_KEYBG_HIGHLIGHT>
            <KB_KEYBG_DISABLED>0x78E3E3E3</KB_KEYBG_DISABLED>
            <KB_KEY_PRESSED>0xFFC0C0C0</KB_KEY_PRESSED>
            <KB_KEY_NORMAL>0xFF000000</KB_KEY_NORMAL>
            <KB_KEY_DISABLED>0x47E3E3E3</KB_KEY_DISABLED>
            <KB_KEY_ACTIVEBORDER>0xFF9F9F9F</KB_KEY_ACTIVEBORDER>
            <KB_KEY_TEXTCOLOR>0xFF9F9F9F</KB_KEY_TEXTCOLOR>
            <KB_KEY_TEXTBACKCOLOR>0xFFE3E3E3</KB_KEY_TEXTBACKCOLOR>
            <KB_KEY_TEXTBORDERCOLOR>0x78E3E3E3</KB_KEY_TEXTBORDERCOLOR>
            <MENU_TEXTCOLOR>0xFF6E6E6E</MENU_TEXTCOLOR>
            <MENU_ACTIVETEXTCOLOR>0xFF6E6E6E</MENU_ACTIVETEXTCOLOR>
            <MENU_BACKCOLOR>0xFFE3E3E3</MENU_BACKCOLOR>
            <MENU_ACTIVEBACKCOLOR>0x0AE3E3E3</MENU_ACTIVEBACKCOLOR>
        </ColorScheme>
    </Main>
</Skin>