﻿<Skin name="Blue Waves">
    <Information>
        <Author>XBNormUK</Author>
        <Version>1</Version>
        <Copyright>2006</Copyright>
     
    </Information>
    <Filemanager>
        <Background>filemanager.png</Background>
    </Filemanager>
    <LoadingScreen ShowInfo="False">
        <Background>loading.png</Background>
    </LoadingScreen>
    <Main Globe="False" Orb="False" Fog="False">
        <Background EnableAudio="False">background.png</Background>
        <InfoFont>Arial_8.xpr</InfoFont>
        <Text Top="458" Left="20" Width="200" Scroll="0" Color="0xFF000080" Source="$AppVersion$" Align="Left" />
        <Text Top="213" Left="460" Width="120" Scroll="1" Color="0xFF000080" Source="$Date$" Align="Left" zIndex="4" />
        <Text Top="201" Left="460" Width="90" Scroll="1" Color="0xFF000080" Source="$Time$" Align="Left" zIndex="4" />
        <Text Top="213" Left="557" Width="90" Scroll="1" Color="0xFF000080" Source="CPUTempC" Align="Left" zIndex="4" />
        <Text Top="201" Left="557" Width="80" Scroll="1" Color="0xFF000080" Source="MBTempC" Align="Left" zIndex="4" />
        <Text Top="418" Left="205" Width="190" Scroll="1" Color="0xFF000080" Source="Audio Now Playing..." Align="Left" />
	<Text Top="430" Left="205" Width="190" Scroll="1" Color="0xFF000080" Source="$SongName$" Align="Left" />
        <Text Top="442" Left="205" Width="190" Scroll="1" Color="0xFF000080" Source="$SoundTrack$" Align="Left" />
        <Text Top="454" Left="205" Width="190" Scroll="1" Color="0xFF000080" Source="$SongTime$" Align="Left" />
        <Text Top="292" Left="470" Width="150" Scroll="1" Color="0xFF000080" Source="$Tray$" Align="Left" zIndex="4" />
        <Text Top="315" Left="461" Width="150" Scroll="1" Color="0xFF000080" Source="IP" Align="Left" zIndex="4" />
        <Text Top="327" Left="457" Width="150" Scroll="1" Color="0xFF000080" Source="Subnet" Align="Left" zIndex="4" />
        <Text Top="423" Left="433" Width="190" Scroll="1" Color="0xFF000080" Source="Latest Headlines..." Align="Left" />
	<Text Top="447" Left="433" Width="200" Scroll="1" Color="0xFF000080" Source="$Newsfeed$" Align="Left" />
        <Text Top="435" Left="433" Width="200" Scroll="1" Color="0xFF000080" Source="$NewsSource$" Align="Left" />
        <Text Top="350" Left="478" Width="150" Scroll="1" Color="0xFF000080" Source="Version" Align="Left" zIndex="4" />
        <Text Top="260" Left="450" Width="200" Scroll="1" Color="0xFF000080" Source="F_FreeMB" Align="Left" zIndex="4" />
        <Text Top="248" Left="450" Width="200" Scroll="1" Color="0xFF000080" Source="E_FreeMB" Align="Left" zIndex="4" />
        <Text Top="236" Left="450" Width="178" Scroll="1" Color="0xFF000080" Source="C_FreeMB" Align="Left" zIndex="4" />
        <Text Top="280" Left="470" Width="153" Scroll="1" Color="0xFF000080" Source="$DVDTitle$" Align="Left" zIndex="4" />
        <Text Top="25" Left="15" Width="119" Scroll="0" Color="0xFF000080" Source="$NickName$" Align="Left" />
	<Image Top="1" Left="1" Width="640" Height="480" zINdex="3" Source="mainoverlay.png" />
	<Image Top="50" Left="28" Width="70" Height="70" Source="GameIcon" />
        <Image Source="GamePreview" />
        <Menu Scroll="True" Smooth="True" Align="Left" ShowIcon="False">
            <Preview EnableAudio="True" Top="35" Left="432" Width="205" Height="145" zIndex="5" />
            <Position Top="45" Left="154" Width="230" Height="346" Fixed="False" FixAt="2" MaxItem="4" />
            <Font>Arial_16.xpr</Font>
        </Menu>
 </Main> 
<MusicPlayer Top="1" Left="1" Width="640" Height="480" Relative="True">
		<BackGround>audio.png</BackGround>
		<Playlist Top="15" Left="155" Width="340" Height="190" OffsetX="10" OffsetY="10" zIndex="3" >
			<BackGround>Playlist.png</BackGround>
		</Playlist>
		<ButtonMap>mp_buttons.png</ButtonMap>	
		<Element Type="Prev" Left="158" Top="270" Width="70" Height="50" zIndex="4" />
		<Element Type="Play" Left="173" Top="241" Width="70" Height="50" zIndex="4" />
		<Element Type="Pause" Left="213" Top="230" Width="70" Height="50" zIndex="4" />
		<Element Type="Stop" Left="257" Top="242" Width="70" Height="50" zIndex="4" />
		<Element Type="Next" Left="274" Top="274" Width="70" Height="50" zIndex="4" />
		<Element Type="NextTrack" Left="265" Top="305" Width="70" Height="50" zIndex="4"/>
		<Element Type="Mute" Left="235" Top="344" Width="70" Height="25" zIndex="4" />
		<Element Type="Random" Left="195" Top="342" Width="70" Height="25" zIndex="4" />
		<Element Type="PrevTrack" Left="164" Top="306" Width="70" Height="50" zIndex="4"/>
		<Element Type="Volume" Left="430" Top="272" Width="140" Height="30" Direction="right" zIndex="3"/>
		<Element Type="Progress" Left="430" Top="300" Width="136" Height="10" Direction="right" zIndex="4"/>
		<Element Type="Meter" Left="522" Top="50" Width="250" Height="200" zIndex="2"/>
		<Text Left="348" Top="313" Width="100" Height="30" Color="0xFF000080" Source="Audio Bit Rate" Font="Common10" Align="left" ScaleX="100" ScaleY="100" zIndex="4" />
		<Text Left="430" Top="313" Width="100" Height="30" Color="0xFF000080" Source="SongBitRate" Font="Common10" Align="left" ScaleX="100" ScaleY="100" zIndex="4" />
		<Text Left="345" Top="326" Width="100" Height="30" Color="0xFF000080" Source="Audio Channel" Font="Common10" Align="left" ScaleX="100" ScaleY="100" zIndex="4" />
		<Text Left="430" Top="326" Width="100" Height="30" Color="0xFF000080" Source="SongChannel" Font="Common10" Align="left" ScaleX="100" ScaleY="100" zIndex="4" />
		<Text Top="290" Left="405" Width="190" Scroll="1" Color="0xFF000080" Source="Vol" Align="Left" zIndex="4" />
	 	<Text Top="300" Left="375" Width="190" Scroll="1" Color="0xFF000080" Source="Progress" Align="Left" zIndex="4" />
		<Text Top="418" Left="205" Width="190" Scroll="1" Color="0xFF000080" Source="Audio Now Playing..." Align="Left" zIndex="4" />
		<Text Top="430" Left="205" Width="190" Scroll="1" Color="0xFF000080" Source="$SongName$" Align="Left" zIndex="4" />
        	<Text Top="442" Left="205" Width="190" Scroll="1" Color="0xFF000080" Source="$SoundTrack$" Align="Left" zIndex="4" />
        	<Text Top="454" Left="205" Width="190" Scroll="1" Color="0xFF000080" Source="$SongTime$" Align="Left" zIndex="4" />
        	<Text Top="458" Left="20" Width="200" Scroll="0" Color="0xFF000080" Source="$AppVersion$" Align="Left" zIndex="4"/>
	<Image Top="1" Left="1" Width="640" Height="480" zINdex="3" Source="audiooverlay.png" />
	
       <ColorScheme>
            <AMBIENT_FOGCOLOR>0xFF8080FF</AMBIENT_FOGCOLOR>
            <AMBIENT_SKYCOLOR>0xFF00000F</AMBIENT_SKYCOLOR>
            <AMBIENT_CELLCOLOR>0xFF0080FF</AMBIENT_CELLCOLOR>
            <CAPTION_TEXTCOLOR>0xFFFFFFFF</CAPTION_TEXTCOLOR>
            <CAPTION_BACKCOLOR>0xFF0080FF</CAPTION_BACKCOLOR>
            <DIALOG_BORDERCOLOR>0xFF0080FF</DIALOG_BORDERCOLOR>
            <DIALOG_BACKCOLOR>0x9F000000</DIALOG_BACKCOLOR>
            <DIALOG_INNER_BORDERCOLOR>0xFF0080FF</DIALOG_INNER_BORDERCOLOR>
            <DIALOG_INNER_BACKCOLOR>0xFF000000</DIALOG_INNER_BACKCOLOR>
            <DIALOG_TEXTCOLOR>0xFFFFFFFF</DIALOG_TEXTCOLOR>
            <DIALOG_DISABLEDTEXT>0xFFB3B3B4</DIALOG_DISABLEDTEXT>
            <OPTION_TEXTCOLOR>0xFFFFFFFF</OPTION_TEXTCOLOR>
            <OPTION_ACTIVETEXTCOLOR>0xFFFFFFFF</OPTION_ACTIVETEXTCOLOR>
            <OPTION_ACTIVEBACKCOLOR>0xFF0080FF</OPTION_ACTIVEBACKCOLOR>
            <BUTTON_BORDERCOLOR>0xFFFFFFFF</BUTTON_BORDERCOLOR>
            <BUTTON_TEXTCOLOR>0xFFFFFFFF</BUTTON_TEXTCOLOR>
            <BUTTON_BACKCOLOR>0x980000A0</BUTTON_BACKCOLOR>
            <BUTTON_ACTIVETEXTCOLOR>0xFFFFFFFF</BUTTON_ACTIVETEXTCOLOR>
            <BUTTON_ACTIVEBACKCOLOR>0xFF0080FF</BUTTON_ACTIVEBACKCOLOR>
            <KB_KEYBG_HIGHLIGHT>0xFF0080FF</KB_KEYBG_HIGHLIGHT>
            <KB_KEYBG_DISABLED>0xFFC0C0C0</KB_KEYBG_DISABLED>
            <KB_KEY_PRESSED>0xFF008000</KB_KEY_PRESSED>
            <KB_KEY_NORMAL>0xFF000000</KB_KEY_NORMAL>
            <KB_KEY_DISABLED>0xFFFFFFFF</KB_KEY_DISABLED>
            <KB_KEY_ACTIVEBORDER>0xFF808080</KB_KEY_ACTIVEBORDER>
            <KB_KEY_TEXTCOLOR>0xFF000000</KB_KEY_TEXTCOLOR>
            <KB_KEY_TEXTBACKCOLOR>0xFFFFFFFF</KB_KEY_TEXTBACKCOLOR>
            <KB_KEY_TEXTBORDERCOLOR>0xFFFFFF00</KB_KEY_TEXTBORDERCOLOR>
            <MENU_TEXTCOLOR>0xFF000080</MENU_TEXTCOLOR>
            <MENU_ACTIVETEXTCOLOR>0xFFFFFFFF</MENU_ACTIVETEXTCOLOR>
	    <MMDARKBARCOLOR>0xFF000080</MMDARKBARCOLOR>
        </ColorScheme>
 
</Skin>