<Skin Name="UnleashXP">

<Information>
<Author>C-5</Author>
<Copyright>2003 Skinned by Sketchy Skinner</Copyright>
<Version>1.1</Version>
</Information>

<LoadingScreen ShowInfo="False">
<BackGround>load.png</BackGround>
</LoadingScreen>
<Main globe="False" Orb="False">
<Background EnableAudio="True">bg.png</background>
<Image Left="283" Top="150" Width="200" Height="220">menu.png</Image>
<Menu smooth="True" ShowArrows="False" ShowIcon="False" Rotate="False">
<Position left="283" Top="150" Width="200" Height="220" />
<Font>Arial_12.xpr</Font>
</Menu>
<Text Left="272" Top="190" Align="Right" Color="0xBEFFFFFF" Source="Date"></Text>
<Text Left="272" Top="212" Align="Right" Color="0xBEFFFFFF" Source="Time"></Text>
<Text Left="37" Top="35" Align="Left" Color="0x48FFFFFF" Source="E_FreeMB"></Text>
<Text Left="37" Top="55" Align="Left" Color="0x48FFFFFF" Source="F_FreeMB"></Text>
<Text Left="37" Top="75" Align="Left" Color="0x48FFFFFF" Source="IP"></Text>
<Text Left="37" Top="95" Align="Left" Color="0x48FFFFFF" Source="DvdTitle"></Text>
<Text Left="37" Top="400" Align="Left" Color="0x48FFFFFF" Source="MBTemp"></Text>
<Text Left="37" Top="420" Align="Left" Color="0x48FFFFFF" Source="CPUTemp"></Text>
<GameIcon Enable="True" Opacity="70">
<Position Top="103" Left="381" Width="200" Height="200" />
</GameIcon>
</Main>
<ColorScheme >
<CAPTION_TEXTCOLOR>0xFF000000</CAPTION_TEXTCOLOR>
<CAPTION_BACKCOLOR>0xFF4561CF</CAPTION_BACKCOLOR>
<DIALOG_BORDERCOLOR>0xFF000000</DIALOG_BORDERCOLOR>
<DIALOG_BACKCOLOR>0xFFA0A0A0</DIALOG_BACKCOLOR>
<DIALOG_INNER_BORDERCOLOR>0xFFA0A0A0</DIALOG_INNER_BORDERCOLOR>
<DIALOG_INNER_BACKCOLOR>0xFFA0A0A0</DIALOG_INNER_BACKCOLOR>
<DIALOG_TEXTCOLOR>0xFF000000</DIALOG_TEXTCOLOR>
<DIALOG_DISABLEDTEXT>0xFF202020</DIALOG_DISABLEDTEXT>
<OPTION_TEXTCOLOR>0xFF000000</OPTION_TEXTCOLOR>
<OPTION_ACTIVETEXTCOLOR>0xFF000000</OPTION_ACTIVETEXTCOLOR>
<OPTION_ACTIVEBACKCOLOR>0xFF4561CF</OPTION_ACTIVEBACKCOLOR>
<BUTTON_BORDERCOLOR></BUTTON_BORDERCOLOR>
<BUTTON_TEXTCOLOR>0xFF000000</BUTTON_TEXTCOLOR>
<BUTTON_BACKCOLOR>0xFFA0A0A0</BUTTON_BACKCOLOR>
<BUTTON_ACTIVETEXTCOLOR>0xFFA0A0A0</BUTTON_ACTIVETEXTCOLOR>
<BUTTON_ACTIVEBACKCOLOR>0xFFFFFFFF</BUTTON_ACTIVEBACKCOLOR>	
<KB_KEYBG_HIGHLIGHT>0xFF4561CF</KB_KEYBG_HIGHLIGHT>
<KB_KEYBG_DISABLED>0xFF4561CF</KB_KEYBG_DISABLED>
<KB_KEY_PRESSED>0xff808080</KB_KEY_PRESSED>
<KB_KEY_NORMAL>0xff000000</KB_KEY_NORMAL>
<KB_KEY_DISABLED>0xff808080</KB_KEY_DISABLED>
<KB_KEY_ACTIVEBORDER>0xff000000</KB_KEY_ACTIVEBORDER>
<KB_KEY_TEXTCOLOR>0xFF000000</KB_KEY_TEXTCOLOR>
<KB_KEY_TEXTBACKCOLOR>0xffFFFFFF</KB_KEY_TEXTBACKCOLOR>
<KB_KEY_TEXTBORDERCOLOR>0xff000000</KB_KEY_TEXTBORDERCOLOR>
<MENU_TEXTCOLOR>0xB4FFFFFF</MENU_TEXTCOLOR>
<MENU_ACTIVETEXTCOLOR>0xB4FFFFFF</MENU_ACTIVETEXTCOLOR>
<MENU_BORDERCOLOR></MENU_BORDERCOLOR>
<MENU_BACKCOLOR></MENU_BACKCOLOR>
<MENU_ACTIVEBACKCOLOR>0xFF00974B</MENU_ACTIVEBACKCOLOR>
<MENU_ACTIVEBORDERCOLOR>0xFF00974B</MENU_ACTIVEBORDERCOLOR>
</ColorScheme>
</Skin>

