<Skin name="Final Fantasy VIII">
	<Information>
		<Author>JohnCrichton</Author>
		<Copyright>Copyright 2004</Copyright>
		<Version>1.0</Version>
	</Information>
<LoadingScreen ShowInfo="false">
<IntroMovie>intro.xmv</IntroMvoie
<Background>loading.png</Background>
</LoadingScreen>
	<Main Globe="true" Orb="true">
<*InfoFont>XBox_Book_11.xpr</InfoFont>
<BackGround>bgNY.png</BackGround>
                  <Cellwall>cell.png</Cellwall>
                  <Orb>orb.png</Orb>
	            <Icon>orb.png</Icon>
		<Menu Smooth="false" ShowIcon="false" Rotate="true" Opacity="1" ShowArrows="True">        
<font>ok_14.xpr</font>
		 	<ItemPos Left="364" Top="96" width="255"></ItemPos>
			<ItemPos Left="379" Top="138" width="255"></ItemPos>
			<ItemPos Left="384" Top="180" width="255"></ItemPos>
			<ItemPos Left="379" Top="222" width="255"></ItemPos>
			<ItemPos Left="364" Top="264" width="255"></ItemPos>
		</Menu>

		<Text Left="545" Top="86" Align="left" Color="0xFF000000" Source="$Time$"></Text>
       

		<Text Left="410" Top="450" Align="left" Color="0xFFFFFFFF" Source="IP"></Text>
		
		<*Text Left="10" Top="100" Align="left" Color="0xFFFFFFFF" Source="Tray"></Text>
		<Text Left="25" Top="450" Align="left" Color="0xFFFFFFFF" Source="G_FreeMB"></Text>
		<Text Left="25" Top="430" Align="left" Color="0xFFFFFFFF" Source="F_FreeMB"></Text>
		<Text Left="25" Top="410" Align="left" Color="0xFFFFFFFF" Source="E_FreeMB"></Text>
		
		<Text Left="15" Top="19" Color="0xFFFFFFFF" Source="DVD: $DVDTitle$"></Text>
		<*Text Left="10" Top="19" Color="0xFFFFFFFF" Source="DVD: $Tray$"></Text>
		
		<*Text Left="15" Top="390" Align="Left" Color="0xffffff" Source="Theme: SongName"></Text>
		
		
		<Text Left="620" Top="430" Align="Right" Color="0xFFffffff" Source="CPUTemp"></Text>
		
 
	</Main>
	
	<ColorScheme Name="Default">
		<AMBIENT_FOGCOLOR>0xff000000</AMBIENT_FOGCOLOR>
		<AMBIENT_SKYCOLOR>0xFFff4040</AMBIENT_SKYCOLOR>
		<AMBIENT_CELLCOLOR>0xffff4040</AMBIENT_CELLCOLOR>

		<CAPTION_TEXTCOLOR>0xFFff4040</CAPTION_TEXTCOLOR>
		<CAPTION_BACKCOLOR>0xFF000000</CAPTION_BACKCOLOR>
		<DIALOG_BORDERCOLOR>0xFF17C6FF</DIALOG_BORDERCOLOR>
		<DIALOG_BACKCOLOR>0xff000000</DIALOG_BACKCOLOR>
		<DIALOG_INNER_BORDERCOLOR>0x17C6FF</DIALOG_INNER_BORDERCOLOR>
		<DIALOG_INNER_BACKCOLOR>0xE1000000</DIALOG_INNER_BACKCOLOR>
		<DIALOG_TEXTCOLOR>0xFF17C6FF</DIALOG_TEXTCOLOR>

		<DIALOG_DISABLEDTEXT>0x00cc00</DIALOG_DISABLEDTEXT>

		<OPTION_TEXTCOLOR>0xFF17C6FF</OPTION_TEXTCOLOR>
		<OPTION_ACTIVETEXTCOLOR>0xFF000000</OPTION_ACTIVETEXTCOLOR>
		<OPTION_ACTIVEBACKCOLOR>0xFF17C6FF</OPTION_ACTIVEBACKCOLOR>

		<BUTTON_BORDERCOLOR>0xFFff4040</BUTTON_BORDERCOLOR>
		<BUTTON_TEXTCOLOR>0xFFffffff</BUTTON_TEXTCOLOR>
		<BUTTON_BACKCOLOR>0xCD000000</BUTTON_BACKCOLOR>
		<BUTTON_ACTIVETEXTCOLOR>0xFf000000</BUTTON_ACTIVETEXTCOLOR>
		<BUTTON_ACTIVEBACKCOLOR>0xE1ffffff</BUTTON_ACTIVEBACKCOLOR>	
		
		<KB_KEYBG_HIGHLIGHT>0xCCff4040</KB_KEYBG_HIGHLIGHT>
		<KB_KEYBG_DISABLED>0xffc0c0c0</KB_KEYBG_DISABLED>
		<KB_KEY_PRESSED>0xff000000</KB_KEY_PRESSED>
		<KB_KEY_NORMAL>0xff000000</KB_KEY_NORMAL>
		<KB_KEY_DISABLED>0xff808080</KB_KEY_DISABLED>
		<KB_KEY_ACTIVEBORDER>0xB9D2DF00</KB_KEY_ACTIVEBORDER>
		<KB_KEY_TEXTCOLOR>0xffffffff</KB_KEY_TEXTCOLOR>
		<KB_KEY_TEXTBACKCOLOR>0xff000000</KB_KEY_TEXTBACKCOLOR>
		<KB_KEY_TEXTBORDERCOLOR>0xB9ff4040</KB_KEY_TEXTBORDERCOLOR>
		
		<MENU_TEXTCOLOR>0xFF000000</MENU_TEXTCOLOR>
		<MENU_ACTIVETEXTCOLOR>0xffffffff</MENU_ACTIVETEXTCOLOR>
		<MENU_BORDERCOLOR>0x0017C6FF</MENU_BORDERCOLOR>
		<MENU_BACKCOLOR>0x00000000</MENU_BACKCOLOR>
		<MENU_ACTIVEBACKCOLOR>0x10000000</MENU_ACTIVEBACKCOLOR>
		<MENU_ACTIVEBORDERCOLOR>0x00000000</MENU_ACTIVEBORDERCOLOR>
	</ColorScheme>
	</Skin>