<Skin name="Kill Bill Volume X">
	<Information>
		<Author>Inertia</Author>
		<Copyright>Copyright 2004</Copyright>
		<Version>0.9</Version>
	</Information>
		<FileManager>
			<BackGround>killfile.jpg</BackGround>
		</FileManager>
		<LoadingScreen ShowInfo="false">
			<BackGround>killload.jpg</BackGround>
		</LoadingScreen>
		<Main Globe="False" Orb="False">
		<BackGround>bill.jpg</BackGround>

		<Image Top="62" Left="277" width="68" Height="76" Source="GameIcon"/>
		<Image Source="GamePreview" />

		<Menu Smooth="True" Align="middle" Rotate="false" ShowArrows="false" ShowIcon="false" Horizontal="True" MaxItem="5">
		<Position Top="346" Left="50" Width="600" Height="600" />
		<Preview EnableAudio="false" Left="89" Top="63" Width="165" Height="131" />
		<Font>Impact_16.xpr</Font>
		</Menu>
		<Image Opacity="100" Top="46" Left="67" Width="205" Height="159">vidoverlay.png</Image>
		<Image Opacity="100" Top="51" Left="271" Width="83" Height="95">iconoverlay.png</Image>		


		<InfoFont>Impact_12.xpr</InfoFont>
		<Text Left="192" Top="215" Align="Middle" Color="0xFFCBE500" Source="E: $E_FreeMB$"></Text>
		<Text Left="192" Top="248" Align="Middle" Color="0xFFCBE500" Source="F: $F_FreeMB$"></Text>
		<Text Left="192" Top="283" Align="Middle" Color="0xFFCBE500" Source="G: $G_FreeMB$"></Text>
		<Text Left="190" Top="390" Align="Left" Color="0xFF000000" Source="Playing: $SongName$"></Text>
		<Text Left="70" Top="390" Align="Left" Color="0xFF000000" Source="IP: $IP$"></Text>
		<Text Left="70" Top="410" Align="Left" Color="0xFF000000" Source="DVD: $Tray$"></Text>
		<Text Left="165" Top="410" Align="Left" Color="0xFF000000" Source="CPU: $CPUTemp$"></Text>
		<Text Left="270" Top="410" Align="Left" Color="0xFF000000" Source="MB: $MBTemp$"></Text>
		<Text Left="365" Top="410" Align="Left" Color="0xFF000000" Source="Video: $VideoMode$"></Text>

		</Main>

	<ColorScheme >
<AMBIENT_FOGCOLOR></AMBIENT_FOGCOLOR>
<AMBIENT_SKYCOLOR></AMBIENT_SKYCOLOR>
<AMBIENT_CELLCOLOR></AMBIENT_CELLCOLOR>

<CAPTION_TEXTCOLOR>0xFF6C7681</CAPTION_TEXTCOLOR>
<CAPTION_BACKCOLOR>0x5C999EA6</CAPTION_BACKCOLOR>

<DIALOG_BORDERCOLOR>0xFF000000</DIALOG_BORDERCOLOR>
<DIALOG_BACKCOLOR>0xFFCBE500</DIALOG_BACKCOLOR>
<DIALOG_INNER_BORDERCOLOR>0xFFBCB000</DIALOG_INNER_BORDERCOLOR>
<DIALOG_INNER_BACKCOLOR>0x5C999EA6</DIALOG_INNER_BACKCOLOR>
<DIALOG_TEXTCOLOR>0xFF000000</DIALOG_TEXTCOLOR>
<DIALOG_DISABLEDTEXT>0x7FB8C0C7</DIALOG_DISABLEDTEXT>

<OPTION_TEXTCOLOR>0xFF000000</OPTION_TEXTCOLOR>
<OPTION_ACTIVETEXTCOLOR>0xFF6D4E47</OPTION_ACTIVETEXTCOLOR>
<OPTION_ACTIVEBACKCOLOR>0xFFA2ACB8</OPTION_ACTIVEBACKCOLOR>

<BUTTON_BORDERCOLOR>0xFF000000</BUTTON_BORDERCOLOR>
<BUTTON_TEXTCOLOR>0xFFFFFFFF</BUTTON_TEXTCOLOR>
<BUTTON_BACKCOLOR>0xCD8E8679</BUTTON_BACKCOLOR>
<BUTTON_ACTIVETEXTCOLOR>0xFFFFFFFF</BUTTON_ACTIVETEXTCOLOR>
<BUTTON_ACTIVEBACKCOLOR>0xE1686258</BUTTON_ACTIVEBACKCOLOR>	

<KB_KEYBG_HIGHLIGHT>0xCC8E8679</KB_KEYBG_HIGHLIGHT>
<KB_KEYBG_DISABLED>0xff868484</KB_KEYBG_DISABLED>
<KB_KEY_PRESSED>0xff808080</KB_KEY_PRESSED>
<KB_KEY_NORMAL>0xff000000</KB_KEY_NORMAL>
<KB_KEY_DISABLED>0xff808080</KB_KEY_DISABLED>
<KB_KEY_ACTIVEBORDER>0xff6B655B</KB_KEY_ACTIVEBORDER>
<KB_KEY_TEXTCOLOR>0xff000000</KB_KEY_TEXTCOLOR>
<KB_KEY_TEXTBACKCOLOR>0xff847C6F</KB_KEY_TEXTBACKCOLOR>
<KB_KEY_TEXTBORDERCOLOR>0xffffffff</KB_KEY_TEXTBORDERCOLOR>
		
		<MENU_TEXTCOLOR>0xFF000000</MENU_TEXTCOLOR>
		<MENU_ACTIVETEXTCOLOR>0xFFCBE500</MENU_ACTIVETEXTCOLOR>
		<MENU_BORDERCOLOR>0x00000000</MENU_BORDERCOLOR>
		<MENU_BACKCOLOR>0x00000000</MENU_BACKCOLOR>
		<MENU_ACTIVEBACKCOLOR>0x00000000</MENU_ACTIVEBACKCOLOR>
		<MENU_ACTIVEBORDERCOLOR>0x00000000</MENU_ACTIVEBORDERCOLOR>
	</ColorScheme>
</Skin>