<Skin Name="NextDoorNikki">
<Information>
<Author>DarkP</Author>
<Copyright>2006 Skinned by Sketchy Skinner</Copyright>
<Version>1</Version>
</Information>
<Main globe="False" Orb="False">
<InfoFont>menu.xpr</InfoFont>
<Background EnableAudio="False">bg.jpg</background>
<Menu smooth="False" ShowArrows="False" ShowIcon="False" Rotate="False">
<Position left="15" Top="10" Width="260" Height="260" />
<Preview EnableAudio="False" left="431" Top="10" Width="193" Height="148" />
<Font>menu.xpr</Font>
</Menu>
<Text Left="15" Top="281" Align="Left" Color="0xFF400000" Source="CPUTemp"></Text>
<Text Left="15" Top="433" Align="Left" Color="0xFF8000FF" Source="NewsFeed"></Text>
<Text Left="15" Top="299" Align="Left" Color="0xFF400000" Source="MBTemp"></Text>
<Text Left="15" Top="402" Align="Left" Color="0xFF400000" Source="DateTime"></Text>
<Text Left="15" Top="376" Align="Left" Color="0xFF400000" Source="NickName"></Text>
<Text Left="15" Top="319" Align="Left" Color="0xFF400000" Source="C_FreeMB"></Text>
<Text Left="15" Top="338" Align="Left" Color="0xFF400000" Source="E_FreeMB"></Text>
<Text Left="15" Top="357" Align="Left" Color="0xFF400000" Source="IP"></Text>
<Image Top="10" Left="431" width="193" Height="148" Source="GameIcon"/>
<Image Source="GamePreview"/>
</Main>
<FileManager>
<Background>fmbg.jpg</Background>
</FileManager>
<LoadingScreen ShowInfo="True">
<Background>ls.jpg</Background>
</LoadingScreen>
<ColorScheme>
<AMBIENT_FOGCOLOR>0xFF002000</AMBIENT_FOGCOLOR>
<AMBIENT_SKYCOLOR>0xFF004000</AMBIENT_SKYCOLOR>
<AMBIENT_CELLCOLOR>0x0600C000</AMBIENT_CELLCOLOR>

<CAPTION_TEXTCOLOR>0xFFFFFFC0</CAPTION_TEXTCOLOR>
<CAPTION_BACKCOLOR>0xFF686485</CAPTION_BACKCOLOR>

<DIALOG_BORDERCOLOR>0xFF0C0A18</DIALOG_BORDERCOLOR>
<DIALOG_BACKCOLOR>0xCD636482</DIALOG_BACKCOLOR>
<DIALOG_INNER_BORDERCOLOR>0xFF636482</DIALOG_INNER_BORDERCOLOR>
<DIALOG_INNER_BACKCOLOR>0xE1004100</DIALOG_INNER_BACKCOLOR>
<DIALOG_TEXTCOLOR>0xFFFFFFFF</DIALOG_TEXTCOLOR>
<DIALOG_DISABLEDTEXT>0x7F086820</DIALOG_DISABLEDTEXT>

<OPTION_TEXTCOLOR>0xFF02C90C</OPTION_TEXTCOLOR>
<OPTION_ACTIVETEXTCOLOR>0xFFFFFFFF</OPTION_ACTIVETEXTCOLOR>
<OPTION_ACTIVEBACKCOLOR>0xFF02C90C</OPTION_ACTIVEBACKCOLOR>

<BUTTON_BORDERCOLOR>0xFF0C0A18</BUTTON_BORDERCOLOR>
<BUTTON_TEXTCOLOR>0xFF02C90C</BUTTON_TEXTCOLOR>
<BUTTON_BACKCOLOR>0xCD636482</BUTTON_BACKCOLOR>
<BUTTON_ACTIVETEXTCOLOR>0xFFFFFFFF</BUTTON_ACTIVETEXTCOLOR>
<BUTTON_ACTIVEBACKCOLOR>0xE102C90C</BUTTON_ACTIVEBACKCOLOR>	

<KB_KEYBG_HIGHLIGHT>0xCC00C000</KB_KEYBG_HIGHLIGHT>
<KB_KEYBG_DISABLED>0xffc0c0c0</KB_KEYBG_DISABLED>
<KB_KEY_PRESSED>0xff808080</KB_KEY_PRESSED>
<KB_KEY_NORMAL>0xff000000</KB_KEY_NORMAL>
<KB_KEY_DISABLED>0xff808080</KB_KEY_DISABLED>
<KB_KEY_ACTIVEBORDER>0xff008000</KB_KEY_ACTIVEBORDER>
<KB_KEY_TEXTCOLOR>0xff000000</KB_KEY_TEXTCOLOR>
<KB_KEY_TEXTBACKCOLOR>0xffFFFFFF</KB_KEY_TEXTBACKCOLOR>
<KB_KEY_TEXTBORDERCOLOR>0xff0000FF</KB_KEY_TEXTBORDERCOLOR>

<MENU_BORDERCOLOR>0x00000000</MENU_BORDERCOLOR>
<MENU_BACKCOLOR>0x00000000</MENU_BACKCOLOR>
<MENU_ACTIVEBACKCOLOR>0xFF004000</MENU_ACTIVEBACKCOLOR>
<MENU_ACTIVEBORDERCOLOR>0xFF686485</MENU_ACTIVEBORDERCOLOR>
<MENU_TEXTCOLOR>0xFFFF0000</MENU_TEXTCOLOR>
<MENU_ACTIVETEXTCOLOR>0xFFFF0080</MENU_ACTIVETEXTCOLOR>
</ColorScheme>
</Skin>
