<Skin name="Xbox Alive">
	<Information>
		<Author>Inertia</Author>
		<Copyright>Copyright 2004</Copyright>
		<Version>1.0</Version>
	</Information>
		<FileManager>
			<BackGround>xboxbg-fileman.png</BackGround>
		</FileManager>
		<LoadingScreen ShowInfo="false">
			<BackGround>xboxbg-loader.png</BackGround>
		</LoadingScreen>
		<Main Globe="False" Orb="False">
		<BackGround>xboxbg.png</BackGround>

		<Image Top="164" Left="286" width="59" Height="57" Source="GameIcon"/>
		<Image Source="GamePreview" />

		<Menu Smooth="True" Align="left" Rotate="false" ShowArrows="false" ShowIcon="false" Fixed="false" FixAt="1" MaxItem="6">
		<Position Top="232" Left="116" Width="280" Height="160" />
		<Preview EnableAudio="false" Left="355" Top="159" Width="205" Height="185" />
		<Font>XBox_Book_11.xpr</Font>
		</Menu>
		
		<Image Opacity="100" Top="164" Left="285" Width="61" Height="58">iconoverlay.png</Image>
		<Image Opacity="100" Top="153" Left="354" Width="207" Height="194">vidoverlay.png</Image>

		<InfoFont>Font_Arial_10.xpr</InfoFont>
		<Text Left="143" Top="424" Width="270" Align="Right" Color="0x84FFFFFF" Source="News: $Newsfeed$"></Text>
		<Text Left="550" Top="108" Align="Right" Color="0xB7FFFFFF" Source="IP: $IP$"></Text>
		<Text Left="110" Top="132" Width="330" Align="Left" Color="0xBD000000" Source="Music: $SongName$"></Text>
		<Text Left="97" Top="108" Align="Left" Color="0xB7FFFFFF" Source="HDD E: $E_FreeMB$"></Text>
		<Text Left="273" Top="108" Align="Left" Color="0xB7FFFFFF" Source="F: $F_FreeMB$"></Text>
		<Text Left="530" Top="132" Align="Right" Color="0xBD000000" Source="DVD: $Tray$"></Text>
		<Text Left="152" Top="78" Align="Left" Color="0xFF000000" Source="$Time$"></Text>
		<Text Left="427" Top="424" Align="Left" Color="0x84FFFFFF" Source="$Date$"></Text>
	
		</Main>

	<ColorScheme >
<AMBIENT_FOGCOLOR></AMBIENT_FOGCOLOR>
<AMBIENT_SKYCOLOR></AMBIENT_SKYCOLOR>
<AMBIENT_CELLCOLOR></AMBIENT_CELLCOLOR>

<CAPTION_TEXTCOLOR>0xFFD0D668</CAPTION_TEXTCOLOR>
<CAPTION_BACKCOLOR>0x5C000000</CAPTION_BACKCOLOR>

<DIALOG_BORDERCOLOR>0xFF85AE08</DIALOG_BORDERCOLOR>
<DIALOG_BACKCOLOR>0x5C000000</DIALOG_BACKCOLOR>
<DIALOG_INNER_BORDERCOLOR>0xFF195F02</DIALOG_INNER_BORDERCOLOR>
<DIALOG_INNER_BACKCOLOR>0x5C000000</DIALOG_INNER_BACKCOLOR>
<DIALOG_TEXTCOLOR>0xFF818181</DIALOG_TEXTCOLOR>
<DIALOG_DISABLEDTEXT>0x7F7A7F85</DIALOG_DISABLEDTEXT>

<OPTION_TEXTCOLOR>0xFF818181</OPTION_TEXTCOLOR>
<OPTION_ACTIVETEXTCOLOR>0xFFD0D668</OPTION_ACTIVETEXTCOLOR>
<OPTION_ACTIVEBACKCOLOR>0xD9021301</OPTION_ACTIVEBACKCOLOR>

<BUTTON_BORDERCOLOR>0xFF000000</BUTTON_BORDERCOLOR>
<BUTTON_TEXTCOLOR>0xFFD0D668</BUTTON_TEXTCOLOR>
<BUTTON_BACKCOLOR>0xCD8E8679</BUTTON_BACKCOLOR>
<BUTTON_ACTIVETEXTCOLOR>0xFFFFFFFF</BUTTON_ACTIVETEXTCOLOR>
<BUTTON_ACTIVEBACKCOLOR>0xE10F3D00</BUTTON_ACTIVEBACKCOLOR>	

<KB_KEYBG_HIGHLIGHT>0xCC0F3D00</KB_KEYBG_HIGHLIGHT>
<KB_KEYBG_DISABLED>0xff868484</KB_KEYBG_DISABLED>
<KB_KEY_PRESSED>0xff808080</KB_KEY_PRESSED>
<KB_KEY_NORMAL>0xff000000</KB_KEY_NORMAL>
<KB_KEY_DISABLED>0xff808080</KB_KEY_DISABLED>
<KB_KEY_ACTIVEBORDER>0xff6B655B</KB_KEY_ACTIVEBORDER>
<KB_KEY_TEXTCOLOR>0xffD0D668</KB_KEY_TEXTCOLOR>
<KB_KEY_TEXTBACKCOLOR>0xff000000</KB_KEY_TEXTBACKCOLOR>
<KB_KEY_TEXTBORDERCOLOR>0xff0F3D00</KB_KEY_TEXTBORDERCOLOR>
		
		<MENU_TEXTCOLOR>0xFF818181</MENU_TEXTCOLOR>
		<MENU_ACTIVETEXTCOLOR>0xFFD0D668</MENU_ACTIVETEXTCOLOR>
		<MENU_BORDERCOLOR>0x00000000</MENU_BORDERCOLOR>
		<MENU_BACKCOLOR>0x00000000</MENU_BACKCOLOR>
		<MENU_ACTIVEBACKCOLOR>0x00000000</MENU_ACTIVEBACKCOLOR>
		<MENU_ACTIVEBORDERCOLOR>0x00000000</MENU_ACTIVEBORDERCOLOR>
	</ColorScheme>
</Skin>