﻿<Skin name="VM View">
    <Information>
        <Author>ZXB:EMMOYAPR</Author>
        <Version>1</Version>
        <Copyright>2005</Copyright>
        <Skinner Name="UX Architect" Version="1.0c" />
    </Information>
    <IntroMovie>ab_sick.xmv</IntroMovie>
    <Filemanager SafeBorder="False">
        <Background>Soulf.jpg</Background>
    </Filemanager>
    <LoadingScreen ShowInfo="True">
        <Background>ab_tnl_2snk.xmv</Background>
    </LoadingScreen>
    <Main Globe="False" Orb="False" Fog="False">
        <Background EnableAudio="False">bg.wmv</Background>
        <InfoFont>20thCentury-12.xpr</InfoFont>
        <Text Top="411" Left="39" Width="200" Scroll="0" Color="0xFFFFFFFF" Source="F_Free" Align="Left" />
        <Text Top="386" Left="39" Width="200" Scroll="0" Color="0xFFFFFFFF" Source="E_Free" Align="Left" />
        <Text Top="331" Left="254" Width="182" Scroll="0" Color="0xFFE1A21E" Source="Tray" Align="Left" />
        <Text Top="411" Left="254" Width="183" Scroll="0" Color="0xFFFFFFFF" Source="SongTime" Align="Left" />
        <Text Top="362" Left="254" Width="183" Scroll="0" Color="0xFFFFFFFF" Source="SoundTrack" Align="Left" />
        <Text Top="386" Left="254" Width="183" Scroll="0" Color="0xFFFFFFFF" Source="SongName" Align="Left" />
        <Text Top="362" Left="39" Width="200" Scroll="0" Color="0xFFFFFFFF" Source="C_Free" Align="Left" />
        <Text Top="451" Left="299" Width="200" Scroll="0" Color="0xFFE1A21E" Source="SkinAuthor" Align="Left" />
        <Text Top="451" Left="37" Width="200" Scroll="0" Color="0xFFE1A21E" Source="IP" Align="Left" />
        <Image Top="0" Left="-1" Width="643" Height="484" Opacity="100">Skins Preview circul xbox.png</Image>
        <Image Top="331" Left="447" Width="180" Height="136" Source="GameIcon" />
        <Image Source="GamePreview" />
        <Menu Align="Left" ShowIcon="False" ShowArrows="False">
            <Preview EnableAudio="True" Top="26" Left="262" Width="364" Height="288" />
            <ItemPos Top="118" Left="39" Width="200"></ItemPos>
            <ItemPos Top="147" Left="39" Width="200"></ItemPos>
            <ItemPos Top="178" Left="39" Width="200"></ItemPos>
            <ItemPos Top="208" Left="39" Width="200"></ItemPos>
            <ItemPos Top="239" Left="39" Width="200"></ItemPos>
            <ItemPos Top="269" Left="39" Width="200"></ItemPos>
            <ItemPos Top="299" Left="39" Width="200"></ItemPos>
            <ItemPos Top="328" Left="39" Width="200"></ItemPos>
            <Font>20thCentury-14.xpr</Font>
        </Menu>
        <ColorScheme>
            <AMBIENT_FOGCOLOR>0xFF8080FF</AMBIENT_FOGCOLOR>
            <AMBIENT_SKYCOLOR>0xFF000000</AMBIENT_SKYCOLOR>
            <AMBIENT_CELLCOLOR>0xFF0080FF</AMBIENT_CELLCOLOR>
            <CAPTION_TEXTCOLOR>0xFFFFFFFF</CAPTION_TEXTCOLOR>
            <CAPTION_BACKCOLOR>0xFFE1A21E</CAPTION_BACKCOLOR>
            <DIALOG_BORDERCOLOR>0xFFE1A21E</DIALOG_BORDERCOLOR>
            <DIALOG_BACKCOLOR>0x3F000000</DIALOG_BACKCOLOR>
            <DIALOG_INNER_BORDERCOLOR>0xFFE1A21E</DIALOG_INNER_BORDERCOLOR>
            <DIALOG_INNER_BACKCOLOR>0xFF000000</DIALOG_INNER_BACKCOLOR>
            <DIALOG_TEXTCOLOR>0xFFFFFFFF</DIALOG_TEXTCOLOR>
            <DIALOG_DISABLEDTEXT>0xFFB3B3B4</DIALOG_DISABLEDTEXT>
            <OPTION_TEXTCOLOR>0xFFFFFFFF</OPTION_TEXTCOLOR>
            <OPTION_ACTIVETEXTCOLOR>0xFFFFFFFF</OPTION_ACTIVETEXTCOLOR>
            <OPTION_ACTIVEBACKCOLOR>0xFFE1A21E</OPTION_ACTIVEBACKCOLOR>
            <BUTTON_BORDERCOLOR>0xFFFFFFFF</BUTTON_BORDERCOLOR>
            <BUTTON_TEXTCOLOR>0xFFFFFFFF</BUTTON_TEXTCOLOR>
            <BUTTON_BACKCOLOR>0x4F000000</BUTTON_BACKCOLOR>
            <BUTTON_ACTIVETEXTCOLOR>0xFFFFFFFF</BUTTON_ACTIVETEXTCOLOR>
            <BUTTON_ACTIVEBACKCOLOR>0x8EE1A21E</BUTTON_ACTIVEBACKCOLOR>
            <KB_KEYBG_HIGHLIGHT>0xFFE1A21E</KB_KEYBG_HIGHLIGHT>
            <KB_KEYBG_DISABLED>0xFFC0C0C0</KB_KEYBG_DISABLED>
            <KB_KEY_PRESSED>0xFF008000</KB_KEY_PRESSED>
            <KB_KEY_NORMAL>0xFF000000</KB_KEY_NORMAL>
            <KB_KEY_DISABLED>0xFFFFFFFF</KB_KEY_DISABLED>
            <KB_KEY_ACTIVEBORDER>0xFF808080</KB_KEY_ACTIVEBORDER>
            <KB_KEY_TEXTCOLOR>0xFF000000</KB_KEY_TEXTCOLOR>
            <KB_KEY_TEXTBACKCOLOR>0xFFFFFFFF</KB_KEY_TEXTBACKCOLOR>
            <KB_KEY_TEXTBORDERCOLOR>0xFFFF8040</KB_KEY_TEXTBORDERCOLOR>
            <MENU_TEXTCOLOR>0xFFE1A21E</MENU_TEXTCOLOR>
            <MENU_ACTIVETEXTCOLOR>0xFFFFFFFF</MENU_ACTIVETEXTCOLOR>
            <MENU_ACTIVEBORDERCOLOR>0xFFE1A21E</MENU_ACTIVEBORDERCOLOR>
        </ColorScheme>
    </Main>
</Skin>