﻿<Skin name="Lamb of God">
    <Information>
        <Author>EvilGibo</Author>
        <Version>1</Version>
        <Copyright>2004</Copyright>
        <Skinner Name="UX Architect" Version="1.0c" />
    </Information>
    <IntroMovie>intro.xmv</IntroMovie>
    <Filemanager SafeBorder="False">
        <Background>fillemanlamb.jpg</Background>
    </Filemanager>
    <LoadingScreen ShowInfo="True">
        <Background>loading.xmv</Background>
    </LoadingScreen>
    <Main Globe="False" Orb="False" Fog="False">
        <Background EnableAudio="False">ground1.jpg</Background>
        <InfoFont>39Smooth-12.xpr</InfoFont>
        <Text Top="388" Left="523" Width="96" Scroll="2" Color="0xFF000000" Source="CPUTempC" Align="Left" />
        <Text Top="388" Left="311" Width="153" Scroll="2" Color="0xFF000000" Source="F_FreeMB" Align="Left" />
        <Text Top="388" Left="83" Width="153" Scroll="2" Color="0xFF000000" Source="E_FreeMB" Align="Left" />
        <Text Top="294" Left="316" Width="170" Scroll="2" Color="0xFF000000" Source="DVDTitle" Align="Left" />
        <Text Top="432" Left="148" Width="200" Scroll="1" Color="0xFF000000" Source="SongName" Align="Left" />
        <Text Top="432" Left="419" Width="195" Scroll="1" Color="0xFF000000" Source="SoundTrack" Align="Left" />
        <Text Top="34" Left="447" Width="170" Scroll="2" Color="0xFF000000" Source="Time" Align="Left" />
        <Text Top="76" Left="448" Width="170" Scroll="0" Color="0xFF000000" Source="Date" Align="Left" />
        <Text Top="55" Left="20" Width="100" Scroll="2" Color="0xFF000000" Source="NickName" Align="Left" />
        <Image Top="212" Left="517" Width="100" Height="100" Source="GameIcon" />
        <Menu Scroll="True" Align="Left" ShowIcon="False" ShowArrows="False" Horizontal="True">
            <Position Top="340" Left="71" Width="545" Height="27" Fixed="True" FixAt="6" MaxItem="6" />
            <Font>39Smooth-14.xpr</Font>
        </Menu>
        <ColorScheme>
            <AMBIENT_FOGCOLOR>0xFFFFFFFF</AMBIENT_FOGCOLOR>
            <AMBIENT_SKYCOLOR>0xFF00000F</AMBIENT_SKYCOLOR>
            <AMBIENT_CELLCOLOR>0x7800C000</AMBIENT_CELLCOLOR>
            <CAPTION_TEXTCOLOR>0xFFC0C0C0</CAPTION_TEXTCOLOR>
            <CAPTION_BACKCOLOR>0xFF000000</CAPTION_BACKCOLOR>
            <DIALOG_BORDERCOLOR>0xFFFFFFFF</DIALOG_BORDERCOLOR>
            <DIALOG_BACKCOLOR>0xD1FF0000</DIALOG_BACKCOLOR>
            <DIALOG_INNER_BORDERCOLOR>0xFFFFFFFF</DIALOG_INNER_BORDERCOLOR>
            <DIALOG_INNER_BACKCOLOR>0xFF000000</DIALOG_INNER_BACKCOLOR>
            <DIALOG_TEXTCOLOR>0xFFFFFFFF</DIALOG_TEXTCOLOR>
            <DIALOG_DISABLEDTEXT>0xFFB3B3B4</DIALOG_DISABLEDTEXT>
            <OPTION_TEXTCOLOR>0xFFFFFFFF</OPTION_TEXTCOLOR>
            <OPTION_ACTIVETEXTCOLOR>0xFFFFFFFF</OPTION_ACTIVETEXTCOLOR>
            <OPTION_ACTIVEBACKCOLOR>0xFFFF0000</OPTION_ACTIVEBACKCOLOR>
            <BUTTON_BORDERCOLOR>0xFFFFFFFF</BUTTON_BORDERCOLOR>
            <BUTTON_TEXTCOLOR>0xFFFFFFFF</BUTTON_TEXTCOLOR>
            <BUTTON_BACKCOLOR>0xFFFF0000</BUTTON_BACKCOLOR>
            <BUTTON_ACTIVETEXTCOLOR>0xFFFFFFFF</BUTTON_ACTIVETEXTCOLOR>
            <BUTTON_ACTIVEBACKCOLOR>0xFFC0C0C0</BUTTON_ACTIVEBACKCOLOR>
            <KB_KEYBG_HIGHLIGHT>0xFFFF0000</KB_KEYBG_HIGHLIGHT>
            <KB_KEYBG_DISABLED>0x78C0C0C0</KB_KEYBG_DISABLED>
            <KB_KEY_PRESSED>0xFF008000</KB_KEY_PRESSED>
            <KB_KEY_NORMAL>0xFF000000</KB_KEY_NORMAL>
            <KB_KEY_DISABLED>0xFF808080</KB_KEY_DISABLED>
            <KB_KEY_ACTIVEBORDER>0xFFFF0000</KB_KEY_ACTIVEBORDER>
            <KB_KEY_TEXTCOLOR>0xFF000000</KB_KEY_TEXTCOLOR>
            <KB_KEY_TEXTBACKCOLOR>0xFFFFFFFF</KB_KEY_TEXTBACKCOLOR>
            <KB_KEY_TEXTBORDERCOLOR>0x78FFFFFF</KB_KEY_TEXTBORDERCOLOR>
            <MENU_TEXTCOLOR>0xFF404040</MENU_TEXTCOLOR>
            <MENU_ACTIVETEXTCOLOR>0xFF000000</MENU_ACTIVETEXTCOLOR>
            <MENU_ACTIVEBACKCOLOR>0xFFFF0000</MENU_ACTIVEBACKCOLOR>
        </ColorScheme>
    </Main>
</Skin>