<Skin name="MaxZT2">

	<Information>
		<Author>MaxZ</Author>
		<Copyright>Copyright 2003</Copyright>
		<Version>1</Version>
	</Information>

        <LoadingScreen ShowInfo="False">
               <Background>Loading.png</Background>
        </LoadingScreen>

	<FileManager>
  	       <BackGround>FileMan.png</BackGround>
 	</FileManager>

	<Main Globe="False" Orb="False">

		<BackGround>MaxZT2.png</BackGround>

 		<Menu Smooth="False" Align="Middle" ShowIcon="False">
         		<Font>Comic_Sans_MS_10.xpr</Font>
	        	<Position Top="186" Left="292" Width="235" Height="90" Fixed="False" FixAt="1" MaxItem="4">
		        </Position>
		</menu>

                <Image Top="0" Left="430" width="155" Height="185">icon.png</Image>
                <GameIcon Enable="True">
                        <Position Top="56" Left="444" Width="125" Height="125" />
                </GameIcon>


		<InfoFont>Comic_Sans_MS_10.xpr</InfoFont>

		<Text Left="110" Top="72" Align="Left" Color="0xFFFF8400" Source="$Version$"></Text>
		<Text Left="160" Top="72" Align="Left" Color="0xFFFF8400" Source="$AppVersion$"></Text>
		
		<Text Left="100" Top="110" Align="Left" Color="0xFFFFFFFF" Source="E:"></Text>
		<Text Left="120" Top="110" Align="Left" Color="0xFF003B6F" Source="$E_FreeMB$"></Text>
		<text Left="100" Top="125" Align="Left" Color="0xFFFFFFFF" Source="F:"></text>
		<text Left="120" Top="125" Align="Left" Color="0xFF003B6F" Source="$F_FreeMB$"></text>
		<text Left="100" Top="140" Align="Left" Color="0xFFFFFFFF" Source="G:"></text>
		<text Left="120" Top="140" Align="Left" Color="0xFF003B6F" Source="$G_FreeMB$"></text>

		<Text Left="100" Top="165" Align="Left" Color="0xFFFFFFFF" Source="CPU:"></Text>
		<Text Left="140" Top="165" Align="Left" Color="0xFF003B6F" Source="$CPUTemp$"></Text>
		<Text Left="100" Top="180" Align="Left" Color="0xFFFFFFFF" Source="M/B:"></text>
		<Text Left="140" Top="180" Align="Left" Color="0xFF003B6F" Source="$MBTemp$"></text>
		<Text Left="100" Top="195" Align="Left" Color="0xFFFFFFFF" Source="Fan:"></Text>
		<Text Left="140" Top="195" Align="Left" Color="0xFF003B6F" Source="$FanSpeed$"></Text>
		
		<text Left="100" Top="250" Align="Left" Color="0xFFFF8400" Source="Nick:"/>
		<text Left="150" Top="250" Align="Left" Color="0xFF003B6F" Source="$NickName$"/>
		<text Left="100" Top="270" Align="Left" Color="0xFFFFFFFF" Source="IP:"/>
		<text Left="150" Top="270" Align="Left" Color="0xFF003B6F" Source="$IP$"/>
		<text Left="100" Top="285" Align="Left" Color="0xFFFFFFFF" Source="Sub:"/>
		<text Left="150" Top="285" Align="Left" Color="0xFF003B6F" Source="$Subnet$"/>
		<Text Left="100" Top="300" Align="Left" Color="0xFFFFFFFF" Source="Users:"></Text>
		<Text Left="150" Top="300" Align="Left" Color="0xFF003B6F" Source="$NumClient$"></Text>
		
		<text Left="100" Top="338" Align="Left" Color="0xFFFF8400" Source="DVD:"/>
        	<text Left="150" Top="338" Align="Left" Color="0xFF003B6F" Source="$Tray$"/>

		<Text Left="285" Top="360" Align="Left" Color="0xFF003B6F" Source="$Date$"></text>
		<text Left="355" Top="360" Align="Left" Color="0xFF003B6F" Source="$Time$"></Text>

		<Text Left="100" Top="370" Width="325" Height="150" Align="Left" Color="0x003B6F" Source="$SoundTrack$"/>
		<Text Left="100" Top="385" Width="325" Height="150" Align="Left" Color="0x003B6F" Source="$SongName$"/>
		<Text Left="100" Top="400" Width="325" Height="150" Align="Left" Color="0x003B6F" Source="$SongTime$"/>
		
	</Main>


	<ColorScheme >

		<KB_KEYBG_HIGHLIGHT>0xCC00C000</KB_KEYBG_HIGHLIGHT>
		<KB_KEYBG_DISABLED>0xffc0c0c0</KB_KEYBG_DISABLED>
		<KB_KEY_PRESSED>0xff808080</KB_KEY_PRESSED>
		<KB_KEY_NORMAL>0xff000000</KB_KEY_NORMAL>
		<KB_KEY_DISABLED>0xff808080</KB_KEY_DISABLED>
		<KB_KEY_ACTIVEBORDER>0xff008000</KB_KEY_ACTIVEBORDER>
		<KB_KEY_TEXTCOLOR>0xff000000</KB_KEY_TEXTCOLOR>
		<KB_KEY_TEXTBACKCOLOR>0xffFFFFFF</KB_KEY_TEXTBACKCOLOR>
		<KB_KEY_TEXTBORDERCOLOR>0xff0000FF</KB_KEY_TEXTBORDERCOLOR>

		<MENU_TEXTCOLOR>0xFF003B6F</MENU_TEXTCOLOR>
		<MENU_ACTIVETEXTCOLOR>0xFF629FC5</MENU_ACTIVETEXTCOLOR>
		<MENU_BACKCOLOR>0xEAD376</MENU_BACKCOLOR>
		<MENU_ACTIVEBACKCOLOR>0x003B6F</MENU_ACTIVEBACKCOLOR>
		<MENU_BORDERCOLOR>0x00000000</MENU_BORDERCOLOR>
		<MENU_ACTIVEBORDERCOLOR>0x629FC5</MENU_ACTIVEBORDERCOLOR>

	</ColorScheme>

</Skin>