<Skin name="The Family Guy">
	<Information>
		<Author>Sypher</Author>
		<Copyright>2k5</Copyright>
		<Version>1.0</Version>
	</Information>
		<IntroMovie>intro.wmv</IntroMovie>
		<FileManager>
		<BackGround>file.jpg</BackGround>
		</FileManager>
	<LoadingScreen ShowInfo="True">
		<BackGround>loading.wmv</BackGround>
	</LoadingScreen>
	<Main Globe="False" Orb="False">
		<BackGround EnableAudio="True">background.wmv</BackGround>
		<Image Left="" Top="" Width="640" Height="480" opacity="60">bg.png</Image>
		<Cellwall></Cellwall>
		<Orb></Orb>
                <Icon></Icon>
		<Image Source="GamePreview" />

		<Image Top="44" Left="343" Width="63" Height="50" Opacity="80" Source="GameIcon" />
		

		<Menu Smooth="TRUE" Align="LEFT" Rotate="TRUE" ShowIcon="false">
		<Position Top="41" Left="70" Width="254" Height="404" Fixed="False" FixAt="1" MaxItem="8"></Position>
		<Font>XBox_Book_11.xpr</Font>
		<Preview EnableAudio="false" Left="342" Top="111" Width="228" Height="170" />
		</Menu>
		
		<InfoFont>Font_Arial_10.xpr</InfoFont>
		

		<Text Left="385" Top="361" Align="left" Color="0xFFFFFFFF" Source="E_FreeMB"></Text>
		<Text Left="519" Top="383.5" Align="right" Color="0xFFFFFFFF" Source="F_FreeMB"></Text>
		<Text Left="432" Top="407" Align="left" Color="0xFFFFFFFF" Source="IP"></Text>
		
		</Main>

	<ColorScheme >
		<AMBIENT_FOGCOLOR>0xFF000000</AMBIENT_FOGCOLOR>
		<AMBIENT_SKYCOLOR></AMBIENT_SKYCOLOR>
		<AMBIENT_CELLCOLOR>0x00FFFFFF</AMBIENT_CELLCOLOR>

		<CAPTION_TEXTCOLOR>0xFFFFFFFF</CAPTION_TEXTCOLOR>
		<CAPTION_BACKCOLOR>0xFF2E438D</CAPTION_BACKCOLOR>
		<DIALOG_BORDERCOLOR>0xFFFFFFFF</DIALOG_BORDERCOLOR>
		<DIALOG_BACKCOLOR>0xFF162043</DIALOG_BACKCOLOR>
		<DIALOG_INNER_BORDERCOLOR>0xFFFFFFFF</DIALOG_INNER_BORDERCOLOR>
		<DIALOG_INNER_BACKCOLOR>0xFF2E438D</DIALOG_INNER_BACKCOLOR>
		<DIALOG_TEXTCOLOR>0xFFFFFFFF</DIALOG_TEXTCOLOR>

		<DIALOG_DISABLEDTEXT>0xFFC0C0C0</DIALOG_DISABLEDTEXT>

		<OPTION_TEXTCOLOR>0xFFFFFFFF</OPTION_TEXTCOLOR>
		<OPTION_ACTIVETEXTCOLOR>0xFCFF0000</OPTION_ACTIVETEXTCOLOR>
		<OPTION_ACTIVEBACKCOLOR></OPTION_ACTIVEBACKCOLOR>

		<BUTTON_BORDERCOLOR></BUTTON_BORDERCOLOR>
		<BUTTON_TEXTCOLOR>0xFF02C90C</BUTTON_TEXTCOLOR>
		<BUTTON_BACKCOLOR>0xCD636482</BUTTON_BACKCOLOR>
		<BUTTON_ACTIVETEXTCOLOR>0xFFFFFFFF</BUTTON_ACTIVETEXTCOLOR>
		<BUTTON_ACTIVEBACKCOLOR>0xE102C90C</BUTTON_ACTIVEBACKCOLOR>	
		
		<KB_KEYBG_HIGHLIGHT>0xCC00C000</KB_KEYBG_HIGHLIGHT>
		<KB_KEYBG_DISABLED>0xffc0c0c0</KB_KEYBG_DISABLED>
		<KB_KEY_PRESSED>0xff808080</KB_KEY_PRESSED>
		<KB_KEY_NORMAL>0xff000000</KB_KEY_NORMAL>
		<KB_KEY_DISABLED>0xff808080</KB_KEY_DISABLED>
		<KB_KEY_ACTIVEBORDER>0xff008000</KB_KEY_ACTIVEBORDER>
		<KB_KEY_TEXTCOLOR>0xff000000</KB_KEY_TEXTCOLOR>
		<KB_KEY_TEXTBACKCOLOR>0xffFFFFFF</KB_KEY_TEXTBACKCOLOR>
		<KB_KEY_TEXTBORDERCOLOR>0xff0000FF</KB_KEY_TEXTBORDERCOLOR>
		
		<MENU_TEXTCOLOR>0x99FFFFFF</MENU_TEXTCOLOR>
		<MENU_ACTIVETEXTCOLOR>0xFFFFFFFF</MENU_ACTIVETEXTCOLOR>
		<MENU_BORDERCOLOR>0x00000000</MENU_BORDERCOLOR>
		<MENU_BACKCOLOR>0x00000000</MENU_BACKCOLOR>
		<MENU_ACTIVEBACKCOLOR></MENU_ACTIVEBACKCOLOR>
		<MENU_ACTIVEBORDERCOLOR></MENU_ACTIVEBORDERCOLOR>
	</ColorScheme>
</Skin>