﻿<Skin name="James Bond ">
    <Information>
        <Author>JWJ</Author>
        <Version>1</Version>
        <Copyright>2005</Copyright>
        <Skinner Name="UX Architect" Version="1.0c" />
    </Information>
    <IntroMovie>ux_intro.wmv</IntroMovie>
    <Filemanager DrawBorder="True">
        <Background>screenshot006.jpg</Background>
    </Filemanager>
    <LoadingScreen ShowInfo="False">
        <Background>Bond 3.jpg</Background>
    </LoadingScreen>
    <Main Globe="False" Orb="False" Fog="False">
        <Background EnableAudio="False">screenshot007.jpg</Background>
        <InfoFont>Square-10.xpr</InfoFont>
        <Text Top="444" Left="429" Width="200" Scroll="0" Color="0xFFFF0000" Source="SkinAuthor" Align="Left" />
        <Text Top="355" Left="462" Width="200" Scroll="0" Color="0xFFFF0000" Source="SongTime" Align="Left" />
        <Text Top="337" Left="461" Width="200" Scroll="0" Color="0xFFFF0000" Source="SoundTrack" Align="Left" />
        <Text Top="318" Left="461" Width="200" Scroll="0" Color="0xFFFF0000" Source="SongName" Align="Left" />
        <Text Top="139" Left="430" Width="200" Scroll="0" Color="0xFFFF0000" Source="Gateway" Align="Left" />
        <Text Top="118" Left="430" Width="200" Scroll="0" Color="0xFFFF0000" Source="Subnet" Align="Left" />
        <Text Top="100" Left="430" Width="200" Scroll="0" Color="0xFFFF0000" Source="IP" Align="Left" />
        <Text Top="265" Left="461" Width="182" Scroll="0" Color="0xFFFF0000" Source="G_Free" Align="Left" />
        <Text Top="242" Left="461" Width="173" Scroll="0" Color="0xFFFF0000" Source="F_Free" Align="Left" />
        <Text Top="217" Left="461" Width="170" Scroll="0" Color="0xFFFF0000" Source="E_Free" Align="Left" />
        <Text Top="194" Left="462" Width="175" Scroll="0" Color="0xFFFF0000" Source="C_Free" Align="Left" />
        <Text Top="51" Left="346" Width="200" Scroll="0" Color="0xFFFF0000" Source="DateTime" Align="Left" />
        <Text Top="248" Left="-349" Width="200" Scroll="0" Color="0xFFFF0000" Source="DVDTitle" Align="Left" />
        <Text Top="51" Left="99" Width="200" Scroll="0" Color="0xFFFF0000" Source="DVDTitle" Align="Left" />
        <Text Top="268" Left="-251" Width="200" Scroll="0" Color="0xFFFFFFFF" Source="DVDTitle" Align="Left" />
        <Shape Type="Rectangle" Left="-138" Top="460" Width="100" Height="100" BorderColor="0xFFFFFFFF" BackColor="0xFF400080"></Shape>
        <Image Source="GamePreview" />
        <Image Top="322" Left="71" Width="64" Height="62" Source="GameIcon" />
        <Image Top="149" Left="174" Width="291" Height="304" Opacity="100">Display.png</Image>
        <Image Top="5" Left="13" Width="622" Height="102" Opacity="100">Shape2.png</Image>
        <Image Top="117" Left="21" Width="168" Height="173" Opacity="100">Square 2.png</Image>
        <Image Top="298" Left="49" Width="109" Height="106" Opacity="100">Square 2.png</Image>
        <Image Top="103" Left="241" Width="155" Height="41" Opacity="100">unleashx7.png</Image>
        <Menu Align="Left" ShowIcon="True" ShowArrows="False">
            <Preview EnableAudio="True" Top="164" Left="60" Width="91" Height="87" />
            <ItemPos Top="218" Left="201" Width="200"></ItemPos>
            <ItemPos Top="258" Left="221" Width="200"></ItemPos>
            <ItemPos Top="298" Left="241" Width="200"></ItemPos>
            <ItemPos Top="338" Left="221" Width="200"></ItemPos>
            <ItemPos Top="378" Left="201" Width="200"></ItemPos>
            <Font>Tahoma-14.xpr</Font>
        </Menu>
        <ColorScheme>
            <AMBIENT_FOGCOLOR>0xFFFFFFFF</AMBIENT_FOGCOLOR>
            <AMBIENT_SKYCOLOR>0xFF400040</AMBIENT_SKYCOLOR>
            <AMBIENT_CELLCOLOR>0xFF8000FF</AMBIENT_CELLCOLOR>
            <CAPTION_TEXTCOLOR>0xFFFF0000</CAPTION_TEXTCOLOR>
            <CAPTION_BACKCOLOR>0xFFFFFFFF</CAPTION_BACKCOLOR>
            <DIALOG_BORDERCOLOR>0xFFFFFFFF</DIALOG_BORDERCOLOR>
            <DIALOG_BACKCOLOR>0xC3400080</DIALOG_BACKCOLOR>
            <DIALOG_INNER_BORDERCOLOR>0xFFFFFFFF</DIALOG_INNER_BORDERCOLOR>
            <DIALOG_INNER_BACKCOLOR>0xFF0080C0</DIALOG_INNER_BACKCOLOR>
            <DIALOG_TEXTCOLOR>0xFFFFFFFF</DIALOG_TEXTCOLOR>
            <DIALOG_DISABLEDTEXT>0xFFB3B3B4</DIALOG_DISABLEDTEXT>
            <OPTION_TEXTCOLOR>0xFFFFFFFF</OPTION_TEXTCOLOR>
            <OPTION_ACTIVETEXTCOLOR>0xFFFFFFFF</OPTION_ACTIVETEXTCOLOR>
            <OPTION_ACTIVEBACKCOLOR>0xFF400080</OPTION_ACTIVEBACKCOLOR>
            <BUTTON_BORDERCOLOR>0xFFFFFFFF</BUTTON_BORDERCOLOR>
            <BUTTON_TEXTCOLOR>0xFFFFFFFF</BUTTON_TEXTCOLOR>
            <BUTTON_BACKCOLOR>0xFF400080</BUTTON_BACKCOLOR>
            <BUTTON_ACTIVETEXTCOLOR>0xFFFFFFFF</BUTTON_ACTIVETEXTCOLOR>
            <BUTTON_ACTIVEBACKCOLOR>0xFF8080FF</BUTTON_ACTIVEBACKCOLOR>
            <KB_KEYBG_HIGHLIGHT>0xFF800080</KB_KEYBG_HIGHLIGHT>
            <KB_KEYBG_DISABLED>0x78C0C0C0</KB_KEYBG_DISABLED>
            <KB_KEY_PRESSED>0xFF8080FF</KB_KEY_PRESSED>
            <KB_KEY_NORMAL>0xFF000000</KB_KEY_NORMAL>
            <KB_KEY_DISABLED>0xFF808080</KB_KEY_DISABLED>
            <KB_KEY_ACTIVEBORDER>0x78FFFFFF</KB_KEY_ACTIVEBORDER>
            <KB_KEY_TEXTCOLOR>0xFF000000</KB_KEY_TEXTCOLOR>
            <KB_KEY_TEXTBACKCOLOR>0xFFFFFFFF</KB_KEY_TEXTBACKCOLOR>
            <KB_KEY_TEXTBORDERCOLOR>0x78FFFFFF</KB_KEY_TEXTBORDERCOLOR>
            <MENU_TEXTCOLOR>0xFFC0C0C0</MENU_TEXTCOLOR>
            <MENU_ACTIVETEXTCOLOR>0xFFFFFFFF</MENU_ACTIVETEXTCOLOR>
            <MENU_BORDERCOLOR>0xFFFFFFFF</MENU_BORDERCOLOR>
            <MENU_BACKCOLOR>0xFF000000</MENU_BACKCOLOR>
            <MENU_ACTIVEBACKCOLOR>0xFF8000FF</MENU_ACTIVEBACKCOLOR>
            <MENU_ACTIVEBORDERCOLOR>0xFFFFFFFF</MENU_ACTIVEBORDERCOLOR>
        </ColorScheme>
    </Main>
</Skin>