﻿<Skin name="Snake Unleashed">
    <Information>
        <Author>ColdReader</Author>
        <Version>1</Version>
        <Copyright>2004</Copyright>
        <Skinner Name="UX Architect" Version="1.0c" />
    </Information>
    <Filemanager>
        <Background>ninja 2.jpg</Background>
    </Filemanager>
    <Main Globe="False" Orb="False" Fog="False">
        <Background EnableAudio="False">Snake2.jpg</Background>
        <InfoFont>Square-10.xpr</InfoFont>
        <Text Top="32" Left="448" Width="200" Scroll="0" Color="0xFF0000FF" Source="SkinVersion" Align="Left" />
        <Text Top="418" Left="337" Width="200" Scroll="0" Color="0xFF0000FF" Source="IP" Align="Left" />
        <Text Top="379" Left="226" Width="200" Scroll="0" Color="0xFF0000A0" Source="SongName" Align="Left" />
        <Text Top="358" Left="228" Width="200" Scroll="0" Color="0xFF0000A0" Source="SoundTrack" Align="Left" />
        <Text Top="102" Left="60" Width="200" Scroll="0" Color="0xFF0000FF" Source="MBTempF" Align="Left" />
        <Text Top="124" Left="60" Width="200" Scroll="0" Color="0xFF0000FF" Source="CPUTempF" Align="Left" />
        <Text Top="11" Left="390" Width="200" Scroll="0" Color="0xFF0000FF" Source="SkinAuthor" Align="Left" />
        <Text Top="33" Left="273" Width="200" Scroll="0" Color="0xFFFF0000" Source="FanSpeed" Align="Left" />
        <Text Top="429" Left="191" Width="200" Scroll="0" Color="0xFF0000FF" Source="F_Total" Align="Left" />
        <Text Top="456" Left="190" Width="200" Scroll="0" Color="0xFF0000FF" Source="F_Free" Align="Left" />
        <Text Top="55" Left="11" Width="200" Scroll="0" Color="0xFF0000FF" Source="E_Free" Align="Left" />
        <Text Top="32" Left="12" Width="200" Scroll="0" Color="0xFF0000FF" Source="E_Total" Align="Left" />
        <Text Top="396" Left="42" Width="200" Scroll="0" Color="0xFF0000FF" Source="DVDTitle" Align="Left" />
        <Image Source="GamePreview" />
        <Image Top="165" Left="308" Width="128" Height="128" Source="GameIcon" />
        <Menu Scroll="True" Align="Left" ShowIcon="True" Rotate="True" ShowArrows="False">
            <Preview EnableAudio="True" Top="303" Left="348" Width="20" Height="20" />
            <Position Top="163" Left="48" Width="211" Height="131" Fixed="True" FixAt="2" MaxItem="4" />
            <Font>20thCentury-12.xpr</Font>
        </Menu>
        <ColorScheme>
            <AMBIENT_FOGCOLOR>0x78FFFFFF</AMBIENT_FOGCOLOR>
            <AMBIENT_SKYCOLOR>0xFF00000F</AMBIENT_SKYCOLOR>
            <AMBIENT_CELLCOLOR>0x7800C000</AMBIENT_CELLCOLOR>
            <CAPTION_TEXTCOLOR>0xFFEAEA47</CAPTION_TEXTCOLOR>
            <CAPTION_BACKCOLOR>0xFF4274FF</CAPTION_BACKCOLOR>
            <DIALOG_BORDERCOLOR>0xFF0000FF</DIALOG_BORDERCOLOR>
            <DIALOG_BACKCOLOR>0xFF000000</DIALOG_BACKCOLOR>
            <DIALOG_INNER_BORDERCOLOR>0xFF0000FF</DIALOG_INNER_BORDERCOLOR>
            <DIALOG_INNER_BACKCOLOR>0xFF000000</DIALOG_INNER_BACKCOLOR>
            <DIALOG_TEXTCOLOR>0xFFFFFFFF</DIALOG_TEXTCOLOR>
            <DIALOG_DISABLEDTEXT>0xFFFF0000</DIALOG_DISABLEDTEXT>
            <OPTION_TEXTCOLOR>0xFFFFFFFF</OPTION_TEXTCOLOR>
            <OPTION_ACTIVETEXTCOLOR>0xFFFFFFFF</OPTION_ACTIVETEXTCOLOR>
            <OPTION_ACTIVEBACKCOLOR>0xFF273CF3</OPTION_ACTIVEBACKCOLOR>
            <BUTTON_BORDERCOLOR>0xFF0000A0</BUTTON_BORDERCOLOR>
            <BUTTON_TEXTCOLOR>0xFFFFFFFF</BUTTON_TEXTCOLOR>
            <BUTTON_BACKCOLOR>0xFF273CF3</BUTTON_BACKCOLOR>
            <BUTTON_ACTIVETEXTCOLOR>0xFFFFFFFF</BUTTON_ACTIVETEXTCOLOR>
            <BUTTON_ACTIVEBACKCOLOR>0xFF0000FF</BUTTON_ACTIVEBACKCOLOR>
            <KB_KEYBG_HIGHLIGHT>0xFF0000FF</KB_KEYBG_HIGHLIGHT>
            <KB_KEYBG_DISABLED>0x78C0C0C0</KB_KEYBG_DISABLED>
            <KB_KEY_PRESSED>0xFFFFFFFF</KB_KEY_PRESSED>
            <KB_KEY_NORMAL>0xFF0000FF</KB_KEY_NORMAL>
            <KB_KEY_DISABLED>0xFFFFFFFF</KB_KEY_DISABLED>
            <KB_KEY_ACTIVEBORDER>0xFF0000A0</KB_KEY_ACTIVEBORDER>
            <KB_KEY_TEXTCOLOR>0xFFFFFFFF</KB_KEY_TEXTCOLOR>
            <KB_KEY_TEXTBACKCOLOR>0xFF0000A0</KB_KEY_TEXTBACKCOLOR>
            <KB_KEY_TEXTBORDERCOLOR>0x78FFFFFF</KB_KEY_TEXTBORDERCOLOR>
            <MENU_TEXTCOLOR>0xFF0000A0</MENU_TEXTCOLOR>
            <MENU_ACTIVETEXTCOLOR>0xFFFFFFFF</MENU_ACTIVETEXTCOLOR>
            <MENU_BORDERCOLOR>0xFFFFFFFF</MENU_BORDERCOLOR>
            <MENU_BACKCOLOR>0xFF000000</MENU_BACKCOLOR>
            <MENU_ACTIVEBACKCOLOR>0xFF0000FF</MENU_ACTIVEBACKCOLOR>
            <MENU_ACTIVEBORDERCOLOR>0xFFFFFFFF</MENU_ACTIVEBORDERCOLOR>
        </ColorScheme>
    </Main>
</Skin>