<Skin name="BluFlu">
	<Information>
		<Author>JohnCrichton</Author>
		<Copyright>Copyright 2004</Copyright>
                <Version>1.0</Version>
	</Information>
<IntroMovie>"intro.wmv"</IntroMovie>
                <Main Globe="False" Orb="False">
		<BackGround EnableAudio="True">bg.wmv</BackGround>


<Image Left="0" Top="0" Width="640" Height="480" Opacity="100">menu.png</ Shape >
<Image Left="192" Top="28" Width="110" Height="120" Opacity="50">bg.png</ Shape >
<Image Left="192" Top="234" Width="110" Height="120" Opacity="50">bg.png</ Shape >
<Image Left="377" Top="101" Width="258" Height="175" Opacity="50">bg2.png</ Shape >

<Image Top="28" Left="192" Width="110" Height="120" Source="GameIcon" />
<Image Top="234" Left="192" Width="110" Height="120" Source="GamePreview" />
<Image Source="GamePreview"/>
<Menu Smooth="False" Align="Middle" ShowIcon="False" Rotate="False" ShowArrows="False">
            <Preview EnableAudio="True" Top="234" Left="192" Width="110" Height="120" />
            <Position left="382" Top="115" Width="245" Height="150"/>
            <Font>text.xpr</Font>
        </Menu>

<InfoFont>info.xpr</InfoFont>	
<Text Left="390" Top="27" Color="0xFFffffff" Source="$Tray$"></Text>	
<Text Left="185" Top="171" Align="left" Color="0xff000000" Source="$Time$"></Text>
<Text Left="347" Top="339" Width="270" Align="left" Scroll="2" Color="0xffffffff" Source="$Newsfeed$" />
<Text Left="295" Top="420" Align="left" Color="0xffffffff" Source="C: $C_FreeMB$"></Text>
<Text Left="295" Top="435" Align="left" Color="0xffffffff" Source="E: $E_FreeMB$"></Text>
<Text Left="295" Top="450" Align="left" Color="0xffffffff" Source="F: $F_FreeMB$"></Text>


<Text Left="380" Top="82" Align="left" Color="0xffffffff" Source="Name: $NickName$"/>
<Text Left="560" Top="82" Align="left" Color="0xffffffff" Source="$Version$"/>
<Text Left="73" Top="432" Align="left" Width="190" Color="0xffffffff" Source="SYS: $VideoMode$"/>
<Text Left="380" Top="289" Align="left" Width="190" Color="0xffffffff" Source="IP"/>
<Text Left="560" Top="289" Align="left" Width="580" Color="0xffffffff" Source="Users: $NumClient$"/>
<Text Left="73" Top="400" Align="left" Color="0xFFffffff" Source="CPUTemp"></Text>
<Text Left="73" Top="416" Align="left" Color="0xFFffffff" Source="MBTemp"></Text>
<Text Left="73" Top="448" Align="left" Width="190" Color="0xffffffff" Source="Fan: $FanSpeed$"/>
<Text Left="429" Top="420" Align="Left" Width="140" Color="0xFFFFFFFF" Source="$SongName$" />
<Text Left="429" Top="435" Align="Left" Width="140" Color="0xFFFFFFFF" Source="        - From -" />
<Text Left="429" Top="450" Align="Left" Width="140" Color="0xFFFFFFFF" Source="SoundTrack" />
<Text Left="515" Top="402" Align="Left" Color="0xFFFFFFFF" Source="$SongTime$" />
	</Main>
	<LoadingScreen ShowInfo="True" EnableAudio="True">
		<BackGround EnableAudio="True">"Loading.wmv"</BackGround>
	</LoadingScreen>
	<ColorScheme>
			<AMBIENT_SKYCOLOR>0xFF5885B2</AMBIENT_SKYCOLOR>
			<AMBIENT_CELLCOLOR>0xFFD0F1E9</AMBIENT_CELLCOLOR>
			
			<CAPTION_TEXTCOLOR>0xffffffff</CAPTION_TEXTCOLOR>
			<CAPTION_BACKCOLOR>0xff000000</CAPTION_BACKCOLOR>
			
			<DIALOG_BORDERCOLOR>0xffB1B1B1</DIALOG_BORDERCOLOR>
			
			<DIALOG_BACKCOLOR>0xff3C67A8</DIALOG_BACKCOLOR>
			<DIALOG_INNER_BORDERCOLOR>0xff4288A8</DIALOG_INNER_BORDERCOLOR>
			<DIALOG_INNER_BACKCOLOR>0xff343434</DIALOG_INNER_BACKCOLOR>
			<DIALOG_TEXTCOLOR>0xFFffffff</DIALOG_TEXTCOLOR>
			<DIALOG_DISABLEDTEXT>0xff909090</DIALOG_DISABLEDTEXT>
			
			<OPTION_TEXTCOLOR>0xFFffffff</OPTION_TEXTCOLOR>
			<OPTION_ACTIVETEXTCOLOR>0xff000000</OPTION_ACTIVETEXTCOLOR>
			<OPTION_ACTIVEBACKCOLOR>0xffb1b1b1</OPTION_ACTIVEBACKCOLOR>
			
			<BUTTON_BORDERCOLOR>0xff343434</BUTTON_BORDERCOLOR>
			<BUTTON_TEXTCOLOR>0xff000000</BUTTON_TEXTCOLOR>
			<BUTTON_BACKCOLOR>0xffc0c0c0</BUTTON_BACKCOLOR>
			<BUTTON_ACTIVETEXTCOLOR>0xff0000005</BUTTON_ACTIVETEXTCOLOR>
			<BUTTON_ACTIVEBACKCOLOR>0xffb1b1b1</BUTTON_ACTIVEBACKCOLOR>
			
			<KB_KEYBG_HIGHLIGHT>0xccA1C5E1</KB_KEYBG_HIGHLIGHT>
			<KB_KEYBG_DISABLED>0xff3567A5</KB_KEYBG_DISABLED>
			<KB_KEY_PRESSED>0xccA1C5E1</KB_KEY_PRESSED>
			<KB_KEY_NORMAL>0xff3567A5</KB_KEY_NORMAL>
			<KB_KEY_DISABLED>0xff3567A5</KB_KEY_DISABLED>
			
			<KB_KEY_ACTIVEBORDER>0xffABDBF1</KB_KEY_ACTIVEBORDER>
			<KB_KEY_TEXTCOLOR>0xffABDBF1</KB_KEY_TEXTCOLOR>
			<KB_KEY_TEXTBACKCOLOR>0xff3567A5</KB_KEY_TEXTBACKCOLOR>
			<KB_KEY_TEXTBORDERCOLOR>0xff3567A5</KB_KEY_TEXTBORDERCOLOR>
			
			<MENU_TEXTCOLOR>0xff000000</MENU_TEXTCOLOR>
			<MENU_ACTIVETEXTCOLOR>0xffffffff</MENU_ACTIVETEXTCOLOR>
			<MENU_BORDERCOLOR>0x00000000</MENU_BORDERCOLOR>
			<MENU_BACKCOLOR>0xFF000fff</MENU_BACKCOLOR>
			

	</ColorScheme>
</Skin>