﻿<Skin name="Test">
    <Information>
        <Author>Treffner</Author>
        <Version>1</Version>
        <Copyright>2006</Copyright>
        <Skinner Name="UX Architect" Version="1.0c" />
    </Information>
    <IntroMovie>preview.wmv</IntroMovie>
    <Filemanager SafeBorder="False">
        <Background>shadows 3.png</Background>
    </Filemanager>
    <LoadingScreen ShowInfo="False">
        <Background>loading.jpg</Background>
    </LoadingScreen>
    <Main Globe="False" Fog="False">
        <Background EnableAudio="False">blue-swirl.jpg</Background>
        <Cellwall>shadows 3.png</Cellwall>
        <InfoFont>Square-10.xpr</InfoFont>
        <Text Top="280" Left="491" Width="116" Scroll="0" Color="0xFF00FF40" Source="C_Free" Align="Middle" />
        <Text Top="312" Left="491" Width="116" Scroll="0" Color="0xFF00FF40" Source="C_Total" Align="Middle" />
        <Text Top="342" Left="492" Width="116" Scroll="0" Color="0xFF00FF40" Source="E_Free" Align="Middle" />
        <Text Top="369" Left="491" Width="116" Scroll="0" Color="0xFF00FF40" Source="E_Total" Align="Middle" />
        <Text Top="399" Left="491" Width="116" Scroll="0" Color="0xFF00FF40" Source="Time" Align="Middle" />
        <Text Top="429" Left="494" Width="116" Scroll="0" Color="0xFF00FF40" Source="ChipID" Align="Middle" />
        <Text Top="6" Left="207" Width="208" Scroll="0" Color="0xFF00FF40" Source="DVDTitle" Align="Middle" />
        <Text Top="460" Left="266" Width="113" Scroll="0" Color="0xFF00FF40" Source="Treffner Skin 1" Align="Middle" />
        <Shape Type="RoundedBox" Left="6" Top="70" Width="182" Height="379" BorderColor="0xFF00FF00" BackColor="0xFF000000"></Shape>
        <Menu Scroll="True" Smooth="True" Align="Right" ShowIcon="True" ShowArrows="False">
            <ItemPos Top="126" Left="15" Width="169"></ItemPos>
            <ItemPos Top="181" Left="14" Width="169"></ItemPos>
            <ItemPos Top="249" Left="14" Width="169"></ItemPos>
            <ItemPos Top="309" Left="12" Width="169"></ItemPos>
            <ItemPos Top="356" Left="15" Width="169"></ItemPos>
            <Font>Square-12.xpr</Font>
        </Menu>
        <ColorScheme>
            <AMBIENT_FOGCOLOR>0x7800FF40</AMBIENT_FOGCOLOR>
            <AMBIENT_SKYCOLOR>0xFF000000</AMBIENT_SKYCOLOR>
            <AMBIENT_CELLCOLOR>0x7800FF40</AMBIENT_CELLCOLOR>
            <CAPTION_TEXTCOLOR>0xFF00FF40</CAPTION_TEXTCOLOR>
            <CAPTION_BACKCOLOR>0xFF000000</CAPTION_BACKCOLOR>
            <DIALOG_BORDERCOLOR>0xFF00FF00</DIALOG_BORDERCOLOR>
            <DIALOG_BACKCOLOR>0xFF000000</DIALOG_BACKCOLOR>
            <DIALOG_INNER_BORDERCOLOR>0xFF00FF40</DIALOG_INNER_BORDERCOLOR>
            <DIALOG_INNER_BACKCOLOR>0xFF000000</DIALOG_INNER_BACKCOLOR>
            <DIALOG_TEXTCOLOR>0xFF00FF40</DIALOG_TEXTCOLOR>
            <DIALOG_DISABLEDTEXT>0xFFCCFFCC</DIALOG_DISABLEDTEXT>
            <OPTION_TEXTCOLOR>0xFF00FF40</OPTION_TEXTCOLOR>
            <OPTION_ACTIVETEXTCOLOR>0xFF00FF40</OPTION_ACTIVETEXTCOLOR>
            <OPTION_ACTIVEBACKCOLOR>0xFF0000FF</OPTION_ACTIVEBACKCOLOR>
            <BUTTON_BORDERCOLOR>0xFF00FF40</BUTTON_BORDERCOLOR>
            <BUTTON_TEXTCOLOR>0xFFCCFFCC</BUTTON_TEXTCOLOR>
            <BUTTON_BACKCOLOR>0xFF000000</BUTTON_BACKCOLOR>
            <BUTTON_ACTIVETEXTCOLOR>0xFF00FF40</BUTTON_ACTIVETEXTCOLOR>
            <BUTTON_ACTIVEBACKCOLOR>0xFF0000FF</BUTTON_ACTIVEBACKCOLOR>
            <KB_KEYBG_HIGHLIGHT>0xFF80FF00</KB_KEYBG_HIGHLIGHT>
            <KB_KEYBG_DISABLED>0x7880FF80</KB_KEYBG_DISABLED>
            <KB_KEY_PRESSED>0xFF00FF40</KB_KEY_PRESSED>
            <KB_KEY_NORMAL>0xFF000000</KB_KEY_NORMAL>
            <KB_KEY_DISABLED>0xFF000000</KB_KEY_DISABLED>
            <KB_KEY_ACTIVEBORDER>0xFF00FF40</KB_KEY_ACTIVEBORDER>
            <KB_KEY_TEXTCOLOR>0xFF00FF00</KB_KEY_TEXTCOLOR>
            <KB_KEY_TEXTBACKCOLOR>0xFF000000</KB_KEY_TEXTBACKCOLOR>
            <KB_KEY_TEXTBORDERCOLOR>0x78000000</KB_KEY_TEXTBORDERCOLOR>
            <MENU_TEXTCOLOR>0xFF00FF40</MENU_TEXTCOLOR>
            <MENU_ACTIVETEXTCOLOR>0xFF00FF40</MENU_ACTIVETEXTCOLOR>
            <MENU_BORDERCOLOR>0xFF00FF40</MENU_BORDERCOLOR>
            <MENU_BACKCOLOR>0xFF000000</MENU_BACKCOLOR>
            <MENU_ACTIVEBACKCOLOR>0xFF0000FF</MENU_ACTIVEBACKCOLOR>
            <MENU_ACTIVEBORDERCOLOR>0xFF0000FF</MENU_ACTIVEBORDERCOLOR>
        </ColorScheme>
    </Main>
</Skin>