<Skin Name="Xbox Media Experiance V2">

 <Information>
    <Author>Dunny</Author>
    <Copyright>2004</Copyright>
    <Version>1</Version>
 </Information>

 <Main globe="False" Orb="False">
  <Background>bg.png</background>
	<Image Top="0" Left="0" width="640" Height="54">top.png</Image>
    <Image Top="93" Left="55" width="251" Height="340" Source="GameIcon"/>

    <Menu smooth="False" Align="Middle" ShowArrows="False" ShowIcon="False" Rotate="False">
	<ItemPos Left="371" Top="130" width="200" Align="Middle"></ItemPos>
	<ItemPos Left="371" Top="170" width="200" Align="Middle"></ItemPos>
	<ItemPos Left="371" Top="208" width="200" Align="Middle"></ItemPos>
	<ItemPos Left="371" Top="248" width="200" Align="Middle"></ItemPos>
	<ItemPos Left="371" Top="286" width="200" Align="Middle"></ItemPos>
	<ItemPos Left="371" Top="325" width="200" Align="Middle"></ItemPos>
	<ItemPos Left="371" Top="364" width="200" Align="Middle"></ItemPos>
	<Font>CatholicSchoolGirls.xpr</Font>
    </Menu>

 <InfoFont>DigitalD8.xpr</InfoFont>
 <Text Left="40" Top="27" Width="562" Color="0xFFFFFFFF" Source="Time:$Time$  Date:Date  IP:$IP$  Track:SongName  Album:Soundrack" Scroll="1"></Text>
</Main>

 <ColorScheme>
    <MENU_TEXTCOLOR>0xFF5786DF</MENU_TEXTCOLOR>
    <MENU_ACTIVETEXTCOLOR>0xFFFFFFFF</MENU_ACTIVETEXTCOLOR>
 </ColorSceme>
</Skin>








































