﻿<Skin name="Want a smoke">
    <Information>
        <Author>mrStumpy</Author>
        <Version>2</Version>
        <Copyright>2004</Copyright>
    </Information>
    <Filemanager>
        <Background>CareForASmoke_640x480.jpg</Background>
    </Filemanager>
    <LoadingScreen ShowInfo="False">
        <Background>CareForASmoke_640x480_Loading.jpg</Background>
    </LoadingScreen>
    <Main Globe="False" Orb="False" Fog="True">
        <Background EnableAudio="False">clear_white.jpg</Background>
        <Menu Scroll="True" Smooth="False" Align="Left" ShowIcon="False" Rotate="True" ShowArrows="False" Horizontal="False">
            <Position Top="80" Left="14" Width="255" Height="355" Fixed="False" FixAt="5" MaxItem="9" />
            <Font>Trebuchet-12.xpr</Font>
        </Menu>
        <InfoFont>Trebuchet-10.xpr</InfoFont>
        <Text Top="443" Left="11" Width="321" Scroll="0" Color="0xFFFF8080" Source="NewsSource" />
        <Text Top="458" Left="12" Width="622" Scroll="0" Color="0xFFFF8080" Source="Newsfeed" />
        <Text Top="53" Left="15" Width="256" Scroll="0" Color="0xFFFF8080" Source="$SongName$" />
        <Text Top="10" Left="14" Width="200" Scroll="0" Color="0xFFFF8080" Source="Date" />
        <Text Top="25" Left="15" Width="200" Scroll="0" Color="0xFFFF8080" Source="Time" />
        <Text Top="39" Left="15" Width="200" Scroll="0" Color="0xFFFF8080" Source="Tray" />
        <Shape Type="RoundedBox" Left="11" Top="444" Width="262" Height="17" BorderColor="0xFF000000" BackColor="0xFFFFFFFF"></Shape>
        <Shape Type="RoundedBox" Left="11" Top="77" Width="262" Height="361" BorderColor="0xFF000000" BackColor="0xFFFFFFFF"></Shape>
        <Shape Type="RoundedBox" Left="11" Top="7" Width="262" Height="62" BorderColor="0xFF000000" BackColor="0xFFFFFFFF"></Shape>
        <Image Top="7" Left="320" Width="296" Height="62" Opacity="100">UNLEASX_icon.jpg</Image>
        <Image Top="224" Left="139" Width="489" Height="243" Opacity="100">CareForASmoke_640x480_icon.jpg</Image>
        <ColorScheme>
            <AMBIENT_FOGCOLOR>0x78FFFFFF</AMBIENT_FOGCOLOR>
            <AMBIENT_SKYCOLOR>0x7800000F</AMBIENT_SKYCOLOR>
            <AMBIENT_CELLCOLOR>0x78000000</AMBIENT_CELLCOLOR>
            <CAPTION_TEXTCOLOR>0x78000000</CAPTION_TEXTCOLOR>
            <CAPTION_BACKCOLOR>0x78000000</CAPTION_BACKCOLOR>
            <DIALOG_BORDERCOLOR>0x5A000000</DIALOG_BORDERCOLOR>
            <DIALOG_BACKCOLOR>0x5AFF0000</DIALOG_BACKCOLOR>
            <DIALOG_INNER_BORDERCOLOR>0x5A000000</DIALOG_INNER_BORDERCOLOR>
            <DIALOG_INNER_BACKCOLOR>0x5A000000</DIALOG_INNER_BACKCOLOR>
            <DIALOG_TEXTCOLOR>0x78000000</DIALOG_TEXTCOLOR>
            <DIALOG_DISABLEDTEXT>0x78B3B3B4</DIALOG_DISABLEDTEXT>
            <OPTION_TEXTCOLOR>0x78000000</OPTION_TEXTCOLOR>
            <OPTION_ACTIVETEXTCOLOR>0x78000000</OPTION_ACTIVETEXTCOLOR>
            <OPTION_ACTIVEBACKCOLOR>0x32FF0000</OPTION_ACTIVEBACKCOLOR>
            <BUTTON_BORDERCOLOR>0x5A000000</BUTTON_BORDERCOLOR>
            <BUTTON_TEXTCOLOR>0x5A000000</BUTTON_TEXTCOLOR>
            <BUTTON_BACKCOLOR>0x5AFF0000</BUTTON_BACKCOLOR>
            <BUTTON_ACTIVETEXTCOLOR>0x78000000</BUTTON_ACTIVETEXTCOLOR>
            <BUTTON_ACTIVEBACKCOLOR>0x5A000000</BUTTON_ACTIVEBACKCOLOR>
            <KB_KEYBG_HIGHLIGHT>0x5AFF0000</KB_KEYBG_HIGHLIGHT>
            <KB_KEYBG_DISABLED>0x5AC0C0C0</KB_KEYBG_DISABLED>
            <KB_KEY_PRESSED>0x5A000000</KB_KEY_PRESSED>
            <KB_KEY_NORMAL>0x5A000000</KB_KEY_NORMAL>
            <KB_KEY_DISABLED>0x32808080</KB_KEY_DISABLED>
            <KB_KEY_ACTIVEBORDER>0xFFFF0000</KB_KEY_ACTIVEBORDER>
            <KB_KEY_TEXTCOLOR>0x96000000</KB_KEY_TEXTCOLOR>
            <KB_KEY_TEXTBACKCOLOR>0x32FFFFFF</KB_KEY_TEXTBACKCOLOR>
            <KB_KEY_TEXTBORDERCOLOR>0x78000000</KB_KEY_TEXTBORDERCOLOR>
            <MENU_TEXTCOLOR>0x5A000000</MENU_TEXTCOLOR>
            <MENU_ACTIVETEXTCOLOR>0x96000000</MENU_ACTIVETEXTCOLOR>
            <MENU_BORDERCOLOR>0x5A000000</MENU_BORDERCOLOR>
            <MENU_BACKCOLOR>0x32000000</MENU_BACKCOLOR>
            <MENU_ACTIVEBACKCOLOR>0x5AFFFFFF</MENU_ACTIVEBACKCOLOR>
            <MENU_ACTIVEBORDERCOLOR>0x32000000</MENU_ACTIVEBORDERCOLOR>
        </ColorScheme>
    </Main>
</Skin>