﻿<Skin name="Xbox180 v4">
    <Information>
        <Author>Pink_Panther</Author>
        <Version>1</Version>
        <Copyright>2005</Copyright>
        <Skinner Name="UX Architect" Version="1.0c" />
    </Information>
    <Filemanager SafeBorder="False">
        <Background>filemanager.png</Background>
    </Filemanager>
    <LoadingScreen ShowInfo="False">
        <Background>loading.png</Background>
    </LoadingScreen>

    <Fonts>
	<Font Name="Square">Square-10.xpr</Font>
	<Font Name="Square12">Square-12.xpr</Font>
	<Font Name="Agency">Agency.xpr</Font>
	<Font Name="197912">1979-12.xpr</font>
    </Fonts>

    <Main Globe="False" Orb="False" Fog="False">
        <Background EnableAudio="False">xbox180 v4.png</Background>
        <InfoFont>Square-10.xpr</InfoFont>
        <Text Top="445" Left="432" Width="190" Scroll="0" Color="0xFFFFFFFF" Source="F_FreeMB" Align="Left" />
        <Text Top="411" Left="116" Width="273" Scroll="0" Color="0xFFFFFFFF" Source="SongName" Align="Left" />
        <Text Top="411" Left="433" Width="123" Scroll="0" Color="0xFFFFFFFF" Source="Tray" Align="Left" />
        <Text Top="447" Left="116" Width="200" Scroll="0" Color="0xFFFFFFFF" Source="SongTime" Align="Left" />
        <Text Top="43" Left="445" Width="181" Scroll="1" Color="0xFFFFFFFF" Source="Time" Align="Left" />
        <Text Top="60" Left="33" Width="200" Scroll="0" Color="0xFFFFFFFF" Source="IP" Align="Left" />
        <Text Top="428" Left="432" Width="190" Scroll="0" Color="0xFFFFFFFF" Source="E_FreeMB" Align="Left" />
        <Text Top="60" Left="444" Width="176" Scroll="1" Color="0xFFFFFFFF" Source="Date" Align="Left" />
        <Text Top="429" Left="116" Width="200" Scroll="1" Color="0xFFFFFFFF" Source="SoundTrack" Align="Left" />
        <Image Source="GamePreview" />
        <Image Top="403" Left="32" Width="75" Height="72" Source="GameIcon" />
        <Menu Align="Left" ShowIcon="False" ShowArrows="False">
            <Preview EnableAudio="False" Top="87" Left="31" Width="318" Height="307" />
            <Position Top="87" Left="355" Width="251" Height="306" Fixed="False" FixAt="2" MaxItem="4" />
            <Font>Square-10.xpr</Font>
        </Menu>
    </Main>

<MusicPlayer Left="19" Top="86" Width="272" Height="197" >
		<BackGround>main_back.png</BackGround>

		<!-- back image of the peak meter and mask for the volume -->
		<!-- Progress and volume must be under this image, hence zIndex > 0 -->
		<Image Left="35" Top="93" Width="248" Height="141" zIndex="1">vizbg.png</Image>
		<!-- cover image must be drawn on top of everything, zIndex=10 should be fine -->
		<Image Left="0" Top="0" Width="640" Height="480" zIndex="10">viz_cover.png</Image>


		<ButtonMap>ButtonMap.png</ButtonMap>	
		<Element Type="Prev" Left="45" Top="245" Width="30" Height="30" />
		<Element Type="Play" Left="75" Top="245" Width="30" Height="30" />
		<Element Type="Pause" Left="105" Top="245" Width="30" Height="30" />
		<Element Type="Stop" Left="135" Top="245" Width="30" Height="30" />
		<Element Type="Next" Left="165" Top="245" Width="30" Height="30" />
		<Element Type="PrevTrack" Left="195" Top="245" Width="30" Height="30" />
		<Element Type="NextTrack" Left="225" Top="245" Width="30" Height="30" />
		<Element Type="Random" Left="334" Top="168" Width="30" Height="18" zIndex="2" />
		<Element Type="Mute" Left="372" Top="168" Width="30" Height="18" zIndex="2" />
		<Element Type="Progress" Left="38" Top="300" Width="162" Height="16" />
		<Element Type="Volume" Left="38" Top="320" Width="162" Height="16" />

		<Element Type="Meter" Left="35" Top="135" Width="250" Height="60" zIndex="2" />
		<Element Type="SongStatus" Left="39" Top="104" Width="10" Height="10" zIndex="2" />

		<Text Left="55" Top="90" Width="238" Height="30" Color="0xFFFFFFFF" Source="SongTime" Font="Square12" Align="left" ScaleX="185" ScaleY="185" zIndex="3"/>
		<Text Left="41" Top="213" Width="238" Height="25" Color="0xFFFFFFFF" Source="SongTrack" Scroll="3" Font="Square12" Align="left" ScaleX="100" ScaleY="100" zIndex="3"/>

		<Playlist Top="86" Left="292" Width="328" Height="310" OffsetX="7" OffsetY="7">
			<BackGround>pl_back.png</BackGround>
		</Playlist>
		
	</MusicPlayer>

        <ColorScheme>
	    
	    <MMDarkBackColor>0x88888888</MMDarkBackColor>
	    <MMDarkBarColor>0xFFFFFFFF</MMDarkBarColor>
            <AMBIENT_FOGCOLOR>0x78FFFFFF</AMBIENT_FOGCOLOR>
            <AMBIENT_SKYCOLOR>0xFF444444</AMBIENT_SKYCOLOR>
            <AMBIENT_CELLCOLOR>0x7800C000</AMBIENT_CELLCOLOR>
            <CAPTION_TEXTCOLOR>0xFFFFFFFF</CAPTION_TEXTCOLOR>
            <CAPTION_BACKCOLOR>0x45454545</CAPTION_BACKCOLOR>
            <DIALOG_BORDERCOLOR>0xFFE5E5E5</DIALOG_BORDERCOLOR>
            <DIALOG_BACKCOLOR>0xFF4F4F4F</DIALOG_BACKCOLOR>
            <DIALOG_INNER_BORDERCOLOR>0xFFFFFFFF</DIALOG_INNER_BORDERCOLOR>
            <DIALOG_INNER_BACKCOLOR>0xFF666666</DIALOG_INNER_BACKCOLOR>
            <DIALOG_TEXTCOLOR>0xFFFFFFFF</DIALOG_TEXTCOLOR>
            <DIALOG_DISABLEDTEXT>0xFF000000</DIALOG_DISABLEDTEXT>
            <OPTION_TEXTCOLOR>0xFFFFFFFF</OPTION_TEXTCOLOR>
            <OPTION_ACTIVETEXTCOLOR>0xFFFFFFFF</OPTION_ACTIVETEXTCOLOR>
            <OPTION_ACTIVEBACKCOLOR>0x45454545</OPTION_ACTIVEBACKCOLOR>
            <BUTTON_BORDERCOLOR>0xFFFFFFFF</BUTTON_BORDERCOLOR>
            <BUTTON_TEXTCOLOR>0xFFFFFFFF</BUTTON_TEXTCOLOR>
            <BUTTON_BACKCOLOR>0xFF444444</BUTTON_BACKCOLOR>
            <BUTTON_ACTIVETEXTCOLOR>0xFFFFFFFF</BUTTON_ACTIVETEXTCOLOR>
            <BUTTON_ACTIVEBACKCOLOR>0xFF6B6B6B</BUTTON_ACTIVEBACKCOLOR>
            <KB_KEYBG_HIGHLIGHT>0xFFB5B5B5</KB_KEYBG_HIGHLIGHT>
            <KB_KEYBG_DISABLED>0x78404040</KB_KEYBG_DISABLED>
            <KB_KEY_PRESSED>0xFF818181</KB_KEY_PRESSED>
            <KB_KEY_NORMAL>0xFF000000</KB_KEY_NORMAL>
            <KB_KEY_DISABLED>0xFFFFFFFF</KB_KEY_DISABLED>
            <KB_KEY_ACTIVEBORDER>0x00FF0000</KB_KEY_ACTIVEBORDER>
            <KB_KEY_TEXTCOLOR>0xFF000000</KB_KEY_TEXTCOLOR>
            <KB_KEY_TEXTBACKCOLOR>0xFFFFFFFF</KB_KEY_TEXTBACKCOLOR>
            <KB_KEY_TEXTBORDERCOLOR>0x78BBBBBB</KB_KEY_TEXTBORDERCOLOR>
            <MENU_TEXTCOLOR>0x6AFFFFFF</MENU_TEXTCOLOR>
            <MENU_ACTIVETEXTCOLOR>0xFFFFFFFF</MENU_ACTIVETEXTCOLOR>
        </ColorScheme>

</Skin>