﻿<Skin name="NoRealReason.com">
    <Information>
        <Author>NoRealReason.com</Author>
        <Version>2</Version>
        <Copyright>2006</Copyright>
        <Skinner Name="UX Architect" Version="1.0c" />
    </Information>
    <IntroMovie>X_Box.wmv</IntroMovie>
    <Filemanager SafeBorder="False">
        <Background>filemgr.PNG</Background>
    </Filemanager>
    <LoadingScreen ShowInfo="True">
        <Background>GamePreview</Background>
    </LoadingScreen>
    <Main Globe="False" Orb="False" Fog="False">
        <Background EnableAudio="False">background1.PNG</Background>
        <InfoFont>CourierNew-12.xpr</InfoFont>
        <Text Top="341" Left="18" Width="200" Scroll="1" Color="0xFFFF0000" Source="SongTime" Align="Left" />
        <Text Top="83" Left="374" Width="200" Scroll="1" Color="0xFFFF0000" Source="DVDTitle" Align="Left" />
        <Text Top="422" Left="350" Width="200" Scroll="1" Color="0xFFFF0000" Source="SkinAuthor" Align="Left" />
        <Text Top="443" Left="350" Width="200" Scroll="1" Color="0xFFFF0000" Source="SkinVersion" Align="Left" />
        <Text Top="306" Left="17" Width="200" Scroll="1" Color="0xFFFF0000" Source="SongName" Align="Left" />
        <Text Top="323" Left="17" Width="200" Scroll="1" Color="0xFFFF0000" Source="SoundTrack" Align="Left" />
        <Text Top="398" Left="20" Width="609" Scroll="1" Color="0xFFFF0000" Source="Newsfeed" Align="Left" />
        <Text Top="43" Left="20" Width="200" Scroll="0" Color="0xFF000000" Source="F_FreeMB" Align="Left" />
        <Text Top="27" Left="19" Width="200" Scroll="0" Color="0xFF000000" Source="G_FreeMB" Align="Left" />
        <Text Top="425" Left="21" Width="200" Scroll="0" Color="0xFF000000" Source="IP" Align="Left" />
        <Text Top="442" Left="20" Width="200" Scroll="0" Color="0xFF000000" Source="NickName" Align="Left" />
        <Text Top="24" Left="533" Width="200" Scroll="0" Color="0xFF000000" Source="DVDType" Align="Left" />
        <Text Top="41" Left="535" Width="200" Scroll="0" Color="0xFF000000" Source="Tray" Align="Left" />
        <Text Top="135" Left="386" Width="51" Scroll="0" Color="0xFFFF0000" Source="Game:" Align="Left" />
        <Text Top="301" Left="387" Width="200" Scroll="0" Color="0xFFFF0000" Source="Date" Align="Left" />
        <Text Top="320" Left="388" Width="200" Scroll="0" Color="0xFFFF0000" Source="Time" Align="Left" />
        <Text Top="289" Left="40" Width="66" Scroll="0" Color="0xFFFF0000" Source="Audio:" Align="Left" />
        <Image Top="155" Left="386" Width="143" Height="130" Source="GameIcon" />
        <Image Source="GamePreview" />
        <Menu Smooth="True" Align="Left" ShowIcon="False" ShowArrows="False">
            <Preview EnableAudio="True" Top="102" Left="388" Width="33" Height="33" />
            <ItemPos Top="81" Left="29" Width="283"></ItemPos>
            <ItemPos Top="126" Left="49" Width="273"></ItemPos>
            <ItemPos Top="170" Left="57" Width="282"></ItemPos>
            <ItemPos Top="216" Left="68" Width="288"></ItemPos>
            <ItemPos Top="258" Left="79" Width="292"></ItemPos>
            <Font>BookAntiqua-14.xpr</Font>
        </Menu>
        <ColorScheme>
            <AMBIENT_FOGCOLOR>0x00800000</AMBIENT_FOGCOLOR>
            <AMBIENT_SKYCOLOR>0x0000000F</AMBIENT_SKYCOLOR>
            <AMBIENT_CELLCOLOR>0x0000C000</AMBIENT_CELLCOLOR>
            <CAPTION_TEXTCOLOR>0xFF800000</CAPTION_TEXTCOLOR>
            <CAPTION_BACKCOLOR>0x00800000</CAPTION_BACKCOLOR>
            <DIALOG_BORDERCOLOR>0x00FFFFFF</DIALOG_BORDERCOLOR>
            <DIALOG_BACKCOLOR>0xFF000000</DIALOG_BACKCOLOR>
            <DIALOG_INNER_BORDERCOLOR>0xFF800000</DIALOG_INNER_BORDERCOLOR>
            <DIALOG_INNER_BACKCOLOR>0xFF800000</DIALOG_INNER_BACKCOLOR>
            <DIALOG_TEXTCOLOR>0xFF000000</DIALOG_TEXTCOLOR>
            <DIALOG_DISABLEDTEXT>0x9FC0C0C0</DIALOG_DISABLEDTEXT>
            <OPTION_TEXTCOLOR>0xFFFF0000</OPTION_TEXTCOLOR>
            <OPTION_ACTIVETEXTCOLOR>0xFF000000</OPTION_ACTIVETEXTCOLOR>
            <OPTION_ACTIVEBACKCOLOR>0xFFFF0000</OPTION_ACTIVEBACKCOLOR>
            <BUTTON_BORDERCOLOR>0xFF800000</BUTTON_BORDERCOLOR>
            <BUTTON_TEXTCOLOR>0xFF000000</BUTTON_TEXTCOLOR>
            <BUTTON_BACKCOLOR>0xFF800000</BUTTON_BACKCOLOR>
            <BUTTON_ACTIVETEXTCOLOR>0xFFFF0000</BUTTON_ACTIVETEXTCOLOR>
            <BUTTON_ACTIVEBACKCOLOR>0xFF800000</BUTTON_ACTIVEBACKCOLOR>
            <KB_KEYBG_HIGHLIGHT>0xFFFF0000</KB_KEYBG_HIGHLIGHT>
            <KB_KEYBG_DISABLED>0x00FFFFFF</KB_KEYBG_DISABLED>
            <KB_KEY_PRESSED>0xFF800000</KB_KEY_PRESSED>
            <KB_KEY_NORMAL>0xFF800000</KB_KEY_NORMAL>
            <KB_KEY_DISABLED>0x00FFFFFF</KB_KEY_DISABLED>
            <KB_KEY_ACTIVEBORDER>0xFF000000</KB_KEY_ACTIVEBORDER>
            <KB_KEY_TEXTCOLOR>0xFF000000</KB_KEY_TEXTCOLOR>
            <KB_KEY_TEXTBACKCOLOR>0xFF800000</KB_KEY_TEXTBACKCOLOR>
            <KB_KEY_TEXTBORDERCOLOR>0x78000000</KB_KEY_TEXTBORDERCOLOR>
            <MENU_TEXTCOLOR>0xFF000000</MENU_TEXTCOLOR>
            <MENU_ACTIVETEXTCOLOR>0xFFFFFFFF</MENU_ACTIVETEXTCOLOR>
            <MENU_BORDERCOLOR>0xFF800000</MENU_BORDERCOLOR>
            <MENU_BACKCOLOR>0xFF000000</MENU_BACKCOLOR>
        </ColorScheme>
    </Main>
</Skin>