<Skin name="The Orbs RELOADED">
	<Information>
		<Author>Michael Johnson, KoTix</Author>
		<Copyright>Copyright 2005 to whenever</Copyright>
	 	<Version>1</Version>
	</Information>
	<Fonts>
		<Font Name="Common10">common-font10.xpr</Font>
		<Font Name="Common12">common-font12.xpr</Font>
		<Font Name="Common14">common-font14.xpr</Font>
		<Font Name="Special">special-normal-pal.xpr</Font>
		<Font Name="SpecialBold">special-bold.xpr</Font>
	</Fonts>	
	<Main Globe="false" Orb="False" Fog="false">
		<Cellwall></Cellwall>
		<Orb></Orb>
		<Icon></Icon>
		<BackGround></BackGround>
		
		<Menu Smooth="False" Align="left" Rotate="false" ShowIcon="false" Fixed="False" FixAt="0">
            <ItemPos Top="205" Left="55" Width="220"></ItemPos>
            <ItemPos Top="245" Left="55" Width="220"></ItemPos>
            <ItemPos Top="285" Left="55" Width="220"></ItemPos>
            <ItemPos Top="325" Left="55" Width="220"></ItemPos>
            <ItemPos Top="365" Left="55" Width="220"></ItemPos>
            <Preview EnableAudio="False" Top="252" Left="406" Width="183" Height="187" />
		<Font>Common12</Font>
		
		</Menu>
		
		<Image Left="0" Top="0" zIndex="1">orb 1stcopy copy.png</Image> 
		<Image Left="0" Top="0" zIndex="3">orb final copy.png</Image> 
		<Image Left="44" Top="29" Width="140" Height="129" zIndex="2" Source="GameIcon" />
		<Image zIndex="2" Source="GamePreview"/>

		
		<InfoFont>Common12</InfoFont>    
                  <Text Top="425" Left="55" Align="Left" Width="300" Scroll="0" Color="0xFFFFFFFF" zIndex="4" Source="SongName"></Text>
                  <Text Top="400" Left="55" Align="Left" Width="300" Scroll="0" Color="0xFFFFFFFF" zIndex="4" Source="$DateTime$"></Text>
	
         </Main>

	<IntroMovie></IntroMovie>

    <FileManager SafeBorder="false">
		<BackGround>filemanager.png</BackGround>
	</FileManager>
	
	<LoadingScreen ShowInfo="False">
		<BackGround>loading.png</BackGround>
	</LoadingScreen>
	
	<MusicPlayer Top="10" Left="70" Width="484" Height="213" Relative="True">
		<BackGround>mp.png</BackGround>
		<Image Left="43" Top="129" Width="425" Height="12" zIndex="4">progress_over.png</Image>
		<Image Left="55" Top="55" zIndex="2">Audio.png</Image>
		<Image Left="310" Top="50" Width="135" Height="80" zIndex="3">MP_Bar_Overlay.png</Image>
		<Image Left="253" Top="180" Width="198" Height="17" zIndex="4">Volume_Overlay.png</Image>
		<Image Left="253" Top="180" Width="198" Height="17" zIndex="2">Volume_Back.png</Image>
		
		<ButtonMap>mp_Buttons.png</ButtonMap>	
		<Element Type="Play" Left="60" Top="135" Width="32" Height="44" zIndex="3" />
		<Element Type="Pause" Left="92" Top="135" Width="32" Height="44" zIndex="3" />
		<Element Type="Stop" Left="124" Top="135" Width="32" Height="44" zIndex="3" />
		<Element Type="Prev" Left="156" Top="135" Width="32" Height="44" zIndex="3" />
		<Element Type="Next" Left="198" Top="135" Width="32" Height="44" zIndex="3" />
		<Element Type="Mute" Left="260" Top="146" Width="32" Height="22" zIndex="3" />
		<Element Type="Random" Left="292" Top="146" Width="32" Height="22" zIndex="3" />
		<Element Type="PrevTrack" Left="380" Top="135" Width="32" Height="44" />
		<Element Type="NextTrack" Left="412" Top="135" Width="32" Height="44" />
		
		<Element Type="Meter" Left="310" Top="50" Width="210" Height="80" zIndex="2" Relative="True"/>
		<Element Type="Progress" Left="43" Top="130" Width="425" Height="10" Direction="right" zIndex="3"/>
		<Element Type="Volume" Left="253" Top="180" Width="198" Height="10" Direction="right" zIndex="3"/>


		<Text Left="145" Top="50" Width="80" Height="15" Color="0xFFFFFFFF" Source="Current" Font="Common10" Align="left" ScaleX="100" ScaleY="100" zIndex="3" />
		<Text Left="145" Top="65" Width="95" Height="30" Color="0xFFFFFFFF" Source="SongTime" Font="Common14" Align="left" ScaleX="140" ScaleY="140" zIndex="3" />
		<Text Left="240" Top="50" Width="80" Height="15" Color="0xFFFFFFFF" Source="Total" Font="Common10" Align="left" ScaleX="100" ScaleY="100" zIndex="3" />
		<Text Left="240" Top="65" Width="95" Height="30" Color="0xFFFFFFFF" Source="SongLength" Font="Common14" Align="left" ScaleX="140" ScaleY="140" zIndex="3" />
		<Text Left="145" Top="100" Width="100" Height="30" Color="0xFFFFFFFF" Source="SongBitRate" Font="Common10" Align="left" ScaleX="100" ScaleY="100" zIndex="3" />
		<Text Left="240" Top="100" Width="80" Height="30" Color="0xFFFFFFFF" Source="SongChannel" Font="Common10" Align="left" ScaleX="100" ScaleY="100" zIndex="3" />
		<Text Left="65" Top="12" Width="390" Height="30" Color="0xFFFFFFFF" Source="SongTrack" Scroll="1" Font="SpecialBold" ScaleX="100" ScaleY="120" zIndex="3" />
		<Playlist Top="155" Left="1" Width="640" Height="437" OffsetX="85" OffsetY="92">
			<BackGround>Playlist.png</BackGround>
		</Playlist>

	</MusicPlayer>

	<ColorScheme Name="Default">
            <AMBIENT_FOGCOLOR>0x00FFFFFF</AMBIENT_FOGCOLOR>
            <AMBIENT_SKYCOLOR>0x0000000F</AMBIENT_SKYCOLOR>
            <AMBIENT_CELLCOLOR>0x0000C000</AMBIENT_CELLCOLOR>
            <CAPTION_TEXTCOLOR>0xFF000000</CAPTION_TEXTCOLOR>
            <CAPTION_BACKCOLOR>0x64808080</CAPTION_BACKCOLOR>
            <DIALOG_BORDERCOLOR>0xFF000000</DIALOG_BORDERCOLOR>
            <DIALOG_BACKCOLOR>0x64566974</DIALOG_BACKCOLOR>
            <DIALOG_INNER_BORDERCOLOR>0xC8000000</DIALOG_INNER_BORDERCOLOR>
            <DIALOG_INNER_BACKCOLOR>0x5A808080</DIALOG_INNER_BACKCOLOR>
            <DIALOG_TEXTCOLOR>0xFFFFFFFF</DIALOG_TEXTCOLOR>
            <DIALOG_DISABLEDTEXT>0xFFB3B3B4</DIALOG_DISABLEDTEXT>
            <OPTION_TEXTCOLOR>0xFFFFFFFF</OPTION_TEXTCOLOR>
            <OPTION_ACTIVETEXTCOLOR>0xFF000000</OPTION_ACTIVETEXTCOLOR>
            <OPTION_ACTIVEBACKCOLOR>0x50808080</OPTION_ACTIVEBACKCOLOR>
            <BUTTON_BORDERCOLOR>0xC8000000</BUTTON_BORDERCOLOR>
            <BUTTON_TEXTCOLOR>0xFFFFFFFF</BUTTON_TEXTCOLOR>
            <BUTTON_BACKCOLOR>0xFF566974</BUTTON_BACKCOLOR>
            <BUTTON_ACTIVETEXTCOLOR>0xFFFFFFFF</BUTTON_ACTIVETEXTCOLOR>
            <BUTTON_ACTIVEBACKCOLOR>0xFF808080</BUTTON_ACTIVEBACKCOLOR>
            <KB_KEYBG_HIGHLIGHT>0x19575757</KB_KEYBG_HIGHLIGHT>
            <KB_KEYBG_DISABLED>0x78C0C0C0</KB_KEYBG_DISABLED>
            <KB_KEY_PRESSED>0xFF1F323B</KB_KEY_PRESSED>
            <KB_KEY_NORMAL>0xFF000000</KB_KEY_NORMAL>
            <KB_KEY_DISABLED>0xFF1F323B</KB_KEY_DISABLED>
            <KB_KEY_ACTIVEBORDER>0xFF1F323B</KB_KEY_ACTIVEBORDER>
            <KB_KEY_TEXTCOLOR>0xFF000000</KB_KEY_TEXTCOLOR>
            <KB_KEY_TEXTBACKCOLOR>0xFFFFFFFF</KB_KEY_TEXTBACKCOLOR>
            <KB_KEY_TEXTBORDERCOLOR>0x780000FF</KB_KEY_TEXTBORDERCOLOR>
            <MENU_TEXTCOLOR>0x96FFFFFF</MENU_TEXTCOLOR>
            <MENU_ACTIVETEXTCOLOR>0xFFFFFFFF</MENU_ACTIVETEXTCOLOR>
		<MMActiveForeColor>0xFFFFFFFF</MMActiveForeColor>
		<MMForeColor>0xFFADADAD</MMForeColor>
		<MMOffForeColor>0xFFFFFFFF</MMOffForeColor>
		<MMDarkBarColor>0xFFFFFFFF</MMDarkBarColor>
		<MMLightBarColor>0xFFFFFFFF</MMLightBarColor>
		<MMDarkBackColor>0xFF4C585D</MMDarkBackColor>
		<WindowBackCOLOR>0xFF000000</WindowBackCOLOR>
		<WindowForeCOLOR>0xFFFFFFFF</WindowForeCOLOR>
	</ColorScheme>
</Skin>


















