<Skin name="UX Chrome">
	<Information>
		<Author>faster90</Author>
            <Copyright>2005</Copyright>
            <Version>1.4</Version>
      </Information> 

	<IntroMovie></IntroMovie>

	<FileManager>
            <BackGround>fm.png</BackGround>
      </FileManager>

      <LoadingScreen ShowInfo="False">
            <BackGround>wait.png</BackGround>
      </LoadingScreen>

      <Main Globe="False" Orb="False" Fog="False">
            <BackGround EnableAudio="True">bg.wmv</BackGround>
            <Cellwall></Cellwall>
            <Orb></Orb>
            <Icon></Icon>

		<Menu Smooth="false" Align="left" Rotate="False" ShowIcon="false" Fixed="False" FixAt="0">
			<itempos left="60" top="140" width="208"></itempos>
			<itempos left="60" top="175" width="218"></itempos>
			<itempos left="60" top="210" width="228"></itempos>
			<itempos left="60" top="244" width="228"></itempos>
			<itempos left="60" top="280" width="218"></itempos>
			<itempos left="60" top="315" width="208"></itempos>
                  <Preview EnableAudio="False" Top="162" Left="313" Width="162" Height="156"/>
			<Font>font.xpr</Font>
            </Menu>

		<Image Left="317" Top="165" zIndex="1">img2.png</Image>
		<Image Left="498" Top="182" zIndex="4">img.png</Image>
		<Image Top="0" Left="0" zIndex="6">bg.png</Image> 
		<Image Top="184" Left="484" Width="160" Height="118" zIndex="5" Source="GameIcon"/>
		<Image zIndex="2" Source="GamePreview"/>
		<Image Top="0" Left="0" zIndex="1"></Image>

            <InfoFont>font3.xpr</InfoFont>
		<Text Top="44" Left="10" Align="Left" Color="0xff000000" zIndex="7" Source="Date"></Text>
		<Text Top="70" Left="10" Align="Left" Color="0xff000000" zIndex="7" Source="Time"></Text>
		<Text Top="420" Left="325" Align="Middle" Color="0xffe3e4e7" zIndex="7" Source="$SongName$"></Text>

		<Text Top="410" Left="37" Align="Left" Color="0xff000000" zIndex="7" Source="CPUTempC"></Text> 
		<Text Top="338" Left="55" Align="Left" Width="200" Scroll="2" Color="0xff000000" zIndex="7" Source="Newsfeed"></Text>  
 
            		<Text Top="384" Left="37" Align="Left" Color="0xff000000" zIndex="7" Source="IP"></Text>
		
	</Main>

      <ColorScheme >
            <AMBIENT_FOGCOLOR></AMBIENT_FOGCOLOR>
            <AMBIENT_SKYCOLOR></AMBIENT_SKYCOLOR>
            <AMBIENT_CELLCOLOR></AMBIENT_CELLCOLOR>
            <CAPTION_TEXTCOLOR>0xFF000000</CAPTION_TEXTCOLOR>
            <CAPTION_BACKCOLOR>0xFFE0E0DF</CAPTION_BACKCOLOR>
            <DIALOG_BORDERCOLOR>0xFFFFFFFF</DIALOG_BORDERCOLOR>
            <DIALOG_BACKCOLOR>0xCDE0E0DF</DIALOG_BACKCOLOR>
            <DIALOG_INNER_BORDERCOLOR>0xFF7F7F7F</DIALOG_INNER_BORDERCOLOR>
            <DIALOG_INNER_BACKCOLOR>0xE1ACD5F1</DIALOG_INNER_BACKCOLOR>
            <DIALOG_TEXTCOLOR>0xFF000000</DIALOG_TEXTCOLOR>
            <DIALOG_DISABLEDTEXT>0x7FD1CDC6</DIALOG_DISABLEDTEXT>
            <OPTION_TEXTCOLOR>0xFF000000</OPTION_TEXTCOLOR>
            <OPTION_ACTIVETEXTCOLOR>0xFF5F594F</OPTION_ACTIVETEXTCOLOR>
            <OPTION_ACTIVEBACKCOLOR>0xFF58A7DD</OPTION_ACTIVEBACKCOLOR>
            <BUTTON_BORDERCOLOR>0xFF000000</BUTTON_BORDERCOLOR>
            <BUTTON_TEXTCOLOR>0xFF000000</BUTTON_TEXTCOLOR>
            <BUTTON_BACKCOLOR>0xCDACD5F1</BUTTON_BACKCOLOR>
            <BUTTON_ACTIVETEXTCOLOR>0xFFFFFFFF</BUTTON_ACTIVETEXTCOLOR>
            <BUTTON_ACTIVEBACKCOLOR>0xE157AAE3</BUTTON_ACTIVEBACKCOLOR>
            <KB_KEYBG_HIGHLIGHT>0xCCACD5F1</KB_KEYBG_HIGHLIGHT>
            <KB_KEYBG_DISABLED>0xff868484</KB_KEYBG_DISABLED>
            <KB_KEY_PRESSED>0xff808080</KB_KEY_PRESSED>
            <KB_KEY_NORMAL>0xff000000</KB_KEY_NORMAL>
            <KB_KEY_DISABLED>0xff808080</KB_KEY_DISABLED>
            <KB_KEY_ACTIVEBORDER>0xffACD5F1</KB_KEY_ACTIVEBORDER>
            <KB_KEY_TEXTCOLOR>0x98000000</KB_KEY_TEXTCOLOR>
            <KB_KEY_TEXTBACKCOLOR>0x34000000</KB_KEY_TEXTBACKCOLOR>
            <KB_KEY_TEXTBORDERCOLOR>0xffffffff</KB_KEY_TEXTBORDERCOLOR>
            <MENU_TEXTCOLOR>0xff343752</MENU_TEXTCOLOR>
            <MENU_ACTIVETEXTCOLOR>0xff523434</MENU_ACTIVETEXTCOLOR>
            <MENU_BORDERCOLOR></MENU_BORDERCOLOR>
            <MENU_BACKCOLOR></MENU_BACKCOLOR>
            <MENU_ACTIVEBACKCOLOR>0x99bec1cb</MENU_ACTIVEBACKCOLOR>
            <MENU_ACTIVEBORDERCOLOR>0x99bec1cb</MENU_ACTIVEBORDERCOLOR>
	</ColorScheme>
</Skin>
