﻿<Skin name="ReiSkin">
    <Information>
        <Author>Jezz</Author>
        <Version>1</Version>
        <Copyright>2004</Copyright>
        <ScreenSize Width="720" Height="576" />
        <Skinner Name="UX Architect" Version="RC1" />
    </Information>
    <Main Globe="False" Orb="False" Fog="False">
        <Background EnableAudio="False">back.png</Background>
        <InfoFont>Square-10.xpr</InfoFont>
        <Text Top="325" Left="440" Width="180" Color="0xFFFFFFFF" Source="E_FreeMB" />
        <Text Top="340" Left="440" Width="180" Color="0xFFFFFFFF" Source="F_FreeMB" />
        <Text Top="360" Left="450" Width="170" Color="0xFFFFFFFF" Source="Tray" />
        <Text Top="380" Left="445" Width="180" Color="0xFFFFFFFF" Source="CPUTemp" />
        <Text Top="395" Left="440" Width="180" Color="0xFFFFFFFF" Source="MBTemp" />
        <Text Top="415" Left="440" Width="180" Color="0xFFFFFFFF" Source="IP: $IP$" />
        <Text Top="430" Left="440" Width="180" Color="0xFFFFFFFF" Source="Video Mode: $VideoMode$" />
        <Text Top="18" Left="25" Align="Left" Width="340" Scroll="1" Color="0xFFFFFFFF" Source="Track : $SongName$"></Text>
        <Text Top="35" Left="25" Align="Left" Width="340" Color="0xFFFFFFFF" Source="Album : $SoundTrack$"></Text>
        <Text Top="93" Left="20" Width="230" Align="Right" Scroll="0" Color="0xFFFFFFFF" Source="$Time$" />
        <Text Top="380" Left="20" Width="230" Align="Right" Scroll="0" Color="0xFFFFFFFF" Source="$Date$" />
        <Text Top="52" Left="25" Width="50"  Scroll="0" Color="0xFFFFFFFF" Source="News:" />
        <Text Top="52" Left="75" Width="280"  Scroll="1" Color="0xFFFFFFFF" Source="NewsFeed" />

        <Image Top="8" Left="406" Width="160" Height="120" Opacity="100">Window1.png</Image>
        <Image Top="137" Left="455" Width="160" Height="120" Opacity="100">window2.png</Image>
        <Image Source="GamePreview" />
        <Image Top="12" Left="410" Width="152" Height="112" Source="GameIcon" />
        <Image Top="85" Left="10">Menu.png</Image>
        <Image Top="295" Left="405" Width="215" Height="15" Opacity="100">text1.png</Image>
        <Image Top="425" Left="10" Width="274" Height="39" Opacity="100">text2.png</Image>
        <Image Top="320" Left="425" Opacity="80">Stats.png</Image>
        <Image Top="10" Left="12" Opacity="80">Music.png</Image>
        <Image Top="60" Left="250">Rei.png</Image>
       <Menu Scroll="True" Align="Left" ShowIcon="False" ShowArrows="True">
            <Preview EnableAudio="False" Top="141" Left="459" Width="152" Height="112" />
            <Position Top="108" Left="20" Width="230" Height="278" Fixed="False"/>
            <Font>Square-14.xpr</Font>
        </Menu>

        
        <ColorScheme>
            <AMBIENT_FOGCOLOR>0xFF8080FF</AMBIENT_FOGCOLOR>
            <AMBIENT_SKYCOLOR>0xFF00000F</AMBIENT_SKYCOLOR>
            <AMBIENT_CELLCOLOR>0xFF0080FF</AMBIENT_CELLCOLOR>
            <CAPTION_TEXTCOLOR>0xFFFFFFFF</CAPTION_TEXTCOLOR>
            <CAPTION_BACKCOLOR>0xFF0080FF</CAPTION_BACKCOLOR>
            <DIALOG_BORDERCOLOR>0xFF0080FF</DIALOG_BORDERCOLOR>
            <DIALOG_BACKCOLOR>0x9F00315E</DIALOG_BACKCOLOR>
            <DIALOG_INNER_BORDERCOLOR>0xFF0080FF</DIALOG_INNER_BORDERCOLOR>
            <DIALOG_INNER_BACKCOLOR>0xFF000000</DIALOG_INNER_BACKCOLOR>
            <DIALOG_TEXTCOLOR>0xFFFFFFFF</DIALOG_TEXTCOLOR>
            <DIALOG_DISABLEDTEXT>0x99B3B3B4</DIALOG_DISABLEDTEXT>
            <OPTION_TEXTCOLOR>0xFFFFFFFF</OPTION_TEXTCOLOR>
            <OPTION_ACTIVETEXTCOLOR>0xFFFFFFFF</OPTION_ACTIVETEXTCOLOR>
            <OPTION_ACTIVEBACKCOLOR>0xFF0080FF</OPTION_ACTIVEBACKCOLOR>
            <BUTTON_BORDERCOLOR>0xFFFFFFFF</BUTTON_BORDERCOLOR>
            <BUTTON_TEXTCOLOR>0xFFFFFFFF</BUTTON_TEXTCOLOR>
            <BUTTON_BACKCOLOR>0x980000A0</BUTTON_BACKCOLOR>
            <BUTTON_ACTIVETEXTCOLOR>0xFFFFFFFF</BUTTON_ACTIVETEXTCOLOR>
            <BUTTON_ACTIVEBACKCOLOR>0xFF0080FF</BUTTON_ACTIVEBACKCOLOR>
            <KB_KEYBG_HIGHLIGHT>0xFF0080FF</KB_KEYBG_HIGHLIGHT>
            <KB_KEYBG_DISABLED>0xFFC0C0C0</KB_KEYBG_DISABLED>
            <KB_KEY_PRESSED>0xFF008000</KB_KEY_PRESSED>
            <KB_KEY_NORMAL>0xFF000000</KB_KEY_NORMAL>
            <KB_KEY_DISABLED>0xFFFFFFFF</KB_KEY_DISABLED>
            <KB_KEY_ACTIVEBORDER>0xFF808080</KB_KEY_ACTIVEBORDER>
            <KB_KEY_TEXTCOLOR>0xFF000000</KB_KEY_TEXTCOLOR>
            <KB_KEY_TEXTBACKCOLOR>0xFFFFFFFF</KB_KEY_TEXTBACKCOLOR>
            <KB_KEY_TEXTBORDERCOLOR>0xFFFFFF00</KB_KEY_TEXTBORDERCOLOR>
            <MENU_TEXTCOLOR>0xFFFFFFFF</MENU_TEXTCOLOR>
            <MENU_ACTIVETEXTCOLOR>0xFFFFFFFF</MENU_ACTIVETEXTCOLOR>
            <MENU_BORDERCOLOR>0x00000000</MENU_BORDERCOLOR>
            <MENU_BACKCOLOR>0x00000000</MENU_BACKCOLOR>
            <MENU_ACTIVEBACKCOLOR>0xAA0080FF</MENU_ACTIVEBACKCOLOR>
            <MENU_ACTIVEBORDERCOLOR>0x00000000</MENU_ACTIVEBORDERCOLOR>
        </ColorScheme>
    </Main>
	<LoadingScreen ShowInfo="False">
		<BackGround>wait.png</BackGround>
	</LoadingScreen>
        
        <FileManager SafeBorder="True" DrawBorder="False">
		<BackGround>filemanager.png</BackGround>
	</FileManager>
</Skin>