﻿<Skin name="katie price">
    <Information>
        <Author>mic-one</Author>
        <Version>1</Version>
        <Copyright>2004</Copyright>
        <ScreenSize Width="720" Height="576" />
        <Skinner Name="UX Architect" Version="1.0c" />
    </Information>
    <Filemanager SafeBorder="False">
        <Background>fm.jpg</Background>
    </Filemanager>
    <LoadingScreen ShowInfo="True">
        <Background>ld.jpg</Background>
    </LoadingScreen>
    <Main Globe="False" Orb="False" Fog="False">
        <Background EnableAudio="False">bg.jpg</Background>
        <InfoFont>20thCentury-14.xpr</InfoFont>
        <Text Top="439" Left="41" Width="278" Scroll="0" Color="0xFF00FF80" Source="IP" Align="Left" />
        <Text Top="395" Left="487" Width="200" Scroll="0" Color="0xFF00FF80" Source="MBTempC" Align="Left" />
        <Text Top="362" Left="486" Width="200" Scroll="0" Color="0xFF00FF80" Source="CPUTempC" Align="Left" />
        <Text Top="400" Left="41" Width="200" Scroll="0" Color="0xFF00FF80" Source="FanSpeed" Align="Left" />
        <Text Top="371" Left="41" Width="200" Scroll="0" Color="0xFF00FF80" Source="SongTime" Align="Left" />
        <Text Top="344" Left="41" Width="200" Scroll="0" Color="0xFF00FF80" Source="SongName" Align="Left" />
        <Text Top="119" Left="44" Width="254" Scroll="0" Color="0xFF00FF80" Source="Date" Align="Left" />
        <Text Top="88" Left="41" Width="250" Scroll="0" Color="0xFF00FF80" Source="Time" Align="Left" />
        <Text Top="59" Left="42" Width="309" Scroll="0" Color="0xFF00FF80" Source="F_FreeMB" Align="Left" />
        <Text Top="30" Left="43" Width="318" Scroll="0" Color="0xFF00FF80" Source="E_FreeMB" Align="Left" />
        <Image Top="228" Left="501" Width="103" Height="103" Source="GameIcon" />
        <Menu Smooth="True" Align="Left" ShowIcon="False" ShowArrows="False">
            <Position Top="186" Left="36" Width="350" Height="131" Fixed="True" FixAt="2" MaxItem="4" />
            <Font>39Smooth-14.xpr</Font>
        </Menu>
        <ColorScheme>
            <AMBIENT_FOGCOLOR>0x00FF8000</AMBIENT_FOGCOLOR>
            <AMBIENT_SKYCOLOR>0x0000000F</AMBIENT_SKYCOLOR>
            <AMBIENT_CELLCOLOR>0x0000C000</AMBIENT_CELLCOLOR>
            <CAPTION_TEXTCOLOR>0xFFFFFF00</CAPTION_TEXTCOLOR>
            <CAPTION_BACKCOLOR>0x64808080</CAPTION_BACKCOLOR>
            <DIALOG_BORDERCOLOR>0xFF000000</DIALOG_BORDERCOLOR>
            <DIALOG_BACKCOLOR>0x64808080</DIALOG_BACKCOLOR>
            <DIALOG_INNER_BORDERCOLOR>0xC8000000</DIALOG_INNER_BORDERCOLOR>
            <DIALOG_INNER_BACKCOLOR>0x5A808080</DIALOG_INNER_BACKCOLOR>
            <DIALOG_TEXTCOLOR>0xFFFFFFFF</DIALOG_TEXTCOLOR>
            <DIALOG_DISABLEDTEXT>0xFFB3B3B4</DIALOG_DISABLEDTEXT>
            <OPTION_TEXTCOLOR>0xFFFFFFFF</OPTION_TEXTCOLOR>
            <OPTION_ACTIVETEXTCOLOR>0xFFFF8000</OPTION_ACTIVETEXTCOLOR>
            <OPTION_ACTIVEBACKCOLOR>0x50808080</OPTION_ACTIVEBACKCOLOR>
            <BUTTON_BORDERCOLOR>0xC8000000</BUTTON_BORDERCOLOR>
            <BUTTON_TEXTCOLOR>0xFFFFFFFF</BUTTON_TEXTCOLOR>
            <BUTTON_BACKCOLOR>0xFF525252</BUTTON_BACKCOLOR>
            <BUTTON_ACTIVETEXTCOLOR>0xFFFFFFFF</BUTTON_ACTIVETEXTCOLOR>
            <BUTTON_ACTIVEBACKCOLOR>0xFF808080</BUTTON_ACTIVEBACKCOLOR>
            <KB_KEYBG_HIGHLIGHT>0x1900FF00</KB_KEYBG_HIGHLIGHT>
            <KB_KEYBG_DISABLED>0x78C0C0C0</KB_KEYBG_DISABLED>
            <KB_KEY_PRESSED>0xFF008000</KB_KEY_PRESSED>
            <KB_KEY_NORMAL>0xFF000000</KB_KEY_NORMAL>
            <KB_KEY_DISABLED>0x78808080</KB_KEY_DISABLED>
            <KB_KEY_ACTIVEBORDER>0xFFFF0000</KB_KEY_ACTIVEBORDER>
            <KB_KEY_TEXTCOLOR>0xFF000000</KB_KEY_TEXTCOLOR>
            <KB_KEY_TEXTBACKCOLOR>0xFFFFFFFF</KB_KEY_TEXTBACKCOLOR>
            <KB_KEY_TEXTBORDERCOLOR>0x780000FF</KB_KEY_TEXTBORDERCOLOR>
            <MENU_TEXTCOLOR>0xFF000000</MENU_TEXTCOLOR>
            <MENU_ACTIVETEXTCOLOR>0xFFFFFFFF</MENU_ACTIVETEXTCOLOR>
        </ColorScheme>
    </Main>
</Skin>