<Skin name=Black default>
	<Information>
		<Author>cotswald</Author>
	</Information>
	<Main Globe="true" Orb="true">
<*Font>XBox_Book_11.xpr</Font>
                                          <Orb>orb.png</Orb>
	       	              <Icon>orb.png</Icon>
		<Menu Smooth="true" ShowIcon="true" Rotate="true" Opacity="2">        
<font>14.xpr</font>
		 	<ItemPos Left="290" Top="96"></ItemPos>
			<ItemPos Left="305" Top="138"></ItemPos>
			<ItemPos Left="310" Top="180"></ItemPos>
			<ItemPos Left="305" Top="222"></ItemPos>
			<ItemPos Left="290" Top="264"></ItemPos>
		</Menu>

		<Text Left="605" Top="30" Align="right" Color="0xFFFFFFFF" Source="Tray"></Text>
		<Text Left="605" Top="430" Align="right" Color="0xFFFFFFFF" Source="IP"></Text>
		
		<Text Left="45" Top="30" Align="left" Color="0xFFFFFFFF" Source="Data: $DateTime$"></Text>
		
		<Text Left="45" Top="70" Color="0xFFFFFFFF" Source="SoundTrack"></Text>
		<Text Left="45" Top="90" Color="0xFFFFFFFF" Source="SongName"></Text>
		<Text Left="45" Top="110" Color="0xFFFFFFFF" Source="SongTime"></Text>

		<Text Left="45" Top="380" Align="Left" Color="0xFFFFFFFF" Source="C_FreeMB"></Text>
		<Text Left="45" Top="405" Align="Left" Color="0xFFFFFFFF" Source="E_FreeMB"></Text>
		<Text Left="45" Top="430" Align="Left" Color="0xFFFFFFFF" Source="F_FreeMB"></Text>
		<Text Left="45" Top="455" Align="Left" Color="0xFFFFFFFF" Source="G_FreeMB"></Text>
		
		<Text Left="605" Top="455" Align="Right" Color="0xFFFFFFFF" Source="CPUTemp"></Text>
	</Main>
	
		<ColorScheme >
        <AMBIENT_FOGCOLOR>0xFF000000</AMBIENT_FOGCOLOR>
        <AMBIENT_SKYCOLOR>FF000000</AMBIENT_SKYCOLOR>
        <AMBIENT_CELLCOLOR>0xFFFFFFFF</AMBIENT_CELLCOLOR>

        <CAPTION_TEXTCOLOR>0xFFFFFFFF</CAPTION_TEXTCOLOR>
        <CAPTION_BACKCOLOR>0xFF000000</CAPTION_BACKCOLOR>

        <DIALOG_BORDERCOLOR>0xFFFFFFFF</DIALOG_BORDERCOLOR>
        <DIALOG_BACKCOLOR>0xFF000000</DIALOG_BACKCOLOR>
        <DIALOG_INNER_BORDERCOLOR>0xFFFFFFFF</DIALOG_INNER_BORDERCOLOR>
        <DIALOG_INNER_BACKCOLOR>0xFF000000</DIALOG_INNER_BACKCOLOR>
        <DIALOG_TEXTCOLOR>0xFFFFFFFF</DIALOG_TEXTCOLOR>
        <DIALOG_DISABLEDTEXT>0xFFFFFFFF</DIALOG_DISABLEDTEXT>

        <OPTION_TEXTCOLOR>0xFFFFFFFF</OPTION_TEXTCOLOR>
        <OPTION_ACTIVETEXTCOLOR>0xFF000000</OPTION_ACTIVETEXTCOLOR>
        <OPTION_ACTIVEBACKCOLOR>0xFFA1A1A1</OPTION_ACTIVEBACKCOLOR>
        
        <BUTTON_BORDERCOLOR>0xFF000000</BUTTON_BORDERCOLOR>
        <BUTTON_TEXTCOLOR>0xFFFFFFFF</BUTTON_TEXTCOLOR>
        <BUTTON_BACKCOLOR>0xFF000000</BUTTON_BACKCOLOR>
        <BUTTON_ACTIVETEXTCOLOR>0xFF000000</BUTTON_ACTIVETEXTCOLOR>
        <BUTTON_ACTIVEBACKCOLOR>0xFF000000</BUTTON_ACTIVEBACKCOLOR>	

        <KB_KEYBG_HIGHLIGHT>0xFF000000</KB_KEYBG_HIGHLIGHT>
        <KB_KEYBG_DISABLED>0xFFA1A1A1</KB_KEYBG_DISABLED>
        <KB_KEY_PRESSED>0xFFA1A1A1</KB_KEY_PRESSED>
        <KB_KEY_NORMAL>0xFF000000</KB_KEY_NORMAL>
        <KB_KEY_DISABLED>0xFFA1A1A1</KB_KEY_DISABLED>
        <KB_KEY_ACTIVEBORDER>0xFFFFFFFF</KB_KEY_ACTIVEBORDER>
        <KB_KEY_TEXTCOLOR>0xFFFFFFFF</KB_KEY_TEXTCOLOR>
        <KB_KEY_TEXTBACKCOLOR>0xFF000000</KB_KEY_TEXTBACKCOLOR>
        <KB_KEY_TEXTBORDERCOLOR>0xFFFFFFFF</KB_KEY_TEXTBORDERCOLOR>
		
	</ColorScheme>
</Skin>