<Skin name="UX360">
	<Information>
		<Author>MICHAEL JOHNSON</Author>
		<Copyright>Copyright 2005 to whenever</Copyright>
	 	<Version>1</Version>
	</Information>
	<Fonts>
		<Font Name="10">common-font10.xpr</Font>
		<Font Name="12">common-font12.xpr</Font>
		<Font Name="14">common-font14.xpr</Font>
		<Font Name="SpecialBold">special-bold.xpr</Font>
	</Fonts>	
	<Main Globe="false" Orb="False" Fog="false">
		<Cellwall></Cellwall>
		<Orb></Orb>
		<Icon></Icon>
            <Background EnableAudio="False">ux360bg.png</Background>
		
		<Menu Smooth="False" Align="left" Rotate="false" ShowIcon="false" Fixed="False" FixAt="0">
            <ItemPos Top="86" Left="98" Width="200"></ItemPos>
            <ItemPos Top="111" Left="98" Width="200"></ItemPos>
            <ItemPos Top="135" Left="98" Width="200"></ItemPos>
            <ItemPos Top="158" Left="98" Width="200"></ItemPos>
            <ItemPos Top="181" Left="98" Width="200"></ItemPos>
            <ItemPos Top="205" Left="98" Width="200"></ItemPos>
		<Preview EnableAudio="False" Left="313" Top="74" Width="230" Height="160"/>
		<Font>10</Font>
		
		</Menu>
		
		<Image Left="0" Top="0" zIndex="3">ux360ol.png</Image> 
		<Image Left="93" Top="278" Width="215" Height="77" zIndex="2" Source="GameIcon" />
		<Image zIndex="2" Source="GamePreview"/>
		
		
		<InfoFont>12</InfoFont>    
        		<Text Top="243" Left="325" Width="220" Scroll="0" Color="0xFFFFFFFF" zIndex="4" Source="$DateTime$" Align="Left" />
        		<Text Top="305" Left="325" Width="200" Scroll="0" Color="0xFFFFFFFF" zIndex="4" Font="14" Source="$SongName$" Align="Left" />
        		<Text Top="330" Left="325" Width="200" Scroll="0" Color="0xFFFFFFFF" zIndex="4" Source="$SongTime$" Align="Left" />
        		<Text Top="283" Left="325" Width="200" Scroll="0" Color="0xFFFFFFFF" zIndex="4" Source="$SoundTrack$" Align="Left" />
        		<Text Top="365" Left="325" Width="200" Scroll="0" Color="0xFFFFFFFF" zIndex="4" Source="F_FreeMB" Align="Left" />
        		<Text Top="385" Left="325" Width="200" Scroll="0" Color="0xFFFFFFFF" zIndex="4" Source="G_FreeMB" Align="Left" />
        		<Text Top="385" Left="160" Width="150" Scroll="0" Color="0xFFFFFFFF" zIndex="4" Source="CPUTemp" Align="Left" />
        		<Text Top="365" Left="160" Width="150" Scroll="0" Color="0xFFFFFFFF" zIndex="4" Source="MBTemp" Align="Left" />

         </Main>

	<IntroMovie></IntroMovie>
        <FileManager SafeBorder="false">
		<BackGround>ux360fm.png</BackGround>
		
	</FileManager>
	
	<LoadingScreen ShowInfo="False">
		<BackGround>ux360loading.png</BackGround>
	</LoadingScreen>
	
	<ColorScheme Name="uxmp">
            <AMBIENT_SKYCOLOR>0xFF00000F</AMBIENT_SKYCOLOR>
            <AMBIENT_CELLCOLOR>0x7800C000</AMBIENT_CELLCOLOR>
            <CAPTION_TEXTCOLOR>0xFF000000</CAPTION_TEXTCOLOR>
            <CAPTION_BACKCOLOR>0xFFFFFFFF</CAPTION_BACKCOLOR>
            <DIALOG_BORDERCOLOR>0xFFFFFFFF</DIALOG_BORDERCOLOR>
            <DIALOG_BACKCOLOR>0xFFFFA648</DIALOG_BACKCOLOR>
            <DIALOG_INNER_BORDERCOLOR>0xFFFFFFFF</DIALOG_INNER_BORDERCOLOR>
            <DIALOG_INNER_BACKCOLOR>0xFFAFB3B1</DIALOG_INNER_BACKCOLOR>
            <DIALOG_TEXTCOLOR>0xFFFFFFFF</DIALOG_TEXTCOLOR>
            <DIALOG_DISABLEDTEXT>0xFF000000</DIALOG_DISABLEDTEXT>
            <OPTION_TEXTCOLOR>0xFFFFFFFF</OPTION_TEXTCOLOR>
            <OPTION_ACTIVETEXTCOLOR>0xFF000000</OPTION_ACTIVETEXTCOLOR>
            <OPTION_ACTIVEBACKCOLOR>0xFFFFA648</OPTION_ACTIVEBACKCOLOR>
            <BUTTON_BORDERCOLOR>0xFFFFFFFF</BUTTON_BORDERCOLOR>
            <BUTTON_TEXTCOLOR>0xFFFFFFFF</BUTTON_TEXTCOLOR>
            <BUTTON_BACKCOLOR>0xFFAFB3B1</BUTTON_BACKCOLOR>
            <BUTTON_ACTIVETEXTCOLOR>0xFFFFFFFF</BUTTON_ACTIVETEXTCOLOR>
            <BUTTON_ACTIVEBACKCOLOR>0xFFFFA648</BUTTON_ACTIVEBACKCOLOR>
            <KB_KEYBG_HIGHLIGHT>0xFFAFB3B1</KB_KEYBG_HIGHLIGHT>
            <KB_KEYBG_DISABLED>0x78C0C0C0</KB_KEYBG_DISABLED>
            <KB_KEY_PRESSED>0xFFFFA648</KB_KEY_PRESSED>
            <KB_KEY_NORMAL>0xFF000000</KB_KEY_NORMAL>
            <KB_KEY_DISABLED>0xFFFFFFFF</KB_KEY_DISABLED>
            <KB_KEY_ACTIVEBORDER>0xFFFFA648</KB_KEY_ACTIVEBORDER>
            <KB_KEY_TEXTCOLOR>0xFF000000</KB_KEY_TEXTCOLOR>
            <KB_KEY_TEXTBACKCOLOR>0xFFFFFFFF</KB_KEY_TEXTBACKCOLOR>
            <KB_KEY_TEXTBORDERCOLOR>0x78000000</KB_KEY_TEXTBORDERCOLOR>
            <MENU_TEXTCOLOR>0xFFFFFFFF</MENU_TEXTCOLOR>
            <MENU_ACTIVETEXTCOLOR>0xFF000000</MENU_ACTIVETEXTCOLOR>
	</ColorScheme>
</Skin>

















