<Skin name="xsm-anim-beta">
	<Information>
		<Author>Lepetitprince</Author>
		<Copyright>Copyright Lpp 2004</Copyright>
		<Version>Beta</Version>
	</Information>
		<IntroMovie Enableaudio="False">C:\UnleashX\Skins\xsm-anim-beta\Intro.xmv</IntroMovie>
	<FileManager>
		<BackGround>FileManager.jpg</BackGround>
	</FileManager>
	<LoadingScreen ShowInfo="False">
		<BackGround Enableaudio="False">Loading.xmv</BackGround>
	</LoadingScreen>
		<Main Globe="False" Orb="False" Fog="False">
		<BackGround EnableAudio="False">background.xmv</BackGround>
		<GameIcon Enable="True" Opacity="65">
		<Position Top="220" Left="103" Width="100" Height="100" />
		</GameIcon>
		<Menu Smooth="False" Align="Middle" ShowIcon="False" Rotate="False" Showarrows="False">
			<BackColor>0x000000</BackColor>
			<BorderColor Width="1">0xFFFFFFFF</BorderColor>
			<Font WidthFactor="1.0" HeightFactor="1.0"></Font>
			<Position Top="360" Left="99" Width="439" Height="85" Fixed="True" FixAt="2" Maxitem="10"></Position>
		</Menu>
		<Text Left="30" Top="27" Align="Left" Color="0xFFffffff" Source="Time"></Text>
		<Text Left="318" Top="47" Align="Middle" Color="0xFFffffff" Source=""></Text>
		
		<Text Left="37" Top="389" Color="0xFFffffff" Source=""></Text>
		<Text Left="37" Top="409" Color="0xFFffffff" Source=""></Text>
		<Text Left="47" Top="429" Color="0xFFffffff" Source=""></Text>

		<Text Left="603" Top="389" Align="Right" Color="0xFFffffff" Source="DVDTitle"></Text>
		<Text Left="603" Top="409" Align="Right" Color="0xFFffffff" Source="E_FreeMB"></Text>
		<Text Left="603" Top="429" Align="Right" Color="0xFFffffff" Source="F_FreeMB"></Text>
		<Text Left="603" Top="449" Align="Right" Color="0xFFffffff" Source=""></Text>

		<Text Left="428" Top="63" Align="Left" Color="0xFFffffff" Source=""></Text>
		<Text Left="428" Top="81" Align="Left" Color="0xFFffffff" Source=""></Text>
		<Text Left="428" Top="99" Align="Left" Color="0xFFffffff" Source=""></Text>

	</Main>
	
	<ColorScheme Name="Default">
		<AMBIENT_FOGCOLOR>0xFF000000</AMBIENT_FOGCOLOR>
		<AMBIENT_SKYCOLOR></AMBIENT_SKYCOLOR>
		<AMBIENT_CELLCOLOR>0x00FFFFFF</AMBIENT_CELLCOLOR>

		<CAPTION_TEXTCOLOR>0xFFFFFFFF</CAPTION_TEXTCOLOR>
		<CAPTION_BACKCOLOR>0xFF000000</CAPTION_BACKCOLOR>
		<DIALOG_BORDERCOLOR>0xFFFFFFFF</DIALOG_BORDERCOLOR>
		<DIALOG_BACKCOLOR>0xFF6082FA</DIALOG_BACKCOLOR>
		<DIALOG_INNER_BORDERCOLOR>0xFFFFFFFF</DIALOG_INNER_BORDERCOLOR>
		<DIALOG_INNER_BACKCOLOR>0xFF6082FA</DIALOG_INNER_BACKCOLOR>
		<DIALOG_TEXTCOLOR>0xFFFFFFFF</DIALOG_TEXTCOLOR>

		<DIALOG_DISABLEDTEXT>0xFFC0C0C0</DIALOG_DISABLEDTEXT>

		<OPTION_TEXTCOLOR>0xFFFFFFFF</OPTION_TEXTCOLOR>
		<OPTION_ACTIVETEXTCOLOR>0xFF02FFC7</OPTION_ACTIVETEXTCOLOR>
		<OPTION_ACTIVEBACKCOLOR>0xFF000000</OPTION_ACTIVEBACKCOLOR>

		<BUTTON_BORDERCOLOR></BUTTON_BORDERCOLOR>
		<BUTTON_TEXTCOLOR>0xFF02C90C</BUTTON_TEXTCOLOR>
		<BUTTON_BACKCOLOR>0xCD636482</BUTTON_BACKCOLOR>
		<BUTTON_ACTIVETEXTCOLOR>0xFFFFFFFF</BUTTON_ACTIVETEXTCOLOR>
		<BUTTON_ACTIVEBACKCOLOR>0xE102C90C</BUTTON_ACTIVEBACKCOLOR>	
		
		<KB_KEYBG_HIGHLIGHT>0xCC00C000</KB_KEYBG_HIGHLIGHT>
		<KB_KEYBG_DISABLED>0xffc0c0c0</KB_KEYBG_DISABLED>
		<KB_KEY_PRESSED>0xff808080</KB_KEY_PRESSED>
		<KB_KEY_NORMAL>0xff000000</KB_KEY_NORMAL>
		<KB_KEY_DISABLED>0xff808080</KB_KEY_DISABLED>
		<KB_KEY_ACTIVEBORDER>0xff008000</KB_KEY_ACTIVEBORDER>
		<KB_KEY_TEXTCOLOR>0xff000000</KB_KEY_TEXTCOLOR>
		<KB_KEY_TEXTBACKCOLOR>0xffFFFFFF</KB_KEY_TEXTBACKCOLOR>
		<KB_KEY_TEXTBORDERCOLOR>0xff0000FF</KB_KEY_TEXTBORDERCOLOR>
		
		<MENU_TEXTCOLOR>0xFFFFFFFF</MENU_TEXTCOLOR>
		<MENU_ACTIVETEXTCOLOR>0xFF54CBDF</MENU_ACTIVETEXTCOLOR>
		<MENU_BORDERCOLOR></MENU_BORDERCOLOR>
		<MENU_BACKCOLOR></MENU_BACKCOLOR>
		<MENU_ACTIVEBACKCOLOR>0xFF14364A</MENU_ACTIVEBACKCOLOR>
		<MENU_ACTIVEBORDERCOLOR></MENU_ACTIVEBORDERCOLOR>
	</ColorScheme>
</Skin>