﻿<Skin name="Explosion">
    <Information>
        <Author>Kingswifty33</Author>
        <Version>1</Version>
        <Copyright>2008</Copyright>
        <Skinner Name="UX Architect" Version="1.0c" />
    </Information>
    <Main Globe="False" Orb="False" Fog="False">
	<BackGround>background.png</BackGround>
	<Image Top="0" Left="0" Width="640" Height="480" zIndex="2" Opacity="100">overlay.png</Image>
	<Image Top="0" Left="0" Width="640" Height="480" zIndex="3" Opacity="100">preview.png</Image>
        <Image Top="380" Left="7" Width="100" Height="100" Source="GameIcon" zIndex="2"/>

        <InfoFont>Square-10.xpr</InfoFont>
        <Text Top="2" Left="420" Width="200" Scroll="0" Color="0xFFFFFFFF" Source="CPUTempF" Align="Right"  zIndex="3"/>
        <Text Top="20" Left="420" Width="200" Scroll="0" Color="0xFFFFFFFF" Source="MBTempF" Align="Right"  zIndex="3"/>
        <Text Top="0" Left="97" Width="200" Scroll="1" Color="0xFFFFFFFF" Source="DVDTitle" Align="Left"  zIndex="3"/>
        <Text Top="443" Left="163" Width="200" Scroll="1" Color="0xFFFFFFFF" Source="SoundTrack" Align="Left"  zIndex="3"/>
        <Text Top="460" Left="163" Width="200" Scroll="1" Color="0xFFFFFFFF" Source="SongTime" Align="Left"  zIndex="3"/>
        <Text Top="425" Left="163" Width="200" Scroll="1" Color="0xFFFFFFFF" Source="SongName" Align="Left"  zIndex="3"/>
        <Text Top="454" Left="402" Width="237" Scroll="1" Color="0xFFFFFFFF" Source="IP" Align="Left"  zIndex="3"/>
        <Text Top="74" Left="121" Width="184" Scroll="1" Color="0xFFFFFFFF" Source="F_TotalMB" Align="Left"  zIndex="3"/>
        <Text Top="53" Left="98" Width="217" Scroll="1" Color="0xFFFFFFFF" Source="E_FreeMB" Align="Left"  zIndex="3"/>
        <Text Top="45" Left="413" Width="200" Scroll="1" Color="0xFFFFFFFF" Source="DateTime" Align="Left"  zIndex="3"/>
        <Menu Align="Left" ShowIcon="False" ShowArrows="False">
            <ItemPos Top="104" Left="439" Width="200"></ItemPos>
            <ItemPos Top="144" Left="452" Width="200"></ItemPos>
            <ItemPos Top="184" Left="459" Width="200"></ItemPos>
            <ItemPos Top="224" Left="461" Width="200"></ItemPos>
            <ItemPos Top="264" Left="459" Width="200"></ItemPos>
            <ItemPos Top="304" Left="455" Width="200"></ItemPos>
            <ItemPos Top="344" Left="450" Width="200"></ItemPos>
            <ItemPos Top="384" Left="440" Width="200"></ItemPos>
            <Font>Square-10.xpr</Font>
        </Menu>
        <ColorScheme>
            <AMBIENT_FOGCOLOR>0xFF8080FF</AMBIENT_FOGCOLOR>
            <AMBIENT_SKYCOLOR>0xFF000000</AMBIENT_SKYCOLOR>
            <AMBIENT_CELLCOLOR>0xFF0080FF</AMBIENT_CELLCOLOR>
            <CAPTION_TEXTCOLOR>0xFFFFFFFF</CAPTION_TEXTCOLOR>
            <CAPTION_BACKCOLOR>0xFFFF8040</CAPTION_BACKCOLOR>
            <DIALOG_BORDERCOLOR>0xFFFF8000</DIALOG_BORDERCOLOR>
            <DIALOG_BACKCOLOR>0x3F000000</DIALOG_BACKCOLOR>
            <DIALOG_INNER_BORDERCOLOR>0xFFFF8040</DIALOG_INNER_BORDERCOLOR>
            <DIALOG_INNER_BACKCOLOR>0xFF000000</DIALOG_INNER_BACKCOLOR>
            <DIALOG_TEXTCOLOR>0xFFFFFFFF</DIALOG_TEXTCOLOR>
            <DIALOG_DISABLEDTEXT>0xFFB3B3B4</DIALOG_DISABLEDTEXT>
            <OPTION_TEXTCOLOR>0xFFFFFFFF</OPTION_TEXTCOLOR>
            <OPTION_ACTIVETEXTCOLOR>0xFFFFFFFF</OPTION_ACTIVETEXTCOLOR>
            <OPTION_ACTIVEBACKCOLOR>0xFFFF8040</OPTION_ACTIVEBACKCOLOR>
            <BUTTON_BORDERCOLOR>0xFFFFFFFF</BUTTON_BORDERCOLOR>
            <BUTTON_TEXTCOLOR>0xFFFFFFFF</BUTTON_TEXTCOLOR>
            <BUTTON_BACKCOLOR>0x4F000000</BUTTON_BACKCOLOR>
            <BUTTON_ACTIVETEXTCOLOR>0xFFFFFFFF</BUTTON_ACTIVETEXTCOLOR>
            <BUTTON_ACTIVEBACKCOLOR>0x8EFF8040</BUTTON_ACTIVEBACKCOLOR>
            <KB_KEYBG_HIGHLIGHT>0xFFFF8040</KB_KEYBG_HIGHLIGHT>
            <KB_KEYBG_DISABLED>0xFFC0C0C0</KB_KEYBG_DISABLED>
            <KB_KEY_PRESSED>0xFF008000</KB_KEY_PRESSED>
            <KB_KEY_NORMAL>0xFF000000</KB_KEY_NORMAL>
            <KB_KEY_DISABLED>0xFFFFFFFF</KB_KEY_DISABLED>
            <KB_KEY_ACTIVEBORDER>0xFF808080</KB_KEY_ACTIVEBORDER>
            <KB_KEY_TEXTCOLOR>0xFF000000</KB_KEY_TEXTCOLOR>
            <KB_KEY_TEXTBACKCOLOR>0xFFFFFFFF</KB_KEY_TEXTBACKCOLOR>
            <KB_KEY_TEXTBORDERCOLOR>0xFFFF8040</KB_KEY_TEXTBORDERCOLOR>
            <MENU_TEXTCOLOR>0xFF000000</MENU_TEXTCOLOR>
            <MENU_ACTIVETEXTCOLOR>0xFFFFFFFF</MENU_ACTIVETEXTCOLOR>
        </ColorScheme>
    </Main>
</Skin>