<Skin name="BubbleUp">
	<Information>
		<Author>Javienn</Author>
		<Copyright>Copyright 2004</Copyright>
		<Version>1.0</Version>
	</Information>
	<Main Globe="True" Orb="False">
		<BackGround>bg.png</BackGround>
		<Cellwall>Cell.png</Cellwall>
		<Orb>orb.png</Orb>
		<Icon>orb.png</Icon>
		<Image Left="0" Top="120" Width="430" Height="360">image.png</Image>
		<GameIcon Enable="True" Opacity="50">
			<Position Top="120" Left="0" Width="430" Height="430"/>
		</GameIcon>
		<InfoFont>font14.xpr</InfoFont>
		<text Left="182" Top="35" Align="Left" Color="0xFFA7C1DC" Source="$NickName$"/>
		<text Left="182" Top="55" Align="Left" Color="0xFFA7C1DC" Source="$IP$"/>
		<Text Left="427" Top="35" Align="Left" Color="0xFFA7C1DC" Source="$E_FreeMB$"></Text>
		<text Left="427" Top="55" Align="Left" Color="0xFFA7C1DC" Source="$F_FreeMB$"></text>
		<Text Left="70" Top="363" Align="Left" Color="0xFFA7C1DC" Source="$SoundTrack$  ---  "></text>
		<Text Left="280" Top="363" Align="Right" Color="0xFFA7C1DC" Source="$SongName$"></text>
		<Text Left="70" Top="383" Align="Left" Color="0xFFA7C1DC" Source="$Date$"></text>
		<text Left="280" Top="383" Align="Right" Color="0xFFA7C1DC" Source="$Time$"></Text>
		<Menu Smooth="True" Align="Middle" Rotate="False" ShowIcon="False">
		<Position Top="125" Left="322" Width="248" Height="265" Fixed="False" FixAt="5" MaxItem="7">
		</Position>
		<Font>font18.xpr</Font>
		</Menu>		
	</Main>
<FileManager>
<Background>filemanager.png</Background>
</FileManager>
<LoadingScreen ShowInfo="False">
<Background>loading.png</Background>
</LoadingScreen>
	
	<ColorScheme >
		<AMBIENT_FOGCOLOR></AMBIENT_FOGCOLOR>
		<AMBIENT_SKYCOLOR></AMBIENT_SKYCOLOR>
		<AMBIENT_CELLCOLOR></AMBIENT_CELLCOLOR>

		<CAPTION_TEXTCOLOR>0xFF000000</CAPTION_TEXTCOLOR>
		<CAPTION_BACKCOLOR>0xFFC0C0C0</CAPTION_BACKCOLOR>
		<DIALOG_BORDERCOLOR>0xFF000000</DIALOG_BORDERCOLOR>
		<DIALOG_BACKCOLOR>0xFFA0A0A0</DIALOG_BACKCOLOR>
		<DIALOG_INNER_BORDERCOLOR>0xFFA0A0A0</DIALOG_INNER_BORDERCOLOR>
		<DIALOG_INNER_BACKCOLOR>0xFFA0A0A0</DIALOG_INNER_BACKCOLOR>
		<DIALOG_TEXTCOLOR>0xFF000000</DIALOG_TEXTCOLOR>

		<DIALOG_DISABLEDTEXT>0xFF202020</DIALOG_DISABLEDTEXT>

		<OPTION_TEXTCOLOR>0xFF000000</OPTION_TEXTCOLOR>
		<OPTION_ACTIVETEXTCOLOR>0xFF000000</OPTION_ACTIVETEXTCOLOR>
		<OPTION_ACTIVEBACKCOLOR>0xFF3E7BBA</OPTION_ACTIVEBACKCOLOR>

		<BUTTON_BORDERCOLOR></BUTTON_BORDERCOLOR>
		<BUTTON_TEXTCOLOR>0xFF000000</BUTTON_TEXTCOLOR>
		<BUTTON_BACKCOLOR>0xFFA0A0A0</BUTTON_BACKCOLOR>
		<BUTTON_ACTIVETEXTCOLOR>0xFFA0A0A0</BUTTON_ACTIVETEXTCOLOR>
		<BUTTON_ACTIVEBACKCOLOR>0xFFFFFFFF</BUTTON_ACTIVEBACKCOLOR>	
		
		<KB_KEYBG_HIGHLIGHT>0xCC3E7BBA</KB_KEYBG_HIGHLIGHT>
		<KB_KEYBG_DISABLED>0xffc0c0c0</KB_KEYBG_DISABLED>
		<KB_KEY_PRESSED>0xff808080</KB_KEY_PRESSED>
		<KB_KEY_NORMAL>0xff000000</KB_KEY_NORMAL>
		<KB_KEY_DISABLED>0xff808080</KB_KEY_DISABLED>
		<KB_KEY_ACTIVEBORDER>0xff000000</KB_KEY_ACTIVEBORDER>
		<KB_KEY_TEXTCOLOR>0xff000000</KB_KEY_TEXTCOLOR>
		<KB_KEY_TEXTBACKCOLOR>0xffFFFFFF</KB_KEY_TEXTBACKCOLOR>
		<KB_KEY_TEXTBORDERCOLOR>0xff000000</KB_KEY_TEXTBORDERCOLOR>
		
		<MENU_TEXTCOLOR>0xFFA7C1DC</MENU_TEXTCOLOR>
		<MENU_ACTIVETEXTCOLOR>0xFF3E7BBA</MENU_ACTIVETEXTCOLOR>
		<MENU_BORDERCOLOR></MENU_BORDERCOLOR>
		<MENU_BACKCOLOR></MENU_BACKCOLOR>
		<MENU_ACTIVEBACKCOLOR>0xFFA7C1DC</MENU_ACTIVEBACKCOLOR>
		<MENU_ACTIVEBORDERCOLOR></MENU_ACTIVEBORDERCOLOR>
	</ColorScheme>
</Skin>