﻿<Skin name="Soldier">
    <Information>
        <Author>Ralph X</Author>
        <Version>1</Version>
        <Copyright>2008</Copyright>
        <Skinner Name="UX Architect" Version="1.0c" />
    </Information>
    <Main Globe="False" Orb="False" Fog="False">
        <Background EnableAudio="False">1 (25).PNG</Background>
        <InfoFont>Square-10.xpr</InfoFont>
        <Text Top="63" Left="415" Width="200" Scroll="0" Color="0xFFFFFFFF" Source="C_Free" Align="Left" />
        <Text Top="239" Left="435" Width="200" Scroll="0" Color="0xFFFFFFFF" Source="Newsfeed" Align="Left" />
        <Text Top="36" Left="229" Width="200" Scroll="0" Color="0xFFFFFFFF" Source="IP" Align="Left" />
        <Text Top="12" Left="229" Width="200" Scroll="0" Color="0xFFFFFFFF" Source="DateTime" Align="Left" />
        <Text Top="121" Left="417" Width="200" Scroll="0" Color="0xFFFFFFFF" Source="F_Free" Align="Left" />
        <Text Top="93" Left="415" Width="200" Scroll="0" Color="0xFFFFFFFF" Source="E_Free" Align="Left" />
        <Text Top="266" Left="437" Width="200" Scroll="0" Color="0xFFFFFFFF" Source="DVDTitle" Align="Left" />
        <Image Top="230" Left="49" Width="26" Height="28" Opacity="100">icon xbox.png</Image>
        <Image Top="266" Left="61" Width="26" Height="28" Opacity="100">icon xbox.png</Image>
        <Image Top="307" Left="69" Width="26" Height="28" Opacity="100">icon xbox.png</Image>
        <Image Top="347" Left="60" Width="26" Height="28" Opacity="100">icon xbox.png</Image>
        <Image Top="387" Left="47" Width="26" Height="28" Opacity="100">icon xbox.png</Image>
        <Image Top="6" Left="200" Width="26" Height="28" Opacity="100">icon xbox.png</Image>
        <Image Top="35" Left="200" Width="26" Height="28" Opacity="100">icon xbox.png</Image>
        <Image Top="118" Left="386" Width="26" Height="28" Opacity="100">icon xbox.png</Image>
        <Image Top="89" Left="386" Width="26" Height="28" Opacity="100">icon xbox.png</Image>
        <Image Top="61" Left="386" Width="26" Height="28" Opacity="100">icon xbox.png</Image>
        <Image Top="263" Left="410" Width="26" Height="28" Opacity="100">icon xbox.png</Image>
        <Image Top="235" Left="409" Width="26" Height="28" Opacity="100">icon xbox.png</Image>
        <Image Top="110" Left="299" Width="26" Height="28" Opacity="100">icon xbox.png</Image>
        <Menu Align="Left" ShowIcon="False" ShowArrows="False">
            <ItemPos Top="230" Left="83" Width="200"></ItemPos>
            <ItemPos Top="270" Left="103" Width="200"></ItemPos>
            <ItemPos Top="310" Left="123" Width="200"></ItemPos>
            <ItemPos Top="350" Left="103" Width="200"></ItemPos>
            <ItemPos Top="390" Left="83" Width="200"></ItemPos>
            <Font>Square-12.xpr</Font>
        </Menu>
        <ColorScheme>
            <AMBIENT_FOGCOLOR>0x00FFFFFF</AMBIENT_FOGCOLOR>
            <AMBIENT_SKYCOLOR>0x0000000F</AMBIENT_SKYCOLOR>
            <AMBIENT_CELLCOLOR>0x0000C000</AMBIENT_CELLCOLOR>
            <CAPTION_TEXTCOLOR>0xFF008080</CAPTION_TEXTCOLOR>
            <CAPTION_BACKCOLOR>0x64808080</CAPTION_BACKCOLOR>
            <DIALOG_BORDERCOLOR>0xFF000000</DIALOG_BORDERCOLOR>
            <DIALOG_BACKCOLOR>0x64808080</DIALOG_BACKCOLOR>
            <DIALOG_INNER_BORDERCOLOR>0xC8000000</DIALOG_INNER_BORDERCOLOR>
            <DIALOG_INNER_BACKCOLOR>0x5A808080</DIALOG_INNER_BACKCOLOR>
            <DIALOG_TEXTCOLOR>0xFFFFFFFF</DIALOG_TEXTCOLOR>
            <DIALOG_DISABLEDTEXT>0xFFB3B3B4</DIALOG_DISABLEDTEXT>
            <OPTION_TEXTCOLOR>0xFFFFFFFF</OPTION_TEXTCOLOR>
            <OPTION_ACTIVETEXTCOLOR>0xFFFF8000</OPTION_ACTIVETEXTCOLOR>
            <OPTION_ACTIVEBACKCOLOR>0x50808080</OPTION_ACTIVEBACKCOLOR>
            <BUTTON_BORDERCOLOR>0xC8000000</BUTTON_BORDERCOLOR>
            <BUTTON_TEXTCOLOR>0xFFFFFFFF</BUTTON_TEXTCOLOR>
            <BUTTON_BACKCOLOR>0xFF525252</BUTTON_BACKCOLOR>
            <BUTTON_ACTIVETEXTCOLOR>0xFFFFFFFF</BUTTON_ACTIVETEXTCOLOR>
            <BUTTON_ACTIVEBACKCOLOR>0xFF808080</BUTTON_ACTIVEBACKCOLOR>
            <KB_KEYBG_HIGHLIGHT>0x19575757</KB_KEYBG_HIGHLIGHT>
            <KB_KEYBG_DISABLED>0x78C0C0C0</KB_KEYBG_DISABLED>
            <KB_KEY_PRESSED>0xFF008000</KB_KEY_PRESSED>
            <KB_KEY_NORMAL>0xFF000000</KB_KEY_NORMAL>
            <KB_KEY_DISABLED>0x78808080</KB_KEY_DISABLED>
            <KB_KEY_ACTIVEBORDER>0xFFFF0000</KB_KEY_ACTIVEBORDER>
            <KB_KEY_TEXTCOLOR>0xFF000000</KB_KEY_TEXTCOLOR>
            <KB_KEY_TEXTBACKCOLOR>0xFFFFFFFF</KB_KEY_TEXTBACKCOLOR>
            <KB_KEY_TEXTBORDERCOLOR>0x780000FF</KB_KEY_TEXTBORDERCOLOR>
            <MENU_TEXTCOLOR>0x96FFFFFF</MENU_TEXTCOLOR>
            <MENU_ACTIVETEXTCOLOR>0xFFFFFFFF</MENU_ACTIVETEXTCOLOR>
        </ColorScheme>
    </Main>
</Skin>