﻿<Skin name="Black">
    <Information>
        <Author>Ralph X</Author>
        <Version>1</Version>
        <Copyright>2009</Copyright>
        <Skinner Name="UX Architect" Version="1.0c" />
    </Information>
    <Main Globe="False" Orb="False" Fog="False">
        <Background EnableAudio="False">noir.png</Background>
        <InfoFont>Square-10.xpr</InfoFont>
        <Text Top="218" Left="408" Width="171" Scroll="0" Color="0xFF000000" Source="DVDTitle" Align="Left" />
        <Text Top="286" Left="81" Width="200" Scroll="0" Color="0xFF000000" Source="F_Free" Align="Left" />
        <Text Top="252" Left="81" Width="200" Scroll="0" Color="0xFF000000" Source="E_Free" Align="Left" />
        <Text Top="316" Left="80" Width="200" Scroll="0" Color="0xFF000000" Source="G_Free" Align="Left" />
        <Text Top="252" Left="417" Width="200" Scroll="0" Color="0xFFFFFFFF" Source="DateTime" Align="Left" />
        <Text Top="294" Left="381" Width="138" Scroll="0" Color="0xFF000000" Source="CPUTemp" Align="Left" />
        <Text Top="315" Left="381" Width="141" Scroll="0" Color="0xFF000000" Source="MBTemp" Align="Left" />
        <Text Top="440" Left="227" Width="200" Scroll="0" Color="0xFFFFFFFF" Source="IP" Align="Left" />
        <Text Top="339" Left="382" Width="134" Scroll="0" Color="0xFF000000" Source="Version" Align="Left" />
        <Text Top="405" Left="357" Width="260" Scroll="0" Color="0xFF000000" Source="Newsfeed" Align="Left" />
        <Text Top="365" Left="94" Width="200" Scroll="2" Color="0xFF000000" Source="Nouveau Skins Xbox edition" Align="Left" />
        <Image Top="57" Left="300" Width="25" Height="26" Opacity="100">Display6.png</Image>
        <Image Top="94" Left="300" Width="25" Height="26" Opacity="100">Display6.png</Image>
        <Image Top="134" Left="300" Width="25" Height="26" Opacity="100">Display6.png</Image>
        <Image Top="171" Left="300" Width="25" Height="26" Opacity="100">Display6.png</Image>
        <Image Top="209" Left="299" Width="25" Height="26" Opacity="100">Display6.png</Image>
        <Image Top="216" Left="363" Width="39" Height="41" Source="GameIcon" />
        <Image Top="246" Left="52" Width="25" Height="26" Opacity="100">Display6.png</Image>
        <Image Top="279" Left="52" Width="25" Height="26" Opacity="100">Display6.png</Image>
        <Image Top="311" Left="52" Width="25" Height="26" Opacity="100">Display6.png</Image>
        <Image Top="434" Left="198" Width="25" Height="26" Opacity="100">Display6.png</Image>
        <Image Top="359" Left="298" Width="25" Height="26" Opacity="100">Display6.png</Image>
        <Image Top="360" Left="64" Width="25" Height="26" Opacity="100">Display6.png</Image>
        <Image Source="GamePreview" />
        <Menu Align="Left" ShowIcon="False" ShowArrows="False">
            <Preview EnableAudio="True" Top="51" Left="371" Width="217" Height="133" />
            <ItemPos Top="59" Left="79" Width="200"></ItemPos>
            <ItemPos Top="95" Left="79" Width="200"></ItemPos>
            <ItemPos Top="132" Left="79" Width="200"></ItemPos>
            <ItemPos Top="172" Left="78" Width="200"></ItemPos>
            <ItemPos Top="212" Left="79" Width="200"></ItemPos>
            <Font>Square-14.xpr</Font>
        </Menu>
        </Main>
                <IntroMovie>intro.wmv</IntroMovie>
                <FileManager SafeBorder="False">
		<BackGround>filemanager.png</BackGround>
        </FileManager>
	<LoadingScreen ShowInfo="False">
		<BackGround>loading.wmv</BackGround>
	</LoadingScreen>

        <ColorScheme>
            <AMBIENT_FOGCOLOR>0x00FFFFFF</AMBIENT_FOGCOLOR>
            <AMBIENT_SKYCOLOR>0x0000000F</AMBIENT_SKYCOLOR>
            <AMBIENT_CELLCOLOR>0x0000C000</AMBIENT_CELLCOLOR>
            <CAPTION_TEXTCOLOR>0xFF0000FF</CAPTION_TEXTCOLOR>
            <CAPTION_BACKCOLOR>0x64808080</CAPTION_BACKCOLOR>
            <DIALOG_BORDERCOLOR>0xFF000000</DIALOG_BORDERCOLOR>
            <DIALOG_BACKCOLOR>0x64808080</DIALOG_BACKCOLOR>
            <DIALOG_INNER_BORDERCOLOR>0xC8000000</DIALOG_INNER_BORDERCOLOR>
            <DIALOG_INNER_BACKCOLOR>0x5A808080</DIALOG_INNER_BACKCOLOR>
            <DIALOG_TEXTCOLOR>0xFFFFFFFF</DIALOG_TEXTCOLOR>
            <DIALOG_DISABLEDTEXT>0xFFB3B3B4</DIALOG_DISABLEDTEXT>
            <OPTION_TEXTCOLOR>0xFFFFFFFF</OPTION_TEXTCOLOR>
            <OPTION_ACTIVETEXTCOLOR>0xFFFF8000</OPTION_ACTIVETEXTCOLOR>
            <OPTION_ACTIVEBACKCOLOR>0x50808080</OPTION_ACTIVEBACKCOLOR>
            <BUTTON_BORDERCOLOR>0xC8000000</BUTTON_BORDERCOLOR>
            <BUTTON_TEXTCOLOR>0xFFFFFFFF</BUTTON_TEXTCOLOR>
            <BUTTON_BACKCOLOR>0xFF525252</BUTTON_BACKCOLOR>
            <BUTTON_ACTIVETEXTCOLOR>0xFFFFFFFF</BUTTON_ACTIVETEXTCOLOR>
            <BUTTON_ACTIVEBACKCOLOR>0xFF808080</BUTTON_ACTIVEBACKCOLOR>
            <KB_KEYBG_HIGHLIGHT>0x19575757</KB_KEYBG_HIGHLIGHT>
            <KB_KEYBG_DISABLED>0x78C0C0C0</KB_KEYBG_DISABLED>
            <KB_KEY_PRESSED>0xFF008000</KB_KEY_PRESSED>
            <KB_KEY_NORMAL>0xFF000000</KB_KEY_NORMAL>
            <KB_KEY_DISABLED>0x78808080</KB_KEY_DISABLED>
            <KB_KEY_ACTIVEBORDER>0xFFFF0000</KB_KEY_ACTIVEBORDER>
            <KB_KEY_TEXTCOLOR>0xFF000000</KB_KEY_TEXTCOLOR>
            <KB_KEY_TEXTBACKCOLOR>0xFFFFFFFF</KB_KEY_TEXTBACKCOLOR>
            <KB_KEY_TEXTBORDERCOLOR>0x780000FF</KB_KEY_TEXTBORDERCOLOR>
            <MENU_TEXTCOLOR>0x96000000</MENU_TEXTCOLOR>
            <MENU_ACTIVETEXTCOLOR>0xFFFFFFFF</MENU_ACTIVETEXTCOLOR>
        </ColorScheme>
    </Main>
</Skin>