﻿<Skin name="Conker live and reloaded">
    <Information>
        <Author>JWJ</Author>
        <Version>1</Version>
        <Copyright>2005</Copyright>
        <Skinner Name="UX Architect" Version="1.0c" />
    </Information>
    <IntroMovie>ux_intro.wmv</IntroMovie>
    <Filemanager DrawBorder="True">
        <Background>preview.png</Background>
    </Filemanager>
    <LoadingScreen ShowInfo="True">
        <Background>GameIcon</Background>
    </LoadingScreen>
    <Main Globe="False" Orb="False" Fog="False">
        <Background EnableAudio="False">preview.png</Background>
        <InfoFont>Square-10.xpr</InfoFont>
        <Text Top="273" Left="463" Width="200" Scroll="0" Color="0xFF0000A0" Source="FanSpeed" Align="Left" />
        <Text Top="455" Left="460" Width="200" Scroll="0" Color="0xFF0000A0" Source="SkinAuthor" Align="Left" />
        <Text Top="417" Left="466" Width="200" Scroll="0" Color="0xFF0000A0" Source="Gateway" Align="Left" />
        <Text Top="396" Left="464" Width="200" Scroll="0" Color="0xFF0000A0" Source="Subnet" Align="Left" />
        <Text Top="375" Left="464" Width="200" Scroll="0" Color="0xFF0000A0" Source="IP" Align="Left" />
        <Text Top="302" Left="464" Width="200" Scroll="0" Color="0xFF0000A0" Source="CPUTemp" Align="Left" />
        <Text Top="333" Left="464" Width="200" Scroll="0" Color="0xFF0000A0" Source="MBTemp" Align="Left" />
        <Text Top="242" Left="465" Width="200" Scroll="0" Color="0xFF0000A0" Source="Time" Align="Left" />
        <Text Top="209" Left="467" Width="200" Scroll="0" Color="0xFF0000A0" Source="Date" Align="Left" />
        <Text Top="214" Left="-198" Width="200" Scroll="0" Color="0xFF0000A0" Source="DateTime" Align="Left" />
        <Text Top="151" Left="466" Width="200" Scroll="0" Color="0xFF0000A0" Source="DVDTitle" Align="Left" />
        <Text Top="73" Left="314" Width="200" Scroll="0" Color="0xFF0000A0" Source="SoundTrack" Align="Left" />
        <Text Top="49" Left="314" Width="200" Scroll="0" Color="0xFF0000A0" Source="SongTime" Align="Left" />
        <Text Top="26" Left="314" Width="200" Scroll="0" Color="0xFF0000A0" Source="SongName" Align="Left" />
        <Text Top="68" Left="99" Width="200" Scroll="0" Color="0xFF0000A0" Source="F_Free" Align="Left" />
        <Text Top="48" Left="99" Width="200" Scroll="0" Color="0xFF0000A0" Source="E_Free" Align="Left" />
        <Text Top="29" Left="99" Width="200" Scroll="0" Color="0xFF0000A0" Source="C_Free" Align="Left" />
        <Text Top="226" Left="-194" Width="200" Scroll="0" Color="0xFFFFFFFF" Source="C_Free" Align="Left" />
        <Image Source="GamePreview" />
        <Image Top="216" Left="159" Width="323" Height="258" Opacity="100">Square 1.png</Image>
        <Image Top="268" Left="2" Width="132" Height="122" Opacity="100">Icon.png</Image>
        <Image Top="-2" Left="-4" Width="670" Height="113" Opacity="100">Icon.png</Image>
        <Image Top="117" Left="451" Width="192" Height="339" Opacity="100">Long Rectangle.png</Image>
        <Image Top="421" Left="22" Width="102" Height="51" Opacity="100">unleashx6.png</Image>
        <Menu Smooth="True" Align="Left" ShowIcon="True" ShowArrows="False">
            <Preview EnableAudio="True" Top="292" Left="27" Width="84" Height="77" />
            <ItemPos Top="256" Left="200" Width="200"></ItemPos>
            <ItemPos Top="296" Left="220" Width="200"></ItemPos>
            <ItemPos Top="336" Left="240" Width="200"></ItemPos>
            <ItemPos Top="376" Left="220" Width="200"></ItemPos>
            <ItemPos Top="416" Left="200" Width="200"></ItemPos>
            <Font>Lucida-14.xpr</Font>
        </Menu>
        <ColorScheme>
            <AMBIENT_FOGCOLOR>0xFFFFFFFF</AMBIENT_FOGCOLOR>
            <AMBIENT_SKYCOLOR>0xFF00000F</AMBIENT_SKYCOLOR>
            <AMBIENT_CELLCOLOR>0xFF00C000</AMBIENT_CELLCOLOR>
            <CAPTION_TEXTCOLOR>0xFFFFFFFF</CAPTION_TEXTCOLOR>
            <CAPTION_BACKCOLOR>0xFF000000</CAPTION_BACKCOLOR>
            <DIALOG_BORDERCOLOR>0xFFFFFF00</DIALOG_BORDERCOLOR>
            <DIALOG_BACKCOLOR>0xFF008040</DIALOG_BACKCOLOR>
            <DIALOG_INNER_BORDERCOLOR>0xFFFFFF00</DIALOG_INNER_BORDERCOLOR>
            <DIALOG_INNER_BACKCOLOR>0xFF000000</DIALOG_INNER_BACKCOLOR>
            <DIALOG_TEXTCOLOR>0xFFFFFFFF</DIALOG_TEXTCOLOR>
            <DIALOG_DISABLEDTEXT>0xFFB3B3B4</DIALOG_DISABLEDTEXT>
            <OPTION_TEXTCOLOR>0xFFFFFFFF</OPTION_TEXTCOLOR>
            <OPTION_ACTIVETEXTCOLOR>0xFFFFFFFF</OPTION_ACTIVETEXTCOLOR>
            <OPTION_ACTIVEBACKCOLOR>0xFF00FF00</OPTION_ACTIVEBACKCOLOR>
            <BUTTON_BORDERCOLOR>0xFFFFFFFF</BUTTON_BORDERCOLOR>
            <BUTTON_TEXTCOLOR>0xFFFFFFFF</BUTTON_TEXTCOLOR>
            <BUTTON_BACKCOLOR>0xFF008000</BUTTON_BACKCOLOR>
            <BUTTON_ACTIVETEXTCOLOR>0xFF000000</BUTTON_ACTIVETEXTCOLOR>
            <BUTTON_ACTIVEBACKCOLOR>0xFFFFFF00</BUTTON_ACTIVEBACKCOLOR>
            <KB_KEYBG_HIGHLIGHT>0xFFFFFF00</KB_KEYBG_HIGHLIGHT>
            <KB_KEYBG_DISABLED>0xFFC0C0C0</KB_KEYBG_DISABLED>
            <KB_KEY_PRESSED>0xFF008000</KB_KEY_PRESSED>
            <KB_KEY_NORMAL>0xFF000000</KB_KEY_NORMAL>
            <KB_KEY_DISABLED>0xFF808080</KB_KEY_DISABLED>
            <KB_KEY_ACTIVEBORDER>0xFFFFFF00</KB_KEY_ACTIVEBORDER>
            <KB_KEY_TEXTCOLOR>0xFF000000</KB_KEY_TEXTCOLOR>
            <KB_KEY_TEXTBACKCOLOR>0xFFFFFFFF</KB_KEY_TEXTBACKCOLOR>
            <KB_KEY_TEXTBORDERCOLOR>0xFFFFFF00</KB_KEY_TEXTBORDERCOLOR>
            <MENU_TEXTCOLOR>0xFFFFFFFF</MENU_TEXTCOLOR>
            <MENU_ACTIVETEXTCOLOR>0xFFFFFFFF</MENU_ACTIVETEXTCOLOR>
            <MENU_BORDERCOLOR>0xFFFFFF00</MENU_BORDERCOLOR>
            <MENU_BACKCOLOR>0xFF000000</MENU_BACKCOLOR>
            <MENU_ACTIVEBACKCOLOR>0xFF008000</MENU_ACTIVEBACKCOLOR>
            <MENU_ACTIVEBORDERCOLOR>0xFFFFFF00</MENU_ACTIVEBORDERCOLOR>
        </ColorScheme>
    </Main>
</Skin>