﻿<Skin name="ZXB-SNAKE">
    <Information>
        <Author>EMMOYAPR</Author>
        <Version>1</Version>
        <Copyright>2005</Copyright>
        <Skinner Name="UX Architect" Version="1.0c" />
    </Information>
    <IntroMovie>intro.wmv</IntroMovie>
    <Filemanager>
        <Background>Snake Blue.jpg</Background>
    </Filemanager>
    <LoadingScreen ShowInfo="False">
        <Background>greensnake2cf.png</Background>
    </LoadingScreen>
    <Main Globe="False" Orb="False" Fog="False">
        <Background EnableAudio="False">Skins snake blue redy.jpg</Background>
        <InfoFont>20thCentury-12.xpr</InfoFont>
        <Text Top="122" Left="502" Width="128" Scroll="0" Color="0xFFFFFFFF" Source="Time" Align="Left" />
        <Text Top="104" Left="504" Width="128" Scroll="0" Color="0xFFFFFFFF" Source="Date" Align="Left" />
        <Text Top="343" Left="245" Width="115" Scroll="0" Color="0xFFFFFFFF" Source="Version" Align="Left" />
        <Text Top="433" Left="256" Width="169" Scroll="0" Color="0xFFFFFFFF" Source="IP" Align="Left" />
        <Text Top="388" Left="239" Width="124" Scroll="0" Color="0xFFFFFFFF" Source="MBTemp" Align="Left" />
        <Text Top="369" Left="239" Width="120" Scroll="0" Color="0xFFFFFFFF" Source="CPUTemp" Align="Left" />
        <Text Top="43" Left="494" Width="130" Scroll="0" Color="0xFFFFFFFF" Source="DVDTitle" Align="Left" />
        <Text Top="203" Left="505" Width="124" Scroll="0" Color="0xFFFFFFFF" Source="SongTime" Align="Left" />
        <Text Top="186" Left="505" Width="124" Scroll="0" Color="0xFFFFFFFF" Source="SongName" Align="Left" />
        <Text Top="169" Left="505" Width="124" Scroll="0" Color="0xFFFFFFFF" Source="SoundTrack" Align="Left" />
        <Text Top="149" Left="28" Width="170" Scroll="0" Color="0xFFFFFFFF" Source="F_Free" Align="Left" />
        <Text Top="95" Left="28" Width="170" Scroll="0" Color="0xFFFFFFFF" Source="E_Free" Align="Left" />
        <Text Top="46" Left="28" Width="170" Scroll="0" Color="0xFFFFFFFF" Source="C_Free" Align="Left" />
        <Image Top="246" Left="360" Width="60" Height="58" Source="GameIcon" />
        <Image Top="2" Left="2" Width="637" Height="475" Opacity="100">Skins snake blue no eyes.png</Image>
        <Image Top="37" Left="17" Width="26" Height="26" Opacity="100">C.jpg</Image>
        <Image Top="86" Left="17" Width="26" Height="26" Opacity="100">E.jpg</Image>
        <Image Top="140" Left="17" Width="26" Height="26" Opacity="100">F.jpg</Image>
        <Menu Align="Left" ShowIcon="False" ShowArrows="False">
            <ItemPos Top="236" Left="16" Width="178"></ItemPos>
            <ItemPos Top="264" Left="16" Width="178"></ItemPos>
            <ItemPos Top="294" Left="16" Width="178"></ItemPos>
            <ItemPos Top="323" Left="14" Width="178"></ItemPos>
            <ItemPos Top="352" Left="16" Width="178"></ItemPos>
            <ItemPos Top="381" Left="16" Width="178"></ItemPos>
            <ItemPos Top="410" Left="16" Width="178"></ItemPos>
            <Font>20thCentury-14.xpr</Font>
        </Menu>
        <ColorScheme>
            <AMBIENT_FOGCOLOR>0xFF8080FF</AMBIENT_FOGCOLOR>
            <AMBIENT_SKYCOLOR>0xFF00000F</AMBIENT_SKYCOLOR>
            <AMBIENT_CELLCOLOR>0xFF0080FF</AMBIENT_CELLCOLOR>
            <CAPTION_TEXTCOLOR>0xFFFFFFFF</CAPTION_TEXTCOLOR>
            <CAPTION_BACKCOLOR>0xFF0080FF</CAPTION_BACKCOLOR>
            <DIALOG_BORDERCOLOR>0xFF0080FF</DIALOG_BORDERCOLOR>
            <DIALOG_BACKCOLOR>0x9F000000</DIALOG_BACKCOLOR>
            <DIALOG_INNER_BORDERCOLOR>0xFF0080FF</DIALOG_INNER_BORDERCOLOR>
            <DIALOG_INNER_BACKCOLOR>0xFF000000</DIALOG_INNER_BACKCOLOR>
            <DIALOG_TEXTCOLOR>0xFFFFFFFF</DIALOG_TEXTCOLOR>
            <DIALOG_DISABLEDTEXT>0xFFB3B3B4</DIALOG_DISABLEDTEXT>
            <OPTION_TEXTCOLOR>0xFFFFFFFF</OPTION_TEXTCOLOR>
            <OPTION_ACTIVETEXTCOLOR>0xFFFFFFFF</OPTION_ACTIVETEXTCOLOR>
            <OPTION_ACTIVEBACKCOLOR>0xFF0080FF</OPTION_ACTIVEBACKCOLOR>
            <BUTTON_BORDERCOLOR>0xFFFFFFFF</BUTTON_BORDERCOLOR>
            <BUTTON_TEXTCOLOR>0xFFFFFFFF</BUTTON_TEXTCOLOR>
            <BUTTON_BACKCOLOR>0x980000A0</BUTTON_BACKCOLOR>
            <BUTTON_ACTIVETEXTCOLOR>0xFFFFFFFF</BUTTON_ACTIVETEXTCOLOR>
            <BUTTON_ACTIVEBACKCOLOR>0xFF0080FF</BUTTON_ACTIVEBACKCOLOR>
            <KB_KEYBG_HIGHLIGHT>0xFF0080FF</KB_KEYBG_HIGHLIGHT>
            <KB_KEYBG_DISABLED>0xFFC0C0C0</KB_KEYBG_DISABLED>
            <KB_KEY_PRESSED>0xFF008000</KB_KEY_PRESSED>
            <KB_KEY_NORMAL>0xFF000000</KB_KEY_NORMAL>
            <KB_KEY_DISABLED>0xFFFFFFFF</KB_KEY_DISABLED>
            <KB_KEY_ACTIVEBORDER>0xFF808080</KB_KEY_ACTIVEBORDER>
            <KB_KEY_TEXTCOLOR>0xFF000000</KB_KEY_TEXTCOLOR>
            <KB_KEY_TEXTBACKCOLOR>0xFFFFFFFF</KB_KEY_TEXTBACKCOLOR>
            <KB_KEY_TEXTBORDERCOLOR>0xFFFFFF00</KB_KEY_TEXTBORDERCOLOR>
            <MENU_TEXTCOLOR>0xFFFFFFFF</MENU_TEXTCOLOR>
            <MENU_ACTIVETEXTCOLOR>0xFFFFFFFF</MENU_ACTIVETEXTCOLOR>
            <MENU_BORDERCOLOR>0xFF0080FF</MENU_BORDERCOLOR>
            <MENU_BACKCOLOR>0xFF000000</MENU_BACKCOLOR>
            <MENU_ACTIVEBACKCOLOR>0xFF0080FF</MENU_ACTIVEBACKCOLOR>
            <MENU_ACTIVEBORDERCOLOR>0xFFFFFFFF</MENU_ACTIVEBORDERCOLOR>
        </ColorScheme>
    </Main>
</Skin>