﻿<Skin name="AesRizzo">
    <Information>
        <Author>shookie</Author>
        <Version>1</Version>
        <Copyright>2004</Copyright>
        <Skinner Name="UX Architect" Version="1.0c" />
    </Information>
    <Main Globe="False" Orb="False">
        <Background EnableAudio="False">aesop.jpg</Background>
        <InfoFont>39Smooth-10.xpr</InfoFont>
        <Text Top="342" Left="430" Width="170" Scroll="0" Color="0xFF000000" Source="G_FreeMB" Align="Left" />
        <Text Top="324" Left="430" Width="170" Scroll="0" Color="0xFF000000" Source="F_FreeMB" Align="Left" />
        <Text Top="307" Left="430" Width="113" Scroll="0" Color="0xFF000000" Source="Space Available:" Align="Left" />
        <Text Top="338" Left="217" Width="200" Scroll="1" Color="0xFF000000" Source="Song Playing: $SongName$" Align="Left" />
        <Text Top="307" Left="217" Width="200" Scroll="0" Color="0xFF000000" Source="DateTime" Align="Left" />
        <Text Top="460" Left="159" Width="470" Scroll="2" Color="0xFF000000" Source="Latest News: $Newsfeed$" Align="Left" />
        <Text Top="460" Left="7" Width="100" Scroll="0" Color="0xFF000000" Source="NumClient" Align="Left" />
        <Text Top="307" Left="12" Width="61" Scroll="0" Color="0xFF000000" Source="Sys Info:" Align="Left" />
        <Text Top="323" Left="12" Width="140" Scroll="0" Color="0xFF000000" Source="Tray" Align="Left" />
        <Text Top="341" Left="12" Width="179" Scroll="0" Color="0xFF000000" Source="IP" Align="Left" />
        <Shape Type="Rectangle" Left="11" Top="306" Width="615" Height="53" BorderColor="0xFFFFFFFF" BackColor="0xFFFDBB42"></Shape>
        <Shape Type="Rectangle" Left="213" Top="310" Width="1" Height="46" BorderColor="0xFF000000" BackColor="0xFF000000"></Shape>
        <Shape Type="Rectangle" Left="426" Top="310" Width="1" Height="46" BorderColor="0xFF000000" BackColor="0xFF000000"></Shape>
        <Image Top="362" Left="464" Width="110" Height="100" Source="GameIcon" />
        <Image Source="GamePreview" />
        <Menu Smooth="True" Align="Left" ShowIcon="False" Rotate="True" ShowArrows="False">
            <Preview EnableAudio="True" Top="11" Left="310" Width="316" Height="291" />
            <Position Top="256" Left="12" Width="283" Height="44" Fixed="False" FixAt="2" MaxItem="4" />
            <Font>39Smooth-12.xpr</Font>
        </Menu>
        <ColorScheme>
            <AMBIENT_FOGCOLOR>0x78808080</AMBIENT_FOGCOLOR>
            <AMBIENT_SKYCOLOR>0xFF00000F</AMBIENT_SKYCOLOR>
            <AMBIENT_CELLCOLOR>0x7800C000</AMBIENT_CELLCOLOR>
            <CAPTION_TEXTCOLOR>0xFF5A3C01</CAPTION_TEXTCOLOR>
            <CAPTION_BACKCOLOR>0xFF008000</CAPTION_BACKCOLOR>
            <DIALOG_BORDERCOLOR>0xFFFFFFFF</DIALOG_BORDERCOLOR>
            <DIALOG_BACKCOLOR>0xFFFDBB42</DIALOG_BACKCOLOR>
            <DIALOG_INNER_BORDERCOLOR>0xFFFFFFFF</DIALOG_INNER_BORDERCOLOR>
            <DIALOG_INNER_BACKCOLOR>0x96C88D04</DIALOG_INNER_BACKCOLOR>
            <DIALOG_TEXTCOLOR>0xFF000000</DIALOG_TEXTCOLOR>
            <DIALOG_DISABLEDTEXT>0xFFFFFFFF</DIALOG_DISABLEDTEXT>
            <OPTION_TEXTCOLOR>0xFF000000</OPTION_TEXTCOLOR>
            <OPTION_ACTIVETEXTCOLOR>0xFF000000</OPTION_ACTIVETEXTCOLOR>
            <OPTION_ACTIVEBACKCOLOR>0xFF008000</OPTION_ACTIVEBACKCOLOR>
            <BUTTON_BORDERCOLOR>0xFFFFFFFF</BUTTON_BORDERCOLOR>
            <BUTTON_TEXTCOLOR>0xFFFFFFFF</BUTTON_TEXTCOLOR>
            <BUTTON_BACKCOLOR>0xFF9D6702</BUTTON_BACKCOLOR>
            <BUTTON_ACTIVETEXTCOLOR>0xFFFFFFFF</BUTTON_ACTIVETEXTCOLOR>
            <BUTTON_ACTIVEBACKCOLOR>0xFF9D6702</BUTTON_ACTIVEBACKCOLOR>
            <KB_KEYBG_HIGHLIGHT>0xFFFEDA96</KB_KEYBG_HIGHLIGHT>
            <KB_KEYBG_DISABLED>0x78C0C0C0</KB_KEYBG_DISABLED>
            <KB_KEY_PRESSED>0xFFAE7202</KB_KEY_PRESSED>
            <KB_KEY_NORMAL>0xFF000000</KB_KEY_NORMAL>
            <KB_KEY_DISABLED>0xFFFFFFFF</KB_KEY_DISABLED>
            <KB_KEY_ACTIVEBORDER>0xFFEC4D00</KB_KEY_ACTIVEBORDER>
            <KB_KEY_TEXTCOLOR>0xFF000000</KB_KEY_TEXTCOLOR>
            <KB_KEY_TEXTBACKCOLOR>0xFFFFFFFF</KB_KEY_TEXTBACKCOLOR>
            <KB_KEY_TEXTBORDERCOLOR>0x780000FF</KB_KEY_TEXTBORDERCOLOR>
            <MENU_TEXTCOLOR>0xFF000000</MENU_TEXTCOLOR>
            <MENU_ACTIVETEXTCOLOR>0xFF000000</MENU_ACTIVETEXTCOLOR>
            <MENU_BORDERCOLOR>0x81808080</MENU_BORDERCOLOR>
            <MENU_BACKCOLOR>0x98FDBB42</MENU_BACKCOLOR>
            <MENU_ACTIVEBACKCOLOR>0x88008040</MENU_ACTIVEBACKCOLOR>
            <MENU_ACTIVEBORDERCOLOR>0x84808080</MENU_ACTIVEBORDERCOLOR>
        </ColorScheme>
    </Main>
</Skin>