<Skin name="Optima Blue">
	<Information>
		<Author>Darkfall</Author>
		<Copyright>2006</Copyright>
		<Version>4.0</Version>
	</Information>
	<IntroMovie EnableAudio="No">Intro.xmv</IntroMovie>
	<LoadingScreen ShowInfo="No">
		<BackGround EnableAudio="No">Load.xmv</BackGround>
	</LoadingScreen>
	<FileManager SafeBorder="Yes">
		<BackGround>FileManager.jpg</BackGround>
	</FileManager>
	<Main Globe="No" Orb="No" Fog="No">
		<Cellwall></Cellwall>
		<BackGround EnableAudio="No">UnderLay.jpg</BackGround>
		<Image Top="13" Left="39" Width="115" Height="120" Source="GameIcon"/>
		<Image Source="GamePreview"/>
		<Image Top="13" Left="39" Width="" Height="" Source="OverLay-Icon.png"/>
		<Image Top="446" Left="15" Width="" Height="" Source="Optima Blue UnleashX.jpg"/>
		<Menu Scroll="Yes" Smooth="Yes" Align="Left" ShowIcon="No" ShowArrows="No" Rotate="No">
			<Position Top="137" Left="35" Width="299" Height="170" Fixed="No" FixAt="3" MaxItem="5"/>
			<Font>MK_5_16.xpr</Font>
			<Preview EnableAudio="No" Top="135" Left="340" width="259" Height="165"/>
		</Menu>
		<InfoFont>MK_4_16.xpr</InfoFont>
		<Text Left="427" Top="10" Width="" Align="Center" Color="0xFFAAD5FF" Source="$DateTime$"></Text>
		<Text Left="175" Top="65" Width="" Align="Left" Color="0xFF2B95FF" Source="F: $F_FreeMB$"></Text>
		<Text Left="596" Top="65" Width="" Align="Right" Color="0xFF2B95FF" Source="E: $E_FreeMB$"></Text>
		<Text Left="175" Top="85" Width="" Align="Left" Color="0xFF0080FF" Source="C: $C_FreeMB$"></Text>
		<Text Left="596" Top="85" Width="" Align="Right" Color="0xFF0080FF" Source="Video Mode: $VideoMode$"></Text>
		<Text Left="320" Top="315" Width="" Align="Center" Color="0xFFAAD5FF" Source="DVD: $DVDTitle$"></Text>
		<Text Left="42" Top="335" Width="" Align="Left" Color="0xFF80BFFF" Source="CPU Temp: $CPUTemp$"></Text>
		<Text Left="596" Top="335" Width="" Align="Right" Color="0xFF80BFFF" Source="Motherboard Temp: $MBTemp$"></Text>
		<Text Left="320" Top="365" Width="" Align="Center" Color="0xFF55AAFF" Source="$SoundTrack$"></Text>
		<Text Left="42" Top="385" Width="" Align="Left" Color="0xFF2B95FF" Source="$SongName$"></Text>
		<Text Left="596" Top="385" Width="" Align="Right" Color="0xFF2B95FF" Source="$SongTime$"></Text>
		<Text Left="23" Top="423" Width="" Align="Left" Color="0xFF0080FF" Source="IP: $IP$"></Text>
		<Text Left="615" Top="423" Width="" Align="Right" Color="0xFF0080FF" Source="UnleashX: v$AppVersion$"></Text>
	</Main>
	<ColorScheme>
		<AMBIENT_FOGCOLOR>0xFF000020</AMBIENT_FOGCOLOR>
		<AMBIENT_SKYCOLOR>0xFF000030</AMBIENT_SKYCOLOR>
		<AMBIENT_CELLCOLOR>0xFF000055</AMBIENT_CELLCOLOR>
		<CAPTION_TEXTCOLOR>0xFFFFFF00</CAPTION_TEXTCOLOR>
		<CAPTION_BACKCOLOR>0xFF000055</CAPTION_BACKCOLOR>
		<DIALOG_BORDERCOLOR>0xFF000000</DIALOG_BORDERCOLOR>
		<DIALOG_BACKCOLOR>0xFF000055</DIALOG_BACKCOLOR>
		<DIALOG_INNER_BORDERCOLOR>0xFF000000</DIALOG_INNER_BORDERCOLOR>
		<DIALOG_INNER_BACKCOLOR>0xBB000000</DIALOG_INNER_BACKCOLOR>
		<DIALOG_TEXTCOLOR>0xFFFFFFFF</DIALOG_TEXTCOLOR>
		<DIALOG_DISABLEDTEXT>0xFF111111</DIALOG_DISABLEDTEXT>
		<OPTION_TEXTCOLOR>0xFFFFFFFF</OPTION_TEXTCOLOR>
		<OPTION_ACTIVETEXTCOLOR>0xFFFFFF00</OPTION_ACTIVETEXTCOLOR>
		<OPTION_ACTIVEBACKCOLOR>0xFF000055</OPTION_ACTIVEBACKCOLOR>
		<BUTTON_BORDERCOLOR>0xBB000000</BUTTON_BORDERCOLOR>
		<BUTTON_TEXTCOLOR>0xFFAAAA00</BUTTON_TEXTCOLOR>
		<BUTTON_BACKCOLOR>0xFF000055</BUTTON_BACKCOLOR>
		<BUTTON_ACTIVETEXTCOLOR>0xFFFFFF00</BUTTON_ACTIVETEXTCOLOR>
		<BUTTON_ACTIVEBACKCOLOR>0xBB000000</BUTTON_ACTIVEBACKCOLOR>
		<KB_KEYBG_HIGHLIGHT>0xFF303030</KB_KEYBG_HIGHLIGHT>
		<KB_KEYBG_DISABLED>0xFF000055</KB_KEYBG_DISABLED>
		<KB_KEY_PRESSED>0xFF303030</KB_KEY_PRESSED>
		<KB_KEY_NORMAL>0xFF000000</KB_KEY_NORMAL>
		<KB_KEY_DISABLED>0xFF000055</KB_KEY_DISABLED>
		<KB_KEY_ACTIVEBORDER>0xFF303030</KB_KEY_ACTIVEBORDER>
		<KB_KEY_TEXTCOLOR>0xFFFFFFFF</KB_KEY_TEXTCOLOR>
		<KB_KEY_TEXTBACKCOLOR>0xFF000000</KB_KEY_TEXTBACKCOLOR>
		<KB_KEY_TEXTBORDERCOLOR>0xFFAAAAAA</KB_KEY_TEXTBORDERCOLOR>
		<MENU_TEXTCOLOR>0xFF55AAFF</MENU_TEXTCOLOR>
		<MENU_ACTIVETEXTCOLOR>0xFFAAAA00</MENU_ACTIVETEXTCOLOR>
		<MENU_BORDERCOLOR>0xFF000000</MENU_BORDERCOLOR>
		<MENU_ACTIVEBACKCOLOR>0x00000000</MENU_ACTIVEBACKCOLOR>
		<MENU_ACTIVEBORDERCOLOR>0x00000000</MENU_ACTIVEBORDERCOLOR>
	</ColorScheme>
</Skin>
