��<Skin name="The Sims">
    <Information>
        <Author>BigDumbYak</Author>
        <Version>1</Version>
        <Copyright>2005</Copyright>
        <Skinner Name="UX Architect" Version="1.0c" />
    </Information>
    <Main Globe="False" Orb="False" Fog="False">
        <Background EnableAudio="False">SIMSBKG.PNG</Background>
        <InfoFont>Square-10.xpr</InfoFont>
        <Text Top="39" Left="455" Width="165" Scroll="1" Color="0xFFFFFFFF" Source="SongName" Align="Left" />
        <Text Top="274" Left="133" Width="119" Scroll="1" Color="0xFFFFFFFF" Source="SongTime" Align="Left" />
        <Text Top="43" Left="220" Width="200" Scroll="1" Color="0xFFFFFFFF" Source="DateTime" Align="Left" />
        <Text Top="380" Left="32" Width="573" Scroll="0" Color="0xFFFFFFFF" Source="Newsfeed" Align="Left" />
        <Text Top="352" Left="32" Width="573" Scroll="0" Color="0xFFFFFFFF" Source="NewsSource" Align="Left" />
        <Text Top="438" Left="282" Width="150" Scroll="0" Color="0xFFFFFFFF" Source="SkinAuthor" Align="Left" />
        <Text Top="440" Left="435" Width="200" Scroll="0" Color="0xFFFFFFFF" Source="MBTempC" Align="Left" />
        <Text Top="440" Left="110" Width="200" Scroll="0" Color="0xFFFFFFFF" Source="CPUTempC" Align="Left" />
        <Text Top="16" Left="455" Width="165" Scroll="1" Color="0xFFFFFFFF" Source="SoundTrack" Align="Left" />
        <Image Top="93" Left="63" Width="183" Height="168" Opacity="100" zIndex="4">SIMSGAMEICONOVERLAY.PNG</Image>
        <Image Top="99" Left="76" Width="158" Height="158" Source="GameIcon" zIndex="3" />
        <Menu Scroll="True" Smooth="True" Align="Left" ShowIcon="False" Rotate="True" ShowArrows="true">
            <Position Top="95" Left="459" Width="142" Height="191" Fixed="True" FixAt="2" MaxItem="8" />
            <Font>SimsLLHP-12.xpr</Font>
        </Menu>
        <ColorScheme>
            <AMBIENT_FOGCOLOR>0x78FFFFFF</AMBIENT_FOGCOLOR>
            <AMBIENT_SKYCOLOR>0xFF00000F</AMBIENT_SKYCOLOR>
            <AMBIENT_CELLCOLOR>0x7800C000</AMBIENT_CELLCOLOR>
            <CAPTION_TEXTCOLOR>0xFFEAEA47</CAPTION_TEXTCOLOR>
            <CAPTION_BACKCOLOR>0xFF4274FF</CAPTION_BACKCOLOR>
            <DIALOG_BORDERCOLOR>0xFFFFFFFF</DIALOG_BORDERCOLOR>
            <DIALOG_BACKCOLOR>0xFF273CF3</DIALOG_BACKCOLOR>
            <DIALOG_INNER_BORDERCOLOR>0xFFFFFFFF</DIALOG_INNER_BORDERCOLOR>
            <DIALOG_INNER_BACKCOLOR>0xFF09389A</DIALOG_INNER_BACKCOLOR>
            <DIALOG_TEXTCOLOR>0xFFFFFFFF</DIALOG_TEXTCOLOR>
            <DIALOG_DISABLEDTEXT>0xFFB3B3B4</DIALOG_DISABLEDTEXT>
            <OPTION_TEXTCOLOR>0xFFFFFFFF</OPTION_TEXTCOLOR>
            <OPTION_ACTIVETEXTCOLOR>0xFF47EAEA</OPTION_ACTIVETEXTCOLOR>
            <OPTION_ACTIVEBACKCOLOR>0xFF273CF3</OPTION_ACTIVEBACKCOLOR>
            <BUTTON_BORDERCOLOR>0xFFFFFFFF</BUTTON_BORDERCOLOR>
            <BUTTON_TEXTCOLOR>0xFFFFFFFF</BUTTON_TEXTCOLOR>
            <BUTTON_BACKCOLOR>0xFF273CF3</BUTTON_BACKCOLOR>
            <BUTTON_ACTIVETEXTCOLOR>0xFFFFFFFF</BUTTON_ACTIVETEXTCOLOR>
            <BUTTON_ACTIVEBACKCOLOR>0xFF003399</BUTTON_ACTIVEBACKCOLOR>
            <KB_KEYBG_HIGHLIGHT>0xFF0000FF</KB_KEYBG_HIGHLIGHT>
            <KB_KEYBG_DISABLED>0x78C0C0C0</KB_KEYBG_DISABLED>
            <KB_KEY_PRESSED>0xFF008000</KB_KEY_PRESSED>
            <KB_KEY_NORMAL>0xFF000000</KB_KEY_NORMAL>
            <KB_KEY_DISABLED>0xFFFFFFFF</KB_KEY_DISABLED>
            <KB_KEY_ACTIVEBORDER>0xFFFF0000</KB_KEY_ACTIVEBORDER>
            <KB_KEY_TEXTCOLOR>0xFF000000</KB_KEY_TEXTCOLOR>
            <KB_KEY_TEXTBACKCOLOR>0xFFFFFFFF</KB_KEY_TEXTBACKCOLOR>
            <KB_KEY_TEXTBORDERCOLOR>0x780000FF</KB_KEY_TEXTBORDERCOLOR>
            <MENU_TEXTCOLOR>0xFFFFFFFF</MENU_TEXTCOLOR>
            <MENU_ACTIVETEXTCOLOR>0xFFFFFFFF</MENU_ACTIVETEXTCOLOR>
            <MENU_ACTIVEBACKCOLOR>0x800000FF</MENU_ACTIVEBACKCOLOR>
            <MENU_ACTIVEBORDERCOLOR>0xFF0000A0</MENU_ACTIVEBORDERCOLOR>
        </ColorScheme>
    </Main>
</Skin>