﻿<Skin name="Win95">
    <Information>
        <Author>oozingrectum</Author>
        <Version>02</Version>
        <Copyright>0000</Copyright>
        <Skinner Name="UX Architect" Version="1.0c" />
    </Information>
    <Filemanager SafeBorder="False">
        <Background>filemanager.PNG</Background>
    </Filemanager>
    <LoadingScreen ShowInfo="True">
        <Background>untitled03.PNG</Background>
    </LoadingScreen>
    <Main Globe="False" Orb="False" Fog="False">
        <Background EnableAudio="False">back3.PNG</Background>
        <InfoFont>Square-10.xpr</InfoFont>
        <Text Top="360" Left="438" Width="182" Scroll="0" Color="0xFF000000" Source="Tray" Align="Left" />
        <Text Top="343" Left="438" Width="182" Scroll="0" Color="0xFF000000" Source="$DVDTitle$" Align="Left" />
        <Text Top="326" Left="438" Width="182" Scroll="0" Color="0xFF000000" Source="$SongTime$" Align="Left" />
        <Text Top="303" Left="438" Width="182" Scroll="0" Color="0xFF000000" Source="$SoundTrack$" Align="Left" />
        <Text Top="431" Left="220" Width="347" Scroll="0" Color="0xFF000000" Source="$Newsfeed$" Align="Left" />
        <Text Top="380" Left="237" Width="200" Scroll="0" Color="0xFF000000" Source="IP" Align="Left" />
        <Text Top="361" Left="237" Width="200" Scroll="0" Color="0xFF000000" Source="F_Free" Align="Left" />
        <Text Top="342" Left="237" Width="200" Scroll="0" Color="0xFF000000" Source="E_Total" Align="Left" />
        <Text Top="322" Left="237" Width="200" Scroll="0" Color="0xFF000000" Source="C_Free" Align="Left" />
        <Text Top="303" Left="237" Width="200" Scroll="0" Color="0xFF000000" Source="C_Total" Align="Left" />
        <Text Top="461" Left="579" Width="200" Scroll="0" Color="0xFF000000" Source="$Time$" Align="Left" />
        <Image Top="11" Left="65" Width="559" Height="305" Opacity="100">ie2g.PNG</Image>
        <Image Top="253" Left="215" Width="412" Height="201" Opacity="100">window3.PNG</Image>
        <Image Top="54" Left="569" Width="49" Height="50" Source="GameIcon" />
        <Menu Align="Left" ShowIcon="False" ShowArrows="False">
            <Position Top="270" Left="19" Width="189" Height="158" Fixed="True" FixAt="2" MaxItem="4" />
            <Font>Tahoma-12.xpr</Font>
        </Menu>
        <ColorScheme>
            <AMBIENT_FOGCOLOR>0x78FFFFFF</AMBIENT_FOGCOLOR>
            <AMBIENT_SKYCOLOR>0xFF00000F</AMBIENT_SKYCOLOR>
            <AMBIENT_CELLCOLOR>0x7800C000</AMBIENT_CELLCOLOR>
            <CAPTION_TEXTCOLOR>0xFFFFFFFF</CAPTION_TEXTCOLOR>
            <CAPTION_BACKCOLOR>0xFF000080</CAPTION_BACKCOLOR>
            <DIALOG_BORDERCOLOR>0xFF000000</DIALOG_BORDERCOLOR>
            <DIALOG_BACKCOLOR>0xFFC0C0C0</DIALOG_BACKCOLOR>
            <DIALOG_INNER_BORDERCOLOR>0xFF808080</DIALOG_INNER_BORDERCOLOR>
            <DIALOG_INNER_BACKCOLOR>0xFFFFFFFF</DIALOG_INNER_BACKCOLOR>
            <DIALOG_TEXTCOLOR>0xFF000000</DIALOG_TEXTCOLOR>
            <DIALOG_DISABLEDTEXT>0xFF808080</DIALOG_DISABLEDTEXT>
            <OPTION_TEXTCOLOR>0xFF000000</OPTION_TEXTCOLOR>
            <OPTION_ACTIVETEXTCOLOR>0xFFFFFFFF</OPTION_ACTIVETEXTCOLOR>
            <OPTION_ACTIVEBACKCOLOR>0xFF000080</OPTION_ACTIVEBACKCOLOR>
            <BUTTON_BORDERCOLOR>0xFF000000</BUTTON_BORDERCOLOR>
            <BUTTON_TEXTCOLOR>0xFF808080</BUTTON_TEXTCOLOR>
            <BUTTON_BACKCOLOR>0xFFC0C0C0</BUTTON_BACKCOLOR>
            <BUTTON_ACTIVETEXTCOLOR>0xFF000000</BUTTON_ACTIVETEXTCOLOR>
            <BUTTON_ACTIVEBACKCOLOR>0xFFC0C0C0</BUTTON_ACTIVEBACKCOLOR>
            <KB_KEYBG_HIGHLIGHT>0xFF000080</KB_KEYBG_HIGHLIGHT>
            <KB_KEYBG_DISABLED>0x00000000</KB_KEYBG_DISABLED>
            <KB_KEY_PRESSED>0xFFC0C0C0</KB_KEY_PRESSED>
            <KB_KEY_NORMAL>0xFF000000</KB_KEY_NORMAL>
            <KB_KEY_DISABLED>0xFFC0C0C0</KB_KEY_DISABLED>
            <KB_KEY_ACTIVEBORDER>0xFF000080</KB_KEY_ACTIVEBORDER>
            <KB_KEY_TEXTCOLOR>0xFF000000</KB_KEY_TEXTCOLOR>
            <KB_KEY_TEXTBACKCOLOR>0xFFFFFFFF</KB_KEY_TEXTBACKCOLOR>
            <KB_KEY_TEXTBORDERCOLOR>0x78808080</KB_KEY_TEXTBORDERCOLOR>
            <MENU_TEXTCOLOR>0xFF000000</MENU_TEXTCOLOR>
            <MENU_ACTIVETEXTCOLOR>0xFFFFFFFF</MENU_ACTIVETEXTCOLOR>
            <MENU_ACTIVEBACKCOLOR>0xFF000080</MENU_ACTIVEBACKCOLOR>
            <MENU_ACTIVEBORDERCOLOR>0xFF000080</MENU_ACTIVEBORDERCOLOR>
        </ColorScheme>
    </Main>
</Skin>