﻿<Skin name="Nikki Revisited">
    <Information>
        <Author>babyb</Author>
        <Version>2</Version>
        <Copyright>2004</Copyright>
        <Skinner Name="UX Architect" Version="1.0c" />
    </Information>
    <Filemanager SafeBorder="False">
        <Background>NikkiRev_fm.jpg</Background>
    </Filemanager>
    <LoadingScreen ShowInfo="False">
        <Background>NikkiRev_ld.jpg</Background>
    </LoadingScreen>
    <Main Globe="False" Orb="False" Fog="False">
        <Background EnableAudio="False">NikkiRev_bg.jpg</Background>
        <InfoFont>ParkAvenue-14.xpr</InfoFont>
        <Text Top="126" Left="243" Width="200" Scroll="2" Color="0xFFF71A61" Source="$NewsSource$" Align="Left" />
        <Text Top="94" Left="243" Width="80" Scroll="0" Color="0xFFF71A61" Source="$CPUTemp$" Align="Left" />
        <Text Top="65" Left="245" Width="82" Scroll="0" Color="0xFFF71A61" Source="$NumClient$" Align="Left" />
        <Text Top="36" Left="224" Width="99" Scroll="0" Color="0xFFF71A61" Source="$NickName$" Align="Left" />
        <Text Top="8" Left="175" Width="145" Scroll="0" Color="0xFFF71A61" Source="$IP$" Align="Left" />
        <Text Top="94" Left="348" Width="200" Scroll="0" Color="0xFFF71A61" Source="$G_Free$" Align="Left" />
        <Text Top="63" Left="348" Width="200" Scroll="0" Color="0xFFF71A61" Source="$F_Free$" Align="Left" />
        <Text Top="35" Left="348" Width="200" Scroll="0" Color="0xFFF71A61" Source="$DVDTitle$" Align="Left" />
        <Image Source="GamePreview" />
	<Image Opacity="100" Top="180" Left="325" Width="121" Height="90">NikkiRev_vid.png</Image>
        <Menu Smooth="True" Align="Left" ShowIcon="False" ShowArrows="False">
            <Preview EnableAudio="True" Top="180" Left="325" Width="120" Height="89" />
            <Position Top="180" Left="448" Width="182" Height="248" Fixed="True" FixAt="2" MaxItem="10" />
            <Font>ParkAvenue-14.xpr</Font>
        </Menu>
        <ColorScheme>
            <AMBIENT_FOGCOLOR>0x00FFFFFF</AMBIENT_FOGCOLOR>
            <AMBIENT_SKYCOLOR>0x0000000F</AMBIENT_SKYCOLOR>
            <AMBIENT_CELLCOLOR>0x0000C000</AMBIENT_CELLCOLOR>
            <CAPTION_TEXTCOLOR>0xFFFFFFFF</CAPTION_TEXTCOLOR>
            <CAPTION_BACKCOLOR>0x64FF0080</CAPTION_BACKCOLOR>
            <DIALOG_BORDERCOLOR>0xFF000000</DIALOG_BORDERCOLOR>
            <DIALOG_BACKCOLOR>0x64FF0080</DIALOG_BACKCOLOR>
            <DIALOG_INNER_BORDERCOLOR>0xC8000000</DIALOG_INNER_BORDERCOLOR>
            <DIALOG_INNER_BACKCOLOR>0x5A808080</DIALOG_INNER_BACKCOLOR>
            <DIALOG_TEXTCOLOR>0xFFFFFFFF</DIALOG_TEXTCOLOR>
            <DIALOG_DISABLEDTEXT>0xFF808080</DIALOG_DISABLEDTEXT>
            <OPTION_TEXTCOLOR>0xFFFFFFFF</OPTION_TEXTCOLOR>
            <OPTION_ACTIVETEXTCOLOR>0xFFFFFFFF</OPTION_ACTIVETEXTCOLOR>
            <OPTION_ACTIVEBACKCOLOR>0x50FF0000</OPTION_ACTIVEBACKCOLOR>
            <BUTTON_BORDERCOLOR>0xC8000000</BUTTON_BORDERCOLOR>
            <BUTTON_TEXTCOLOR>0xFFFFFFFF</BUTTON_TEXTCOLOR>
            <BUTTON_BACKCOLOR>0xFFC40062</BUTTON_BACKCOLOR>
            <BUTTON_ACTIVETEXTCOLOR>0xFFFFFFFF</BUTTON_ACTIVETEXTCOLOR>
            <BUTTON_ACTIVEBACKCOLOR>0xFFFF0080</BUTTON_ACTIVEBACKCOLOR>
            <KB_KEYBG_HIGHLIGHT>0x19575757</KB_KEYBG_HIGHLIGHT>
            <KB_KEYBG_DISABLED>0x78C0C0C0</KB_KEYBG_DISABLED>
            <KB_KEY_PRESSED>0xFFC0C0C0</KB_KEY_PRESSED>
            <KB_KEY_NORMAL>0xFF000000</KB_KEY_NORMAL>
            <KB_KEY_DISABLED>0x78808080</KB_KEY_DISABLED>
            <KB_KEY_ACTIVEBORDER>0xFFFF0000</KB_KEY_ACTIVEBORDER>
            <KB_KEY_TEXTCOLOR>0xFF000000</KB_KEY_TEXTCOLOR>
            <KB_KEY_TEXTBACKCOLOR>0xFFFFFFFF</KB_KEY_TEXTBACKCOLOR>
            <KB_KEY_TEXTBORDERCOLOR>0x780000FF</KB_KEY_TEXTBORDERCOLOR>
            <MENU_TEXTCOLOR>0xC8000000</MENU_TEXTCOLOR>
            <MENU_ACTIVETEXTCOLOR>0xFFFFFFFF</MENU_ACTIVETEXTCOLOR>
            <MENU_ACTIVEBACKCOLOR>0x32FF0080</MENU_ACTIVEBACKCOLOR>
            <MENU_ACTIVEBORDERCOLOR>0x32000000</MENU_ACTIVEBORDERCOLOR>
        </ColorScheme>
    </Main>
</Skin>