<Skin name="bmw m">
         <Information>
                  <Author>rustamov ilya</Author>
                  <Copyright>http://www.novart.ru</Copyright>
                  <Version>0.1 created with ReleashED created with ReleashED created with ReleashED created with ReleashED created with ReleashED created with ReleashED created with ReleashED created with ReleashED created with ReleashED</Version>
         </Information>
         <IntroMovie>intro.xmv</IntroMovie>
         <FileManager>
                  <BackGround>manager.png</BackGround>
         </FileManager>
         <LoadingScreen ShowInfo="False">
                  <BackGround>loading.png</BackGround>
         </LoadingScreen>
         <Main Globe="True" Orb="False" Fog="True">
                  <BackGround EnableAudio="False">bmw2.png</BackGround>
                  <Cellwall>4.png</Cellwall>
                  <Orb>8.png</Orb>
                  <Icon>8.png</Icon>
                  <Menu Smooth="True" Align="Left" ShowIcon="True" Rotate="True" ShowArrows="True">
                           <Position Top="100" Left="50" Width="0" Height="0" Fixed="True" FixAt="0" MaxItem="7"></Position>
                  <Font>MetaBookCyr-Caps_18.xpr</Font>
                           <Preview EnableAudio="False" Top="100" Left="100" Width="100" Height="100" />
                  </Menu>
                  <InfoFont>TimesET_14.xpr</InfoFont>
                  <Text Top="15" Left="0" Align="Left" Color="0xFF484848" Source="DateTime"></Text>
                  <Text Top="30" Left="0" Align="Left" Color="0xFF484848" Source="C_FreeMB"></Text>
                  <Text Top="45" Left="0" Align="Left" Color="0xFF484848" Source="E_FreeMB"></Text>
                  <Text Top="60" Left="0" Align="Left" Color="0xFF484848" Source="F_FreeMB"></Text>
                  <Text Top="450" Left="420" Align="Left" Color="0xFFFFFFFF" Source="IP"></Text>
                  <Text Top="430" Left="420" Align="Left" Color="0xFFFFFFFF" Source="Tray"></Text>
                  </Main>
         <ColorScheme >
                  <AMBIENT_FOGCOLOR></AMBIENT_FOGCOLOR>
                  <AMBIENT_SKYCOLOR></AMBIENT_SKYCOLOR>
                  <AMBIENT_CELLCOLOR></AMBIENT_CELLCOLOR>
                  <CAPTION_TEXTCOLOR>0xFF25376b</CAPTION_TEXTCOLOR>
                  <CAPTION_BACKCOLOR>0xFFC0C0C0</CAPTION_BACKCOLOR>
                  <DIALOG_BORDERCOLOR>0xFFFFFFFF</DIALOG_BORDERCOLOR>
                  <DIALOG_BACKCOLOR>0xFF9ea0ae</DIALOG_BACKCOLOR>
                  <DIALOG_INNER_BORDERCOLOR>0xFF808080</DIALOG_INNER_BORDERCOLOR>
                  <DIALOG_INNER_BACKCOLOR>0xFFc2cceb</DIALOG_INNER_BACKCOLOR>
                  <DIALOG_TEXTCOLOR>0xFF253185</DIALOG_TEXTCOLOR>
                  <DIALOG_DISABLEDTEXT>0xFFC0C0C0</DIALOG_DISABLEDTEXT>
                  <OPTION_TEXTCOLOR>0xFF25376b</OPTION_TEXTCOLOR>
                  <OPTION_ACTIVETEXTCOLOR>0xFF25376b</OPTION_ACTIVETEXTCOLOR>
                  <OPTION_ACTIVEBACKCOLOR>0xFFC0C0C0</OPTION_ACTIVEBACKCOLOR>
                  <BUTTON_BORDERCOLOR></BUTTON_BORDERCOLOR>
                  <BUTTON_TEXTCOLOR></BUTTON_TEXTCOLOR>
                  <BUTTON_BACKCOLOR></BUTTON_BACKCOLOR>
                  <BUTTON_ACTIVETEXTCOLOR></BUTTON_ACTIVETEXTCOLOR>
                  <BUTTON_ACTIVEBACKCOLOR></BUTTON_ACTIVEBACKCOLOR>
                  <KB_KEYBG_HIGHLIGHT></KB_KEYBG_HIGHLIGHT>
                  <KB_KEYBG_DISABLED></KB_KEYBG_DISABLED>
                  <KB_KEY_PRESSED></KB_KEY_PRESSED>
                  <KB_KEY_NORMAL></KB_KEY_NORMAL>
                  <KB_KEY_DISABLED></KB_KEY_DISABLED>
                  <KB_KEY_ACTIVEBORDER></KB_KEY_ACTIVEBORDER>
                  <KB_KEY_TEXTCOLOR></KB_KEY_TEXTCOLOR>
                  <KB_KEY_TEXTBACKCOLOR></KB_KEY_TEXTBACKCOLOR>
                  <KB_KEY_TEXTBORDERCOLOR></KB_KEY_TEXTBORDERCOLOR>
                  <MENU_TEXTCOLOR>0xFFFFFFFF</MENU_TEXTCOLOR>
                  <MENU_ACTIVETEXTCOLOR>0xFFf1f4f9</MENU_ACTIVETEXTCOLOR>
                  <MENU_BORDERCOLOR></MENU_BORDERCOLOR>
                  <MENU_BACKCOLOR>0xFFFF8000</MENU_BACKCOLOR>
                  <MENU_ACTIVEBACKCOLOR>0xFFb7bacb</MENU_ACTIVEBACKCOLOR>
                  <MENU_ACTIVEBORDERCOLOR>0xFFbdd3ea</MENU_ACTIVEBORDERCOLOR>
         </ColorScheme>
</Skin>
