<Skin Name="western">

 <Information>
   <Author>Dunny</Author>
   <Version>1.0</Version>
 </Information>

<Main globe="False" Orb="False">
   <Background>bg-ws.wmv</Background>
   <Image left="128" Top="168" Width="200" Height="180" Source="GameIcon"/>
   <Image Source="GamePreview"/>
 <Menu smooth="False" ShowArrows="False" ShowIcon="False" Rotate="False" Align="Middle">
   <Position Top="173" Left="341" Width="200" Height="200"></Position> 
   <Preview EnableAudio="True" left="128" Top="168" Width="200" Height="180" />
   <Font>menufont.xpr</Font>
 </Menu>
 <Image Top="0" Left="0" Width="640" Height="480">bg-ws.png</Image>
</Main>

<ColorScheme>
  <AMBIENT_FOGCOLOR></AMBIENT_FOGCOLOR>
  <AMBIENT_SKYCOLOR>0xFF000000</AMBIENT_SKYCOLOR>
  <AMBIENT_CELLCOLOR></AMBIENT_CELLCOLOR>

  <CAPTION_TEXTCOLOR>0xFF000000</CAPTION_TEXTCOLOR>
  <CAPTION_BACKCOLOR>0xFFE0E0DF</CAPTION_BACKCOLOR>

  <DIALOG_BORDERCOLOR>0xFF000000</DIALOG_BORDERCOLOR>
  <DIALOG_BACKCOLOR>0xFF938572</DIALOG_BACKCOLOR>
  <DIALOG_INNER_BORDERCOLOR>0xFFA59989</DIALOG_INNER_BORDERCOLOR>
  <DIALOG_INNER_BACKCOLOR>0xFFBBB3A6</DIALOG_INNER_BACKCOLOR>
  <DIALOG_TEXTCOLOR>0xFF000000</DIALOG_TEXTCOLOR>
  <DIALOG_DISABLEDTEXT>0xFFC0C0C0</DIALOG_DISABLEDTEXT>

  <OPTION_TEXTCOLOR>0xFF000000</OPTION_TEXTCOLOR>
  <OPTION_ACTIVETEXTCOLOR>0xFF5F594F</OPTION_ACTIVETEXTCOLOR>
  <OPTION_ACTIVEBACKCOLOR>0xFF58A7DD</OPTION_ACTIVEBACKCOLOR>

  <BUTTON_BORDERCOLOR>0xFF000000</BUTTON_BORDERCOLOR>
  <BUTTON_TEXTCOLOR>0xFF000000</BUTTON_TEXTCOLOR>
  <BUTTON_BACKCOLOR>0xCDACD5F1</BUTTON_BACKCOLOR>
  <BUTTON_ACTIVETEXTCOLOR>0xFFFFFFFF</BUTTON_ACTIVETEXTCOLOR>
  <BUTTON_ACTIVEBACKCOLOR>0xE157AAE3</BUTTON_ACTIVEBACKCOLOR>	

  <KB_KEYBG_HIGHLIGHT>0xCCACD5F1</KB_KEYBG_HIGHLIGHT>
  <KB_KEYBG_DISABLED>0xff868484</KB_KEYBG_DISABLED>
  <KB_KEY_PRESSED>0xff808080</KB_KEY_PRESSED>
  <KB_KEY_NORMAL>0xff000000</KB_KEY_NORMAL>
  <KB_KEY_DISABLED>0xff808080</KB_KEY_DISABLED>
  <KB_KEY_ACTIVEBORDER>0xffACD5F1</KB_KEY_ACTIVEBORDER>
  <KB_KEY_TEXTCOLOR>0xff000000</KB_KEY_TEXTCOLOR>
  <KB_KEY_TEXTBACKCOLOR>0xff88C4ED</KB_KEY_TEXTBACKCOLOR>
  <KB_KEY_TEXTBORDERCOLOR>0xffffffff</KB_KEY_TEXTBORDERCOLOR>

  <MENU_BORDERCOLOR></MENU_BORDERCOLOR>
  <MENU_BACKCOLOR></MENU_BACKCOLOR>
  <MENU_ACTIVEBACKCOLOR></MENU_ACTIVEBACKCOLOR>
  <MENU_ACTIVEBORDERCOLOR></MENU_ACTIVEBORDERCOLOR>
  <MENU_TEXTCOLOR>0xFF938572</MENU_TEXTCOLOR>
  <MENU_ACTIVETEXTCOLOR>0xFFE9E1D6</MENU_ACTIVETEXTCOLOR>
</ColorScheme>
</Skin>