﻿<Skin name="GQ">
    <Information>
        <Author>Michael Johnson</Author>
        <Version>1</Version>
        <Copyright>2005</Copyright>
        <Skinner Name="UX Architect" Version="1.0c" />
    </Information>
    <LoadingScreen ShowInfo="False">
        <Background>loading copy.png</Background>
    </LoadingScreen>
    <Main Globe="False" Orb="False" Fog="False">
        <Background EnableAudio="False">applefinalx.png</Background>
        <InfoFont>Square-10.xpr</InfoFont>
        <Text Top="300" Left="150" Width="233" Scroll="2" Color="0xFFFFFFFF" Source="SongName" Align="Left" />
        <Text Top="160" Left="180" Width="200" Scroll="0" Color="0xFF000000" Source="$DateTime$" Align="Right" />
        <Image Top="183" Left="410" Width="123" Height="123" Source="GameIcon" />
        <Image Top="0" Left="0" Width="640" Height="480" Opacity="100">applefinalv1x.png</Image>
        <Menu Align="Left" ShowIcon="False" ShowArrows="False">
            <ItemPos Top="205" Left="151" Width="234"></ItemPos>
            <ItemPos Top="230" Left="151" Width="234"></ItemPos>
            <ItemPos Top="255" Left="151" Width="234"></ItemPos>
            <ItemPos Top="280" Left="151" Width="234"></ItemPos>
            <Font>Square-10.xpr</Font>
        </Menu>
        <ColorScheme>
            <AMBIENT_FOGCOLOR>0x00FFFFFF</AMBIENT_FOGCOLOR>
            <AMBIENT_SKYCOLOR>0x0000000F</AMBIENT_SKYCOLOR>
            <AMBIENT_CELLCOLOR>0x0000C000</AMBIENT_CELLCOLOR>
            <CAPTION_TEXTCOLOR>0xFFFF8E0A</CAPTION_TEXTCOLOR>
            <CAPTION_BACKCOLOR>0x646F7163</CAPTION_BACKCOLOR>
            <DIALOG_BORDERCOLOR>0xFF000000</DIALOG_BORDERCOLOR>
            <DIALOG_BACKCOLOR>0x64CCD3B1</DIALOG_BACKCOLOR>
            <DIALOG_INNER_BORDERCOLOR>0xC8000000</DIALOG_INNER_BORDERCOLOR>
            <DIALOG_INNER_BACKCOLOR>0xFFCCD3B1</DIALOG_INNER_BACKCOLOR>
            <DIALOG_TEXTCOLOR>0xFFFFFFFF</DIALOG_TEXTCOLOR>
            <DIALOG_DISABLEDTEXT>0xFF000000</DIALOG_DISABLEDTEXT>
            <OPTION_TEXTCOLOR>0xFFFFFFFF</OPTION_TEXTCOLOR>
            <OPTION_ACTIVETEXTCOLOR>0xFFFF8E0A</OPTION_ACTIVETEXTCOLOR>
            <OPTION_ACTIVEBACKCOLOR>0xFF6F7163</OPTION_ACTIVEBACKCOLOR>
            <BUTTON_BORDERCOLOR>0xC8000000</BUTTON_BORDERCOLOR>
            <BUTTON_TEXTCOLOR>0xFFFF8E0A</BUTTON_TEXTCOLOR>
            <BUTTON_BACKCOLOR>0xFF6F7163</BUTTON_BACKCOLOR>
            <BUTTON_ACTIVETEXTCOLOR>0xFFFFFFFF</BUTTON_ACTIVETEXTCOLOR>
            <BUTTON_ACTIVEBACKCOLOR>0xFFCCD3B1</BUTTON_ACTIVEBACKCOLOR>
            <KB_KEYBG_HIGHLIGHT>0x786F7163</KB_KEYBG_HIGHLIGHT>
            <KB_KEYBG_DISABLED>0x786F7163</KB_KEYBG_DISABLED>
            <KB_KEY_PRESSED>0xFF6AC32B</KB_KEY_PRESSED>
            <KB_KEY_NORMAL>0xFF000000</KB_KEY_NORMAL>
            <KB_KEY_DISABLED>0xFFFF8E0A</KB_KEY_DISABLED>
            <KB_KEY_ACTIVEBORDER>0xFFFF8E0A</KB_KEY_ACTIVEBORDER>
            <KB_KEY_TEXTCOLOR>0xFF000000</KB_KEY_TEXTCOLOR>
            <KB_KEY_TEXTBACKCOLOR>0xFFFFFFFF</KB_KEY_TEXTBACKCOLOR>
            <KB_KEY_TEXTBORDERCOLOR>0x786AC32B</KB_KEY_TEXTBORDERCOLOR>
            <MENU_TEXTCOLOR>0xFFFFFFFF</MENU_TEXTCOLOR>
            <MENU_ACTIVETEXTCOLOR>0xFFFFFFFF</MENU_ACTIVETEXTCOLOR>
            <MENU_ACTIVEBACKCOLOR>0x6485E937</MENU_ACTIVEBACKCOLOR>
        </ColorScheme>
    </Main>
</Skin>