﻿<Skin name="Bellatrix">
    <Information>
        <Author>XBNormUK</Author>
        <Version>1</Version>
        <Copyright>2006</Copyright>
    </Information>
    <Filemanager>
        <Background>filemanager.png</Background>
    </Filemanager>
    <LoadingScreen ShowInfo="False">
        <Background>loading.png</Background>
    </LoadingScreen>
    <Main Globe="False" Orb="False" Fog="False">
        <Background EnableAudio="False">background.png</Background>
        <InfoFont>Arial_9.xpr</InfoFont>
        <Text Top="198" Left="349" Width="200" Scroll="0" Color="0xFFFF0000" Source="Audio Now Playing" Align="Left" />
	<Text Top="214" Left="349" Width="270" Scroll="1" Color="0xFFFF0000" Source="SongName" Align="Left" />
        <Text Top="229" Left="349" Width="270" Scroll="1" Color="0xFFFF0000" Source="SoundTrack" Align="Left" />
        <Text Top="245" Left="349" Width="200" Scroll="0" Color="0xFFFF0000" Source="SongTime" Align="Left" />
    	<Text Top="273" Left="32" Width="200" Scroll="1" Color="0xFFFF0000" Source="$NickName$" Align="Left" />
        <Text Top="273" Left="460" Width="155" Scroll="0" Color="0xFFFF0000" Source="$DateTime$" Align="Left" />
	<Text Top="300" Left="32" Width="200" Scroll="1" Color="0xFFFF0000" Source="C_FreeMB" Align="Left" />
 	<Text Top="316" Left="32" Width="200" Scroll="1" Color="0xFFFF0000" Source="D:" Align="Left" />
	<Text Top="316" Left="48" Width="200" Scroll="1" Color="0xFFFF0000" Source="$DVDTitle$" Align="Left" />
	<Text Top="332" Left="32" Width="200" Scroll="1" Color="0xFFFF0000" Source="E_FreeMB" Align="Left" />
 	<Text Top="348" Left="32" Width="200" Scroll="1" Color="0xFFFF0000" Source="F_FreeMB" Align="Left" />
	<Text Top="300" Left="220" Width="200" Scroll="1" Color="0xFFFF0000" Source="Dash :" Align="Left" />
	<Text Top="300" Left="260" Width="200" Scroll="1" Color="0xFFFF0000" Source="$AppVersion$" Align="Left" />
	<Text Top="316" Left="220" Width="200" Scroll="1" Color="0xFFFF0000" Source="Version" Align="Left" />
	<Text Top="332" Left="220" Width="200" Scroll="1" Color="0xFFFF0000" Source="IP" Align="Left" />
  	<Text Top="348" Left="220" Width="200" Scroll="1" Color="0xFFFF0000" Source="Subnet" Align="Left" />
  	<Text Top="300" Left="430" Width="200" Scroll="1" Color="0xFFFF0000" Source="VideoMode" Align="Left" />
 	<Text Top="316" Left="430" Width="200" Scroll="1" Color="0xFFFF0000" Source="ChipID" Align="Left" />
  	<Text Top="332" Left="430" Width="200" Scroll="1" Color="0xFFFF0000" Source="MBTempC" Align="Left" />
        <Text Top="348" Left="430" Width="200" Scroll="1" Color="0xFFFF0000" Source="CPUTempC" Align="Left" />
        <Text Top="384" Left="32" Width="585" Scroll="0" Color="0xFFFF0000" Source="NewsSource" Align="Left" />
        <Text Top="401" Left="32" Width="584" Scroll="1" Color="0xFFFF0000" Source="Newsfeed" Align="Left" />
	<Text Top="427" Left="32" Width="131" Scroll="1" Color="0xFFFF0000" Source="Hints and Tips :" Align="Left" />     
	<Text Top="427" Left="142" Width="469" Scroll="2" Color="0xFFFF0000" Source="White Button - Audio        X button - Recent          Y button - System Information          A button - Select          B button - Back           For additional features Press Start             Nothing playing top right? Download your preview videos" Align="Left" />
        <Image Top="136" Left="349" Width="60" Height="60" Source="GameIcon" zIndex="3" />
        <Image Source="GamePreview" />
        <Menu Align="Left" ShowIcon="False" ShowArrows="False">
            <Preview EnableAudio="True" Top="36" Left="396" Width="220" Height="160" />
            <Position Top="37" Left="32" Width="306" Height="231" Fixed="True" FixAt="2" MaxItem="4" />
            <Font>Arial_16.xpr</Font>
        </Menu>
 </Main> 
<MusicPlayer Top="1" Left="1" Width="640" Height="480" Relative="True">
		<BackGround>audio.png</BackGround>
		<Playlist Top="40" Left="40" Width="350" Height="300" OffsetX="10" OffsetY="20">
			<BackGround>Playlist.png</BackGround>
		</Playlist>
		<ButtonMap>mp_buttons.png</ButtonMap>	
		<Element Type="Prev" Left="10" Top="348" Width="70" Height="50" zIndex="3" />
		<Element Type="Play" Left="32" Top="350" Width="70" Height="50" zIndex="3" />
		<Element Type="Pause" Left="65" Top="352" Width="70" Height="50" zIndex="3" />
		<Element Type="Stop" Left="99" Top="350" Width="70" Height="50" zIndex="3" />
		<Element Type="Next" Left="122" Top="350" Width="70" Height="50" zIndex="3" />
		<Element Type="PrevTrack" Left="154" Top="349" Width="70" Height="50" zIndex="3"/>
		<Element Type="NextTrack" Left="181" Top="348" Width="70" Height="50" zIndex="3"/>
		<Element Type="Mute" Left="220" Top="355" Width="70" Height="25" zIndex="3" />
		<Element Type="Random" Left="220" Top="375" Width="70" Height="25" zIndex="3" />
		<Element Type="Progress" Left="400" Top="362" Width="210" Height="10" Direction="right" zIndex="3"/>
		<Element Type="Volume" Left="395" Top="381" Width="215" Height="10" Direction="right" zIndex="3"/>
		<Element Type="Meter" Left="400" Top="238" Width="250" Height="100" zIndex="3"/>
		<Element Type="Meter" Left="480" Top="138" Width="250" Height="200" zIndex="3"/>
		<Text Left="420" Top="340" Width="100" Height="30" Color="0xFFFF0000" Source="SongBitRate" Font="Common10" Align="left" ScaleX="100" ScaleY="100" zIndex="3" />
		<Text Left="490" Top="340" Width="50" Height="30" Color="0xFFFF0000" Source="SongChannel" Font="Common10" Align="left" ScaleX="100" ScaleY="100" zIndex="3" />
		<Text Top="398" Left="102" Width="400" Scroll="1" Color="0xFFFF0000" Source="$SongName$" Align="Left" />
        	<Text Top="410" Left="102" Width="400" Scroll="1" Color="0xFFFF0000" Source="$SoundTrack$" Align="Left" />
		<Text Top="410" Left="32" Width="50" Scroll="1" Color="0xFFFF0000" Source="$SongTime$" Align="Left" />
		<Text Top="427" Left="32" Width="131" Scroll="1" Color="0xFFFF0000" Source="Hints and Tips :" Align="Left" />     
		<Text Top="427" Left="142" Width="469" Scroll="2" Color="0xFFFF0000" Source="Right Thumbstick toggles playlist        Up and down on thumbsticks for volume          back to go back to main"  Align="Left" />
	</MusicPlayer>


        <ColorScheme>  
            <AMBIENT_FOGCOLOR>0xFF8080FF</AMBIENT_FOGCOLOR>
            <AMBIENT_SKYCOLOR>0xFF000000</AMBIENT_SKYCOLOR>
            <AMBIENT_CELLCOLOR>0xFF0080FF</AMBIENT_CELLCOLOR>
            <CAPTION_TEXTCOLOR>0xFFFFFFFF</CAPTION_TEXTCOLOR>
            <CAPTION_BACKCOLOR>0xFFA60000</CAPTION_BACKCOLOR>
            <DIALOG_BORDERCOLOR>0xFFA60000</DIALOG_BORDERCOLOR>
            <DIALOG_BACKCOLOR>0xFF000000</DIALOG_BACKCOLOR>
            <DIALOG_INNER_BORDERCOLOR>0xFFA60000</DIALOG_INNER_BORDERCOLOR>
            <DIALOG_INNER_BACKCOLOR>0xFF000000</DIALOG_INNER_BACKCOLOR>
            <DIALOG_TEXTCOLOR>0xFFFFFFFF</DIALOG_TEXTCOLOR>
            <DIALOG_DISABLEDTEXT>0xFFB3B3B4</DIALOG_DISABLEDTEXT>
            <OPTION_TEXTCOLOR>0xFFFFFFFF</OPTION_TEXTCOLOR>
            <OPTION_ACTIVETEXTCOLOR>0xFFFFDDDD</OPTION_ACTIVETEXTCOLOR>
            <OPTION_ACTIVEBACKCOLOR>0xFFA60000</OPTION_ACTIVEBACKCOLOR>
            <BUTTON_BORDERCOLOR>0xFFFFFFFF</BUTTON_BORDERCOLOR>
            <BUTTON_TEXTCOLOR>0xFFFFFFFF</BUTTON_TEXTCOLOR>
            <BUTTON_BACKCOLOR>0x4F000000</BUTTON_BACKCOLOR>
            <BUTTON_ACTIVETEXTCOLOR>0xFFFFFFFF</BUTTON_ACTIVETEXTCOLOR>
            <BUTTON_ACTIVEBACKCOLOR>0x8EA60000</BUTTON_ACTIVEBACKCOLOR>
            <KB_KEYBG_HIGHLIGHT>0xFFA60000</KB_KEYBG_HIGHLIGHT>
            <KB_KEYBG_DISABLED>0xFFC0C0C0</KB_KEYBG_DISABLED>
            <KB_KEY_PRESSED>0xFF008000</KB_KEY_PRESSED>
            <KB_KEY_NORMAL>0xFF000000</KB_KEY_NORMAL>
            <KB_KEY_DISABLED>0xFFFFFFFF</KB_KEY_DISABLED>
            <KB_KEY_ACTIVEBORDER>0xFF808080</KB_KEY_ACTIVEBORDER>
            <KB_KEY_TEXTCOLOR>0xFF000000</KB_KEY_TEXTCOLOR>
            <KB_KEY_TEXTBACKCOLOR>0xFFFFFFFF</KB_KEY_TEXTBACKCOLOR>
            <KB_KEY_TEXTBORDERCOLOR>0xFFA60000</KB_KEY_TEXTBORDERCOLOR>
            <MENU_TEXTCOLOR>0xFFFF0000</MENU_TEXTCOLOR>
            <MENU_ACTIVETEXTCOLOR>0xFF000000</MENU_ACTIVETEXTCOLOR>
            <MENU_BACKCOLOR>0xFF000000</MENU_BACKCOLOR>
            <MENU_ACTIVEBACKCOLOR>0xFFA60000</MENU_ACTIVEBACKCOLOR>
            <MENU_ACTIVEBORDERCOLOR>0xFFA60000</MENU_ACTIVEBORDERCOLOR>
	    <MMActiveForeColor>0xFFFFFFFF</MMActiveForeColor>
	    <MMForeColor>0xFFFF0000</MMForeColor>
	    <MMOffForeColor>0xFFFF0000</MMOffForeColor>
	    <MMDarkBarColor>0xFFFF0000</MMDarkBarColor>
	    <MMDarkBackColor>0xFFFF0000</MMDarkBackColor>
        </ColorScheme>
 
</Skin>