<Skin name="Star Wars">
	<Information>
		<Author>Tazmanian Devil</Author>
		<Copyright>Copyright 2003</Copyright>
		<Version>1.0</Version>
	</Information>
	<Main Globe="False" Orb="False" Fog="False">
		<InfoFont>AS14.xpr</InfoFont>
		<Image Top="320" Left="25" Width="235" Height="120">icon.png</Image>
		<GameIcon Enable="True">
		<Position Top="320" Left="25" Width="235" Height="120" />
		</GameIcon>
		<Background>bg.png</Background>

		<Menu Smooth="True" Align="Middle" ShowIcon="False" Rotate="False">
			<Font>Cop8.xpr</Font>
			<Position Top="260" Left="410" Width="195" Height="90" Fixed="True" FixAt="3" MaxItem="6"></Position>
		</Menu>

		<Text Left="410" Top="396" Width="125" Color="0xFFFFFFFF" Source="SongName" />
		<Text Left="410" Top="411" Width="125" Color="0xFFFFFFFF" Source="Time: $SongTime$ secs" />
		<Text Left="410" Top="426" Width="125" Color="0xFFFFFFFF" Source="$SoundTrack$" />
		<Text Left="410" Top="45" Color="0xFFFFFFFF" Source="CPU: $CPUTemp$" />
		<Text Left="410" Top="62" Color="0xFFFFFFFF" Source="M/B: $MBTemp$" />
		<Text Left="410" Top="77" Color="0xFFFFFFFF" Source="Tray: $Tray$" />
		<Text Left="410" Top="94" Color="0xFFFFFFFF" Source="IP: $IP$" />
		<Text Left="410" Top="111" Color="0xFFFFFFFF" Source="Users: $NumClient$" />
		<Text Left="410" Top="128" Color="0xFFFFFFFF" Source="C: $C_FreeMB$" />
		<Text Left="410" Top="145" Color="0xFFFFFFFF" Source="D: $Tray$" />
		<Text Left="410" Top="162" Color="0xFFFFFFFF" Source="E: $E_FreeMB$" />
		<Text Left="410" Top="177" Color="0xFFFFFFFF" Source="F: $F_FreeMB$" />
		<Text Left="410" Top="194" Color="0xFFFFFFFF" Source="Time: $Time$" />
		<Text Left="410" Top="211" Color="0xFFFFFFFF" Source="Date: $Date$" />
	</Main>
	<ColorScheme >
		<MENU_TEXTCOLOR>0xFF000000</MENU_TEXTCOLOR>
		<MENU_ACTIVETEXTCOLOR>0xFFFFFFFF</MENU_ACTIVETEXTCOLOR>
		<MENU_BACKCOLOR></MENU_BACKCOLOR>
		<MENU_ACTIVEBACKCOLOR>0xFF000000</MENU_ACTIVEBACKCOLOR>
	</ColorScheme>
</Skin>