<Skin name="Halo 2 - Desert Storm">


	<Information>
		<Author>dagrom</Author>
		<Copyright>Copyright 2004</Copyright>
		<Version>1.0</Version>
	</Information>


	<Main Globe="True" Orb="False">
		<Cellwall>cell.png</Cellwall>
		<Orb></Orb>
		<Icon></Icon>
		<BackGround>bg.png</BackGround>

		<Menu Smooth="True" Align="Left" Rotate="False" ShowIcon="False">
			<Position Top="90" Left="40" Width="270" Height="240" Fixed="False" FixAt="1" MaxItem="8" />
			<Preview EnableAudio="False" Left="429" Top="155" Width="130" Height="100" />
		</Menu>

		<GameIcon Enable="True" Opacity="100">
			<Position Top="50" Left="445" Width="90" Height="70" />
		</GameIcon>

		<Image Source="GamePreview" />

		<Text Left="40" Top="30" Align="Left" Color="0xFFFFFFFF" Source="IP: $IP$"></Text>
		<Text Left="40" Top="50" Align="Left" Color="0xFFFFFFFF" Source="Time: $Time$"></Text>

		<Text Left="42" Top="360" Align="Left" Color="0xFF000000" Source="CPU: $CPUTemp$"></Text>
		<Text Left="42" Top="380" Align="Left" Color="0xFF000000" Source="M/B: $MBTemp$"></Text>

		<Text Left="42" Top="410" Align="Left" Color="0xFF000000" Source="E: $E_FreeMB$ Free"></Text>
		<Text Left="42" Top="430" Align="Left" Color="0xFF000000" Source="F: $F_FreeMB$ Free"></Text>

		<Text Left="605" Top="410" Align="Right" Color="0xFF000000" Source="Tray: $Tray$"></Text>
		<Text Left="605" Top="430" Align="Right" Color="0xFF000000" Source="Song: $SongName$"></Text>
	</Main>


	<IntroMovie></IntroMovie>

	
	<FileManager>
		<BackGround>filemgr.png</BackGround>
	</FileManager>

	
	<LoadingScreen ShowInfo="True">
		<BackGround>loading.png</BackGround>
	</LoadingScreen>


	<ColorScheme >
		<AMBIENT_FOGCOLOR>0xFF000044</AMBIENT_FOGCOLOR>
		<AMBIENT_SKYCOLOR></AMBIENT_SKYCOLOR>
		<AMBIENT_CELLCOLOR>0x00FFFFFF</AMBIENT_CELLCOLOR>

		<CAPTION_TEXTCOLOR>0xFFFFFFFF</CAPTION_TEXTCOLOR>
		<CAPTION_BACKCOLOR>0xFF330000</CAPTION_BACKCOLOR>

		<DIALOG_BORDERCOLOR>0xFFFFFFFF</DIALOG_BORDERCOLOR>
		<DIALOG_BACKCOLOR>0xFF660000</DIALOG_BACKCOLOR>
		<DIALOG_INNER_BORDERCOLOR>0xFFFF9999</DIALOG_INNER_BORDERCOLOR>
		<DIALOG_INNER_BACKCOLOR>0xFF660000</DIALOG_INNER_BACKCOLOR>
		<DIALOG_TEXTCOLOR>0xFFFFFFFF</DIALOG_TEXTCOLOR>
		<DIALOG_DISABLEDTEXT>0xFF999999</DIALOG_DISABLEDTEXT>

		<OPTION_TEXTCOLOR>0xFFFFFFFF</OPTION_TEXTCOLOR>
		<OPTION_ACTIVETEXTCOLOR>0xFFFFFF00</OPTION_ACTIVETEXTCOLOR>
		<OPTION_ACTIVEBACKCOLOR>0xFF330000</OPTION_ACTIVEBACKCOLOR>

		<BUTTON_BORDERCOLOR>0xFF000000</BUTTON_BORDERCOLOR>
		<BUTTON_TEXTCOLOR>0xFF999999</BUTTON_TEXTCOLOR>
		<BUTTON_BACKCOLOR>0xFF006600</BUTTON_BACKCOLOR>
		<BUTTON_ACTIVETEXTCOLOR>0xFFFFFFFF</BUTTON_ACTIVETEXTCOLOR>
		<BUTTON_ACTIVEBACKCOLOR>0xE100CC00</BUTTON_ACTIVEBACKCOLOR>	
		
		<KB_KEYBG_HIGHLIGHT>0xCC00C000</KB_KEYBG_HIGHLIGHT>
		<KB_KEYBG_DISABLED>0xFFC0C0C0</KB_KEYBG_DISABLED>
		<KB_KEY_PRESSED>0xFF808080</KB_KEY_PRESSED>
		<KB_KEY_NORMAL>0xFF000000</KB_KEY_NORMAL>
		<KB_KEY_DISABLED>0xFF808080</KB_KEY_DISABLED>
		<KB_KEY_ACTIVEBORDER>0xFF008000</KB_KEY_ACTIVEBORDER>
		<KB_KEY_TEXTCOLOR>0xFF000000</KB_KEY_TEXTCOLOR>
		<KB_KEY_TEXTBACKCOLOR>0xFFFFFFFF</KB_KEY_TEXTBACKCOLOR>
		<KB_KEY_TEXTBORDERCOLOR>0xFF0000FF</KB_KEY_TEXTBORDERCOLOR>
		
		<MENU_TEXTCOLOR>0xB4FFFFFF</MENU_TEXTCOLOR>
		<MENU_BORDERCOLOR></MENU_BORDERCOLOR>
		<MENU_BACKCOLOR></MENU_BACKCOLOR>
		<MENU_ACTIVETEXTCOLOR>0xB466AA44</MENU_ACTIVETEXTCOLOR>
		<MENU_ACTIVEBACKCOLOR></MENU_ACTIVEBACKCOLOR>
		<MENU_ACTIVEBORDERCOLOR></MENU_ACTIVEBORDERCOLOR>
	</ColorScheme>


</Skin>