<Skin name="BlackBlue Pearl">
    <Information>
        <Author>RocafellaSqualie</Author>
        <Version>1</Version>
        <Copyright>2004</Copyright>
        <Skinner Name="UX Architect" Version="1.0" />
    </Information>
    <Filemanager SafeBorder="False">
        <Background>filemanager.jpg</Background>
    </Filemanager>
    <LoadingScreen ShowInfo="False">
        <Background>loading.jpg</Background>
    </LoadingScreen>
    <Main Globe="False" Orb="False" Fog="False">
        <Background EnableAudio="False">background.jpg</Background>
        <InfoFont>Tahoma-10.xpr</InfoFont>
        <Text Top="238" Left="5" Width="250" Scroll="0" Color="0xFFFFFFFF" Source="SongName" />
        <Text Top="264" Left="7" Width="125" Scroll="0" Color="0xFFFFFFFF" Source="SongTime" />
        <Text Top="425" Left="7" Width="125" Scroll="0" Color="0xFFFFFFFF" Source="NewsSource" />
        <Text Top="451" Left="5" Width="250" Scroll="2" Color="0xFFFFFFFF" Source="Newsfeed" />
        <Text Top="205" Left="5" Width="320" Scroll="0" Color="0xFFFFFFFF" Source="Tray" Align="Left" />
        <Text Top="185" Left="5" Width="320" Scroll="0" Color="0xFFFFFFFF" Source="NumClient" Align="Left" />
        <Text Top="165" Left="5" Width="320" Scroll="0" Color="0xFFFFFFFF" Source="IP" Align="Left" />
        <Text Top="145" Left="5" Width="320" Scroll="0" Color="0xFFFFFFFF" Source="FanSpeed" Align="Left" />
        <Text Top="125" Left="5" Width="320" Scroll="0" Color="0xFFFFFFFF" Source="F_FreeMB" Align="Left" />
        <Text Top="105" Left="5" Width="320" Scroll="0" Color="0xFFFFFFFF" Source="E_FreeMB" Align="Left" />
        <Text Top="85" Left="5" Width="320" Scroll="0" Color="0xFFFFFFFF" Source="C_FreeMB" Align="Left" />
        <Text Top="65" Left="5" Width="320" Scroll="0" Color="0xFFFFFFFF" Source="MBTemp" Align="Left" />
        <Text Top="45" Left="5" Width="320" Scroll="0" Color="0xFFFFFFFF" Source="CPUTemp" Align="Left" />
        <Text Top="25" Left="5" Width="325" Scroll="0" Color="0xFFFFFFFF" Source="DateTime" Align="Left" />
        <Text Top="5" Left="5" Width="320" Scroll="0" Color="0xFFFFFFFF" Source="NickName" Align="Left" />
        <Image Top="205" Left="464" Width="130" Height="131" Source="GameIcon" />
        <Image Source="GamePreview" />
        <Menu Scroll="True" Smooth="False" Align="Left" ShowIcon="False" Rotate="False" ShowArrows="False">
            <Preview EnableAudio="False" Top="337" Left="424" Width="214" Height="138" />
            <ItemPos Top="5" Left="400" Width="235"></ItemPos>
            <ItemPos Top="25" Left="400" Width="235"></ItemPos>
            <ItemPos Top="45" Left="400" Width="235"></ItemPos>
            <ItemPos Top="65" Left="400" Width="235"></ItemPos>
            <ItemPos Top="85" Left="400" Width="235"></ItemPos>
            <ItemPos Top="105" Left="400" Width="235"></ItemPos>
            <ItemPos Top="125" Left="400" Width="235"></ItemPos>
            <ItemPos Top="145" Left="400" Width="235"></ItemPos>
            <ItemPos Top="165" Left="400" Width="235"></ItemPos>
            <ItemPos Top="185" Left="400" Width="235"></ItemPos>
            <Font>Tahoma-10.xpr</Font>
        </Menu>
        <ColorScheme>
            <AMBIENT_FOGCOLOR>0xFF000080</AMBIENT_FOGCOLOR>
            <AMBIENT_SKYCOLOR>0xFF000000</AMBIENT_SKYCOLOR>
            <AMBIENT_CELLCOLOR>0xFF000080</AMBIENT_CELLCOLOR>
            <CAPTION_TEXTCOLOR>0xFFFFFFFF</CAPTION_TEXTCOLOR>
            <CAPTION_BACKCOLOR>0xFF000080</CAPTION_BACKCOLOR>
            <DIALOG_BORDERCOLOR>0xE1000000</DIALOG_BORDERCOLOR>
            <DIALOG_BACKCOLOR>0xD1000000</DIALOG_BACKCOLOR>
            <DIALOG_INNER_BORDERCOLOR>0xFF000080</DIALOG_INNER_BORDERCOLOR>
            <DIALOG_INNER_BACKCOLOR>0xFF000000</DIALOG_INNER_BACKCOLOR>
            <DIALOG_TEXTCOLOR>0xFFFFFFFF</DIALOG_TEXTCOLOR>
            <DIALOG_DISABLEDTEXT>0xFFB3B3B4</DIALOG_DISABLEDTEXT>
            <OPTION_TEXTCOLOR>0xFFFFFFFF</OPTION_TEXTCOLOR>
            <OPTION_ACTIVETEXTCOLOR>0xFFFFFFFF</OPTION_ACTIVETEXTCOLOR>
            <OPTION_ACTIVEBACKCOLOR>0xFF000080</OPTION_ACTIVEBACKCOLOR>
            <BUTTON_BORDERCOLOR>0xFF000080</BUTTON_BORDERCOLOR>
            <BUTTON_TEXTCOLOR>0xFF000000</BUTTON_TEXTCOLOR>
            <BUTTON_BACKCOLOR>0xFF000080</BUTTON_BACKCOLOR>
            <BUTTON_ACTIVETEXTCOLOR>0xFFFFFFFF</BUTTON_ACTIVETEXTCOLOR>
            <BUTTON_ACTIVEBACKCOLOR>0xFF000080</BUTTON_ACTIVEBACKCOLOR>
            <KB_KEYBG_HIGHLIGHT>0xFF000000</KB_KEYBG_HIGHLIGHT>
            <KB_KEYBG_DISABLED>0xFFC0C0C0</KB_KEYBG_DISABLED>
            <KB_KEY_PRESSED>0xFF000080</KB_KEY_PRESSED>
            <KB_KEY_NORMAL>0xFF000000</KB_KEY_NORMAL>
            <KB_KEY_DISABLED>0xFFFFFFFF</KB_KEY_DISABLED>
            <KB_KEY_ACTIVEBORDER>0xFFFFFFFF</KB_KEY_ACTIVEBORDER>
            <KB_KEY_TEXTCOLOR>0xFF000080</KB_KEY_TEXTCOLOR>
            <KB_KEY_TEXTBACKCOLOR>0xFF000000</KB_KEY_TEXTBACKCOLOR>
            <KB_KEY_TEXTBORDERCOLOR>0xFFFFFFFF</KB_KEY_TEXTBORDERCOLOR>
            <MENU_TEXTCOLOR>0xFFFFFFFF</MENU_TEXTCOLOR>
            <MENU_ACTIVETEXTCOLOR>0xFFFFFFFF</MENU_ACTIVETEXTCOLOR>
            <MENU_BORDERCOLOR>0xFF000000</MENU_BORDERCOLOR>
            <MENU_BACKCOLOR>0xFF000000</MENU_BACKCOLOR>
            <MENU_ACTIVEBACKCOLOR>0xFF000000</MENU_ACTIVEBACKCOLOR>
            <MENU_ACTIVEBORDERCOLOR>0xFF000080</MENU_ACTIVEBORDERCOLOR>
        </ColorScheme>
    </Main>
</Skin>