<Skin Name="Simple but Sexy 2">

 <Information>
    <Author>Dunny</Author>
    <Copyright>2004</Copyright>
    <Version>1</Version>
 </Information>

 <LoadingScreen ShowInfo="True">
  <BackGround>loading.png</BackGround>
 </LoadingScreen>
 
 <Main globe="False" Orb="False">
 <BackGround>bg.png</BackGround>
 <Image Top="107" Left="379" Width="137" Height="137" Source="GameIcon"/>
 <Image Source="GamePreview" />
 <Menu smooth="False" Align="Middle" ShowArrows="False" ShowIcon="False" Rotate="False">
   <Position left="350" Top="260" Width="200" Height="120" Fixed="True" FixAt="3"/>
   <Preview Top="107" Left="379" Width="136" Height="136" />
   <Font>Verdana_12.xpr</Font>
 </Menu>

<InfoFont>Verdana_9.xpr</InfoFont>
 <Text Left="130" Top="101" Color="0xFF000000" Source="D:"></Text>
 <Text Left="147" Top="101" Width="140" Color="0xFF2978B6" Source="DvdTitle" Scroll="1"></Text>
 <Text Left="130" Top="117" Color="0xFF000000" Source="C:"></Text>
 <Text Left="146" Top="117" Color="0xFF2978B6" Source="$C_Free$ free"></Text>
 <Text Left="130" Top="132" Color="0xFF000000" Source="E:"></Text>
 <Text Left="146" Top="132" Color="0xFF2978B6" Source="$E_Free$ free"></Text>
 <Text Left="130" Top="176" Color="0xFF000000" Source="XBox:"></Text>
 <Text Left="172" Top="176" Color="0xFF2978B6" Source="$Version$"></Text>
 <Text Left="130" Top="192" Color="0xFF000000" Source="M/B:"></Text>
 <Text Left="166" Top="192" Color="0xFF2978B6" Source="$MBTempC$"></Text>
 <Text Left="130" Top="208" Color="0xFF000000" Source="CPU:"></Text>
 <Text Left="165" Top="208" Color="0xFF2978B6" Source="$CPUTempC$"></Text>
 <Text Left="130" Top="252" Color="0xFF000000" Source="IP:"></Text>
 <Text Left="151" Top="252" Color="0xFF2978B6" Source="$IP$"></Text>
 <Text Left="130" Top="267" Color="0xFF000000" Source="Users:"></Text>
 <Text Left="174" Top="267" Color="0xFF2978B6" Source="$NumClient$"></Text>
 <Text Left="130" Top="283" Color="0xFF000000" Source="Subnet:"></Text>
 <Text Left="181" Top="283" Color="0xFF2978B6" Source="$Subnet$"></Text>
 <Text Left="130" Top="328" Color="0xFF000000" Source="Track:"></Text>
 <Text Left="175" Top="328" Width="107" Color="0xFF2978B6" Source="SongName" Scroll="1"></Text>
 <Text Left="130" Top="343" Color="0xFF000000" Source="Album:"></Text>
 <Text Left="178" Top="343" Width="104" Color="0xFF2978B6" Source="SoundTrack" Scroll="1"></Text>
 <Text Left="130" Top="358" Color="0xFF000000" Source="Time:"></Text>
 <Text Left="171" Top="358" Color="0xFF2978B6" Source="$SongTime$ secs"></Text>
</Main>

 <ColorScheme>
    <MENU_TEXTCOLOR>0xFFC5C5C5</MENU_TEXTCOLOR>
    <MENU_ACTIVETEXTCOLOR>0xFFD9D9D9</MENU_ACTIVETEXTCOLOR>
 </ColorSceme>
</Skin>