﻿<Skin name="Xbox180 v3">
    <Information>
        <Author>Pink_Panther</Author>
        <Version>1</Version>
        <Copyright>2004</Copyright>
        <Skinner Name="UX Architect" Version="1.0c" />
    </Information>
    <LoadingScreen ShowInfo="False">
        <Background>v3loading copy.png</Background>
    </LoadingScreen>
    <Main Globe="False" Orb="False" Fog="False">
        <Background EnableAudio="False">xbox180v3.png</Background>
        <InfoFont>Square-10.xpr</InfoFont>
        <Text Top="438" Left="54" Width="523" Scroll="1" Color="0xFFFFFFFF" Source="Newsfeed" Align="Left" />
        <Text Top="344" Left="333" Width="142" Scroll="0" Color="0xFFFFFFFF" Source="F_FreeMB" Align="Left" />
        <Text Top="5" Left="58" Width="252" Scroll="1" Color="0xFFFFFFFF" Source="IP" Align="Left" />
        <Text Top="399" Left="334" Width="149" Scroll="0" Color="0xFFFFFFFF" Source="MBTempF" Align="Left" />
        <Text Top="380" Left="334" Width="150" Scroll="0" Color="0xFFFFFFFF" Source="CPUTempF" Align="Left" />
        <Text Top="304" Left="335" Width="135" Scroll="0" Color="0xFFFFFFFF" Source="Tray" Align="Left" />
        <Text Top="400" Left="55" Width="251" Scroll="0" Color="0xFFFFFFFF" Source="DateTime" Align="Middle" />
        <Text Top="324" Left="55" Width="250" Scroll="1" Color="0xFFFFFFFF" Source="SoundTrack" Align="Left" />
        <Text Top="344" Left="55" Width="248" Scroll="1" Color="0xFFFFFFFF" Source="SongTime" Align="Left" />
        <Text Top="324" Left="333" Width="139" Scroll="1" Color="0xFFFFFFFF" Source="E_FreeMB" Align="Left" />
        <Text Top="304" Left="55" Width="247" Scroll="1" Color="0xFFFFFFFF" Source="SongName" Align="Left" />
        <Image Top="307" Left="483" Width="103" Height="106" Source="GameIcon" />
        <Image Source="GamePreview" />
        <Menu Smooth="True" Align="Left" ShowIcon="False" ShowArrows="False">
            <Preview EnableAudio="False" Top="34" Left="336" Width="248" Height="241" />
            <Position Top="34" Left="55" Width="251" Height="244" Fixed="False" FixAt="2" MaxItem="10" />
            <Font>Square-10.xpr</Font>
        </Menu>
        <ColorScheme>
            <AMBIENT_FOGCOLOR>0xFFC0C0C0</AMBIENT_FOGCOLOR>
            <AMBIENT_SKYCOLOR>0xFF525252</AMBIENT_SKYCOLOR>
            <AMBIENT_CELLCOLOR>0xFF808080</AMBIENT_CELLCOLOR>
            <CAPTION_TEXTCOLOR>0xFFFFFFFF</CAPTION_TEXTCOLOR>
            <CAPTION_BACKCOLOR>0x00800080</CAPTION_BACKCOLOR>
            <DIALOG_BORDERCOLOR>0xFFFFFFFF</DIALOG_BORDERCOLOR>
            <DIALOG_BACKCOLOR>0xD12F6F84</DIALOG_BACKCOLOR>
            <DIALOG_INNER_BORDERCOLOR>0xFFC0C0C0</DIALOG_INNER_BORDERCOLOR>
            <DIALOG_INNER_BACKCOLOR>0xA2266075</DIALOG_INNER_BACKCOLOR>
            <DIALOG_TEXTCOLOR>0xFFFFFFFF</DIALOG_TEXTCOLOR>
            <DIALOG_DISABLEDTEXT>0xFF3C3C3E</DIALOG_DISABLEDTEXT>
            <OPTION_TEXTCOLOR>0xFFFFFFFF</OPTION_TEXTCOLOR>
            <OPTION_ACTIVETEXTCOLOR>0xFFC0C0C0</OPTION_ACTIVETEXTCOLOR>
            <OPTION_ACTIVEBACKCOLOR>0x00800080</OPTION_ACTIVEBACKCOLOR>
            <BUTTON_BORDERCOLOR>0xFFFFFFFF</BUTTON_BORDERCOLOR>
            <BUTTON_TEXTCOLOR>0xFFFFFFFF</BUTTON_TEXTCOLOR>
            <BUTTON_BACKCOLOR>0xFF375A6F</BUTTON_BACKCOLOR>
            <BUTTON_ACTIVETEXTCOLOR>0xFFFFFFFF</BUTTON_ACTIVETEXTCOLOR>
            <BUTTON_ACTIVEBACKCOLOR>0xFF3D7AAD</BUTTON_ACTIVEBACKCOLOR>
            <KB_KEYBG_HIGHLIGHT>0xFF800080</KB_KEYBG_HIGHLIGHT>
            <KB_KEYBG_DISABLED>0xFFC0C0C0</KB_KEYBG_DISABLED>
            <KB_KEY_PRESSED>0xFFFFFF00</KB_KEY_PRESSED>
            <KB_KEY_NORMAL>0xFF000000</KB_KEY_NORMAL>
            <KB_KEY_DISABLED>0xFFFFFFFF</KB_KEY_DISABLED>
            <KB_KEY_ACTIVEBORDER>0xFFFFFFFF</KB_KEY_ACTIVEBORDER>
            <KB_KEY_TEXTCOLOR>0xFF000000</KB_KEY_TEXTCOLOR>
            <KB_KEY_TEXTBACKCOLOR>0xFFFFFFFF</KB_KEY_TEXTBACKCOLOR>
            <KB_KEY_TEXTBORDERCOLOR>0xFFFFFFFF</KB_KEY_TEXTBORDERCOLOR>
            <MENU_TEXTCOLOR>0xFFFFFFFF</MENU_TEXTCOLOR>
            <MENU_ACTIVETEXTCOLOR>0xCD000000</MENU_ACTIVETEXTCOLOR>
        </ColorScheme>
    </Main>
</Skin>