﻿<Skin name="Dragon_Blue_X">
    <Information>
        <Author>Remag</Author>
        <Version>1</Version>
        <Copyright>2004</Copyright>
        <Skinner Name="UX Architect" Version="1.0c" />
    </Information>
    <Filemanager SafeBorder="False">
        <Background>fire&amp;dragon.png</Background>
    </Filemanager>
    <Main Globe="False" Orb="False" Fog="False">
        <Background EnableAudio="False">Dragon.jpg</Background>
        <InfoFont>Square-10.xpr</InfoFont>
        <Text Top="48" Left="136" Width="168" Scroll="0" Color="0xFFFFFFFF" Source="NickName" Align="Left" />
        <Text Top="26" Left="137" Width="183" Scroll="0" Color="0xFFFFFFFF" Source="DateTime" Align="Left" />
        <Text Top="395" Left="370" Width="142" Scroll="0" Color="0xFFFFFFFF" Source="E_FreeMB" Align="Right" />
        <Text Top="417" Left="321" Width="191" Scroll="0" Color="0xFFFFFFFF" Source="F_FreeMB" Align="Right" />
        <Text Top="415" Left="136" Width="179" Scroll="0" Color="0xFFFFFFFF" Source="SongTime" Align="Left" />
        <Text Top="393" Left="135" Width="217" Scroll="0" Color="0xFFFFFFFF" Source="SongName" Align="Left" />
        <Text Top="28" Left="346" Width="170" Scroll="0" Color="0xFFFFFFFF" Source="C_TotalMB" Align="Right" />
        <Text Top="51" Left="353" Width="162" Scroll="0" Color="0xFFFFFFFF" Source="Tray" Align="Right" />
        <Image Top="-53" Left="8" Width="258" Height="542" Opacity="100">Shape2.png</Image>
        <Menu Align="Left" ShowIcon="False" ShowArrows="False">
            <ItemPos Top="134" Left="42" Width="200"></ItemPos>
            <ItemPos Top="177" Left="41" Width="200"></ItemPos>
            <ItemPos Top="219" Left="41" Width="200"></ItemPos>
            <ItemPos Top="261" Left="40" Width="200"></ItemPos>
            <ItemPos Top="306" Left="41" Width="200"></ItemPos>
            <Font>Square-10.xpr</Font>
        </Menu>
        <ColorScheme>
            <AMBIENT_FOGCOLOR>0xFF5E7CF7</AMBIENT_FOGCOLOR>
            <AMBIENT_SKYCOLOR>0xFF000000</AMBIENT_SKYCOLOR>
            <AMBIENT_CELLCOLOR>0xFF0080FF</AMBIENT_CELLCOLOR>
            <CAPTION_TEXTCOLOR>0xFFFFFFFF</CAPTION_TEXTCOLOR>
            <CAPTION_BACKCOLOR>0xFF1D81FA</CAPTION_BACKCOLOR>
            <DIALOG_BORDERCOLOR>0xFFAF67AF</DIALOG_BORDERCOLOR>
            <DIALOG_BACKCOLOR>0x3F000000</DIALOG_BACKCOLOR>
            <DIALOG_INNER_BORDERCOLOR>0xFF68AAFB</DIALOG_INNER_BORDERCOLOR>
            <DIALOG_INNER_BACKCOLOR>0xFF000000</DIALOG_INNER_BACKCOLOR>
            <DIALOG_TEXTCOLOR>0xFFFFFFFF</DIALOG_TEXTCOLOR>
            <DIALOG_DISABLEDTEXT>0xFFB3B3B4</DIALOG_DISABLEDTEXT>
            <OPTION_TEXTCOLOR>0xFFFFFFFF</OPTION_TEXTCOLOR>
            <OPTION_ACTIVETEXTCOLOR>0xFFFFFFFF</OPTION_ACTIVETEXTCOLOR>
            <OPTION_ACTIVEBACKCOLOR>0xFF68AAFB</OPTION_ACTIVEBACKCOLOR>
            <BUTTON_BORDERCOLOR>0xFFFFFFFF</BUTTON_BORDERCOLOR>
            <BUTTON_TEXTCOLOR>0xFFFFFFFF</BUTTON_TEXTCOLOR>
            <BUTTON_BACKCOLOR>0x4F000000</BUTTON_BACKCOLOR>
            <BUTTON_ACTIVETEXTCOLOR>0xFFFFFFFF</BUTTON_ACTIVETEXTCOLOR>
            <BUTTON_ACTIVEBACKCOLOR>0x8E1D81FA</BUTTON_ACTIVEBACKCOLOR>
            <KB_KEYBG_HIGHLIGHT>0xFF5BA5FF</KB_KEYBG_HIGHLIGHT>
            <KB_KEYBG_DISABLED>0xFFC0C0C0</KB_KEYBG_DISABLED>
            <KB_KEY_PRESSED>0xFF008000</KB_KEY_PRESSED>
            <KB_KEY_NORMAL>0xFF000000</KB_KEY_NORMAL>
            <KB_KEY_DISABLED>0xFFFFFFFF</KB_KEY_DISABLED>
            <KB_KEY_ACTIVEBORDER>0xFF808080</KB_KEY_ACTIVEBORDER>
            <KB_KEY_TEXTCOLOR>0xFF000000</KB_KEY_TEXTCOLOR>
            <KB_KEY_TEXTBACKCOLOR>0xFFFFFFFF</KB_KEY_TEXTBACKCOLOR>
            <KB_KEY_TEXTBORDERCOLOR>0xFFFF8040</KB_KEY_TEXTBORDERCOLOR>
            <MENU_TEXTCOLOR>0xFFFFFFFF</MENU_TEXTCOLOR>
            <MENU_ACTIVETEXTCOLOR>0xFFFFFFFF</MENU_ACTIVETEXTCOLOR>
            <MENU_BORDERCOLOR>0xFF42B9F9</MENU_BORDERCOLOR>
            <MENU_BACKCOLOR>0xFF000000</MENU_BACKCOLOR>
            <MENU_ACTIVEBACKCOLOR>0xFF000000</MENU_ACTIVEBACKCOLOR>
            <MENU_ACTIVEBORDERCOLOR>0xFF42B9F9</MENU_ACTIVEBORDERCOLOR>
        </ColorScheme>
    </Main>
</Skin>