<Skin name="UnleashX WS">
	<Information>
		<Author>dunny</Author>
		<Copyright>Copyright 2003</Copyright>
		<Version>1</Version>
	</Information>

	<Main Globe="False" Orb="False">
	<BackGround>background.png</BackGround>
	<Image Top="52" Left="37" Width="202" Height="43">logo.png</Image>
	<Image Top="148" Left="116" width="210" Height="208">overlay.png</Image>
	<GameIcon Enable="True">
		<Position Top="157" Left="127" Width="192" Height="192" />
	</GameIcon>
		
	<Menu Smooth="false" Rotate="false" ShowArrows="false" ShowIcon="false">
	   <ItemPos Left="328" Top="182"></ItemPos>
	   <ItemPos Left="345" Top="224"></ItemPos>
	   <ItemPos Left="345" Top="266"></ItemPos>
	   <ItemPos Left="328" Top="306"></ItemPos>
	  <Font>menu.xpr</Font>
	</Menu>
		
	<InfoFont>info.xpr</InfoFont>
	<Text Left="237" Top="67" align="left" color="0xFF24447A" Source="v.$AppVersion$"></Text>
	<Text Left="0" Top="400" width="620" align="right" color="0xFF24447A" Source="$DateTime$"></Text>
</Main>

	<ColorScheme >
		<MENU_TEXTCOLOR>0xFF587AAD</MENU_TEXTCOLOR>
		<MENU_ACTIVETEXTCOLOR>0xFFB6CDF0</MENU_ACTIVETEXTCOLOR>
	</ColorScheme>
</Skin>