﻿<Skin name="Phantom Crash M1">
    <Information>
        <Author>ATHLONI/TaNK</Author>
        <Version>1</Version>
        <Copyright>2004</Copyright>
        <Skinner Name="UX Architect" Version="1.0c" />
    </Information>
    <LoadingScreen ShowInfo="True">
        <Background>LOADING.jpg</Background>
    </LoadingScreen>
    <Main Globe="False" Fog="False">
        <Background EnableAudio="False">BACKG.jpg</Background>
        <Cellwall>CELL.PNG</Cellwall>
        <Orb>ORB_UND.PNG</Orb>
        <InfoFont>Square-10.xpr</InfoFont>
        <Text Top="37" Left="379" Width="220" Scroll="0" Color="0xFFFFFFFF" Source="F_Free" Align="Left" />
        <Text Top="341" Left="485" Width="140" Scroll="" Color="0xFFFFFFFF" Source="CPUTEMP" Align="Left" />
        <Text Top="342" Left="352" Width="129" Scroll="" Color="0xFFFFFFFF" Source="TRAY" Align="Left" />
        <Text Top="366" Left="484" Width="143" Scroll="" Color="0xFFFFFFFF" Source="MBTEMP" Align="Left" />
        <Image Top="0" Left="0" Width="0" Height="0" Opacity="100">BGMS.PNG</Image>
        <Image Top="0" Left="0" Width="0" Height="0" Source="GameIcon" />
        <Menu Align="Left" ShowIcon="False">
            <Position Top="74" Left="365" Width="225" Height="251" Fixed="False" FixAt="1" MaxItem="8" />
            <Font>Square-14.xpr</Font>
        </Menu>
        <ColorScheme>
            <AMBIENT_FOGCOLOR>0xFF8080FF</AMBIENT_FOGCOLOR>
            <AMBIENT_SKYCOLOR>0xFF000000</AMBIENT_SKYCOLOR>
            <AMBIENT_CELLCOLOR>0xFF0080FF</AMBIENT_CELLCOLOR>
            <CAPTION_TEXTCOLOR>0xFFFFFFFF</CAPTION_TEXTCOLOR>
            <CAPTION_BACKCOLOR>0xFF0000FF</CAPTION_BACKCOLOR>
            <DIALOG_BORDERCOLOR>0xFF0000FF</DIALOG_BORDERCOLOR>
            <DIALOG_BACKCOLOR>0x3F000000</DIALOG_BACKCOLOR>
            <DIALOG_INNER_BORDERCOLOR>0xFF0000FF</DIALOG_INNER_BORDERCOLOR>
            <DIALOG_INNER_BACKCOLOR>0xFF000000</DIALOG_INNER_BACKCOLOR>
            <DIALOG_TEXTCOLOR>0xFFFFFFFF</DIALOG_TEXTCOLOR>
            <DIALOG_DISABLEDTEXT>0xFFB3B3B4</DIALOG_DISABLEDTEXT>
            <OPTION_TEXTCOLOR>0xFFFFFFFF</OPTION_TEXTCOLOR>
            <OPTION_ACTIVETEXTCOLOR>0xFFFFFFFF</OPTION_ACTIVETEXTCOLOR>
            <OPTION_ACTIVEBACKCOLOR>0xFF0000FF</OPTION_ACTIVEBACKCOLOR>
            <BUTTON_BORDERCOLOR>0xFFFFFFFF</BUTTON_BORDERCOLOR>
            <BUTTON_TEXTCOLOR>0xFFFFFFFF</BUTTON_TEXTCOLOR>
            <BUTTON_BACKCOLOR>0x4F000000</BUTTON_BACKCOLOR>
            <BUTTON_ACTIVETEXTCOLOR>0xFFFFFFFF</BUTTON_ACTIVETEXTCOLOR>
            <BUTTON_ACTIVEBACKCOLOR>0x8E0080FF</BUTTON_ACTIVEBACKCOLOR>
            <KB_KEYBG_HIGHLIGHT>0xFF0000FF</KB_KEYBG_HIGHLIGHT>
            <KB_KEYBG_DISABLED>0xFFC0C0C0</KB_KEYBG_DISABLED>
            <KB_KEY_PRESSED>0xFF008000</KB_KEY_PRESSED>
            <KB_KEY_NORMAL>0xFF000000</KB_KEY_NORMAL>
            <KB_KEY_DISABLED>0xFFFFFFFF</KB_KEY_DISABLED>
            <KB_KEY_ACTIVEBORDER>0xFF808080</KB_KEY_ACTIVEBORDER>
            <KB_KEY_TEXTCOLOR>0xFF000000</KB_KEY_TEXTCOLOR>
            <KB_KEY_TEXTBACKCOLOR>0xFFFFFFFF</KB_KEY_TEXTBACKCOLOR>
            <KB_KEY_TEXTBORDERCOLOR>0xFFFF8040</KB_KEY_TEXTBORDERCOLOR>
            <MENU_TEXTCOLOR>0xFFFFFFFF</MENU_TEXTCOLOR>
            <MENU_ACTIVETEXTCOLOR>0xFFFFFFFF</MENU_ACTIVETEXTCOLOR>
            <MENU_BORDERCOLOR>0xFF0000FF</MENU_BORDERCOLOR>
            <MENU_BACKCOLOR>0xFF000000</MENU_BACKCOLOR>
            <MENU_ACTIVEBACKCOLOR>0xFF0000FF</MENU_ACTIVEBACKCOLOR>
            <MENU_ACTIVEBORDERCOLOR>0xFF0000FF</MENU_ACTIVEBORDERCOLOR>
        </ColorScheme>
    </Main>
</Skin>