<Skin name="The Clamps">
	<Information>
		<Author>Jezz</Author>
		<Copyright>Copyright 2005</Copyright>
	 	<Version>1</Version>
	</Information>
	<Main Globe="true" Orb="False" Fog="True">
		<Cellwall></Cellwall>
		<Orb></Orb>
		<Icon></Icon>
		<BackGround>back.wmv</BackGround>
		
		<Menu Smooth="False" Align="Middle" Rotate="false" ShowIcon="false" ShowArrows="False" >
		<Position Top="87" Left="150" Width="340" Height="130" Fixed="True" FixAt="2" MaxItem="8"></Position>
		<Preview EnableAudio="False" Left="352" Top="228" Width="146" Height="120"/>
		<Font>dungeon_14.xpr</Font>
		
		</Menu>
		<Image Left="0" Top="0" Width="640" Height="480">backnew.png</Image>
		<Image Left="142" Top="228" Width="146" Height="120" Source="GameIcon" />
		<Image Source="GamePreview"/>

		
		<InfoFont>Microsoft_Sans_Serif_10.xpr</InfoFont>
                <Text Top="68" Left="115" Align="left" Color="0xFF484848" ScaleX="100" ScaleY="95" Source="Time"></Text>
                <Text Top="68" Left="520" Align="right" Color="0xFF484848" ScaleX="100" ScaleY="95" Source="IP"></Text>
                <Text Top="365" Left="520" Align="right"  Color="0xFF000000" ScaleX="90" ScaleY="90" Source="CPUTemp"></Text>
                <Text Top="380" Left="520" Align="right"  Color="0xFF000000" ScaleX="90" ScaleY="90" Source="MBTemp"></Text>
                <Text Top="365" Left="115" Align="Left"  Color="0xFF484848" ScaleX="100" ScaleY="95" Source="Free Space - E:\"></Text>
                <Text Top="365" Left="225" Align="Left"  Color="0xFF000000" ScaleX="100" ScaleY="95" Source="$E_FreeMB$"></Text>
                <Text Top="380" Left="115" Align="Left"  Color="0xFF484848" ScaleX="100" ScaleY="95" Source="Free Space - F:\"></Text>
                <Text Top="380" Left="225" Align="Left"  Color="0xFF000000" ScaleX="100" ScaleY="95" Source="$F_FreeMB$"></Text>
                <Text Top="400" Left="115" Align="left" Scroll="1" Color="0xFF484848" ScaleX="80" ScaleY="100"Source="Song :"></Text>
                <Text Top="400" Left="153" Width="165" Align="left" Scroll="1" Color="0xFF000000" ScaleX="80" ScaleY="100"Source="SongName"></Text>
                <Text Top="400" Left="320" Align="left" Scroll="1" Color="0xFF484848" ScaleX="80" ScaleY="100"Source="Album :"></Text>
                <Text Top="400" Left="362" Width="165" Align="left" Scroll="1" Color="0xFF000000" ScaleX="80" ScaleY="100"Source="SoundTrack"></Text>

	</Main>

	<IntroMovie>intro.wmv</IntroMovie>
        <FileManager SafeBorder="False">
		<BackGround>filemanager.png</BackGround>
		
	</FileManager>
	
	<LoadingScreen ShowInfo="False">
		<BackGround>load.wmv</BackGround>
	</LoadingScreen>

        <ColorScheme>
            <AMBIENT_FOGCOLOR>0xFF10107A</AMBIENT_FOGCOLOR>
            <AMBIENT_SKYCOLOR>0xFF00000D</AMBIENT_SKYCOLOR>
            <AMBIENT_CELLCOLOR>0xFFFF001E</AMBIENT_CELLCOLOR>
            <CAPTION_TEXTCOLOR>0xFFFFFFFF</CAPTION_TEXTCOLOR>
            <CAPTION_BACKCOLOR>0xBB460000</CAPTION_BACKCOLOR>
            <DIALOG_BORDERCOLOR>0xFFFF001E</DIALOG_BORDERCOLOR>
            <DIALOG_BACKCOLOR>0xBB460000</DIALOG_BACKCOLOR>
            <DIALOG_INNER_BORDERCOLOR>0xFFFF001E</DIALOG_INNER_BORDERCOLOR>
            <DIALOG_INNER_BACKCOLOR>0xFF000000</DIALOG_INNER_BACKCOLOR>
            <DIALOG_TEXTCOLOR>0xFFFFFFFF</DIALOG_TEXTCOLOR>
            <DIALOG_DISABLEDTEXT>0x99B3B3B4</DIALOG_DISABLEDTEXT>
            <OPTION_TEXTCOLOR>0xFFFFFFFF</OPTION_TEXTCOLOR>
            <OPTION_ACTIVETEXTCOLOR>0xFFFF0000</OPTION_ACTIVETEXTCOLOR>
            <OPTION_ACTIVEBACKCOLOR>0x99460000</OPTION_ACTIVEBACKCOLOR>
            <BUTTON_BORDERCOLOR>0xFFFF001E</BUTTON_BORDERCOLOR>
            <BUTTON_TEXTCOLOR>0xFF575757</BUTTON_TEXTCOLOR>
            <BUTTON_BACKCOLOR>0x77100000</BUTTON_BACKCOLOR>
            <BUTTON_ACTIVETEXTCOLOR>0xFFFFFFFF</BUTTON_ACTIVETEXTCOLOR>
            <BUTTON_ACTIVEBACKCOLOR>0xFFFF001E</BUTTON_ACTIVEBACKCOLOR>
            <KB_KEYBG_HIGHLIGHT>0xFFFF001E</KB_KEYBG_HIGHLIGHT>
            <KB_KEYBG_DISABLED>0xFFC0C0C0</KB_KEYBG_DISABLED>
            <KB_KEY_PRESSED>0xFF008000</KB_KEY_PRESSED>
            <KB_KEY_NORMAL>0xFF000000</KB_KEY_NORMAL>
            <KB_KEY_DISABLED>0xFFFFFFFF</KB_KEY_DISABLED>
            <KB_KEY_ACTIVEBORDER>0xFF808080</KB_KEY_ACTIVEBORDER>
            <KB_KEY_TEXTCOLOR>0xFF000000</KB_KEY_TEXTCOLOR>
            <KB_KEY_TEXTBACKCOLOR>0xFFFFFFFF</KB_KEY_TEXTBACKCOLOR>
            <KB_KEY_TEXTBORDERCOLOR>0xFFFFFF00</KB_KEY_TEXTBORDERCOLOR>
            <MENU_TEXTCOLOR>0xFF000000</MENU_TEXTCOLOR>
            <MENU_ACTIVETEXTCOLOR>0xFFE93030</MENU_ACTIVETEXTCOLOR>
            <MENU_BORDERCOLOR>0x00000000</MENU_BORDERCOLOR>
            <MENU_BACKCOLOR>0x00000000</MENU_BACKCOLOR>
            <MENU_ACTIVEBACKCOLOR>0x00000000</MENU_ACTIVEBACKCOLOR>
            <MENU_ACTIVEBORDERCOLOR>0x00000000</MENU_ACTIVEBORDERCOLOR>
        </ColorScheme>
</Skin>














