<Skin name="udashx">
	<Information>
		<Author>UnleashX</Author>
		<Copyright>Copyright 2003</Copyright>
		<Version>1.0</Version>
	</Information>
	<Main Globe="False" Orb="False">
		<BackGround>dashboard.jpg</BackGround>

		<GameIcon Enable="True" Opacity="90">
			<Position Top="200" Left="466" Width="121" Height="114" />
		</GameIcon>

		<Menu Smooth="True" Align="Middle" ShowIcon="False" Rotate="False">
			<BackColor>0x000000</BackColor>
			<BorderColor Width="2">0xFFFFFFFF</BorderColor>
			<Font WidthFactor="1.5" HeightFactor="1.5"></Font>
			<Position Top="200" Left="196" Width="240" Height="140" Fixed="True" FixAt="3" MaxItem="3"></Position>
		</Menu>

		<Text Left="200" Top="30" Align="Center" Color="0xFFFFFFFF" Source="DateTime"></Text>

		


		<Text Left="220" Top="360" Align="Center" Color="0xFFFFFFFF" Source="IP"></Text>
		<Text Left="220" Top="160" Align="Center" Color="0xFFFFFFFF" Source="NickName"></Text>


		<Text Left="49" Top="190" Color="0xFFFFFFFF" Source="SongName"></Text>
		<Text Left="49" Top="210" Color="0xFFFFFFFF" Source="SongTime"></Text>

		<Text Left="49" Top="230" Align="Left" Color="0xFFFFFFFF" Source="CPUTemp"></Text>
		<Text Left="49" Top="250" Align="Left" Color="0xFFFFFFFF" Source="MBTemp"></Text>
		<Text Left="49" Top="270" Align="Left" Color="0xFFFFFFFF" Source="Tray"></Text>
		<Text Left="49" Top="290" Align="Left" Color="0xFFFFFFFF" Source="NumClient"></Text>

		<Text Left="49" Top="420" Align="Left" Color="0xFFFFFFFF" Source="C_FreeMB"></Text>
		<Text Left="240" Top="420" Align="Left" Color="0xFFFFFFFF" Source="E_FreeMB"></Text>
		<Text Left="430" Top="420" Align="Left" Color="0xFFFFFFFF" Source="F_FreeMB"></Text>

		


	</Main>
	
	<ColorScheme >
		<AMBIENT_FOGCOLOR>0xFF002000</AMBIENT_FOGCOLOR>
		<AMBIENT_SKYCOLOR>0xFF004000</AMBIENT_SKYCOLOR>
		<AMBIENT_CELLCOLOR>0x0600C000</AMBIENT_CELLCOLOR>

		<CAPTION_TEXTCOLOR>0xFFFFFFC0</CAPTION_TEXTCOLOR>
		<CAPTION_BACKCOLOR>0xFF686485</CAPTION_BACKCOLOR>
		<DIALOG_BORDERCOLOR>0xFF0C0A18</DIALOG_BORDERCOLOR>
		<DIALOG_BACKCOLOR>0xCD636482</DIALOG_BACKCOLOR>
		<DIALOG_INNER_BORDERCOLOR>0xFF636482</DIALOG_INNER_BORDERCOLOR>
		<DIALOG_INNER_BACKCOLOR>0xE1004100</DIALOG_INNER_BACKCOLOR>
		<DIALOG_TEXTCOLOR>0xFFFFFFFF</DIALOG_TEXTCOLOR>

		<DIALOG_DISABLEDTEXT>0x7F086820</DIALOG_DISABLEDTEXT>

		<OPTION_TEXTCOLOR>0xFF02C90C</OPTION_TEXTCOLOR>
		<OPTION_ACTIVETEXTCOLOR>0xFFFFFFFF</OPTION_ACTIVETEXTCOLOR>
		<OPTION_ACTIVEBACKCOLOR>0xFF02C90C</OPTION_ACTIVEBACKCOLOR>

		<BUTTON_BORDERCOLOR>0xFF0C0A18</BUTTON_BORDERCOLOR>
		<BUTTON_TEXTCOLOR>0xFF02C90C</BUTTON_TEXTCOLOR>
		<BUTTON_BACKCOLOR>0xCD636482</BUTTON_BACKCOLOR>
		<BUTTON_ACTIVETEXTCOLOR>0xFFFFFFFF</BUTTON_ACTIVETEXTCOLOR>
		<BUTTON_ACTIVEBACKCOLOR>0xE102C90C</BUTTON_ACTIVEBACKCOLOR>	
		
		<KB_KEYBG_HIGHLIGHT>0xCC00C000</KB_KEYBG_HIGHLIGHT>
		<KB_KEYBG_DISABLED>0xffc0c0c0</KB_KEYBG_DISABLED>
		<KB_KEY_PRESSED>0xff808080</KB_KEY_PRESSED>
		<KB_KEY_NORMAL>0xff000000</KB_KEY_NORMAL>
		<KB_KEY_DISABLED>0xff808080</KB_KEY_DISABLED>
		<KB_KEY_ACTIVEBORDER>0xff008000</KB_KEY_ACTIVEBORDER>
		<KB_KEY_TEXTCOLOR>0xff000000</KB_KEY_TEXTCOLOR>
		<KB_KEY_TEXTBACKCOLOR>0xffFFFFFF</KB_KEY_TEXTBACKCOLOR>
		<KB_KEY_TEXTBORDERCOLOR>0xff0000FF</KB_KEY_TEXTBORDERCOLOR>
		
		<MENU_TEXTCOLOR>0x99FFFFFF</MENU_TEXTCOLOR>
		<MENU_ACTIVETEXTCOLOR>0xFF40FF40</MENU_ACTIVETEXTCOLOR>
		<MENU_BORDERCOLOR>0x00000000</MENU_BORDERCOLOR>
		<MENU_BACKCOLOR>0x00000000</MENU_BACKCOLOR>
		<MENU_ACTIVEBACKCOLOR>0xFF004000</MENU_ACTIVEBACKCOLOR>
		<MENU_ACTIVEBORDERCOLOR>0xFF686485</MENU_ACTIVEBORDERCOLOR>
	</ColorScheme>
</Skin>