<Skin name="XboxNewZBirdyBirdman">
	<Information>
		<Author>hitman43</Author>
		<Copyright>Copyright 2005_01_05</Copyright>
		<Version>1.0</Version>
	</Information>
		<IntroMovie>intro.wmv</IntroMovie>
		<FileManager>
			<BackGround>back.jpg</BackGround>
		</FileManager>
	<LoadingScreen ShowInfo="true">
		<BackGround>loading.wmv</BackGround>
	</LoadingScreen>
	<Main Globe="true" Orb="false">
		<BackGround>main.wmv</BackGround>
		<Cellwall></Cellwall>
		<Orb></Orb>
		<Icon></Icon>
		<Image Source="GamePreview" />
	
		<GameIcon Enable="false" Opacity="0">
			<Position Top="40" Left="270" Width="104" Height="77" />
		</GameIcon>
		
		<Menu Smooth="False" Align="middle" Rotate="false" ShowIcon="false">
		<Position Top="65" Left="412" Width="200" Height="280" Fixed="False" 
                FixAt="1" MaxItem="10">
		</Position>
		<Font>MainFont14.xpr</Font>
		<Preview EnableAudio="false" Left="35" Top=300" Width="176" Height="134" />
		</Menu>
		
		<InfoFont>SystemFont24.xpr</InfoFont>
		
		<Text Left="45" Top="344" Align="Left" Color="0xFF7F1D1D" Source=""></Text>
		
		<Text Left="45" Top="362" Align="Left" Color="0xFF7F1D1D" Source=""></Text>
		
		<Text Left="5" Top="35" Align="Left" Color="0xFF7F1D1D" Source="00000000000000000000000000000000"></Text>
		

		<Text Left="45" Top="194" Align="Left" Color="0xFF7F1D1D" Source="></Text>
		

		<Text Left="10" Top="35" Align="Left" Color="0xFF7F1D1D" Source="IIIIIIIIIIIIIIIIIIIIIIIIIIIIIIIIIIIIIIIIIIIIIIIIIIIII"></Text>
		
		<Text Left="15" Top="35" Align="Left" Color="0xFF7F1D1D" Source="_______________________________________________"></Text>

        <Text Left="20" Top="35" Align="Left" Color="0xFF7F1D1D" Source="0000000000000000000000000000000000000000000000000000"></Text>

        <Text Left="45" Top="35" Align="Left" Color="0xFFFFFFFF" Source="XboxNewz BirdyBirdman"></Text>

        

		</Main>

	<ColorScheme >
		<AMBIENT_FOGCOLOR>0xFF7F1D1D</AMBIENT_FOGCOLOR>
		<AMBIENT_SKYCOLOR></AMBIENT_SKYCOLOR>
		<AMBIENT_CELLCOLOR>0xFF808080</AMBIENT_CELLCOLOR>

		<CAPTION_TEXTCOLOR>0xFFFFFFFF</CAPTION_TEXTCOLOR>
		<CAPTION_BACKCOLOR>0xFF7F1D1D</CAPTION_BACKCOLOR>
		<DIALOG_BORDERCOLOR>0xFFFFE3B4</DIALOG_BORDERCOLOR>
		<DIALOG_BACKCOLOR>0xFFEC6A38</DIALOG_BACKCOLOR>
		<DIALOG_INNER_BORDERCOLOR>0xFFFFE2B4</DIALOG_INNER_BORDERCOLOR>
		<DIALOG_INNER_BACKCOLOR>0xFF808080</DIALOG_INNER_BACKCOLOR>
		<DIALOG_TEXTCOLOR>0xFF808080</DIALOG_TEXTCOLOR>

		<DIALOG_DISABLEDTEXT>0xFFFFFFFF</DIALOG_DISABLEDTEXT>

		<OPTION_TEXTCOLOR>0xFFFFFFFF</OPTION_TEXTCOLOR>
		<OPTION_ACTIVETEXTCOLOR>0xFFFFFFFF</OPTION_ACTIVETEXTCOLOR>
		<OPTION_ACTIVEBACKCOLOR>0xFF7F1D1D</OPTION_ACTIVEBACKCOLOR>

		<BUTTON_BORDERCOLOR>0xFFEC6A38</BUTTON_BORDERCOLOR>
		<BUTTON_TEXTCOLOR>0xFFFFFFFF</BUTTON_TEXTCOLOR>
		<BUTTON_BACKCOLOR>0xFFEC6A38</BUTTON_BACKCOLOR>
		<BUTTON_ACTIVETEXTCOLOR>0xFFFFFFFF</BUTTON_ACTIVETEXTCOLOR>
		<BUTTON_ACTIVEBACKCOLOR>0xFF7F1D1D</BUTTON_ACTIVEBACKCOLOR>	
		
		<KB_KEYBG_HIGHLIGHT>0xFFEC6A38</KB_KEYBG_HIGHLIGHT>
		<KB_KEYBG_DISABLED>0xFF7F1D1D</KB_KEYBG_DISABLED>
		<KB_KEY_PRESSED>0xFFFFEC6A38</KB_KEY_PRESSED>
		<KB_KEY_NORMAL>0xFF808080</KB_KEY_NORMAL>
		<KB_KEY_DISABLED>0xFF7F1D1D</KB_KEY_DISABLED>
		<KB_KEY_ACTIVEBORDER>0xFFEC6A38</KB_KEY_ACTIVEBORDER>
		<KB_KEY_TEXTCOLOR>0xFF7F1D1D</KB_KEY_TEXTCOLOR>
		<KB_KEY_TEXTBACKCOLOR>0xFFFFE2B4</KB_KEY_TEXTBACKCOLOR>
		<KB_KEY_TEXTBORDERCOLOR>0xFF808080</KB_KEY_TEXTBORDERCOLOR>
		
		<MENU_TEXTCOLOR>0xFFFFFFFF</MENU_TEXTCOLOR>
		<MENU_ACTIVETEXTCOLOR>0xFFFFFFFF</MENU_ACTIVETEXTCOLOR>
		<MENU_BORDERCOLOR>0xFF808080</MENU_BORDERCOLOR>
		<MENU_BACKCOLOR>0xFF7F1D1D</MENU_BACKCOLOR>
		<MENU_ACTIVEBACKCOLOR>0xFFEC6A38</MENU_ACTIVEBACKCOLOR>
		<MENU_ACTIVEBORDERCOLOR>0xFFFFE2B4</MENU_ACTIVEBORDERCOLOR>
	</ColorScheme>
</Skin>