<Skin Name="WoodStella Unleashed">

 <Information>
    <Author>Chris "Kilokahn" Haslage</Author>
    <Copyright>2004</Copyright>
    <Version>1.0</Version>
 </Information>

 <LoadingScreen ShowInfo="True">
  <BackGround>loading.jpg</BackGround>
 </LoadingScreen>

 <Main globe="False" Orb="False">
	  <InfoFont>Arial_12.xpr</InfoFont>

	  <GameIcon Enable="True">
	    <Position Left="384" Top="218" Width="160" Height="120" />
	  </GameIcon>

	  <Background EnableAudio="False">title.jpg</background>

	    <Menu smooth="True" Align="Middle" ShowArrows="False" ShowIcon="False" Rotate="False">
	        <Position left="334" Top="348" Width="258" Height="97" Fixed="True" FixAt="1" />
		<Font>Arial_12.xpr</Font>
	    </Menu>

 <Text Left="93" Top="103" Color="0xFFF8FF20" Source="Name:"></Text>
 <Text Left="93" Top="127" Color="0xFFF8FF20" Source="Date:"></Text>
 <Text Left="93" Top="151" Color="0xFFF8FF20" Source="Time:"></Text>

	 <Text Left="155" Top="103" Color="0xFFFFFFFF" Source="$NickName$"></Text>
	 <Text Left="155" Top="127" Color="0xFFFFFFFF" Source="$Date$"></Text>
	 <Text Left="155" Top="151" Color="0xFFFFFFFF" Source="$Time$"></Text>

 <Text Left="93" Top="203" Color="0xFFF8FF20" Source="C:"></Text>
 <Text Left="93" Top="227" Color="0xFFF8FF20" Source="D:"></Text>
 <Text Left="93" Top="251" Color="0xFFF8FF20" Source="E:"></Text>

	 <Text Left="120" Top="203" Color="0xFFFFFFFF" Source="$C_Free$ free"></Text>
	 <Text Left="120" Top="227" Color="0xFFFFFFFF" Source="DvdTitle"></Text>
	 <Text Left="120" Top="251" Color="0xFFFFFFFF" Source="$E_Free$ free"></Text>

 <Text Left="93" Top="301" Color="0xFFF8FF20" Source="IP:"></Text>
 <Text Left="93" Top="325" Color="0xFFF8FF20" Source="Users:"></Text>
 <Text Left="93" Top="349" Color="0xFFF8FF20" Source="Sub:"></Text>

	 <Text Left="155" Top="301" Color="0xFFFFFFFF" Source="$IP$"></Text>
	 <Text Left="155" Top="325" Color="0xFFFFFFFF" Source="$NumClient$"></Text>
	 <Text Left="155" Top="349" Color="0xFFFFFFFF" Source="$Subnet$"></Text>

 <Text Left="93" Top="401" Color="0xFFF8FF20" Source="Artist:"></Text>
 <Text Left="93" Top="425" Color="0xFFF8FF20" Source="Title:"></Text>
 <Text Left="93" Top="449" Color="0xFFF8FF20" Source="Time:"></Text>

	 <Text Left="151" Top="401" Color="0xFFFFFFFF" Source="$SoundTrack$"></Text> 
	 <Text Left="151" Top="425" Color="0xFFFFFFFF" Source="$SongName$"></Text> 
	 <Text Left="151" Top="449" Color="0xFFFFFFFF" Source="$SongTime$"></Text> 

 </Main>

 <ColorScheme>
		<CAPTION_TEXTCOLOR>0xFF000000</CAPTION_TEXTCOLOR>
		<CAPTION_BACKCOLOR>0xFFC0C0C0</CAPTION_BACKCOLOR>

		<DIALOG_BORDERCOLOR>0xFF000000</DIALOG_BORDERCOLOR>
		<DIALOG_BACKCOLOR>0xFF656565</DIALOG_BACKCOLOR>
		<DIALOG_INNER_BORDERCOLOR>0xFF656565</DIALOG_INNER_BORDERCOLOR>
		<DIALOG_INNER_BACKCOLOR>0xFF656565</DIALOG_INNER_BACKCOLOR>
		<DIALOG_TEXTCOLOR>0xFF000000</DIALOG_TEXTCOLOR>
		<DIALOG_DISABLEDTEXT>0xFF202020</DIALOG_DISABLEDTEXT>

		<OPTION_TEXTCOLOR>0xFF000000</OPTION_TEXTCOLOR>
		<OPTION_ACTIVETEXTCOLOR>0xFFFFFFFF</OPTION_ACTIVETEXTCOLOR>
		<OPTION_ACTIVEBACKCOLOR>0xFF505050</OPTION_ACTIVEBACKCOLOR>

		<BUTTON_BORDERCOLOR></BUTTON_BORDERCOLOR>
		<BUTTON_TEXTCOLOR>0xFF000000</BUTTON_TEXTCOLOR>
		<BUTTON_BACKCOLOR>0xFF656565</BUTTON_BACKCOLOR>
		<BUTTON_ACTIVETEXTCOLOR>0xFF656565</BUTTON_ACTIVETEXTCOLOR>
		<BUTTON_ACTIVEBACKCOLOR>0xFFFFFFFF</BUTTON_ACTIVEBACKCOLOR>	
		
		<KB_KEYBG_HIGHLIGHT>0xCC00C000</KB_KEYBG_HIGHLIGHT>
		<KB_KEY_PRESSED>0xff808080</KB_KEY_PRESSED>
		<KB_KEY_NORMAL>0xff000000</KB_KEY_NORMAL>
		<KB_KEY_DISABLED>0xff808080</KB_KEY_DISABLED>
		<KB_KEY_ACTIVEBORDER>0xff000000</KB_KEY_ACTIVEBORDER>
		<KB_KEY_TEXTCOLOR>0xff000000</KB_KEY_TEXTCOLOR>
		<KB_KEY_TEXTBACKCOLOR>0xffFFFFFF</KB_KEY_TEXTBACKCOLOR>
		<KB_KEY_TEXTBORDERCOLOR>0xff000000</KB_KEY_TEXTBORDERCOLOR>
		<KB_KEYBG_DISABLED>0xffc0c0c0</KB_KEYBG_DISABLED>

		<AMBIENT_FOGCOLOR>0xFF052500</AMBIENT_FOGCOLOR>
		<AMBIENT_SKYCOLOR>0xFF222222</AMBIENT_SKYCOLOR>
		<AMBIENT_CELLCOLOR>0x061A920A</AMBIENT_CELLCOLOR>

		<MENU_TEXTCOLOR>0x99FFFFFF</MENU_TEXTCOLOR>
		<MENU_ACTIVETEXTCOLOR>0xFFF8FF20</MENU_ACTIVETEXTCOLOR>
		<MENU_ACTIVEBACKCOLOR>0x506D6D6D</MENU_ACTIVEBACKCOLOR>
		<MENU_ACTIVEBORDERCOLOR>0xFF2D2D2D</MENU_ACTIVEBORDERCOLOR>
		<MENU_BORDERCOLOR>0x00000000</MENU_BORDERCOLOR>
		<MENU_BACKCOLOR>0x00000000</MENU_BACKCOLOR>


 </ColorSceme>
</Skin>
