<Skin name="CONFUZION">
	<Information>
		<Author>dragonforce99</Author>
		<Copyright>Copyright 2003</Copyright>
		<Version>0.1</Version>
	</Information>
	<Main Globe="False" Orb="False">
		<BackGround>confuzion.png</BackGround>
		<GameIcon Enable="True" Opacity="100">
			<Position Top="40" Left="300" Width="115" Height="115" />
		</GameIcon>
		<Menu Smooth="True" ShowIcon="False">
		<Position Top="155" Left="300" Width="285" Height="200" Fixed="False" FixAt="1" MaxItem="5">
		</Position>
		
		<Font>ConduitMdITC_TT_18.xpr</Font>
		</menu>
		<InfoFont>fontc.xpr</InfoFont>
		<text Left="60" Top="80" Align="Left" Color="0xFFFFFFFF" Source="$Time$"></Text>
		<Text Left="145" Top="80" Align="Left" Color="0xFFFFFFFF" Source="$Date$"></text>
		
		<Text Left="60" Top="300" Align="Left" Color="0xFFFFFFFF" Source="E: $E_FreeMB$"></Text>
		<text Left="60" Top="320" Align="Left" Color="0xFFFFFFFF" Source="F: $F_FreeMB$"></text>
		<text Left="60" Top="340" Align="Left" Color="0xFFFFFFFF" Source="DVD:$Tray$"/>
		
		<Text Left="60" Top="360" Align="Left" Color="0xFFFFFFFF" Source="CPUTemp"></Text>
		<Text Left="60" Top="380" Align="Left" Color="0xFFFFFFFF" Source="MBTemp"></text>
		
		<text Left="60" Top="155" Align="Left" Color="0xFF000000" Source="IP"/>
		<Text Left="60" Top="175" Align="Left" Color="0xFF000000" Source="Users - $NumClient$"></Text>
		
		
		<Text Left="300" Top="400" Width="325" Height="150" Align="Left" Color="0xFFFFFFFF" Source="$SoundTrack$"/>
		<Text Left="300" Top="420" Width="325" Height="150" Align="Left" Color="0xFFFFFFFF" Source="$SongName$"/>
		
		
			
		
	</Main>

	
	<ColorScheme >
		<AMBIENT_FOGCOLOR></AMBIENT_FOGCOLOR>
		<AMBIENT_SKYCOLOR></AMBIENT_SKYCOLOR>
		<AMBIENT_CELLCOLOR></AMBIENT_CELLCOLOR>

		<CAPTION_TEXTCOLOR>0xFF000000</CAPTION_TEXTCOLOR>
		<CAPTION_BACKCOLOR>0xFFC0C0C0</CAPTION_BACKCOLOR>
		<DIALOG_BORDERCOLOR>0xFF000000</DIALOG_BORDERCOLOR>
		<DIALOG_BACKCOLOR>0xFFA0A0A0</DIALOG_BACKCOLOR>
		<DIALOG_INNER_BORDERCOLOR>0xFFA0A0A0</DIALOG_INNER_BORDERCOLOR>
		<DIALOG_INNER_BACKCOLOR>0xFFA0A0A0</DIALOG_INNER_BACKCOLOR>
		<DIALOG_TEXTCOLOR>0xFF000000</DIALOG_TEXTCOLOR>

		<DIALOG_DISABLEDTEXT>0xFF202020</DIALOG_DISABLEDTEXT>

		<OPTION_TEXTCOLOR>0xFF000000</OPTION_TEXTCOLOR>
		<OPTION_ACTIVETEXTCOLOR>0xFF000000</OPTION_ACTIVETEXTCOLOR>
		<OPTION_ACTIVEBACKCOLOR>0xFFB27701</OPTION_ACTIVEBACKCOLOR>

		<BUTTON_BORDERCOLOR></BUTTON_BORDERCOLOR>
		<BUTTON_TEXTCOLOR>0xFF000000</BUTTON_TEXTCOLOR>
		<BUTTON_BACKCOLOR>0xFFA0A0A0</BUTTON_BACKCOLOR>
		<BUTTON_ACTIVETEXTCOLOR>0xFFA0A0A0</BUTTON_ACTIVETEXTCOLOR>
		<BUTTON_ACTIVEBACKCOLOR>0xFFFFFFFF</BUTTON_ACTIVEBACKCOLOR>	
		
		<KB_KEYBG_HIGHLIGHT>0xCC00C000</KB_KEYBG_HIGHLIGHT>
		<KB_KEYBG_DISABLED>0xffc0c0c0</KB_KEYBG_DISABLED>
		<KB_KEY_PRESSED>0xff808080</KB_KEY_PRESSED>
		<KB_KEY_NORMAL>0xff000000</KB_KEY_NORMAL>
		<KB_KEY_DISABLED>0xff808080</KB_KEY_DISABLED>
		<KB_KEY_ACTIVEBORDER>0xff000000</KB_KEY_ACTIVEBORDER>
		<KB_KEY_TEXTCOLOR>0xff000000</KB_KEY_TEXTCOLOR>
		<KB_KEY_TEXTBACKCOLOR>0xffFFFFFF</KB_KEY_TEXTBACKCOLOR>
		<KB_KEY_TEXTBORDERCOLOR>0xff000000</KB_KEY_TEXTBORDERCOLOR>
		
		<MENU_TEXTCOLOR>0xFFFFFFFF</MENU_TEXTCOLOR>
		<MENU_ACTIVETEXTCOLOR>0xFF2592E2</MENU_ACTIVETEXTCOLOR>
		<MENU_BORDERCOLOR></MENU_BORDERCOLOR>
		<MENU_BACKCOLOR></MENU_BACKCOLOR>
		<MENU_ACTIVEBACKCOLOR></MENU_ACTIVEBACKCOLOR>
		<MENU_ACTIVEBORDERCOLOR></MENU_ACTIVEBORDERCOLOR>
	</ColorScheme>
</Skin>