﻿<Skin name="Untitled">
    <Information>
        <Author>Kracker624</Author>
        <Version>1</Version>
        <Copyright>2004</Copyright>
        <Skinner Name="UX Architect" Version="1.0c" />
    </Information>
    <Main Globe="False" Orb="False" Fog="False">
        <Background EnableAudio="False">spikes.wmv</Background>
        <InfoFont>mini.xpr</InfoFont>
        <Text Top="227" Left="342" Width="177" Scroll="0" Color="0xFF4A0000" Source="C_FreeMB" Align="Left" />
        <Text Top="250" Left="340" Width="179" Scroll="0" Color="0xFF4A0000" Source="F_FreeMB" Align="Left" />
        <Text Top="270" Left="340" Width="180" Scroll="0" Color="0xFF4A0000" Source="CPUTempF" Align="Left" />
        <Text Top="292" Left="342" Width="178" Scroll="0" Color="0xFF4A0000" Source="MBTempF" Align="Left" />
        <Text Top="394" Left="329" Width="210" Scroll="0" Color="0xFF4A0000" Source="IP" Align="Left" />
        <Text Top="312" Left="340" Width="175" Scroll="0" Color="0xFF4A0000" Source="Tray" Align="Left" />
        <Text Top="335" Left="342" Width="173" Scroll="0" Color="0xFF4A0000" Source="VideoMode" Align="Left" />
        <Image Source="GamePreview" />
        <Image Top="-2" Left="0" Width="640" Height="482" Opacity="100">crystal.png</Image>
        <Menu Align="Left" ShowIcon="False" ShowArrows="False">
            <Preview EnableAudio="True" Top="58" Left="349" Width="232" Height="152" />
            <ItemPos Top="52" Left="95" Width="200"></ItemPos>
            <ItemPos Top="92" Left="115" Width="200"></ItemPos>
            <ItemPos Top="132" Left="135" Width="200"></ItemPos>
            <ItemPos Top="172" Left="115" Width="200"></ItemPos>
            <ItemPos Top="212" Left="95" Width="200"></ItemPos>
            <Font>mini.xpr</Font>
        </Menu>
        <ColorScheme>
            <AMBIENT_FOGCOLOR>0x78FFFFFF</AMBIENT_FOGCOLOR>
            <AMBIENT_SKYCOLOR>0xFF00000F</AMBIENT_SKYCOLOR>
            <AMBIENT_CELLCOLOR>0x7800C000</AMBIENT_CELLCOLOR>
            <CAPTION_TEXTCOLOR>0xFF000000</CAPTION_TEXTCOLOR>
            <CAPTION_BACKCOLOR>0xACCC0000</CAPTION_BACKCOLOR>
            <DIALOG_BORDERCOLOR>0xFF000000</DIALOG_BORDERCOLOR>
            <DIALOG_BACKCOLOR>0xFF5E0000</DIALOG_BACKCOLOR>
            <DIALOG_INNER_BORDERCOLOR>0xFF000000</DIALOG_INNER_BORDERCOLOR>
            <DIALOG_INNER_BACKCOLOR>0xFF000000</DIALOG_INNER_BACKCOLOR>
            <DIALOG_TEXTCOLOR>0xFFFFFFFF</DIALOG_TEXTCOLOR>
            <DIALOG_DISABLEDTEXT>0xFFB3B3B4</DIALOG_DISABLEDTEXT>
            <OPTION_TEXTCOLOR>0xFFFFFFFF</OPTION_TEXTCOLOR>
            <OPTION_ACTIVETEXTCOLOR>0xFF000000</OPTION_ACTIVETEXTCOLOR>
            <OPTION_ACTIVEBACKCOLOR>0xFFCC0000</OPTION_ACTIVEBACKCOLOR>
            <BUTTON_BORDERCOLOR>0xFF000000</BUTTON_BORDERCOLOR>
            <BUTTON_TEXTCOLOR>0xFFFFFFFF</BUTTON_TEXTCOLOR>
            <BUTTON_BACKCOLOR>0xFFCC0000</BUTTON_BACKCOLOR>
            <BUTTON_ACTIVETEXTCOLOR>0xFFFFFFFF</BUTTON_ACTIVETEXTCOLOR>
            <BUTTON_ACTIVEBACKCOLOR>0xFFCC0000</BUTTON_ACTIVEBACKCOLOR>
            <KB_KEYBG_HIGHLIGHT>0xFF0000FF</KB_KEYBG_HIGHLIGHT>
            <KB_KEYBG_DISABLED>0x78C0C0C0</KB_KEYBG_DISABLED>
            <KB_KEY_PRESSED>0xFF008000</KB_KEY_PRESSED>
            <KB_KEY_NORMAL>0xFF000000</KB_KEY_NORMAL>
            <KB_KEY_DISABLED>0xFFFFFFFF</KB_KEY_DISABLED>
            <KB_KEY_ACTIVEBORDER>0xFFFF0000</KB_KEY_ACTIVEBORDER>
            <KB_KEY_TEXTCOLOR>0xFF000000</KB_KEY_TEXTCOLOR>
            <KB_KEY_TEXTBACKCOLOR>0xFFFFFFFF</KB_KEY_TEXTBACKCOLOR>
            <KB_KEY_TEXTBORDERCOLOR>0x780000FF</KB_KEY_TEXTBORDERCOLOR>
            <MENU_TEXTCOLOR>0xFF800000</MENU_TEXTCOLOR>
            <MENU_ACTIVETEXTCOLOR>0xFF800000</MENU_ACTIVETEXTCOLOR>
            <MENU_BORDERCOLOR>0xFFFFFFFF</MENU_BORDERCOLOR>
            <MENU_BACKCOLOR>0xFF000000</MENU_BACKCOLOR>
            <MENU_ACTIVEBORDERCOLOR>0xFF000000</MENU_ACTIVEBORDERCOLOR>
        </ColorScheme>
    </Main>
</Skin>