<Skin name="KATE">
	<Information>
		<Author>untermensch</Author>
		<Version>0.2</Version>
		<Copyright>2004</Copyright>
	</Information>
	
	<IntroMovie>intro.xmv</IntroMovie>
	
		<Main Globe="false" Orb="False">
		<Cellwall></Cellwall>
		<Orb></Orb>
		<BackGround>kate.png</BackGround>	
		<Menu Smooth="True" ShowIcon="False">
		<Position Top="75" Left="75" Width="350" Height="320" Fixed="False" FixAt="1" MaxItem="7">
		</Position>
		</Menu>
		<Image Left="60" Top="295" Width="165" Height="157">icon.png</Image>
		<GameIcon Enable="True" Opacity="0">
			<Position Top="346" Left="108" Width="70" Height="65" />
		</GameIcon>

	</Main>
	
	<LoadingScreen ShowInfo="false">
		<BackGround>loading.png</BackGround>
	</LoadingScreen>
	
	<FileManager>
		<Background>datei.png</Background>
	</FileManager>

	<ColorScheme >
		<AMBIENT_FOGCOLOR></AMBIENT_FOGCOLOR>
		<AMBIENT_SKYCOLOR></AMBIENT_SKYCOLOR>
		<AMBIENT_CELLCOLOR></AMBIENT_CELLCOLOR>

		<CAPTION_TEXTCOLOR>0xFF000000</CAPTION_TEXTCOLOR>
		<CAPTION_BACKCOLOR>0xFFC0C0C0</CAPTION_BACKCOLOR>
		<DIALOG_BORDERCOLOR>0xFF000000</DIALOG_BORDERCOLOR>
		<DIALOG_BACKCOLOR>0xFFA0A0A0</DIALOG_BACKCOLOR>
		<DIALOG_INNER_BORDERCOLOR>0xFFA0A0A0</DIALOG_INNER_BORDERCOLOR>
		<DIALOG_INNER_BACKCOLOR>0xFFA0A0A0</DIALOG_INNER_BACKCOLOR>
		<DIALOG_TEXTCOLOR>0xFF000000</DIALOG_TEXTCOLOR>

		<DIALOG_DISABLEDTEXT>0xFF202020</DIALOG_DISABLEDTEXT>

		<OPTION_TEXTCOLOR>0xFF000000</OPTION_TEXTCOLOR>
		<OPTION_ACTIVETEXTCOLOR>0xFF000000</OPTION_ACTIVETEXTCOLOR>
		<OPTION_ACTIVEBACKCOLOR>0xFFB27701</OPTION_ACTIVEBACKCOLOR>

		<BUTTON_BORDERCOLOR></BUTTON_BORDERCOLOR>
		<BUTTON_TEXTCOLOR>0xFF000000</BUTTON_TEXTCOLOR>
		<BUTTON_BACKCOLOR>0xFFA0A0A0</BUTTON_BACKCOLOR>
		<BUTTON_ACTIVETEXTCOLOR>0xFFA0A0A0</BUTTON_ACTIVETEXTCOLOR>
		<BUTTON_ACTIVEBACKCOLOR>0xFFFFFFFF</BUTTON_ACTIVEBACKCOLOR>	
		
		<KB_KEYBG_HIGHLIGHT>0xCC00C000</KB_KEYBG_HIGHLIGHT>
		<KB_KEYBG_DISABLED>0xffc0c0c0</KB_KEYBG_DISABLED>
		<KB_KEY_PRESSED>0xff808080</KB_KEY_PRESSED>
		<KB_KEY_NORMAL>0xff000000</KB_KEY_NORMAL>
		<KB_KEY_DISABLED>0xff808080</KB_KEY_DISABLED>
		<KB_KEY_ACTIVEBORDER>0xff000000</KB_KEY_ACTIVEBORDER>
		<KB_KEY_TEXTCOLOR>0xff000000</KB_KEY_TEXTCOLOR>
		<KB_KEY_TEXTBACKCOLOR>0xffFFFFFF</KB_KEY_TEXTBACKCOLOR>
		<KB_KEY_TEXTBORDERCOLOR>0xff000000</KB_KEY_TEXTBORDERCOLOR>
		
		<MENU_TEXTCOLOR>0xFFFFFFFF</MENU_TEXTCOLOR>
		<MENU_ACTIVETEXTCOLOR>0xFFFFCC33</MENU_ACTIVETEXTCOLOR>
		<MENU_BORDERCOLOR></MENU_BORDERCOLOR>
		<MENU_BACKCOLOR></MENU_BACKCOLOR>
		<MENU_ACTIVEBACKCOLOR></MENU_ACTIVEBACKCOLOR>
		<MENU_ACTIVEBORDERCOLOR></MENU_ACTIVEBORDERCOLOR>
	</ColorScheme>

</Skin>
















