﻿<Skin name="Ohio State University">
    <Information>
        <Author>Created By: Disco Fever</Author>
        <Version>1</Version>
        <Copyright>2004</Copyright>
        <Skinner Name="UX Architect" Version="1.0c" />
    </Information>
    <Filemanager SafeBorder="False">
        <Background>OSU2.png</Background>
    </Filemanager>
    <LoadingScreen ShowInfo="False">
        <Background>OSU1.png</Background>
    </LoadingScreen>
    <Main Globe="False" Orb="False" Fog="False">
        <Background EnableAudio="False">OSU3.png</Background>
        <InfoFont>Square-10.xpr</InfoFont>
        <Text Top="388" Left="409" Width="200" Scroll="0" Color="0xFF000000" Source="MBTempF" Align="Middle" />
        <Text Top="368" Left="409" Width="200" Scroll="0" Color="0xFF000000" Source="CPUTempF" Align="Middle" />
        <Text Top="409" Left="409" Width="200" Scroll="0" Color="0xFF000000" Source="FanSpeed" Align="Middle" />
        <Text Top="143" Left="439" Width="200" Scroll="0" Color="0xFFFFFFFF" Source="Time" Align="Left" />
        <Text Top="164" Left="438" Width="200" Scroll="0" Color="0xFFFFFFFF" Source="IP" Align="Left" />
        <Text Top="122" Left="438" Width="200" Scroll="0" Color="0xFFFFFFFF" Source="Date" Align="Left" />
        <Text Top="449" Left="232" Width="200" Scroll="0" Color="0xFFFFFFFF" Source="SkinAuthor" Align="Left" />
        <Menu Align="Left" ShowIcon="False" Rotate="True" ShowArrows="False">
            <Position Top="201" Left="417" Width="182" Height="151" Fixed="True" FixAt="2" MaxItem="4" />
            <Font>Square-12.xpr</Font>
        </Menu>
        <ColorScheme>
            <AMBIENT_FOGCOLOR>0xFFFFFFFF</AMBIENT_FOGCOLOR>
            <AMBIENT_SKYCOLOR>0xFF00000F</AMBIENT_SKYCOLOR>
            <AMBIENT_CELLCOLOR>0x7800C000</AMBIENT_CELLCOLOR>
            <CAPTION_TEXTCOLOR>0xFFC0C0C0</CAPTION_TEXTCOLOR>
            <CAPTION_BACKCOLOR>0xFF000000</CAPTION_BACKCOLOR>
            <DIALOG_BORDERCOLOR>0xFFFFFFFF</DIALOG_BORDERCOLOR>
            <DIALOG_BACKCOLOR>0x2EFF0000</DIALOG_BACKCOLOR>
            <DIALOG_INNER_BORDERCOLOR>0xFFFFFFFF</DIALOG_INNER_BORDERCOLOR>
            <DIALOG_INNER_BACKCOLOR>0x4B000000</DIALOG_INNER_BACKCOLOR>
            <DIALOG_TEXTCOLOR>0xFFFFFFFF</DIALOG_TEXTCOLOR>
            <DIALOG_DISABLEDTEXT>0xFFB3B3B4</DIALOG_DISABLEDTEXT>
            <OPTION_TEXTCOLOR>0xFFFFFFFF</OPTION_TEXTCOLOR>
            <OPTION_ACTIVETEXTCOLOR>0xFFFFFFFF</OPTION_ACTIVETEXTCOLOR>
            <OPTION_ACTIVEBACKCOLOR>0xFFFF0000</OPTION_ACTIVEBACKCOLOR>
            <BUTTON_BORDERCOLOR>0xFFFFFFFF</BUTTON_BORDERCOLOR>
            <BUTTON_TEXTCOLOR>0xFFFFFFFF</BUTTON_TEXTCOLOR>
            <BUTTON_BACKCOLOR>0xFFFF0000</BUTTON_BACKCOLOR>
            <BUTTON_ACTIVETEXTCOLOR>0xFFFFFFFF</BUTTON_ACTIVETEXTCOLOR>
            <BUTTON_ACTIVEBACKCOLOR>0xFFC0C0C0</BUTTON_ACTIVEBACKCOLOR>
            <KB_KEYBG_HIGHLIGHT>0xFFFF0000</KB_KEYBG_HIGHLIGHT>
            <KB_KEYBG_DISABLED>0x78C0C0C0</KB_KEYBG_DISABLED>
            <KB_KEY_PRESSED>0xFF008000</KB_KEY_PRESSED>
            <KB_KEY_NORMAL>0xFF000000</KB_KEY_NORMAL>
            <KB_KEY_DISABLED>0xFF808080</KB_KEY_DISABLED>
            <KB_KEY_ACTIVEBORDER>0xFFFF0000</KB_KEY_ACTIVEBORDER>
            <KB_KEY_TEXTCOLOR>0xFF000000</KB_KEY_TEXTCOLOR>
            <KB_KEY_TEXTBACKCOLOR>0xFFFFFFFF</KB_KEY_TEXTBACKCOLOR>
            <KB_KEY_TEXTBORDERCOLOR>0x78FFFFFF</KB_KEY_TEXTBORDERCOLOR>
            <MENU_TEXTCOLOR>0xFFFF0000</MENU_TEXTCOLOR>
            <MENU_ACTIVETEXTCOLOR>0xFFFFFFFF</MENU_ACTIVETEXTCOLOR>
            <MENU_BORDERCOLOR>0xFF000000</MENU_BORDERCOLOR>
            <MENU_BACKCOLOR>0xEBE0E0E0</MENU_BACKCOLOR>
            <MENU_ACTIVEBACKCOLOR>0xB6FF0000</MENU_ACTIVEBACKCOLOR>
            <MENU_ACTIVEBORDERCOLOR>0xFFFF0000</MENU_ACTIVEBORDERCOLOR>
        </ColorScheme>
    </Main>
</Skin>