﻿<Skin name="F.C.Porto">
    <Information>
        <Author>Tulipa Negra</Author>
        <Version>1</Version>
        <Copyright>2004</Copyright>
        <Skinner Name="UX Architect" Version="1.0c" />
    </Information>
    <Filemanager SafeBorder="False">
        <Background>filemanager.png</Background>
    </Filemanager>
    <LoadingScreen ShowInfo="False">
        <Background>Loading.png</Background>
    </LoadingScreen>
    <Main Globe="False" Orb="False" Fog="False">
        <Background EnableAudio="False">FCP.png</Background>
        <InfoFont>Square-10.xpr</InfoFont>
        <Text Top="196" Left="49" Width="244" Scroll="0" Color="0xFFFFFFFF" Source="$SongName$" Align="Middle" />
        <Text Top="218" Left="50" Width="242" Scroll="0" Color="0xFFFFFFFF" Source="$SoundTrack$" Align="Middle" />
        <Text Top="245" Left="368" Width="158" Scroll="0" Color="0xFFFFFFFF" Source="$IP$" Align="Left" />
        <Text Top="209" Left="369" Width="159" Scroll="0" Color="0xFFFFFFFF" Source="$F_FreeMB$" Align="Left" />
        <Text Top="170" Left="370" Width="154" Scroll="0" Color="0xFFFFFFFF" Source="$E_FreeMB$" Align="Left" />
        <Text Top="40" Left="88" Width="162" Scroll="0" Color="0xFFFFFFFF" Source="$Time$" Align="Middle" />
        <Text Top="72" Left="185" Width="70" Scroll="0" Color="0xFFFFFFFF" Source="$MBTempC$" Align="Middle" />
        <Text Top="71" Left="78" Width="72" Scroll="0" Color="0xFFFFFFFF" Source="$CPUTempC$" Align="Middle" />
        <Text Top="111" Left="213" Width="45" Scroll="0" Color="0xFFFFFFFF" Source="$FanSpeed$" Align="Middle" />
        <Text Top="112" Left="83" Width="84" Scroll="0" Color="0xFFFFFFFF" Source="$DVDType$" Align="Middle" />
        <Image Source="GamePreview" />
        <Image Top="14" Left="497" Width="115" Height="112" Opacity="100">Icon.png</Image>
        <Image Top="32" Left="515" Width="82" Height="76" Source="GameIcon" />
        <Menu Align="Middle" ShowIcon="False">
            <Preview EnableAudio="False" Top="29" Left="356" Width="130" Height="89" />
            <Position Top="307" Left="170" Width="299" Height="118" Fixed="True" FixAt="2" MaxItem="4" />
            <Font>Square-10.xpr</Font>
        </Menu>
        <ColorScheme>
            <AMBIENT_FOGCOLOR>0xFF8080FF</AMBIENT_FOGCOLOR>
            <AMBIENT_SKYCOLOR>0xFF00000F</AMBIENT_SKYCOLOR>
            <AMBIENT_CELLCOLOR>0xFF0080FF</AMBIENT_CELLCOLOR>
            <CAPTION_TEXTCOLOR>0xFFFFFFFF</CAPTION_TEXTCOLOR>
            <CAPTION_BACKCOLOR>0xFF0080FF</CAPTION_BACKCOLOR>
            <DIALOG_BORDERCOLOR>0xFF0080FF</DIALOG_BORDERCOLOR>
            <DIALOG_BACKCOLOR>0x9F000000</DIALOG_BACKCOLOR>
            <DIALOG_INNER_BORDERCOLOR>0xFF0080FF</DIALOG_INNER_BORDERCOLOR>
            <DIALOG_INNER_BACKCOLOR>0xFF000000</DIALOG_INNER_BACKCOLOR>
            <DIALOG_TEXTCOLOR>0xFFFFFFFF</DIALOG_TEXTCOLOR>
            <DIALOG_DISABLEDTEXT>0xFFB3B3B4</DIALOG_DISABLEDTEXT>
            <OPTION_TEXTCOLOR>0xFFFFFFFF</OPTION_TEXTCOLOR>
            <OPTION_ACTIVETEXTCOLOR>0xFFFFFFFF</OPTION_ACTIVETEXTCOLOR>
            <OPTION_ACTIVEBACKCOLOR>0xFF0080FF</OPTION_ACTIVEBACKCOLOR>
            <BUTTON_BORDERCOLOR>0xFFFFFFFF</BUTTON_BORDERCOLOR>
            <BUTTON_TEXTCOLOR>0xFFFFFFFF</BUTTON_TEXTCOLOR>
            <BUTTON_BACKCOLOR>0x980000A0</BUTTON_BACKCOLOR>
            <BUTTON_ACTIVETEXTCOLOR>0xFFFFFFFF</BUTTON_ACTIVETEXTCOLOR>
            <BUTTON_ACTIVEBACKCOLOR>0xFF0080FF</BUTTON_ACTIVEBACKCOLOR>
            <KB_KEYBG_HIGHLIGHT>0xFF0080FF</KB_KEYBG_HIGHLIGHT>
            <KB_KEYBG_DISABLED>0xFFC0C0C0</KB_KEYBG_DISABLED>
            <KB_KEY_PRESSED>0xFF008000</KB_KEY_PRESSED>
            <KB_KEY_NORMAL>0xFF000000</KB_KEY_NORMAL>
            <KB_KEY_DISABLED>0xFFFFFFFF</KB_KEY_DISABLED>
            <KB_KEY_ACTIVEBORDER>0xFF808080</KB_KEY_ACTIVEBORDER>
            <KB_KEY_TEXTCOLOR>0xFF000000</KB_KEY_TEXTCOLOR>
            <KB_KEY_TEXTBACKCOLOR>0xFFFFFFFF</KB_KEY_TEXTBACKCOLOR>
            <KB_KEY_TEXTBORDERCOLOR>0xFFFFFF00</KB_KEY_TEXTBORDERCOLOR>
            <MENU_TEXTCOLOR>0xFFFFFFFF</MENU_TEXTCOLOR>
            <MENU_ACTIVETEXTCOLOR>0xFFFFFFFF</MENU_ACTIVETEXTCOLOR>
            <MENU_BORDERCOLOR>0xFF0080FF</MENU_BORDERCOLOR>
            <MENU_BACKCOLOR>0xFF000000</MENU_BACKCOLOR>
            <MENU_ACTIVEBACKCOLOR>0xFF0080FF</MENU_ACTIVEBACKCOLOR>
            <MENU_ACTIVEBORDERCOLOR>0xFFFFFFFF</MENU_ACTIVEBORDERCOLOR>
        </ColorScheme>
    </Main>
</Skin>