<Skin name="Ladies Of MK">
<Information>
<Author>Thor99</Author>
<Copyright>2004</Copyright>
<Version>1.0</Version>
<!--
#######################################
# Created by Thor99                   #
#######################################
# Also Get My Other EVOX Skins        #
# ----------------------------------- #
# XFantasy, EvoX Style, Dragon Slayer,#
# EvoX Hulk, FreddyVsJason, SpongeBob,#
# Wild Evox, Evox Opti Dots,          #
# Evox Opti Workers, Tropical EvoX,   #
# Tropical2 EvoX, EvoX Roses          #
# Daisys Cousin                       #
#######################################
# Also Get My Other Avalaunch Skins   #
# ----------------------------------- #
# DigitalX                            #
#######################################
# Also Get My Other UnleashX Skins    #
# ----------------------------------- #
# Mortal Kombat, Ladies Of MK         #
#######################################

#######################################
# www.kernelbase.com                  #
#######################################
# ALSO GET MY VIDEO TUTORIAL -CreateX #
# ------------------------------------#
# .x Files                            #
# ------------------------------------#
# MexBOX.X                            #
# TORBOX.X                            #
# THOR.X                              #
#######################################
# www.diecastauctions.com             #
#######################################
-->
</Information>
<Main globe="True" Fog="True" Orb="False">
<Cellwall>Cell.png</Cellwall>
<Orb></Orb>
<Icon></Icon>

<Image Left="" Top="" Width="640" Height="480">bg.png</Image>
<Image Top="170" Left="35" Width="47" Height="46" Opacity="100" Source="GameIcon"></Image>
<Image Left="18" Top="152" Width="" Height="">frm.png</Image>

<Menu Smooth="False" Align="Left" ShowIcon="False" Rotate="False" ShowArrows="False">
<Position Top="422" Left="355" Width="250" Height="54" Fixed="False" FixAt="2" MaxItem="0"></Position>
</Menu>
<Text Top="19" Left="40" Align="Left" Color="0xDCFFFFFF" Source="Newsfeed"></Text>
<Text Top="19" Left="595" Align="Right" Color="0xDCFFFFFF" Source="NewsSource"></Text>
<Text Top="297" Left="165" Align="Right" Color="0xDCFFFFFF" Source="$Date$"></Text>
<Text Top="317" Left="30" Align="Left" Color="0xDCFFFFFF" Source="$Time$"></Text>
<Text Top="337" Left="30" Align="Left" Color="0xDCFFFFFF" Source="$IP$"></Text>
<Text Top="357" Left="30" Align="Left" Color="0xDCFFFFFF" Source="C: $C_FreeMB$"></Text>                  
<Text Top="377" Left="30" Align="Left" Color="0xDCFFFFFF" Source="E: $E_FreeMB$"></Text>                  
<Text Top="397" Left="30" Align="Left" Color="0xDCFFFFFF" Source="F: $F_FreeMB$"></Text>                  
<Text Top="417" Left="30" Align="Left" Color="0xDCFFFFFF" Source="CPUTemp"></Text>
</Main>
<IntroMovie></IntroMovie>
<FileManager>
<BackGround>fm.png</BackGround>
</FileManager>
<LoadingScreen ShowInfo="False">
<BackGround>loading.wmv</BackGround>
</LoadingScreen>
<ColorScheme>
<AMBIENT_FOGCOLOR>0xFF000000</AMBIENT_FOGCOLOR>
<AMBIENT_SKYCOLOR></AMBIENT_SKYCOLOR>
<AMBIENT_CELLCOLOR>0xFFC0C0C0</AMBIENT_CELLCOLOR>
</ColorSceme>
</Skin>
