﻿<Skin name="Aludra-XBNormUK">
<Information>
	<Author>XBNormUK</Author>
        <Version>1</Version>
        <Copyright>2006</Copyright>
	</Information>
<Filemanager SafeBorder="False">
        <Background>filemanager.png</Background>
</Filemanager>
<LoadingScreen ShowInfo="False">
        <Background>loading.png</Background>
</LoadingScreen>
<Main Globe="False" Orb="False" Fog="False">
        <Background EnableAudio="False">background.png</Background>
        <InfoFont>Arial_10.xpr</InfoFont>
        	<Text Top="363" Left="33" Width="37" Scroll="1" Color="0xFF004080" Source="SUB:" Align="Left" />
        	<Text Top="363" Left="68" Width="127" Scroll="1" Color="0xFF004080" Source="$Subnet$" Align="Left" />
        	<Text Top="259" Left="33" Width="158" Scroll="1" Color="0xFF004080" Source="$ChipID$" Align="Left" />
        	<Text Top="275" Left="33" Width="130" Scroll="0" Color="0xFF004080" Source="CPUTemp" Align="Left" />
        	<Text Top="290" Left="33" Width="159" Scroll="0" Color="0xFF004080" Source="MBTemp" Align="Left" />
        	<Text Top="306" Left="33" Width="156" Scroll="1" Color="0xFF004080" Source="VideoMode" Align="Left" />
        	<Text Top="332" Left="33" Width="150" Scroll="0" Color="0xFF004080" Source="Network" Align="Left" />
        	<Text Top="347" Left="33" Width="200" Scroll="1" Color="0xFF004080" Source="IP" Align="Left" />
        	<Text Top="243" Left="33" Width="152" Scroll="0" Color="0xFF004080" Source="System" Align="Left" />
        	<Text Top="214" Left="33" Width="153" Scroll="1" Color="0xFF004080" Source="F_Free" Align="Left" />
        	<Text Top="199" Left="33" Width="156" Scroll="1" Color="0xFF004080" Source="E_Free" Align="Left" />
        	<Text Top="167" Left="33" Width="158" Scroll="0" Color="0xFF004080" Source="Free Memory" Align="Left" />
        	<Text Top="149" Left="33" Width="158" Scroll="1" Color="0xFF004080" Source="$NickName$" Align="Left" />
        	<Text Top="392" Left="33" Width="170" Scroll="1" Color="0xFF004080" Source="$NewsSource$" Align="Left" />
        	<Text Top="412" Left="1" Width="637" Scroll="2" Color="0xFF004080" Source="$Newsfeed$" Align="Left" />
        	<Text Top="58" Left="95" Width="151" Scroll="1" Color="0xFF004080" Source="$AppVersion$" Align="Left" />
        	<Text Top="224" Left="460" Width="159" Scroll="0" Color="0xFF004080" Source="DVD " Align="Left" />
        	<Text Top="242" Left="460" Width="160" Scroll="1" Color="0xFF004080" Source="$DVDTitle$" Align="Left" />
        	<Text Top="258" Left="460" Width="156" Scroll="0" Color="0xFF004080" Source="$DVDType$" Align="Left" />
        	<Text Top="281" Left="460" Width="150" Scroll="0" Color="0xFF004080" Source="Audio" Align="Left" />
        	<Text Top="300" Left="460" Width="154" Scroll="1" Color="0xFF004080" Source="SoundTrack" Align="Left" />
        	<Text Top="316" Left="460" Width="160" Scroll="1" Color="0xFF004080" Source="SongName" Align="Left" />
        	<Text Top="41" Left="524" Width="100" Scroll="0" Color="0xFF004080" Source="$Date$" Align="Right" />
        	<Text Top="23" Left="525" Width="100" Scroll="0" Color="0xFF004080" Source="$Time$" Align="Right" />
        	<Text Top="335" Left="460" Width="100" Scroll="0" Color="0xFF004080" Source="$SongTime$" Align="Left" />
        	<Text Top="184" Left="33" Width="154" Scroll="1" Color="0xFF004080" Source="C_Free" Align="Left" />
        	<Image Top="354" Left="513" Width="43" Height="43" Source="GameIcon" />
        	<Image Source="GamePreview" />
        <Menu Scroll="True" Smooth="True" Align="Left" ShowIcon="False" ShowArrows="False">
        	<Preview EnableAudio="True" Top="91" Left="452" Width="171" Height="106" />
        	<Position Top="114" Left="206" Width="242" Height="265" Fixed="False" FixAt="8" MaxItem="8" />
        	<Font>Arial_16.xpr</Font>
	</Menu>
</Main>
<MusicPlayer Top="1" Left="1" Width="640" Height="480" Relative="True">
	<BackGround>audio.png</BackGround>
	<Playlist Top="25" Left="25" Width="435" Height="250" OffsetX="20" OffsetY="20">
		<BackGround>Playlist.png</BackGround>
	</Playlist>
	<Image Left="245" Top="290"  zIndex="1">mp_buttons_panel.png</Image>
	<ButtonMap>mp_buttons.png</ButtonMap>	
		<Element Type="Prev" Left="240" Top="311" Width="70" Height="50" zIndex="3" />
		<Element Type="Stop" Left="266" Top="308" Width="70" Height="50" zIndex="3" />
		<Element Type="Play" Left="299" Top="300" Width="70" Height="50" zIndex="3" />
		<Element Type="Pause" Left="334" Top="294" Width="70" Height="50" zIndex="3" />
		<Element Type="Next" Left="357" Top="289" Width="70" Height="50" zIndex="3" />
		<Element Type="PrevTrack" Left="278" Top="333" Width="70" Height="50" zIndex="3"/>
		<Element Type="NextTrack" Left="334" Top="319" Width="70" Height="50" zIndex="3"/>
		<Element Type="Mute" Left="230" Top="372" Width="70" Height="25" zIndex="3" />
		<Element Type="Random" Left="330" Top="372" Width="70" Height="25" zIndex="3" />
		<Element Type="Meter" Left="450" Top="290" Width="250" Height="50" zIndex="2" Relative="True"/>
		<Element Type="Meter" Left="530" Top="270" Width="250" Height="70" zIndex="2" Relative="True"/>
		<Element Type="Progress" Left="510" Top="357" Width="105" Height="15" Direction="right" zIndex="3"/>
		<Element Type="Volume" Left="510" Top="342" Width="105" Height="15" Direction="right" zIndex="3"/>
		<Text Left="33" Top="392" Height="30" Color="0xFF004080" Source="SongTime" Font="Common10" ScaleX="100" ScaleY="120" zIndex="3" />
		<Text Left="69" Top="392" Height="30" Color="0xFF004080" Source="/" Font="Common10" ScaleX="100" ScaleY="120" zIndex="3" />
		<Text Left="74" Top="392" Height="30" Color="0xFF004080" Source="SongLength" Font="Common10" ScaleX="100" ScaleY="120" zIndex="3" />
		<Text Left="380" Top="380" Width="80" Height="15" Color="0xFFFFFFFF" Source="Random" Font="Common10" Align="left" ScaleX="100" ScaleY="100" zIndex="3" />
		<Text Left="280" Top="380" Width="80" Height="15" Color="0xFFFFFFFF" Source="Mute" Font="Common10" Align="left" ScaleX="100" ScaleY="100" zIndex="3" />
		<Text Left="520" Top="380" Width="100" Height="30" Color="0xFF004080" Source="SongBitRate" Font="Common10" Align="left" ScaleX="100" ScaleY="100" zIndex="3" />
		<Text Left="460" Top="380" Width="50" Height="30" Color="0xFF004080" Source="SongChannel" Font="Common10" Align="left" ScaleX="100" ScaleY="100" zIndex="3" />
		<Text Left="33" Top="412" Width="400" Height="30" Color="0xFF004080" Source="SongTrack" Scroll="1" Font="Common10" ScaleX="100" ScaleY="120" zIndex="3" />
</MusicPlayer>
<ColorScheme>
	<AMBIENT_FOGCOLOR>0xFF0080FF</AMBIENT_FOGCOLOR>
        <AMBIENT_SKYCOLOR>0xFF0000A0</AMBIENT_SKYCOLOR>
        <AMBIENT_CELLCOLOR>0xFFFFFFFF</AMBIENT_CELLCOLOR>
        <CAPTION_TEXTCOLOR>0xFFFFFFFF</CAPTION_TEXTCOLOR>
        <CAPTION_BACKCOLOR>0xFF000000</CAPTION_BACKCOLOR>
        <DIALOG_BORDERCOLOR>0xFFFFFFFF</DIALOG_BORDERCOLOR>
        <DIALOG_BACKCOLOR>0xD13264C8</DIALOG_BACKCOLOR>
        <DIALOG_INNER_BORDERCOLOR>0xFFFFFFFF</DIALOG_INNER_BORDERCOLOR>
        <DIALOG_INNER_BACKCOLOR>0xFF000000</DIALOG_INNER_BACKCOLOR>
        <DIALOG_TEXTCOLOR>0xFFFFFFFF</DIALOG_TEXTCOLOR>
        <DIALOG_DISABLEDTEXT>0xFFB3B3B4</DIALOG_DISABLEDTEXT>
        <OPTION_TEXTCOLOR>0xFFFFFFFF</OPTION_TEXTCOLOR>
        <OPTION_ACTIVETEXTCOLOR>0xFFFFFFFF</OPTION_ACTIVETEXTCOLOR>
        <OPTION_ACTIVEBACKCOLOR>0xFF0080FF</OPTION_ACTIVEBACKCOLOR>
        <BUTTON_BORDERCOLOR>0xFFFFFFFF</BUTTON_BORDERCOLOR>
        <BUTTON_TEXTCOLOR>0xFFFFFFFF</BUTTON_TEXTCOLOR>
        <BUTTON_BACKCOLOR>0xFF0080FF</BUTTON_BACKCOLOR>
        <BUTTON_ACTIVETEXTCOLOR>0xFF000000</BUTTON_ACTIVETEXTCOLOR>
        <BUTTON_ACTIVEBACKCOLOR>0xFFC0C0C0</BUTTON_ACTIVEBACKCOLOR>
        <KB_KEYBG_HIGHLIGHT>0xFF3263C2</KB_KEYBG_HIGHLIGHT>
        <KB_KEYBG_DISABLED>0xFFC0C0C0</KB_KEYBG_DISABLED>
        <KB_KEY_PRESSED>0xFF008000</KB_KEY_PRESSED>
        <KB_KEY_NORMAL>0xFF000000</KB_KEY_NORMAL>
        <KB_KEY_DISABLED>0xFFFFFFFF</KB_KEY_DISABLED>
        <KB_KEY_ACTIVEBORDER>0xFF808080</KB_KEY_ACTIVEBORDER>
        <KB_KEY_TEXTCOLOR>0xFF000000</KB_KEY_TEXTCOLOR>
        <KB_KEY_TEXTBACKCOLOR>0xFFFFFFFF</KB_KEY_TEXTBACKCOLOR>
        <KB_KEY_TEXTBORDERCOLOR>0xFF8080FF</KB_KEY_TEXTBORDERCOLOR>
        <MENU_TEXTCOLOR>0xC86183FA</MENU_TEXTCOLOR>
        <MENU_ACTIVETEXTCOLOR>0xFFFFFFFF</MENU_ACTIVETEXTCOLOR>
</ColorScheme>
 
</Skin>