﻿<Skin name="PM3">
    <Information>
        <Author>caxtor</Author>
        <Version>1</Version>
        <Copyright>2005</Copyright>
        <Skinner Name="UX Architect" Version="1.0c" />
    </Information>
    <Filemanager SafeBorder="False">
        <Background>PM3_unleashx_filemanager.png</Background>
    </Filemanager>
    <LoadingScreen ShowInfo="False">
        <Background>PM3_unleashx_loading_pub.png</Background>
    </LoadingScreen>
    <Main Globe="False" Orb="False" Fog="False">
        <Background EnableAudio="False">PM3_unleashx.png</Background>
        <InfoFont>BankGothic_Lt_BT_10.xpr</InfoFont>
        <Text Top="442" Left="211" Width="398" Scroll="1" Color="0xFFFFFFFF" Source="$Newsfeed$" Align="Left" />
        <Text Top="165" Left="36" Width="122" Scroll="0" Color="0xFFFFFFFF" Source="$F_FreeMB$" Align="Middle" />
        <Text Top="149" Left="36" Width="122" Scroll="0" Color="0xFFFFFFFF" Source="$E_FreeMB$" Align="Middle" />
        <Text Top="71" Left="1" Width="180" Scroll="0" Color="0xFFFFFFFF" Source="$DateTime$" Align="Middle" />
        <Text Top="104" Left="16" Width="142" Scroll="0" Color="0xFFFFFFFF" Source="$IP$" Align="Middle" />
        <Text Top="266" Left="14" Width="100" Scroll="0" Color="0xFFFFFFFF" Source="$DVDType$" Align="Middle" />
        <Text Top="222" Left="49" Width="65" Scroll="0" Color="0xFFFFFFFF" Source="$MBTemp$" Align="Left" />
        <Text Top="207" Left="49" Width="65" Scroll="0" Color="0xFFFFFFFF" Source="$CPUTemp$" Align="Left" />
        <Text Top="444" Left="17" Width="155" Scroll="2" Color="0xFFFFFFFF" Source="$SongName$" Align="Left" />
        <Image Top="326" Left="32" Width="94" Height="94" Source="GameIcon" />
        <Menu Scroll="True" Smooth="True" Align="Middle" ShowIcon="False" ShowArrows="False">
            <Position Top="135" Left="225" Width="381" Height="270" Fixed="True" FixAt="2" MaxItem="8" />
            <Font>BankGothic_Lt_BT_18.xpr</Font>
        </Menu>
        <ColorScheme>
            <AMBIENT_FOGCOLOR>0x00FFFFFF</AMBIENT_FOGCOLOR>
            <AMBIENT_SKYCOLOR>0xFF00000F</AMBIENT_SKYCOLOR>
            <AMBIENT_CELLCOLOR>0x0000C000</AMBIENT_CELLCOLOR>
            <CAPTION_TEXTCOLOR>0xFFFFFFFF</CAPTION_TEXTCOLOR>
            <CAPTION_BACKCOLOR>0xFF232323</CAPTION_BACKCOLOR>
            <DIALOG_BORDERCOLOR>0xFF616161</DIALOG_BORDERCOLOR>
            <DIALOG_BACKCOLOR>0xFF232323</DIALOG_BACKCOLOR>
            <DIALOG_INNER_BORDERCOLOR>0xFF000000</DIALOG_INNER_BORDERCOLOR>
            <DIALOG_INNER_BACKCOLOR>0xFF626A67</DIALOG_INNER_BACKCOLOR>
            <DIALOG_TEXTCOLOR>0xFFFFFFFF</DIALOG_TEXTCOLOR>
            <DIALOG_DISABLEDTEXT>0xFF444444</DIALOG_DISABLEDTEXT>
            <OPTION_TEXTCOLOR>0xFFFFFFFF</OPTION_TEXTCOLOR>
            <OPTION_ACTIVETEXTCOLOR>0xFFF5FEDA</OPTION_ACTIVETEXTCOLOR>
            <OPTION_ACTIVEBACKCOLOR>0xFF3C3C3C</OPTION_ACTIVEBACKCOLOR>
            <BUTTON_BORDERCOLOR>0xC8353535</BUTTON_BORDERCOLOR>
            <BUTTON_TEXTCOLOR>0xFFFFFFFF</BUTTON_TEXTCOLOR>
            <BUTTON_BACKCOLOR>0xFF414745</BUTTON_BACKCOLOR>
            <BUTTON_ACTIVETEXTCOLOR>0xFF000000</BUTTON_ACTIVETEXTCOLOR>
            <BUTTON_ACTIVEBACKCOLOR>0xC8A5FC03</BUTTON_ACTIVEBACKCOLOR>
            <KB_KEYBG_HIGHLIGHT>0xC898F807</KB_KEYBG_HIGHLIGHT>
            <KB_KEYBG_DISABLED>0x78C0C0C0</KB_KEYBG_DISABLED>
            <KB_KEY_PRESSED>0xFF96F505</KB_KEY_PRESSED>
            <KB_KEY_NORMAL>0xFF000000</KB_KEY_NORMAL>
            <KB_KEY_DISABLED>0x78808080</KB_KEY_DISABLED>
            <KB_KEY_ACTIVEBORDER>0xFF000000</KB_KEY_ACTIVEBORDER>
            <KB_KEY_TEXTCOLOR>0xFF000000</KB_KEY_TEXTCOLOR>
            <KB_KEY_TEXTBACKCOLOR>0xFFFFFFFF</KB_KEY_TEXTBACKCOLOR>
            <KB_KEY_TEXTBORDERCOLOR>0x78282828</KB_KEY_TEXTBORDERCOLOR>
            <MENU_TEXTCOLOR>0xFFFFFFFF</MENU_TEXTCOLOR>
            <MENU_ACTIVETEXTCOLOR>0xFFFFFFFF</MENU_ACTIVETEXTCOLOR>
        </ColorScheme>
    </Main>
</Skin>