<Skin name="Bremdel">
    <Information>
        <Author>JohnCrichton</Author>
        <Version>1</Version>
        <Copyright>2004</Copyright>
        </Information>
        <LoadingScreen ShowInfo="True">
        <Background>GameIcon</Background>
    </LoadingScreen>
    <Main Globe="True" Orb="False" Fog="False">
<Background>main.png</background>
<Cellwall>Cell.png</Cellwall>
   <InfoFont>text.xpr</InfoFont>
<Image Left="222" Top="46" Width="389" Height="270" Opacity="100">mong.png</ Shape >  
<Image Left="180" Top="349" Width="159" Height="114" Opacity="100">monp.png</ Shape >
<Image Left="1" Top="1" Width="640" Height="480" Opacity="100">main.png</ Shape >

<Image Left="180" Top="349" Width="159" Height="114" Source="GameIcon" />

<Image Top="46" Left="222" Width="389" Height="270" Source="GamePreview" />
<Image Left="1" Top="1" Width="640" Height="480" Opacity="100">main.png</ Shape >  
<Image Left="180" Top="349" Width="159" Height="114" Opacity="100">monp2.png</ Shape >
<Text Left="64" Top="15" Align="left" Color="0xFFCBE9F5" Source="$Time$"></Text>
<Text Left="46" Top="56" Color="0xFFCBE9F5" Source="$DVDTitle$"></Text>
<*Text Left="46" Top="56" Color="0xFFCBE9F5" Source="$Tray$"></Text>

<Text Left="15" Top="365" Align="Left" Color="0xFFCBE9F5" Source="MBTemp"></Text>
<Text Left="15" Top="380" Align="Left" Color="0xFFCBE9F5" Source="CPUTemp"></Text>


		<Text Left="15" Top="395" Align="left" Color="0xFFCBE9F5" Source="E_FreeMB"></Text>
		<Text Left="15" Top="410" Align="left" Color="0xFFCBE9F5" Source="F_FreeMB"></Text>
		<Text Left="15" Top="425" Align="left" Color="0xFFCBE9F5" Source="IP"></Text>

<Text Left="428" Top="455" Align="Left" Width="142" Color="0xffCBE9F5" Source="SoundTrack" />
<Text Left="582" Top="430" Align="Left" Color="0xffCBE9F5" Source="$SongTime$" />
<Text Left="400" Top="430" Align="Left" Width="177" Color="0xffCBE9F5" Source="$SongName$" />

<Text Left="380" Top="385" Width="280" Align="left" Scroll="2" Color="0xffffffff" Source="$Newsfeed$" />

        <Menu Scroll="True" Smooth="True" Align="Left" ShowIcon="True" Rotate="False" ShowArrows="True" MaxItem="10">
            <Preview EnableAudio="False" Top="46" Left="222" Width="389" Height="270" />
            <Position Top="94" Left="7" Width="173" Height="256" Fixed="False" FixAt="5" />
            <Font>menu.xpr</Font>
        </Menu>
        <ColorScheme>
            <AMBIENT_FOGCOLOR>0x00000000</AMBIENT_FOGCOLOR>
            <AMBIENT_SKYCOLOR>0xFF000000</AMBIENT_SKYCOLOR>
            <AMBIENT_CELLCOLOR>0xFF9C0001</AMBIENT_CELLCOLOR>


            <CAPTION_TEXTCOLOR>0xFFEE0B00</CAPTION_TEXTCOLOR>
            <CAPTION_BACKCOLOR>0xFF000000</CAPTION_BACKCOLOR>


            <DIALOG_BORDERCOLOR>0xFFEE0B00</DIALOG_BORDERCOLOR>
            <DIALOG_BACKCOLOR>0xFF000000</DIALOG_BACKCOLOR>
            <DIALOG_INNER_BORDERCOLOR>0xffEE0B00</DIALOG_INNER_BORDERCOLOR>
            <DIALOG_INNER_BACKCOLOR>0xFF000000</DIALOG_INNER_BACKCOLOR>
            <DIALOG_TEXTCOLOR>0xFFE90B0B</DIALOG_TEXTCOLOR>
            <DIALOG_DISABLEDTEXT>0xFFc0c0c0</DIALOG_DISABLEDTEXT>


            <OPTION_TEXTCOLOR>0xFFE90B0B</OPTION_TEXTCOLOR>
            <OPTION_ACTIVETEXTCOLOR>0xFFffffff</OPTION_ACTIVETEXTCOLOR>
            <OPTION_ACTIVEBACKCOLOR>0xff000000</OPTION_ACTIVEBACKCOLOR>


            <BUTTON_BORDERCOLOR>0xFFE90B0B</BUTTON_BORDERCOLOR>
            <BUTTON_TEXTCOLOR>0xFFE90B0B</BUTTON_TEXTCOLOR>
            <BUTTON_BACKCOLOR>0xFF000000</BUTTON_BACKCOLOR>
            <BUTTON_ACTIVETEXTCOLOR>0xFFffffff</BUTTON_ACTIVETEXTCOLOR>
            <BUTTON_ACTIVEBACKCOLOR>0xFF000000</BUTTON_ACTIVEBACKCOLOR>


            <KB_KEYBG_HIGHLIGHT>0xFF000000</KB_KEYBG_HIGHLIGHT>
            <KB_KEYBG_DISABLED>0xffc0c0c0</KB_KEYBG_DISABLED>
            <KB_KEY_PRESSED>0xFF7C0F0C</KB_KEY_PRESSED>
            <KB_KEY_NORMAL>0xFF000000</KB_KEY_NORMAL>
            <KB_KEY_DISABLED>0x96c0c0c0</KB_KEY_DISABLED>
            <KB_KEY_ACTIVEBORDER>0xffE90B0B</KB_KEY_ACTIVEBORDER>
            <KB_KEY_TEXTCOLOR>0xFFE90B0B</KB_KEY_TEXTCOLOR>
            <KB_KEY_TEXTBACKCOLOR>0xFF000000</KB_KEY_TEXTBACKCOLOR>
            <KB_KEY_TEXTBORDERCOLOR>0x96E90B0B</KB_KEY_TEXTBORDERCOLOR>


            <MENU_TEXTCOLOR>0xFFffffff</MENU_TEXTCOLOR>
            <MENU_ACTIVETEXTCOLOR>0xf07B9DE1</MENU_ACTIVETEXTCOLOR>
            <MENU_ACTIVEBORDERCOLOR>0xf07B9DE1</MENU_ACTIVEBORDERCOLOR>
        </ColorScheme>
    </Main>
</Skin>