��<Skin name="www.xbox-modding.ws">
    <Information>
        <Author>skin by khuna</Author>
        <Version>1</Version>
        <Copyright>2004</Copyright>
        <Skinner Name="khuna labs" Version="1.0c" />
    </Information>
    <Filemanager SafeBorder="False">
        <Background>h2file.jpg</Background>
    </Filemanager>
    <LoadingScreen ShowInfo="False">
        <Background>loading.jpg</Background>
    </LoadingScreen>
    <Main Globe="False" Orb="False">
        <Background EnableAudio="False">h2back.jpg</Background>
        <InfoFont>Trebuchet-10.xpr</InfoFont>
        <Text Top="350" Left="19" Width="225" Scroll="0" Color="0xFFFFFFFF" Source="Tray" Align="Left" />
        <Text Top="370" Left="19" Width="123" Scroll="0" Color="0xFFFFFFFF" Source="E_FreeMB"></Text>
        <Text Top="390" Left="19" Width="123" Scroll="0" Color="0xFFFFFFFF" Source="F_FreeMB"></Text>
        <Text Top="420" Left="19" Width="123" Scroll="0" Color="0xFFFFFFFF" Source="NickName" Align="Left" />
        <Text Top="409" Left="19" Width="168" Scroll="0" Color="0xFFFFFFFF" Source="IP" Align="Left" />
        <Text Top="50" Left="19" Width="135" Scroll="0" Color="0xFFFFFFFF" Source="SkinAuthor" Align="Left" />
        <Image Top="-15" Left="-5" Width="389" Height="378" Opacity="70">Heart.png</Image>
        <Menu Scroll="True" Align="Left" ShowIcon="False" ShowArrows="False">
            <Position Top="88" Left="20" Width="211" Height="131" Fixed="True" FixAt="2" MaxItem="4" />
            <Font>39Smooth-14.xpr</Font>
        </Menu>
        <ColorScheme>
            <AMBIENT_FOGCOLOR>0x00FFFFFF</AMBIENT_FOGCOLOR>
            <AMBIENT_SKYCOLOR>0xFF008000</AMBIENT_SKYCOLOR>
            <AMBIENT_CELLCOLOR>0x77008000</AMBIENT_CELLCOLOR>
            <CAPTION_TEXTCOLOR>0xFF008000</CAPTION_TEXTCOLOR>
            <CAPTION_BACKCOLOR>0xFF008000</CAPTION_BACKCOLOR>
            <DIALOG_BORDERCOLOR>0x00FFFFFF</DIALOG_BORDERCOLOR>
            <DIALOG_BACKCOLOR>0x7EFFFFFF</DIALOG_BACKCOLOR>
            <DIALOG_INNER_BACKCOLOR>0x8E008000</DIALOG_INNER_BACKCOLOR>
            <DIALOG_TEXTCOLOR>0xFFFFFFFF</DIALOG_TEXTCOLOR>
            <DIALOG_DISABLEDTEXT>0xFFB3B3B4</DIALOG_DISABLEDTEXT>
            <OPTION_TEXTCOLOR>0xFFFFFFFF</OPTION_TEXTCOLOR>
            <OPTION_ACTIVETEXTCOLOR>0xFFFFFFFF</OPTION_ACTIVETEXTCOLOR>
            <OPTION_ACTIVEBACKCOLOR>0xFF008000</OPTION_ACTIVEBACKCOLOR>
            <BUTTON_BORDERCOLOR>0x95008000</BUTTON_BORDERCOLOR>
            <BUTTON_TEXTCOLOR>0xFFFFFFFF</BUTTON_TEXTCOLOR>
            <BUTTON_BACKCOLOR>0x7E008000</BUTTON_BACKCOLOR>
            <BUTTON_ACTIVETEXTCOLOR>0xFCFFFFFF</BUTTON_ACTIVETEXTCOLOR>
            <BUTTON_ACTIVEBACKCOLOR>0xBD008000</BUTTON_ACTIVEBACKCOLOR>
            <KB_KEYBG_HIGHLIGHT>0x3F008000</KB_KEYBG_HIGHLIGHT>
            <KB_KEYBG_DISABLED>0xFF000000</KB_KEYBG_DISABLED>
            <KB_KEY_PRESSED>0xFF008000</KB_KEY_PRESSED>
            <KB_KEY_NORMAL>0xFF000000</KB_KEY_NORMAL>
            <KB_KEY_DISABLED>0x00000000</KB_KEY_DISABLED>
            <KB_KEY_ACTIVEBORDER>0x42008000</KB_KEY_ACTIVEBORDER>
            <KB_KEY_TEXTCOLOR>0xFF000000</KB_KEY_TEXTCOLOR>
            <KB_KEY_TEXTBACKCOLOR>0xFFFFFFFF</KB_KEY_TEXTBACKCOLOR>
            <KB_KEY_TEXTBORDERCOLOR>0xB3008000</KB_KEY_TEXTBORDERCOLOR>
            <MENU_TEXTCOLOR>0xFFFFFFFF</MENU_TEXTCOLOR>
            <MENU_ACTIVETEXTCOLOR>0xFF008000</MENU_ACTIVETEXTCOLOR>
            <MENU_BORDERCOLOR>0x6DFFFFFF</MENU_BORDERCOLOR>
            <MENU_BACKCOLOR>0x11000000</MENU_BACKCOLOR>
            <MENU_ACTIVEBACKCOLOR>0x6DFFFFFF</MENU_ACTIVEBACKCOLOR>
            <MENU_ACTIVEBORDERCOLOR>0x59FFFFFF</MENU_ACTIVEBORDERCOLOR>
        </ColorScheme>
    </Main>
</Skin>