<Skin Name="BlueCell">
<Information>
<Author>ravage73</Author>
<Copyright>2004</Copyright>
<Version>1</Version>
</Information>
<Main globe="False" Orb="False">
<InfoFont>info.xpr</InfoFont>
<Background EnableAudio="True">bg.png</background>

<Menu smooth="false" ShowArrows="false" ShowIcon="False" Rotate="false">
<ItemPos Left="319" Top="47" Width="121"></ItemPos>
<ItemPos Left="300" Top="78" Width="152"></ItemPos>
<ItemPos Left="282" Top="111" Width="194"></ItemPos>
<ItemPos Left="282" Top="143" Width="185"></ItemPos>
<ItemPos Left="302" Top="175" Width="145"></ItemPos>
<ItemPos Left="321" Top="204" Width="112"></ItemPos>
<Preview Top="140" Left="74" Width="235" Height="198"/>
<Font>menu.xpr</Font>
  </Menu>
 <Text Left="321" Top="248" Color="0xFF80FF80" Source="D:" />
 <Text Left="340" Top="248" Color="0xFFFFFFFF" Source="DvdTitle" />
 <Text Left="276" Top="329" Color="0xFF80FF80" Source="F:" />                                                                                                                                                                                                                                                           
 <Text Left="295" Top="329" Color="0xFFFFFFFF" Source="$F_Free$ free" />
 <Text Left="290" Top="302" Color="0xFF80FF80" Source="Time:" />
 <Text Left="335" Top="302" Color="0xFFFFFFFF" Source="$Time$" />
 <Text Left="304" Top="275" Color="0xFF80FF80" Source="Date:" />
 <Text Left="345" Top="275" Color="0xFFFFFFFF" Source="$Date$" />
 <Text Left="321" Top="410" Color="0xFF80FF80" Source="Fan:" />
 <Text Left="355" Top="410" Color="0xFFFFFFFF" Source="$FanSpeed$" />
 <Text Left="304" Top="384" Color="0xFF80FF80" Source="IP:" />
 <Text Left="328" Top="384" Color="0xFFFFFFFF" Source="$IP$" />
 <Text Left="290" Top="357" Color="0xFF80FF80" Source="ID:" />
 <Text Left="315" Top="357" Color="0xFFFFFFFF" Source="$NickName$" />
<Image Top="178" Left="440" width="128" Height="115" Source="GameIcon"/>
<Image Source="GamePreview"/>
<Image Opacity="100" Top="0" Left="0" Width="640" Height="480">img0.png</Image>
</Main>
<FileManager>
<Background>fmbg.png</Background>
</FileManager>
<LoadingScreen ShowInfo="False">
<Background>ls.png</Background>
<Image Top="178" Left="440" width="128" Height="115" Source="GameIcon"/>
</LoadingScreen>
<ColorScheme>
<AMBIENT_FOGCOLOR>0xFF002000</AMBIENT_FOGCOLOR>
<AMBIENT_SKYCOLOR>0xFF004000</AMBIENT_SKYCOLOR>
<AMBIENT_CELLCOLOR>0x0600C000</AMBIENT_CELLCOLOR>

<CAPTION_TEXTCOLOR>0xFFFFFFC0</CAPTION_TEXTCOLOR>
<CAPTION_BACKCOLOR>0xFF686485</CAPTION_BACKCOLOR>

<DIALOG_BORDERCOLOR>0xFF0C0A18</DIALOG_BORDERCOLOR>
<DIALOG_BACKCOLOR>0xCD636482</DIALOG_BACKCOLOR>
<DIALOG_INNER_BORDERCOLOR>0xFF636482</DIALOG_INNER_BORDERCOLOR>
<DIALOG_INNER_BACKCOLOR>0xE1004100</DIALOG_INNER_BACKCOLOR>
<DIALOG_TEXTCOLOR>0xFFFFFFFF</DIALOG_TEXTCOLOR>
<DIALOG_DISABLEDTEXT>0x7F086820</DIALOG_DISABLEDTEXT>

<OPTION_TEXTCOLOR></OPTION_TEXTCOLOR>
<OPTION_ACTIVETEXTCOLOR></OPTION_ACTIVETEXTCOLOR>
<OPTION_ACTIVEBACKCOLOR></OPTION_ACTIVEBACKCOLOR>

<BUTTON_BORDERCOLOR>0xFF0C0A18</BUTTON_BORDERCOLOR>
<BUTTON_TEXTCOLOR>0xFF02C90C</BUTTON_TEXTCOLOR>
<BUTTON_BACKCOLOR>0xCD636482</BUTTON_BACKCOLOR>
<BUTTON_ACTIVETEXTCOLOR>0xFFFFFFFF</BUTTON_ACTIVETEXTCOLOR>
<BUTTON_ACTIVEBACKCOLOR>0xE102C90C</BUTTON_ACTIVEBACKCOLOR>	

<KB_KEYBG_HIGHLIGHT>0xCC00C000</KB_KEYBG_HIGHLIGHT>
<KB_KEYBG_DISABLED>0xffc0c0c0</KB_KEYBG_DISABLED>
<KB_KEY_PRESSED>0xff808080</KB_KEY_PRESSED>
<KB_KEY_NORMAL>0xff000000</KB_KEY_NORMAL>
<KB_KEY_DISABLED>0xff808080</KB_KEY_DISABLED>
<KB_KEY_ACTIVEBORDER>0xff008000</KB_KEY_ACTIVEBORDER>
<KB_KEY_TEXTCOLOR>0xff000000</KB_KEY_TEXTCOLOR>
<KB_KEY_TEXTBACKCOLOR>0xffFFFFFF</KB_KEY_TEXTBACKCOLOR>
<KB_KEY_TEXTBORDERCOLOR>0xff0000FF</KB_KEY_TEXTBORDERCOLOR>

<MENU_BORDERCOLOR>0x00000000</MENU_BORDERCOLOR>
<MENU_BACKCOLOR></MENU_BACKCOLOR>
<MENU_ACTIVEBACKCOLOR></MENU_ACTIVEBACKCOLOR>
<MENU_ACTIVEBORDERCOLOR></MENU_ACTIVEBORDERCOLOR>
<MENU_TEXTCOLOR>0xFFFFFFFF</MENU_TEXTCOLOR>
<MENU_ACTIVETEXTCOLOR>0xFF80FF80</MENU_ACTIVETEXTCOLOR>
</ColorScheme>
</Skin>



