<Skin name="Gadgets">
	<Information>
		<Author>Spizz</Author>
		<Copyright>Copyright 2004</Copyright>
		<Version>1.0</Version>
	</Information>

	<Main Globe="True" Orb="False" Fog="False">
		<BackGround>bg.png</BackGround>
		<Cellwall>Cell.png</Cellwall>
		<Orb>orb.png</Orb>
		<Icon>orb.png</Icon>
		<GameIcon Enable="False" Opacity="0">
		<Position Top="85" Left="430" Width="100" Height="100"/>
		</GameIcon>
		<Menu Smooth="True" Align="Left" Rotate="False" ShowIcon="False">
		<Position Top="76" Left="396" Width="20" Height="130" Fixed="False" FixAt="1" MaxItem="6">
		</Position>
		<Font>menu.xpr</Font>
        </Menu>
        <InfoFont>info.xpr</InfoFont>
		<Text Left="82" Top="44" Width="200" Align="Left" Color="0xFFFFFFFF" Source="DateTime"></Text>
		<Text Left="82" Top="59" Width="200" Align="Left" Color="0xFFFFFFFF" Source="AppVersion"></Text>
		<Text Left="82" Top="74" Width="200" Align="Left" Color="0xFFFFFFFF" Source="NickName"></Text>
		<Text Left="82" Top="89" Width="200" Align="Left" Color="0xFFFFFFFF" Source="Pentium CPU @ $CPUTemp$"></Text>
		<Text Left="82" Top="104" Width="200" Align="Left" Color="0xFFFFFFFF" Source="Motherboard @ $MBTemp$"></Text>
		<Text Left="82" Top="119" Width="200" Align="Left" Color="0xFFFFFFFF" Source="Fanspeed @ $FanSpeed$"></Text>
		<Text Left="82" Top="134" Width="200" Align="Left" Color="0xFFFFFFFF" Source="Video Mode: $VideoMode$"></Text>
		<Text Left="82" Top="149" Width="200" Align="Left" Color="0xFFFFFFFF" Source="IP"></Text>
		<Text Left="82" Top="164" Width="200" Align="Left" Color="0xFFFFFFFF" Source="FTP Sessions: $NumClient$"></Text>
		<Text Left="82" Top="179" Width="200" Align="Left" Color="0xFFFFFFFF" Source="Drive C: $C_FreeMB$ free"></Text>
		<Text Left="82" Top="194" Width="200" Align="Left" Color="0xFFFFFFFF" Source="Drive E: $E_FreeMB$ free"></Text>
		<Text Left="82" Top="209" Width="200" Align="Left" Color="0xFFFFFFFF" Source="DVD Drive: $Tray$"></Text>
		<Text Left="165" Top="322" Width="290" Align="Middle" Color="0xFFD7EE7D" Source="Newsfeed"></Text>
		<Text Left="215" Top="369" Width="190" Align="Left" Color="0xFFFFFFFF" Source="SoundTrack"></Text>
		<Text Left="215" Top="384" Width="240" Align="Left" Color="0xFFFFFFFF" Source="SongName"></Text>
		<Text Left="400" Top="369" Width="44" Align="Right" Color="0xFFFFFFFF" Source="SongTime"></Text>
	</Main>
    	
	<ColorScheme >
		<AMBIENT_FOGCOLOR>0xFF000000</AMBIENT_FOGCOLOR>
		<AMBIENT_SKYCOLOR></AMBIENT_SKYCOLOR>
		<AMBIENT_CELLCOLOR>0x00FFFFFF</AMBIENT_CELLCOLOR>

		<CAPTION_TEXTCOLOR>0xFFFFFFFF</CAPTION_TEXTCOLOR>
		<CAPTION_BACKCOLOR>0xFF2E438D</CAPTION_BACKCOLOR>

		<DIALOG_BORDERCOLOR>0xFFFFFFFF</DIALOG_BORDERCOLOR>
		<DIALOG_BACKCOLOR>0xFF162043</DIALOG_BACKCOLOR>
		<DIALOG_INNER_BORDERCOLOR>0xFFFFFFFF</DIALOG_INNER_BORDERCOLOR>
		<DIALOG_INNER_BACKCOLOR>0xFF2E438D</DIALOG_INNER_BACKCOLOR>
		<DIALOG_TEXTCOLOR>0xFFFFFFFF</DIALOG_TEXTCOLOR>
		<DIALOG_DISABLEDTEXT>0xFFC0C0C0</DIALOG_DISABLEDTEXT>

		<OPTION_TEXTCOLOR>0xFFFFFFFF</OPTION_TEXTCOLOR>
		<OPTION_ACTIVETEXTCOLOR>0xFFFFFFFF</OPTION_ACTIVETEXTCOLOR>
		<OPTION_ACTIVEBACKCOLOR>0xFF000000</OPTION_ACTIVEBACKCOLOR>

		<BUTTON_BORDERCOLOR></BUTTON_BORDERCOLOR>
		<BUTTON_TEXTCOLOR>0xFF02C90C</BUTTON_TEXTCOLOR>
		<BUTTON_BACKCOLOR>0xCD636482</BUTTON_BACKCOLOR>
		<BUTTON_ACTIVETEXTCOLOR>0xFFFFFFFF</BUTTON_ACTIVETEXTCOLOR>
		<BUTTON_ACTIVEBACKCOLOR>0xE102C90C</BUTTON_ACTIVEBACKCOLOR>	
		
		<KB_KEYBG_HIGHLIGHT>0xCC00C000</KB_KEYBG_HIGHLIGHT>
		<KB_KEYBG_DISABLED>0xffc0c0c0</KB_KEYBG_DISABLED>
		<KB_KEY_PRESSED>0xff808080</KB_KEY_PRESSED>
		<KB_KEY_NORMAL>0xff000000</KB_KEY_NORMAL>
		<KB_KEY_DISABLED>0xff808080</KB_KEY_DISABLED>
		<KB_KEY_ACTIVEBORDER>0xff008000</KB_KEY_ACTIVEBORDER>
		<KB_KEY_TEXTCOLOR>0xff000000</KB_KEY_TEXTCOLOR>
		<KB_KEY_TEXTBACKCOLOR>0xffFFFFFF</KB_KEY_TEXTBACKCOLOR>
		<KB_KEY_TEXTBORDERCOLOR>0xff0000FF</KB_KEY_TEXTBORDERCOLOR>
		
		<MENU_TEXTCOLOR>0xFFFFFFFF</MENU_TEXTCOLOR>
		<MENU_ACTIVETEXTCOLOR>0xFF000000</MENU_ACTIVETEXTCOLOR>
		<MENU_BORDERCOLOR></MENU_BORDERCOLOR>
		<MENU_BACKCOLOR></MENU_BACKCOLOR>
		<MENU_ACTIVEBACKCOLOR></MENU_ACTIVEBACKCOLOR>
		<MENU_ACTIVEBORDERCOLOR></MENU_ACTIVEBORDERCOLOR>
	</ColorScheme>
</Skin>