﻿<Skin name="stilllife">
    <Information>
        <Author>gill567</Author>
        <Version>1</Version>
        <Copyright>2004</Copyright>
        <Skinner Name="UX Architect" Version="1.0c" />
    </Information>
    <LoadingScreen ShowInfo="False">
        <Background>loading.jpg</Background>
    </LoadingScreen>
    <Main Globe="False" Orb="False" Fog="False">
        <Background EnableAudio="False">SL_O3_.jpg</Background>
        <InfoFont>common-14.xpr</InfoFont>
        <Text Top="415" Left="40" Width="200" Scroll="0" Color="0xFFFFFFFF" Source="E_FreeMB" Align="Left" />
        <Text Top="440" Left="40" Width="200" Scroll="0" Color="0xFFFFFFFF" Source="F_FreeMB" Align="Left" />
        <Text Top="415" Left="420" Width="200" Scroll="0" Color="0xFFFFFFFF" Source="CPUTemp" Align="Right" />
        <Text Top="440" Left="420" Width="200" Scroll="0" Color="0xFFFFFFFF" Source="MBTemp" Align="Right" />
        <Text Top="40" Left="40" Width="190" Scroll="0" Color="0xFFFFFFFF" Source="DVDTitle" Align="Left" />
        <Text Top="40" Left="233" Width="200" Scroll="0" Color="0xFFFFFFFF" Source="IP" Align="Middle" />
        <Image Top="34" Left="433" Width="190" Height="143" Opacity="100">PioneerPDP434PG.jpg</Image>
        <Image Top="179" Left="526" Width="97" Height="97" Opacity="100">PioneerPDP434PG.jpg</Image>
        <Image Top="37" Left="436" Width="184" Height="137" Opacity="100">SL_O7_800x600.jpg</Image>
        <Image Top="182" Left="528" Width="94" Height="91" Opacity="100">SL_O7_800x600.jpg</Image>
        <Image Top="182" Left="529" Width="93" Height="91" Source="GameIcon" />
        <Image Source="GamePreview" />
        <Menu Scroll="True" Align="Left" ShowIcon="False" ShowArrows="False">
            <Preview EnableAudio="True" Top="37" Left="436" Width="184" Height="137" />
            <ItemPos Top="305" Left="311" Width="200"></ItemPos>
            <ItemPos Top="335" Left="315" Width="200"></ItemPos>
            <ItemPos Top="365" Left="310" Width="200"></ItemPos>
            <ItemPos Top="395" Left="304" Width="200"></ItemPos>
            <Font>common-14.xpr</Font>
        </Menu>
        <ColorScheme>
            <AMBIENT_FOGCOLOR>0x00FFFFFF</AMBIENT_FOGCOLOR>
            <AMBIENT_SKYCOLOR>0x0000000F</AMBIENT_SKYCOLOR>
            <AMBIENT_CELLCOLOR>0x0000C000</AMBIENT_CELLCOLOR>
            <CAPTION_TEXTCOLOR>0xFFFFFFFF</CAPTION_TEXTCOLOR>
            <CAPTION_BACKCOLOR>0x64808080</CAPTION_BACKCOLOR>
            <DIALOG_BORDERCOLOR>0xFF000000</DIALOG_BORDERCOLOR>
            <DIALOG_BACKCOLOR>0x64808080</DIALOG_BACKCOLOR>
            <DIALOG_INNER_BORDERCOLOR>0xC8000000</DIALOG_INNER_BORDERCOLOR>
            <DIALOG_INNER_BACKCOLOR>0x5A808080</DIALOG_INNER_BACKCOLOR>
            <DIALOG_TEXTCOLOR>0xFFFFFFFF</DIALOG_TEXTCOLOR>
            <DIALOG_DISABLEDTEXT>0xFFB3B3B4</DIALOG_DISABLEDTEXT>
            <OPTION_TEXTCOLOR>0xFFFFFFFF</OPTION_TEXTCOLOR>
            <OPTION_ACTIVETEXTCOLOR>0xFF000080</OPTION_ACTIVETEXTCOLOR>
            <OPTION_ACTIVEBACKCOLOR>0x50808080</OPTION_ACTIVEBACKCOLOR>
            <BUTTON_BORDERCOLOR>0xC8000000</BUTTON_BORDERCOLOR>
            <BUTTON_TEXTCOLOR>0xFFFFFFFF</BUTTON_TEXTCOLOR>
            <BUTTON_BACKCOLOR>0xFF525252</BUTTON_BACKCOLOR>
            <BUTTON_ACTIVETEXTCOLOR>0xFFFFFFFF</BUTTON_ACTIVETEXTCOLOR>
            <BUTTON_ACTIVEBACKCOLOR>0xFF808080</BUTTON_ACTIVEBACKCOLOR>
            <KB_KEYBG_HIGHLIGHT>0x19575757</KB_KEYBG_HIGHLIGHT>
            <KB_KEYBG_DISABLED>0x78C0C0C0</KB_KEYBG_DISABLED>
            <KB_KEY_PRESSED>0xFF000080</KB_KEY_PRESSED>
            <KB_KEY_NORMAL>0xFF000000</KB_KEY_NORMAL>
            <KB_KEY_DISABLED>0x78808080</KB_KEY_DISABLED>
            <KB_KEY_ACTIVEBORDER>0xFF000080</KB_KEY_ACTIVEBORDER>
            <KB_KEY_TEXTCOLOR>0xFF000000</KB_KEY_TEXTCOLOR>
            <KB_KEY_TEXTBACKCOLOR>0xFFFFFFFF</KB_KEY_TEXTBACKCOLOR>
            <KB_KEY_TEXTBORDERCOLOR>0x780000FF</KB_KEY_TEXTBORDERCOLOR>
            <MENU_TEXTCOLOR>0x96FFFFFF</MENU_TEXTCOLOR>
            <MENU_ACTIVETEXTCOLOR>0xFFFFFFFF</MENU_ACTIVETEXTCOLOR>
        </ColorScheme>
    </Main>
</Skin>