<Skin name="Unleashed XBOX">
	<Information>
		<Author>Dexter Cellfish</Author>
		<Copyright>Copyright 2003</Copyright>
		<Version>1.0</Version>
	</Information>
	<Main Globe="true" Orb="false">
		<BackGround>back.png</BackGround>
		<GameIcon Enable="true" Opacity="90">
			<Position Top="100" Left="25" Width="115" Height="100"/>
		</GameIcon>
		<Menu Smooth="True" Align="left" ShowIcon="true" Rotate="False">
			<BackColor>0x000000</BackColor>
			<BorderColor Width="2">0xFFFFFFFF</BorderColor>
			<Font WidthFactor="1.0" HeightFactor="1.0"></Font>
			<Position Top="75" Left="170" Width="432" Height="260" Fixed="True" FixAt="4" MaxItem="7"></Position>
		</Menu>
		<Text Left="250" Top="25" Align="center" Color="0xB7000000" Source="DateTime"></Text>
		<Text Left="280" Top="360" Align="center" Color="0xB7000000" Source="IP"></Text>
		<Text Left="160" Top="396" Align="center" Color="0xFFFFFFFF" Source="Newsfeed"></Text>
		<Text Left="160" Top="432" Align="center" Color="0xFFFFFFFF" Source="SongName"></Text>
		<Text Left="25" Top="200" Align="Left" Color="0xFFFFFFFF" Source="CPUTemp"></Text>
		<Text Left="25" Top="220" Align="Left" Color="0xFFFFFFFF" Source="MBTemp"></Text>

	</Main>
	
	<ColorScheme >
		<AMBIENT_FOGCOLOR>0xFF002000</AMBIENT_FOGCOLOR>
		<AMBIENT_SKYCOLOR>0xFF004000</AMBIENT_SKYCOLOR>
		<AMBIENT_CELLCOLOR>0x061A520A</AMBIENT_CELLCOLOR>

		<CAPTION_TEXTCOLOR>0xFFFFFFFF</CAPTION_TEXTCOLOR>
		<CAPTION_BACKCOLOR>0xC7000000</CAPTION_BACKCOLOR>
		<DIALOG_BORDERCOLOR>0x00000000</DIALOG_BORDERCOLOR>
		<DIALOG_BACKCOLOR>0xFF808080</DIALOG_BACKCOLOR>
		<DIALOG_INNER_BORDERCOLOR>0x00000000</DIALOG_INNER_BORDERCOLOR>
		<DIALOG_INNER_BACKCOLOR>0xFF626262</DIALOG_INNER_BACKCOLOR>
		<DIALOG_TEXTCOLOR>0xFFFFFFFF</DIALOG_TEXTCOLOR>

		<DIALOG_DISABLEDTEXT>0xB7000000</DIALOG_DISABLEDTEXT>

		<OPTION_TEXTCOLOR>0xFF02C90C</OPTION_TEXTCOLOR>
		<OPTION_ACTIVETEXTCOLOR>0xFF000000</OPTION_ACTIVETEXTCOLOR>
		<OPTION_ACTIVEBACKCOLOR>0xFF02C90C</OPTION_ACTIVEBACKCOLOR>

		<BUTTON_BORDERCOLOR>0xFF0C0A18</BUTTON_BORDERCOLOR>
		<BUTTON_TEXTCOLOR>0xFF02C90C</BUTTON_TEXTCOLOR>
		<BUTTON_BACKCOLOR>0xCD636482</BUTTON_BACKCOLOR>
		<BUTTON_ACTIVETEXTCOLOR>0xFFFFFFFF</BUTTON_ACTIVETEXTCOLOR>
		<BUTTON_ACTIVEBACKCOLOR>0xE102C90C</BUTTON_ACTIVEBACKCOLOR>	
		
		<KB_KEYBG_HIGHLIGHT>0xCC00C000</KB_KEYBG_HIGHLIGHT>
		<KB_KEYBG_DISABLED>0xffc0c0c0</KB_KEYBG_DISABLED>
		<KB_KEY_PRESSED>0xff808080</KB_KEY_PRESSED>
		<KB_KEY_NORMAL>0xff000000</KB_KEY_NORMAL>
		<KB_KEY_DISABLED>0xff808080</KB_KEY_DISABLED>
		<KB_KEY_ACTIVEBORDER>0xff008000</KB_KEY_ACTIVEBORDER>
		<KB_KEY_TEXTCOLOR>0xff000000</KB_KEY_TEXTCOLOR>
		<KB_KEY_TEXTBACKCOLOR>0xffFFFFFF</KB_KEY_TEXTBACKCOLOR>
		<KB_KEY_TEXTBORDERCOLOR>0xff0000FF</KB_KEY_TEXTBORDERCOLOR>
		
		<MENU_TEXTCOLOR>0x99FFFFFF</MENU_TEXTCOLOR>
		<MENU_ACTIVETEXTCOLOR>0xFF40FF40</MENU_ACTIVETEXTCOLOR>
		<MENU_BORDERCOLOR>0x00000000</MENU_BORDERCOLOR>
		<MENU_BACKCOLOR>0x00000000</MENU_BACKCOLOR>
		<MENU_ACTIVEBACKCOLOR>0xC3004A00</MENU_ACTIVEBACKCOLOR>
		<MENU_ACTIVEBORDERCOLOR>0xFF686485</MENU_ACTIVEBORDERCOLOR>
	</ColorScheme>
</Skin>