﻿<Skin name="Xbox360">
    <Information>
        <Author>looknbarrel</Author>
        <Version>1</Version>
        <Copyright>2005</Copyright>
        <Skinner Name="UX Architect" Version="1.0c" />
    </Information>
    <Filemanager SafeBorder="False">
        <Background>360.jpg</Background>
    </Filemanager>
    <LoadingScreen ShowInfo="False">
        <Background>360 2.jpg</Background>
    </LoadingScreen>
    <Main Globe="False" Orb="False" Fog="False">
        <Background EnableAudio="False">360 3.jpg</Background>
        <InfoFont>Square-10.xpr</InfoFont>
        <Menu Align="Left" ShowIcon="False" ShowArrows="False">
            <ItemPos Top="331" Left="7" Width="200"></ItemPos>
            <ItemPos Top="366" Left="69" Width="200"></ItemPos>
            <ItemPos Top="401" Left="9" Width="200"></ItemPos>
            <ItemPos Top="442" Left="70" Width="200"></ItemPos>
            <ItemPos Top="491" Left="45" Width="200"></ItemPos>
            <Font>20thCentury-12.xpr</Font>
        </Menu>
        <ColorScheme>
            <AMBIENT_FOGCOLOR>0x00FFFFFF</AMBIENT_FOGCOLOR>
            <AMBIENT_SKYCOLOR>0x0000000F</AMBIENT_SKYCOLOR>
            <AMBIENT_CELLCOLOR>0x0000C000</AMBIENT_CELLCOLOR>
            <CAPTION_TEXTCOLOR>0xFF00FF00</CAPTION_TEXTCOLOR>
            <CAPTION_BACKCOLOR>0x64FFFFFF</CAPTION_BACKCOLOR>
            <DIALOG_BORDERCOLOR>0xFF00FF00</DIALOG_BORDERCOLOR>
            <DIALOG_BACKCOLOR>0x64FFFFFF</DIALOG_BACKCOLOR>
            <DIALOG_INNER_BORDERCOLOR>0xC800FF00</DIALOG_INNER_BORDERCOLOR>
            <DIALOG_INNER_BACKCOLOR>0x5AFFFFFF</DIALOG_INNER_BACKCOLOR>
            <DIALOG_TEXTCOLOR>0xFF00FF00</DIALOG_TEXTCOLOR>
            <DIALOG_DISABLEDTEXT>0xFF00FF00</DIALOG_DISABLEDTEXT>
            <OPTION_TEXTCOLOR>0xFF00FF00</OPTION_TEXTCOLOR>
            <OPTION_ACTIVETEXTCOLOR>0xFF00FF00</OPTION_ACTIVETEXTCOLOR>
            <OPTION_ACTIVEBACKCOLOR>0x50FFFFFF</OPTION_ACTIVEBACKCOLOR>
            <BUTTON_BORDERCOLOR>0xC800FF00</BUTTON_BORDERCOLOR>
            <BUTTON_TEXTCOLOR>0xFF00FF00</BUTTON_TEXTCOLOR>
            <BUTTON_BACKCOLOR>0xFFFFFFFF</BUTTON_BACKCOLOR>
            <BUTTON_ACTIVETEXTCOLOR>0xFF00FF00</BUTTON_ACTIVETEXTCOLOR>
            <BUTTON_ACTIVEBACKCOLOR>0xFFFFFFFF</BUTTON_ACTIVEBACKCOLOR>
            <KB_KEYBG_HIGHLIGHT>0xFF00FF00</KB_KEYBG_HIGHLIGHT>
            <KB_KEYBG_DISABLED>0xFF00FF00</KB_KEYBG_DISABLED>
            <KB_KEY_PRESSED>0xFF00FF00</KB_KEY_PRESSED>
            <KB_KEY_NORMAL>0xFF00FF00</KB_KEY_NORMAL>
            <KB_KEY_DISABLED>0xFF000000</KB_KEY_DISABLED>
            <KB_KEY_ACTIVEBORDER>0xFF000000</KB_KEY_ACTIVEBORDER>
            <KB_KEY_TEXTCOLOR>0xFF000000</KB_KEY_TEXTCOLOR>
            <KB_KEY_TEXTBACKCOLOR>0xFFFFFFFF</KB_KEY_TEXTBACKCOLOR>
            <KB_KEY_TEXTBORDERCOLOR>0x7800FF00</KB_KEY_TEXTBORDERCOLOR>
            <MENU_TEXTCOLOR>0x96000000</MENU_TEXTCOLOR>
            <MENU_ACTIVETEXTCOLOR>0xFF000000</MENU_ACTIVETEXTCOLOR>
        </ColorScheme>
    </Main>
</Skin>