<?xml version="1.0" encoding="utf-8" ?>

<Skin Name="Console UI Green">
    <Information>
        <Author>Dunny</Author>
        <Copyright>2003</Copyright>
        <Version>1</Version>
    </Information>
    <IntroMovie>INTRO.WMV</IntroMovie>
    <LoadingScreen ShowInfo="True">
        <BackGround>loading.png</BackGround>
    </LoadingScreen>
    <Main Globe="False" Orb="False">
        <Background EnableAudio="False">bg.png</Background>
        <Menu Smooth="True" Align="Middle" ShowArrows="False" ShowIcon="False" Rotate="False">
            <BackColor>0x000000</BackColor>
            <Font>menufont.xpr</Font>
            <Position left="353" Top="255" Width="230" Height="110" Fixed="True" FixAt="3" />
            <Preview EnableAudio="False" Left="345" Top="60" Width="244" Height="174" />
        </Menu>
        <Text Left="130" Top="30" Align="center" Color="0xFFFFFFFF" Source="***NEWS***   $Newsfeed$   ***NEWS***" />
        <Text Left="128" Top="59" Color="0xFF80FF80" Source="C:" />
        <Text Left="144" Top="59" Color="0xFFFFFFFF" Source="$C_Free$ free" />
        <Text Left="128" Top="79" Color="0xFF80FF80" Source="D:" />
        <Text Left="144" Top="79" Color="0xFFFFFFFF" Source="DvdTitle" />
        <Text Left="128" Top="99" Color="0xFF80FF80" Source="E:" />
        <Text Left="144" Top="99" Color="0xFFFFFFFF" Source="$E_Free$ free" />
        <Text Left="128" Top="119" Color="0xFF80FF80" Source="F:" />
        <Text Left="144" Top="119" Color="0xFFFFFFFF" Source="$F_Free$ free" />
        <Text Left="128" Top="155" Color="0xFF80FF80" Source="Time:" />
        <Text Left="169" Top="155" Color="0xFFFFFFFF" Source="$Time$" />
        <Text Left="128" Top="174" Color="0xFF80FF80" Source="Date:" />
        <Text Left="170" Top="174" Color="0xFFFFFFFF" Source="$Date$" />
        <Text Left="128" Top="194" Color="0xFF80FF80" Source="M/B:" />
        <Text Left="165" Top="194" Color="0xFFFFFFFF" Source="$MBTempC$" />
        <Text Left="128" Top="214" Color="0xFF80FF80" Source="CPU:" />
        <Text Left="164" Top="214" Color="0xFFFFFFFF" Source="$CPUTempC$" />
        <Text Left="128" Top="234" Color="0xFF80FF80" Source="Fan Speed:" />
        <Text Left="210" Top="234" Color="0xFFFFFFFF" Source="$FanSpeed$" />
        <Text Left="128" Top="254" Color="0xFF80FF80" Source="XBox:" />
        <Text Left="172" Top="254" Color="0xFFFFFFFF" Source="$Version$" />
        <Text Left="128" Top="293" Color="0xFF80FF80" Source="IP:" />
        <Text Left="149" Top="293" Color="0xFFFFFFFF" Source="$IP$" />
        <Text Left="128" Top="313" Color="0xFF80FF80" Source="Users:" />
        <Text Left="174" Top="313" Color="0xFFFFFFFF" Source="$NumClient$" />
        <Text Left="128" Top="333" Color="0xFF80FF80" Source="Subnet:" />
        <Text Left="185" Top="333" Color="0xFFFFFFFF" Source="$Subnet$" />
        <Text Left="107" Top="373" Color="0xFFFFFFFF" Source="SongName" />
        <Text Left="107" Top="393" Color="0xFFFFFFFF" Source="SoundTrack" />
        <Text Left="107" Top="413" Color="0xFF80FF80" Source="Time:" />
        <Text Left="149" Top="413" Color="0xFFFFFFFF" Source="$SongTime$ secs" />
        <InfoFont>Verdana_10.xpr</InfoFont>
        <Image Top="60" Left="345" width="244" Height="174" Source="GamePreview" />
        <Image Top="60" Left="345" width="244" Height="174" Source="GameIcon" />
        <Image Top="60" Left="345" width="244" Height="174" Source="GameIcon">icon.png<Image/>
    </Main>
    <ColorScheme>
        <MENU_TEXTCOLOR>0xFFFFFFFF</MENU_TEXTCOLOR>
        <MENU_ACTIVETEXTCOLOR>0xFFFFFFFF</MENU_ACTIVETEXTCOLOR>
    </ColorScheme>
</Skin>
