﻿<Skin name="Ellen Roche">
    <Information>
        <Author>EvilGibo</Author>
        <Version>2</Version>
        <Copyright>2004</Copyright>
        <Skinner Name="UX Architect" Version="1.0c" />
    </Information>
    <LoadingScreen ShowInfo="True">
        <Background>ellenloading.png</Background>
    </LoadingScreen>
    <Main Orb="False" Fog="False">
        <Cellwall>ellencell.jpg</Cellwall>
        <InfoFont>Trebuchet-12.xpr</InfoFont>
        <Text Top="445" Left="460" Width="300" Scroll="0" Color="0xFF000000" Source="SoundTrack" Align="Right" />
        <Text Top="420" Left="363" Width="270" Scroll="0" Color="0xFF000000" Source="SongName" Align="Right" />
        <Text Top="270" Left="548" Width="185" Scroll="0" Color="0xFF000000" Source="DVDTitle" Align="Right" />
        <Text Top="10" Left="330" Width="290" Scroll="0" Color="0xFF000000" Source="DateTime" Align="Right" />
        <Text Top="395" Left="443" Width="190" Scroll="0" Color="0xFF000000" Source="CPUTempC" Align="Right" />
        <Text Top="370" Left="443" Width="190" Scroll="0" Color="0xFF000000" Source="G_FreeMB" Align="Right" />
        <Text Top="345" Left="443" Width="190" Scroll="0" Color="0xFF000000" Source="F_FreeMB" Align="Right" />
        <Text Top="320" Left="443" Width="190" Scroll="0" Color="0xFF000000" Source="E_FreeMB" Align="Right" />
        <Text Top="295" Left="443" Width="190" Scroll="0" Color="0xFF000000" Source="C_FreeMB" Align="Right" />
        <Text Top="26" Left="25" Width="66" Scroll="0" Color="0xFF000000" Source="EvilGibo" Align="Left" />
        <Text Top="447" Left="18" Width="196" Scroll="0" Color="0xFF000000" Source="$NickName$" Align="Left" />
        <Image Source="GamePreview" />
        <Image Top="76" Left="197" Width="81" Height="81" Source="GameIcon" />
        <Image Top="0" Left="0" Width="640" Height="480" Opacity="100">ellenback.png</Image>
        <Menu Align="Left" ShowIcon="False" ShowArrows="False">
            <Preview EnableAudio="True" Top="72" Left="69" Width="340" Height="340" />
            <ItemPos Top="45" Left="362" Width="269"></ItemPos>
            <ItemPos Top="80" Left="399" Width="232"></ItemPos>
            <ItemPos Top="114" Left="423" Width="209"></ItemPos>
            <ItemPos Top="150" Left="440" Width="192"></ItemPos>
            <ItemPos Top="185" Left="453" Width="180"></ItemPos>
            <Font>Trebuchet-12.xpr</Font>
        </Menu>
        <ColorScheme>
            <AMBIENT_FOGCOLOR>0x00FF0000</AMBIENT_FOGCOLOR>
            <AMBIENT_SKYCOLOR>0x00400000</AMBIENT_SKYCOLOR>
            <AMBIENT_CELLCOLOR>0x00FFFFFF</AMBIENT_CELLCOLOR>
            <CAPTION_TEXTCOLOR>0xFFFFFFFF</CAPTION_TEXTCOLOR>
            <CAPTION_BACKCOLOR>0xFF000000</CAPTION_BACKCOLOR>
            <DIALOG_BORDERCOLOR>0xFFFFFFFF</DIALOG_BORDERCOLOR>
            <DIALOG_BACKCOLOR>0xD1804000</DIALOG_BACKCOLOR>
            <DIALOG_INNER_BORDERCOLOR>0xFFFFFFFF</DIALOG_INNER_BORDERCOLOR>
            <DIALOG_INNER_BACKCOLOR>0xFF000000</DIALOG_INNER_BACKCOLOR>
            <DIALOG_TEXTCOLOR>0xFFFFFFFF</DIALOG_TEXTCOLOR>
            <DIALOG_DISABLEDTEXT>0xFFB3B3B4</DIALOG_DISABLEDTEXT>
            <OPTION_TEXTCOLOR>0xFFFFFFFF</OPTION_TEXTCOLOR>
            <OPTION_ACTIVETEXTCOLOR>0xFFFFFFFF</OPTION_ACTIVETEXTCOLOR>
            <OPTION_ACTIVEBACKCOLOR>0xFF804040</OPTION_ACTIVEBACKCOLOR>
            <BUTTON_BORDERCOLOR>0xFFFFFFFF</BUTTON_BORDERCOLOR>
            <BUTTON_TEXTCOLOR>0xFFFFFFFF</BUTTON_TEXTCOLOR>
            <BUTTON_BACKCOLOR>0xFF400000</BUTTON_BACKCOLOR>
            <BUTTON_ACTIVETEXTCOLOR>0xFFFFFFFF</BUTTON_ACTIVETEXTCOLOR>
            <BUTTON_ACTIVEBACKCOLOR>0xFF800000</BUTTON_ACTIVEBACKCOLOR>
            <KB_KEYBG_HIGHLIGHT>0xFF800000</KB_KEYBG_HIGHLIGHT>
            <KB_KEYBG_DISABLED>0xFFC0C0C0</KB_KEYBG_DISABLED>
            <KB_KEY_PRESSED>0xFF008000</KB_KEY_PRESSED>
            <KB_KEY_NORMAL>0xFF000000</KB_KEY_NORMAL>
            <KB_KEY_DISABLED>0xFFFFFFFF</KB_KEY_DISABLED>
            <KB_KEY_ACTIVEBORDER>0xFFFFFFFF</KB_KEY_ACTIVEBORDER>
            <KB_KEY_TEXTCOLOR>0xFF000000</KB_KEY_TEXTCOLOR>
            <KB_KEY_TEXTBACKCOLOR>0xFFFFFFFF</KB_KEY_TEXTBACKCOLOR>
            <KB_KEY_TEXTBORDERCOLOR>0xFFFFFFFF</KB_KEY_TEXTBORDERCOLOR>
            <MENU_TEXTCOLOR>0xFFFFFFFF</MENU_TEXTCOLOR>
            <MENU_ACTIVETEXTCOLOR>0xFF000000</MENU_ACTIVETEXTCOLOR>
            <MENU_ACTIVEBACKCOLOR>0xFFC0C0C0</MENU_ACTIVEBACKCOLOR>
        </ColorScheme>
    </Main>
</Skin>