﻿<Skin name="XboX">
    <Information>
        <Author>Sudemax</Author>
        <Version>1</Version>
        <Copyright>2005</Copyright>
        <Skinner Name="UX Architect" Version="1.0c" />
    </Information>
    <LoadingScreen ShowInfo="False">
        <Background>XboX_Chargement.JPG</Background>
    </LoadingScreen>
    <Main Globe="False" Orb="False" Fog="False">
        <Background EnableAudio="False">xbox &amp; Max.JPG</Background>
        <InfoFont>Square-10.xpr</InfoFont>
        <Text Top="156" Left="190" Width="115" Scroll="0" Color="0xFF70DF0B" Source="DVDType" Align="Right" />
        <Text Top="156" Left="29" Width="141" Scroll="0" Color="0xFF70DF0B" Source="DVDTitle" Align="Left" />
        <Text Top="134" Left="165" Width="144" Scroll="0" Color="0xFF70DF0B" Source="SongTime" Align="Right" />
        <Text Top="135" Left="28" Width="200" Scroll="0" Color="0xFF70DF0B" Source="SoundTrack" Align="Left" />
        <Text Top="180" Left="27" Width="200" Scroll="0" Color="0xFF70DF0B" Source="Skin By Sudemax" Align="Left" />
        <Text Top="114" Left="27" Width="200" Scroll="0" Color="0xFF70DF0B" Source="SongName" Align="Left" />
        <Text Top="25" Left="27" Width="200" Scroll="0" Color="0xFF70DF0B" Source="DateTime" Align="Left" />
        <Text Top="91" Left="28" Width="200" Scroll="0" Color="0xFF70DF0B" Source="F_TotalMB" Align="Left" />
        <Text Top="69" Left="28" Width="200" Scroll="0" Color="0xFF70DF0B" Source="E_TotalMB" Align="Left" />
        <Text Top="48" Left="27" Width="200" Scroll="0" Color="0xFF70DF0B" Source="C_TotalMB" Align="Left" />
        <Image Top="328" Left="42" Width="194" Height="113" Source="GameIcon" />
        <Menu Align="Left" ShowIcon="False" ShowArrows="False">
            <ItemPos Top="366" Left="329" Width="200"></ItemPos>
            <ItemPos Top="388" Left="329" Width="200"></ItemPos>
            <ItemPos Top="410" Left="329" Width="200"></ItemPos>
            <ItemPos Top="432" Left="328" Width="200"></ItemPos>
            <Font>CourierNew-10.xpr</Font>
        </Menu>
        <ColorScheme>
            <AMBIENT_FOGCOLOR>0x78FFFFFF</AMBIENT_FOGCOLOR>
            <AMBIENT_SKYCOLOR>0xFF00000F</AMBIENT_SKYCOLOR>
            <AMBIENT_CELLCOLOR>0x7800C000</AMBIENT_CELLCOLOR>
            <CAPTION_TEXTCOLOR>0xFF13EC49</CAPTION_TEXTCOLOR>
            <CAPTION_BACKCOLOR>0xFFFFFFFF</CAPTION_BACKCOLOR>
            <DIALOG_BORDERCOLOR>0xFF13EC49</DIALOG_BORDERCOLOR>
            <DIALOG_BACKCOLOR>0xFFFFFFFF</DIALOG_BACKCOLOR>
            <DIALOG_INNER_BORDERCOLOR>0xFF13EC49</DIALOG_INNER_BORDERCOLOR>
            <DIALOG_INNER_BACKCOLOR>0xFFFFFFFF</DIALOG_INNER_BACKCOLOR>
            <DIALOG_TEXTCOLOR>0xFF13EC49</DIALOG_TEXTCOLOR>
            <DIALOG_DISABLEDTEXT>0xFFB3B3B4</DIALOG_DISABLEDTEXT>
            <OPTION_TEXTCOLOR>0xFF000000</OPTION_TEXTCOLOR>
            <OPTION_ACTIVETEXTCOLOR>0xFF13EC49</OPTION_ACTIVETEXTCOLOR>
            <OPTION_ACTIVEBACKCOLOR>0xFFFFFFFF</OPTION_ACTIVEBACKCOLOR>
            <BUTTON_BORDERCOLOR>0xFF13EC49</BUTTON_BORDERCOLOR>
            <BUTTON_TEXTCOLOR>0xFFC0C0C0</BUTTON_TEXTCOLOR>
            <BUTTON_BACKCOLOR>0xFFFFFFFF</BUTTON_BACKCOLOR>
            <BUTTON_ACTIVETEXTCOLOR>0xFF13EC49</BUTTON_ACTIVETEXTCOLOR>
            <BUTTON_ACTIVEBACKCOLOR>0xFFFFFFFF</BUTTON_ACTIVEBACKCOLOR>
            <KB_KEYBG_HIGHLIGHT>0xFF0000FF</KB_KEYBG_HIGHLIGHT>
            <KB_KEYBG_DISABLED>0x78C0C0C0</KB_KEYBG_DISABLED>
            <KB_KEY_PRESSED>0xFF008000</KB_KEY_PRESSED>
            <KB_KEY_NORMAL>0xFF000000</KB_KEY_NORMAL>
            <KB_KEY_DISABLED>0xFFFFFFFF</KB_KEY_DISABLED>
            <KB_KEY_ACTIVEBORDER>0xFFFF0000</KB_KEY_ACTIVEBORDER>
            <KB_KEY_TEXTCOLOR>0xFF000000</KB_KEY_TEXTCOLOR>
            <KB_KEY_TEXTBACKCOLOR>0xFFFFFFFF</KB_KEY_TEXTBACKCOLOR>
            <KB_KEY_TEXTBORDERCOLOR>0x780000FF</KB_KEY_TEXTBORDERCOLOR>
            <MENU_TEXTCOLOR>0xFFC0C0C0</MENU_TEXTCOLOR>
            <MENU_ACTIVETEXTCOLOR>0xFF57E41B</MENU_ACTIVETEXTCOLOR>
        </ColorScheme>
    </Main>
</Skin>