<Skin name="Mayhemx360">
	<Information>
		<Author>ed^^</Author>
		<Copyright>Copyright 2005</Copyright>
	 	<Version>1</Version>
	</Information>
        <IntroMovie>Intro.wmv</IntroMovie>
        <Fonts>
		<Font Name="Common10">common-font10.xpr</Font>
		<Font Name="Common14">common-font14.xpr</Font>
		<Font Name="Special">special-normal-pal.xpr</Font>
		<Font Name="SpecialBold">special-bold.xpr</Font>
		<Font Name="Segoe">Segoe_UI_13.xpr</Font>
		
	</Fonts>	
	<Main Globe="false" Orb="False" Fog="false">
		<Cellwall></Cellwall>
		<Orb></Orb>
		<Icon></Icon>
		<BackGround>pm3back.wmv</BackGround>
		
		<Menu Scroll="True" Smooth="False" Rotate="false" ShowIcon="false">
		<itempos left="70" top="187" width="213"></itempos>
		<itempos left="70" top="219" width="205"></itempos>
		<itempos left="70" top="251" width="195"></itempos>
		<itempos left="70" top="283" width="172"></itempos>
		<itempos left="70" top="315" width="145"></itempos>
		<Preview EnableAudio="False" Left="200" Top="85" Width="442" Height="310"/>
		<Font>Segoe</Font>
		</Menu>
		
		
		<Image Left="0" Top="0" zIndex="3">BG_Overlay2.png</Image> 
		<Image Left="320" Top="285" Width="320" Height="80" zIndex="3">Gradient.png</Image> 
		<Image Left="520" Top="285" Width="90" Height="80" zIndex="5" Source="GameIcon" />
		<Image Left="520" Top="285" Width="90" Height="80" zIndex="4" >Music.jpg</Image>
		<Image zIndex="2" Source="GamePreview"/>
		
		<InfoFont>Common10</InfoFont>    
                  <Text Top="290" Left="285" Align="Right" Width="220" Scroll="0" Color="0xFFFFFFFF" Font="SpecialBold" zIndex="4" Source="SongName"></Text>
                  <Text Top="315" Left="285" Align="Right" Width="220" Scroll="0" Color="0xFFFFFFFF" zIndex="4" Source="SoundTrack"></Text>
                  <Text Top="330" Left="285" Align="Right" Width="220" Scroll="0" Color="0xFFFFFFFF" ScaleX="100" ScaleY="100" Font="Special" zIndex="4" Source="SongTime"></Text>

                  <Text Top="390" Left="40" Align="Left" Width="560" Scroll="1" Color="0xFF8d9393" Font="Special" ScaleX="100" ScaleY="100" zIndex="4" Source="Newsfeed"></Text>  		

             	  <Text Top="60" Left="530" Align="Left" Color="0xFFADADAD" ScaleX="100" ScaleY="100"  Font="Special" zIndex="4" Source="|  $Time$"></Text>
                  <Text Top="60" Left="525" Align="Right" Color="0xFFFFFFFF" ScaleX="100" ScaleY="100" Font="Special" zIndex="4" Source="Date"></Text>	
         </Main>

	<IntroMovie></IntroMovie>
        <FileManager SafeBorder="true">
		<BackGround>filemanager.png</BackGround>
		
	</FileManager>
	
	<LoadingScreen ShowInfo="False">
		<BackGround>wait.png</BackGround>
	</LoadingScreen>
	
	<MusicPlayer Top="1" Left="1" Width="640" Height="480" Relative="True">
		<BackGround>mp_back.png</BackGround>
		<Image Left="290" Top="320" zIndex="1">mp_panel.png</Image>
		<Image Left="440" Top="370" Width="150" Height="50" zIndex="3">MP_Bar_Overlay.png</Image>
		<Image Left="395" Top="30"  zIndex="1">mp_time_panel.png</Image>
		<Image Left="95" Top="340"  zIndex="1">mp_buttons_panel.png</Image>
		
		<ButtonMap>mp_Buttons.png</ButtonMap>	
		<Element Type="Prev" Left="90" Top="361" Width="70" Height="50" zIndex="3" />
		<Element Type="Stop" Left="116" Top="358" Width="70" Height="50" zIndex="3" />
		<Element Type="Play" Left="149" Top="350" Width="70" Height="50" zIndex="3" />
		<Element Type="Pause" Left="184" Top="344" Width="70" Height="50" zIndex="3" />
		<Element Type="Next" Left="207" Top="339" Width="70" Height="50" zIndex="3" />
		<Element Type="PrevTrack" Left="128" Top="383" Width="70" Height="50" zIndex="3"/>
		<Element Type="NextTrack" Left="183" Top="369" Width="70" Height="50" zIndex="3"/>
		<Element Type="Mute" Left="290" Top="347" Width="70" Height="25" zIndex="3" />
		<Element Type="Random" Left="415" Top="347" Width="70" Height="25" zIndex="3" />
		
		<Element Type="Meter" Left="440" Top="370" Width="105" Height="50" zIndex="2" Relative="True"/>
		<Element Type="Progress" Left="413" Top="56" Width="160" Height="4" Direction="right" zIndex="3"/>
		<Element Type="Volume" Left="440" Top="420" Width="105" Height="4" Direction="right" zIndex="3"/>


		<Text Left="483" Top="39" Height="30" Color="0xFFFFFFFF" Source="SongTime" Font="Common14" Align="Right" ScaleX="70" ScaleY="70" zIndex="3" />
		<Text Left="488" Top="37" Height="30" Color="0xaaFFFFFF" Source="/" Font="Common14" Align="Left" ScaleX="80" ScaleY="80" zIndex="3" />
		<Text Left="497" Top="39" Height="30" Color="0xFFFFFFFF" Source="SongLength" Font="Common14" Align="left" ScaleX="70" ScaleY="70" zIndex="3" />
		<Text Left="465" Top="355" Width="80" Height="15" Color="0xFFFFFFFF" Source="Random" Font="Common10" Align="left" ScaleX="100" ScaleY="100" zIndex="3" />
		<Text Left="345" Top="355" Width="80" Height="15" Color="0xFFFFFFFF" Source="Mute" Font="Common10" Align="left" ScaleX="100" ScaleY="100" zIndex="3" />
		<Text Left="325" Top="380" Width="100" Height="30" Color="0xFFFFFFFF" Source="SongBitRate" Font="Common10" Align="left" ScaleX="100" ScaleY="100" zIndex="3" />
		<Text Left="325" Top="400" Width="100" Height="30" Color="0xFFFFFFFF" Source="SongChannel" Font="Common10" Align="left" ScaleX="100" ScaleY="100" zIndex="3" />
		<Text Left="305" Top="330" Width="270" Height="30" Color="0xFFFFFFFF" Source="SongTrack" Scroll="1" Font="Common10" ScaleX="100" ScaleY="120" zIndex="3" />
		<Playlist Top="70" Left="65" Width="530" Height="266" OffsetX="20" OffsetY="40">
			<BackGround>Playlist.png</BackGround>
		</Playlist>
		<Dialog OffsetX="10" OffsetX2="10" OffsetY="10" OffsetY2="10">
			<BackGround>MP_Dialog.png</BackGround>
		</Dialog>

	</MusicPlayer>

	<ColorScheme Name="Default">
	        <AMBIENT_FOGCOLOR>0xFF000000</AMBIENT_FOGCOLOR>
	        <AMBIENT_SKYCOLOR>0xFF000000</AMBIENT_SKYCOLOR>
	        <AMBIENT_CELLCOLOR>0xFFE4E4E4</AMBIENT_CELLCOLOR>
	        <CAPTION_TEXTCOLOR>0xFFFFFFFF</CAPTION_TEXTCOLOR>
	        <CAPTION_BACKCOLOR>0x005B5B5B</CAPTION_BACKCOLOR>
                <DIALOG_BORDERCOLOR>0xFF7F7F7F</DIALOG_BORDERCOLOR>
                <DIALOG_BACKCOLOR>0xFF292929</DIALOG_BACKCOLOR>
                <DIALOG_INNER_BORDERCOLOR>0xFF7F7F7F</DIALOG_INNER_BORDERCOLOR>
                <DIALOG_INNER_BACKCOLOR>0xFF000000</DIALOG_INNER_BACKCOLOR>
	        <DIALOG_TEXTCOLOR>0xFF949494</DIALOG_TEXTCOLOR>
	        <DIALOG_DISABLEDTEXT>0xFF404040</DIALOG_DISABLEDTEXT>
	        <OPTION_TEXTCOLOR>0xFF838383</OPTION_TEXTCOLOR>
	        <OPTION_ACTIVETEXTCOLOR>0xFFB6FF00</OPTION_ACTIVETEXTCOLOR>
	        <OPTION_ACTIVEBACKCOLOR>0xFF565656</OPTION_ACTIVEBACKCOLOR>
	        <BUTTON_BORDERCOLOR>0xFFBFBFBF</BUTTON_BORDERCOLOR>
	        <BUTTON_TEXTCOLOR>0xFFBFBFBF</BUTTON_TEXTCOLOR>
	        <BUTTON_BACKCOLOR>0xFF0A0A0A</BUTTON_BACKCOLOR>
	        <BUTTON_ACTIVETEXTCOLOR>0xFFB6FF00</BUTTON_ACTIVETEXTCOLOR>
	        <BUTTON_ACTIVEBACKCOLOR>0xFF565656</BUTTON_ACTIVEBACKCOLOR>
	        <KB_KEYBG_HIGHLIGHT>0xFF656565</KB_KEYBG_HIGHLIGHT>
	        <KB_KEYBG_DISABLED>0xFFC0C0C0</KB_KEYBG_DISABLED>
	        <KB_KEY_PRESSED>0xFFF8F8F8</KB_KEY_PRESSED>
	        <KB_KEY_NORMAL>0xFF000000</KB_KEY_NORMAL>
	        <KB_KEY_DISABLED>0x74000000</KB_KEY_DISABLED>
	        <KB_KEY_ACTIVEBORDER>0xFF000000</KB_KEY_ACTIVEBORDER>
	        <KB_KEY_TEXTCOLOR>0xFF000000</KB_KEY_TEXTCOLOR>
	        <KB_KEY_TEXTBACKCOLOR>0xFFD0D0D0</KB_KEY_TEXTBACKCOLOR>
	        <KB_KEY_TEXTBORDERCOLOR>0xFFFFFFFF</KB_KEY_TEXTBORDERCOLOR>
		<MENU_TEXTCOLOR>0xFFFFFFFF</MENU_TEXTCOLOR>
		<MENU_ACTIVETEXTCOLOR>0xFFB6FF00</MENU_ACTIVETEXTCOLOR>
		<MENU_BORDERCOLOR>0x00000000</MENU_BORDERCOLOR>
		<MENU_BACKCOLOR>0x00000000</MENU_BACKCOLOR>
		<MENU_ACTIVEBACKCOLOR>0x00000000</MENU_ACTIVEBACKCOLOR>
		<MENU_ACTIVEBORDERCOLOR>0x00000000</MENU_ACTIVEBORDERCOLOR>
		<MMActiveForeColor>0xFFB6FF00</MMActiveForeColor>
		<MMForeColor>0xFFADADAD</MMForeColor>
		<MMOffForeColor>0xFF808080</MMOffForeColor>
		<MMDarkBarColor>0xFF404040</MMDarkBarColor>
		<MMLightBarColor>0xFF404040</MMLightBarColor>
		<MMDarkBackColor>0x99404040</MMDarkBackColor>
		<MMBorderColor>0xFF404040</MMBorderColor>
		<MMLightBackColor >0x99404040</MMLightBackColor >
		<WindowBackCOLOR>0xFF000000</WindowBackCOLOR>
		<WindowForeCOLOR>0xFFFFFFFF</WindowForeCOLOR>
	</ColorScheme>
</Skin>














