<Skin name="UXMP">
	<Information>
		<Author>MICHAEL JOHNSON</Author>
		<Copyright>Copyright 2005 to whenever</Copyright>
	 	<Version>1</Version>
	</Information>
	<Fonts>
		<Font Name="MSS10">Microsoft_Sans_Serif_10.xpr</Font>
		<Font Name="MSS12">Microsoft_Sans_Serif_12.xpr</Font>
		<Font Name="MSS14">Microsoft_Sans_Serif_14.xpr</Font>

	</Fonts>	
	<Main Globe="false" Orb="False" Fog="false">
		<Cellwall></Cellwall>
		<Orb></Orb>
		<Icon></Icon>
		<Background EnableAudio="False">spikes.wmv</Background>
		
		<Menu Smooth="False" Align="left" Rotate="false" ShowIcon="false" Fixed="False" FixAt="0">
                <ItemPos Top="170" Left="432" Width="200"></ItemPos>
                <ItemPos Top="190" Left="432" Width="200"></ItemPos>
                <ItemPos Top="210" Left="432" Width="200"></ItemPos>
                <ItemPos Top="230" Left="432" Width="200"></ItemPos>
                <ItemPos Top="250" Left="432" Width="200"></ItemPos>
                <ItemPos Top="270" Left="432" Width="200"></ItemPos>
                <ItemPos Top="290" Left="432" Width="200"></ItemPos>
                <ItemPos Top="310" Left="432" Width="200"></ItemPos>
                <ItemPos Top="330" Left="432" Width="200"></ItemPos>
                <ItemPos Top="350" Left="432" Width="200"></ItemPos>
                <ItemPos Top="370" Left="432" Width="200"></ItemPos>
                <ItemPos Top="390" Left="432" Width="200"></ItemPos>
                <ItemPos Top="410" Left="432" Width="200"></ItemPos>
                <ItemPos Top="430" Left="432" Width="200"></ItemPos>
		<Preview EnableAudio="False" Left="3" Top="104" Width="426" Height="261"/>
		<Font>MSS12</Font>
		
		</Menu>
		
		<Image Left="0" Top="0" zIndex="3">uxmp.png</Image> 
		<Image Left="490" Top="72" Width="84" Height="84" zIndex="4" Source="GameIcon" />
		<Image zIndex="2" Source="GamePreview"/>
		
		
		<InfoFont>MSS10</InfoFont>    
                  <Text Top="433" Left="242" Align="Right" Width="125" Scroll="0" Color="0xFFFFFFFF" zIndex="4" Source="MBTemp"></Text>   
                  <Text Top="413" Left="242" Align="Right" Width="125" Scroll="0" Color="0xFFFFFFFF" zIndex="4" Source="CPUTemp"></Text>
                  <Text Top="420" Left="49" Align="Left" Width="175" Scroll="0" Color="0xFFFFFFFF" zIndex="4" Source="IP"></Text>		  
                  <Text Top="391" Left="168"  Align="Right" Width="200" Scroll="0" Color="0xFFFFFFFF" zIndex="4" Source="G_FreeMB"></Text>
                  <Text Top="371" Left="168"  Align="Right" Width="200" Scroll="0" Color="0xFFFFFFFF" zIndex="4" Source="F_FreeMB"></Text>
                  <Text Top="385" Left="49"  Align="Left" Width="120" Scroll="0" Color="0xFFFFFFFF" zIndex="4" Source="$DVDTitle$"></Text>		  
                  <Text Top="64" Left="12"  Align="Left" Width="300" Scroll="0" Color="0xFFFFFFFF" zIndex="4" Source="$SoundTrack$"></Text>		  
                  <Text Top="83" Left="12"  Align="Left" Width="300" Scroll="0" Color="0xFFFFFFFF" Font="MSS14" zIndex="4" Source="$SongName$"></Text>  		  
                  <Text Top="43"  Left="432" Align="Left" Width="200" Scroll="0" Color="0xFFFFFFFF" zIndex="4" Source="$DateTime$"></Text>

         </Main>

	<IntroMovie></IntroMovie>
        <FileManager SafeBorder="false">
		<BackGround></BackGround>
		
	</FileManager>
	
	<LoadingScreen ShowInfo="False">
		<BackGround>loading copy.png</BackGround>
	</LoadingScreen>
	
	<MusicPlayer Left="120" Top="20" Width="399" Height="182" Relative="True">
		<BackGround>mp.png</BackGround>

		<Image Left="297" Top="143" Width="79" Height="18" zIndex="3">mp_vol_Overlay.png</Image>
		
		<ButtonMap>mp_Buttons.png</ButtonMap>	
		<Element Type="PrevTrack" Left="10" Top="105" Width="32" Height="44" />
		<Element Type="Play" Left="10" Top="135" Width="32" Height="44" zIndex="3" />
		<Element Type="Pause" Left="40" Top="135" Width="32" Height="44" zIndex="3" />
		<Element Type="Stop" Left="63" Top="135" Width="32" Height="44" zIndex="3" />
		<Element Type="Prev" Left="90" Top="135" Width="32" Height="44" zIndex="3" />
		<Element Type="Next" Left="113" Top="135" Width="32" Height="44" zIndex="3" />
		<Element Type="Mute" Left="140" Top="146" Width="32" Height="22" zIndex="3" />
		<Element Type="Random" Left="165" Top="146" Width="32" Height="22" zIndex="3" />
		<Element Type="NextTrack" Left="358" Top="105" Width="32" Height="44" />
		
		<Element Type="Meter" Left="260" Top="35" Width="180" Height="65" zIndex="2" Relative="True"/>
		<Element Type="Progress" Left="38" Top="123" Width="320" Height="10" Direction="right" zIndex="2"/>
		<Element Type="Volume" Left="298" Top="144" Width="77" Height="16" Direction="right"/>
		<Element Type="SongStatus" Left="15" Top="53" Width="15" Height="15" zIndex="2" />


		<Text Left="40" Top="35" Width="80" Height="10" Color="0xFFFFFFFF" Source="Current" Font="MSS10" Align="left" ScaleX="80" ScaleY="80" zIndex="3" />
		<Text Left="40" Top="48" Width="80" Height="30" Color="0xFF3B6BB3" Source="SongTime" Font="MSS12" Align="left" ScaleX="120" ScaleY="120" zIndex="3" />
		<Text Left="140" Top="35" Width="80" Height="10" Color="0xFFFFFFFF" Source="Total" Font="MSS10" Align="left" ScaleX="80" ScaleY="80" zIndex="3" />
		<Text Left="140" Top="48" Width="80" Height="30" Color="0xFF3B6BB3" Source="SongLength" Font="MSS12" Align="left" ScaleX="120" ScaleY="120" zIndex="3" />
		<Text Left="17" Top="100" Width="370" Height="20" Color="0xFFFFFFFF" Source="SongTrack" Scroll="1" Font="MSS12" ScaleX="80" ScaleY="80" zIndex="3" />
		<Text Left="40" Top="75" Width="100" Height="30" Color="0xFFFFFFFF" Source="SongBitRate" Font="MSS10" Align="left" ScaleX="100" ScaleY="100" zIndex="3" />
		<Text Left="140" Top="75" Width="80" Height="30" Color="0xFFFFFFFF" Source="SongChannel" Font="MSS10" Align="left" ScaleX="100" ScaleY="100" zIndex="3" />
		<Playlist Top="210" Left="70" Width="500" Height="250" OffsetX="10" OffsetY="20">
			<BackGround>mp_pl.png</BackGround>
		</Playlist>

	</MusicPlayer>

	<ColorScheme Name="uxmp">
            <AMBIENT_FOGCOLOR>0x78FFFFFF</AMBIENT_FOGCOLOR>
            <AMBIENT_SKYCOLOR>0xFF00000F</AMBIENT_SKYCOLOR>
            <AMBIENT_CELLCOLOR>0x7800C000</AMBIENT_CELLCOLOR>
            <CAPTION_TEXTCOLOR>0xFF000000</CAPTION_TEXTCOLOR>
            <CAPTION_BACKCOLOR>0xFFD5E4F9</CAPTION_BACKCOLOR>
            <DIALOG_BORDERCOLOR>0xFFFFFFFF</DIALOG_BORDERCOLOR>
            <DIALOG_BACKCOLOR>0xFF769FD5</DIALOG_BACKCOLOR>
            <DIALOG_INNER_BORDERCOLOR>0xFFFFFFFF</DIALOG_INNER_BORDERCOLOR>
            <DIALOG_INNER_BACKCOLOR>0xFF3B6BB3</DIALOG_INNER_BACKCOLOR>
            <DIALOG_TEXTCOLOR>0xFF000000</DIALOG_TEXTCOLOR>
            <DIALOG_DISABLEDTEXT>0xFFB3B3B4</DIALOG_DISABLEDTEXT>
            <OPTION_TEXTCOLOR>0xFFFFFFFF</OPTION_TEXTCOLOR>
            <OPTION_ACTIVETEXTCOLOR>0xFF3B6BB3</OPTION_ACTIVETEXTCOLOR>
            <OPTION_ACTIVEBACKCOLOR>0xFFD5E4F9</OPTION_ACTIVEBACKCOLOR>
            <BUTTON_BORDERCOLOR>0xFFFFFFFF</BUTTON_BORDERCOLOR>
            <BUTTON_TEXTCOLOR>0xFFFFFFFF</BUTTON_TEXTCOLOR>
            <BUTTON_BACKCOLOR>0xFF769FD5</BUTTON_BACKCOLOR>
            <BUTTON_ACTIVETEXTCOLOR>0xFFFFFFFF</BUTTON_ACTIVETEXTCOLOR>
            <BUTTON_ACTIVEBACKCOLOR>0xFF3B6BB3</BUTTON_ACTIVEBACKCOLOR>
            <KB_KEYBG_HIGHLIGHT>0xFF3B6BB3</KB_KEYBG_HIGHLIGHT>
            <KB_KEYBG_DISABLED>0x78C0C0C0</KB_KEYBG_DISABLED>
            <KB_KEY_PRESSED>0xFF769FD5</KB_KEY_PRESSED>
            <KB_KEY_NORMAL>0xFF000000</KB_KEY_NORMAL>
            <KB_KEY_DISABLED>0xFFFFFFFF</KB_KEY_DISABLED>
            <KB_KEY_ACTIVEBORDER>0xFF000000</KB_KEY_ACTIVEBORDER>
            <KB_KEY_TEXTCOLOR>0xFF000000</KB_KEY_TEXTCOLOR>
            <KB_KEY_TEXTBACKCOLOR>0xFFFFFFFF</KB_KEY_TEXTBACKCOLOR>
            <KB_KEY_TEXTBORDERCOLOR>0x78000000</KB_KEY_TEXTBORDERCOLOR>
            <MENU_TEXTCOLOR>0xFFFFFFFF</MENU_TEXTCOLOR>
            <MENU_ACTIVETEXTCOLOR>0xFF506094</MENU_ACTIVETEXTCOLOR>
            <MENU_ACTIVEBACKCOLOR>0xFF141726</MENU_ACTIVEBACKCOLOR>
	    <MMForeColor>0xFFFFFFFF</MMForeColor>
	    <MMOffForeColor>0xFF3B6BB3</MMOffForeColor>
	    <MMLightBarColor>0xFF506094</MMDarkBarColor>
	    <MMDarkBackColor>0xFF141726</MMDarkBackColor>
	</ColorScheme>
</Skin>















