<Skin name="Ux360 Final Beta">
	<Information>
		<Author>Michael johnson</Author>
		<Copyright>Copyright 2005 to whenever</Copyright>
	 	<Version>1</Version>
	</Information>
	<Fonts>
		<Font Name="Common10">common-font10.xpr</Font>
		<Font Name="Common14">common-font14.xpr</Font>
		<Font Name="Special">special-normal-pal.xpr</Font>
		<Font Name="SpecialBold">special-bold.xpr</Font>
		<Font Name="Segoe">Segoe_UI_13.xpr</Font>
		
	</Fonts>	
	<Main Globe="false" Orb="False" Fog="false">
		<Cellwall></Cellwall>
		<Orb></Orb>
		<Icon></Icon>
		<BackGround>ux360final.png</BackGround>
		
		<Menu Smooth="False" Align="left" Rotate="false" ShowIcon="false" Scroll="True" Fixed="False" FixAt="0">
            <ItemPos Top="95" Left="10" Width="300"></ItemPos>
            <ItemPos Top="120" Left="10" Width="300"></ItemPos>
            <ItemPos Top="145" Left="10" Width="300"></ItemPos>
            <ItemPos Top="170" Left="10" Width="300"></ItemPos>
            <ItemPos Top="195" Left="10" Width="300"></ItemPos>
		<ItemPos Top="220" Left="10" Width="300"></ItemPos>
		<Preview EnableAudio="False" Top="87" Left="320" Width="310" Height="232" />
		<Font>Segoe</Font>
		
		</Menu>
		
		<Image Top="331" Left="566" Width="64" Height="64" zIndex="2" Source="GameIcon" />
		<Image zIndex="2" Source="GamePreview"/>
	
		
		<InfoFont>Common10</InfoFont>    
                  <Text Top="7" Left="325" Align="Left" Width="300" Scroll="0" Color="0xFFFFFFFF" Font="SpecialBold" zIndex="4" Source="SongName"></Text>
                  <Text Top="29" Left="325" Align="Left" Width="220" Scroll="0" Color="0xFFFFFFFF" zIndex="4" Source="SoundTrack"></Text>
                  <Text Top="40" Left="325" Align="Left" Width="220" Scroll="0" Color="0xFFFFFFFF" ScaleX="100" ScaleY="100" Font="Special" zIndex="4" Source="SongTime"></Text>

                  <Text Top="331" Left="325" Align="Left" Width="220" Scroll="0" Color="0xFFFFFFFF" ScaleX="100" ScaleY="100" Font="Segoe" zIndex="4" Source="E_FreeMB"></Text>
                  <Text Top="352" Left="325" Align="Left" Width="220" Scroll="0" Color="0xFFFFFFFF" ScaleX="100" ScaleY="100" Font="Segoe" zIndex="4" Source="F_FreeMB"></Text>
                  <Text Top="373" Left="325" Align="Left" Width="220" Scroll="0" Color="0xFFFFFFFF" ScaleX="100" ScaleY="100" Font="Segoe" zIndex="4" Source="G_FreeMB"></Text>

                  <Text Top="424" Left="325" Align="Left" Width="400" Scroll="0" Color="0xFFFFFFFF" ScaleX="100" ScaleY="100" zIndex="4" Source="News Feed - $NewsSource$"></Text>  		
                  <Text Top="435" Left="325" Align="Left" Width="435" Scroll="2" Color="0xFF424E5C" Font="Special" ScaleX="100" ScaleY="100" zIndex="4" Source="Newsfeed"></Text>  		

             	<Text Top="40" Left="10" Align="Left" Color="0xFFFFFFFF" ScaleX="100" ScaleY="100" Font="Special" zIndex="4" Source="$DateTime$"></Text>	

             	<Text Top="410" Left="60" Align="Left" Color="0xFFFFFFFF" ScaleX="100" ScaleY="100" Font="Segoe" zIndex="4" Source="IP"></Text>
             	<Text Top="301" Left="60" Align="Left" Color="0xFFFFFFFF" ScaleX="100" ScaleY="100" Font="Segoe" zIndex="4" Source="NickName"></Text>
                  <Text Top="280" Left="60" Align="Left" Color="0xFFFFFFFF" ScaleX="100" ScaleY="100" Font="Segoe" zIndex="4" Source="Version"></Text>
             	<Text Top="259" Left="60" Align="Left" Color="0xFFFFFFFF" ScaleX="100" ScaleY="100" Font="Segoe" zIndex="4" Source="Tray"></Text>
             	<Text Top="431" Left="60" Align="Left" Color="0xFFFFFFFF" ScaleX="100" ScaleY="100" Font="Segoe" zIndex="4" Source="Subnet"></Text>
             	<Text Top="452" Left="60" Align="Left" Color="0xFFFFFFFF" ScaleX="100" ScaleY="100" Font="Segoe" zIndex="4" Source="Gateway"></Text>
	            <Text Top="373" Left="60" Align="Left" Color="0xFFFFFFFF" ScaleX="100" ScaleY="100" Font="Segoe" zIndex="4" Source="FanSpeed"></Text>
             	<Text Top="352" Left="60" Align="Left" Color="0xFFFFFFFF" ScaleX="100" ScaleY="100" Font="Segoe" zIndex="4" Source="MBTemp"></Text>
             	<Text Top="331" Left="60" Align="Left" Color="0xFFFFFFFF" ScaleX="100" ScaleY="100" Font="Segoe" zIndex="4" Source="CPUTemp"></Text>
      </Main>

	<IntroMovie></IntroMovie>
        <FileManager SafeBorder="true">
		<BackGround>filemanager.png</BackGround>
		
	</FileManager>
	
	<LoadingScreen ShowInfo="False">
		<BackGround>wait.png</BackGround>
	</LoadingScreen>
	
	<MusicPlayer Top="10" Left="70" Width="484" Height="213" Relative="False">
		<BackGround>mp.png</BackGround>

		<ButtonMap>mp_Buttons.png</ButtonMap>	
		<Element Type="Play" Left="128" Top="141" Width="32" Height="44" zIndex="3" />
		<Element Type="Pause" Left="172" Top="141" Width="32" Height="44" zIndex="3" />
		<Element Type="Stop" Left="216" Top="141" Width="32" Height="44" zIndex="3" />
		<Element Type="Prev" Left="260" Top="141" Width="32" Height="44" zIndex="3" />
		<Element Type="Next" Left="304" Top="141" Width="32" Height="44" zIndex="3" />
		<Element Type="Mute" Left="348" Top="157" Width="32" Height="22" zIndex="3" />
		<Element Type="Random" Left="392" Top="157" Width="32" Height="22" zIndex="3" />
		<Element Type="PrevTrack" Left="436" Top="141" Width="32" Height="44" />
		<Element Type="NextTrack" Left="480" Top="141" Width="32" Height="44" />
		
		<Text Left="453" Top="119" Align="Middle" Width="105" Height="30" Color="0xFFFFFFFF" Source="SongTime" Font="Special" Align="left" ScaleX="100" ScaleY="100" zIndex="3" />
		<Text Left="128" Top="123" Width="285" Height="30" Color="0xFFFFFFFF" Source="SongTrack" Scroll="2" Font="SpecialBold" ScaleX="100" ScaleY="100" zIndex="3" />
		<Playlist Top="155" Left="1" Width="640" Height="437" OffsetX="85" OffsetY="92">
			<BackGround>Playlist.png</BackGround>
		</Playlist>

	</MusicPlayer>

	<ColorScheme Name="Default">
            <AMBIENT_FOGCOLOR>0x00FFFFFF</AMBIENT_FOGCOLOR>
            <AMBIENT_SKYCOLOR>0x0000000F</AMBIENT_SKYCOLOR>
            <AMBIENT_CELLCOLOR>0x0000C000</AMBIENT_CELLCOLOR>
            <CAPTION_TEXTCOLOR>0xFFFFFFFF</CAPTION_TEXTCOLOR>
            <CAPTION_BACKCOLOR>0x64424E5C</CAPTION_BACKCOLOR>
            <DIALOG_BORDERCOLOR>0xFFFFFFFF</DIALOG_BORDERCOLOR>
            <DIALOG_BACKCOLOR>0x648498BA</DIALOG_BACKCOLOR>
            <DIALOG_INNER_BORDERCOLOR>0xC8FFFFFF</DIALOG_INNER_BORDERCOLOR>
            <DIALOG_INNER_BACKCOLOR>0x5A424E5C</DIALOG_INNER_BACKCOLOR>
            <DIALOG_TEXTCOLOR>0xFFFFFFFF</DIALOG_TEXTCOLOR>
            <DIALOG_DISABLEDTEXT>0xFFB3B3B4</DIALOG_DISABLEDTEXT>
            <OPTION_TEXTCOLOR>0xFFFFFFFF</OPTION_TEXTCOLOR>
            <OPTION_ACTIVETEXTCOLOR>0xFF000000</OPTION_ACTIVETEXTCOLOR>
            <OPTION_ACTIVEBACKCOLOR>0x50424E5C</OPTION_ACTIVEBACKCOLOR>
            <BUTTON_BORDERCOLOR>0xC8000000</BUTTON_BORDERCOLOR>
            <BUTTON_TEXTCOLOR>0xFFFFFFFF</BUTTON_TEXTCOLOR>
            <BUTTON_BACKCOLOR>0xFF8498BA</BUTTON_BACKCOLOR>
            <BUTTON_ACTIVETEXTCOLOR>0xFFFFFFFF</BUTTON_ACTIVETEXTCOLOR>
            <BUTTON_ACTIVEBACKCOLOR>0xFF424E5C</BUTTON_ACTIVEBACKCOLOR>
            <KB_KEYBG_HIGHLIGHT>0x198498BA</KB_KEYBG_HIGHLIGHT>
            <KB_KEYBG_DISABLED>0x78FFFFFF</KB_KEYBG_DISABLED>
            <KB_KEY_PRESSED>0xFF8498BA</KB_KEY_PRESSED>
            <KB_KEY_NORMAL>0xFF000000</KB_KEY_NORMAL>
            <KB_KEY_DISABLED>0xFF000000</KB_KEY_DISABLED>
            <KB_KEY_ACTIVEBORDER>0xFF8498BA</KB_KEY_ACTIVEBORDER>
            <KB_KEY_TEXTCOLOR>0xFF000000</KB_KEY_TEXTCOLOR>
            <KB_KEY_TEXTBACKCOLOR>0xFFFFFFFF</KB_KEY_TEXTBACKCOLOR>
            <KB_KEY_TEXTBORDERCOLOR>0x788498BA</KB_KEY_TEXTBORDERCOLOR>
            <MENU_TEXTCOLOR>0x96FFFFFF</MENU_TEXTCOLOR>
            <MENU_ACTIVETEXTCOLOR>0xFFFFFFFF</MENU_ACTIVETEXTCOLOR>
	    <MMActiveForeColor>0xFFFFFFFF</MMActiveForeColor>
	    <MMForeColor>0xFFFFFFFF</MMForeColor>
	    <MMOffForeColor>0xFFFFFFFF</MMOffForeColor>
	    <MMDarkBarColor>0xFFFFFFFF</MMDarkBarColor>
	    <MMLightBarColor>0xFFFFFFFF</MMLightBarColor>
	    <MMDarkBackColor>0xFF424E5C</MMDarkBackColor>
	    <WindowBackCOLOR>0xFF000000</WindowBackCOLOR>
	    <WindowForeCOLOR>0xFFFFFFFF</WindowForeCOLOR>
	</ColorScheme>
</Skin>




















