<Skin name="halo abstract">
         <Information>
                  <Author>hac76</Author>
                  <Copyright>hac76</Copyright>
                  <Version>2 created with ReleashED</Version>
         </Information>
         <IntroMovie></IntroMovie>
         <FileManager>
                  <BackGround>file.jpg</BackGround>
         </FileManager>
         <LoadingScreen ShowInfo="False">
                  <BackGround>load.jpg</BackGround>
         </LoadingScreen>
         <Main Orb="False">
                  <BackGround EnableAudio="False">bg.png</BackGround>
                  <Cellwall>Cell white.png</Cellwall>
                  <Orb></Orb>
                  <Icon></Icon>
<Image Top="330" Left="187" width="134" Height="135" Source="GameIcon"/>
		  <Image Source="GamePreview" />
		  <Image Top="248" Left="165" Width="" Height="" zIndex="2">gameicon.png</Image>
                  <Menu Smooth="False" Align="middle" ShowIcon="False" Rotate="False" ShowArrows="true">
              <Position Top="111" Left="379" Width="220" Height="120" Fixed="False" FixAt="0" MaxItem="5"></Position>
             <Preview EnableAudio="False" Left="187" Top="330" Width="134" Height="135" />
                  </Menu>
<Text Left="415" Top="450" Align="left" Color="0xFF000000" Source="IP"></Text>
<Text Left="515" Top="260" Align="center" Color="0xFF000000" Source="C_FreeMB"></Text>
<Text Left="515" Top="280" Align="center" Color="0xFF000000" Source="E_FreeMB"></Text>
<Text Left="515" Top="300" Align="center" Color="0xFF000000" Source="F_FreeMB"></Text>
<Text Left="485" Top="10" Align="center" Color="0xFF000000" Source="DateTime"></Text>
<Text Left="485" Top="30" Align="center" Color="0xFF000000" Source="SoundTrack"></Text>
<Text Left="485" Top="50" Align="center" Color="0xFF000000" Source="SongTime"></Text>
<Text Left="85" Top="445" Align="center" Color="0xFF000000" Source="by hac76"></Text>
<Text Left="85" Top="425" Align="center" Color="0xFF000000" Source="v1"></Text>
<Text Left="85" Top="405" Align="center" Color="0xFF000000" Source="Halo abstract"></Text>
                 </Main>
         <ColorScheme >
                  <AMBIENT_FOGCOLOR>0x00FFFFFF</AMBIENT_FOGCOLOR>
                  <AMBIENT_SKYCOLOR>0x0000000F</AMBIENT_SKYCOLOR>
                  <AMBIENT_CELLCOLOR>0xFFFFFFFF</AMBIENT_CELLCOLOR>
                  <CAPTION_TEXTCOLOR>0xFF000000</CAPTION_TEXTCOLOR>
                  <CAPTION_BACKCOLOR>0xFFFFFFFF</CAPTION_BACKCOLOR>
                  <DIALOG_BORDERCOLOR>0xFF000000</DIALOG_BORDERCOLOR>
                  <DIALOG_BACKCOLOR>0xFFC0C0C0</DIALOG_BACKCOLOR>
                  <DIALOG_INNER_BORDERCOLOR>0xFF000000</DIALOG_INNER_BORDERCOLOR>
                  <DIALOG_INNER_BACKCOLOR>0xFF808080</DIALOG_INNER_BACKCOLOR>
                  <DIALOG_TEXTCOLOR>0xffffffff</DIALOG_TEXTCOLOR>
                  <DIALOG_DISABLEDTEXT>0xFFffffff</DIALOG_DISABLEDTEXT>
                  <OPTION_TEXTCOLOR>0xFF000000</OPTION_TEXTCOLOR>
                  <OPTION_ACTIVETEXTCOLOR>0xFFffffff</OPTION_ACTIVETEXTCOLOR>
                  <OPTION_ACTIVEBACKCOLOR>0xFF000000</OPTION_ACTIVEBACKCOLOR>
                  <BUTTON_BORDERCOLOR>0xFFFFFFFF</BUTTON_BORDERCOLOR>
                  <BUTTON_TEXTCOLOR>0xFFFFFFFF</BUTTON_TEXTCOLOR>
                  <BUTTON_BACKCOLOR>0xFF000000</BUTTON_BACKCOLOR>
                  <BUTTON_ACTIVETEXTCOLOR>0xFFFFFFFF</BUTTON_ACTIVETEXTCOLOR>
                  <BUTTON_ACTIVEBACKCOLOR>0xFF000000</BUTTON_ACTIVEBACKCOLOR>
                  <KB_KEYBG_HIGHLIGHT></KB_KEYBG_HIGHLIGHT>
                  <KB_KEYBG_DISABLED></KB_KEYBG_DISABLED>
                  <KB_KEY_PRESSED></KB_KEY_PRESSED>
                  <KB_KEY_NORMAL></KB_KEY_NORMAL>
                  <KB_KEY_DISABLED></KB_KEY_DISABLED>
                  <KB_KEY_ACTIVEBORDER>0xffffffff</KB_KEY_ACTIVEBORDER>
                  <KB_KEY_TEXTCOLOR>0xFFFFFF</KB_KEY_TEXTCOLOR>
                  <KB_KEY_TEXTBACKCOLOR></KB_KEY_TEXTBACKCOLOR>
                  <KB_KEY_TEXTBORDERCOLOR></KB_KEY_TEXTBORDERCOLOR>
                  <MENU_TEXTCOLOR>0xFFFFFFFF</MENU_TEXTCOLOR>
                  <MENU_ACTIVETEXTCOLOR>0xFFFFFFFF</MENU_ACTIVETEXTCOLOR>
                  <MENU_ACTIVEBACKCOLOR></MENU_ACTIVEBACKCOLOR>
                  <MENU_ACTIVEBORDERCOLOR>0xFF000000</MENU_ACTIVEBORDERCOLOR>
                 <MMDarkBarColor>0xff404040</MMDarkBarColor>
		<MMLightBarColor>0xff404040</MMLightBarColor>
		<MMBarBackColor>0x00000001</MMBarBackColor>
		<MMDarkBackColor>0xFFd6d6d6</MMDarkBackColor>
		<MMActiveForeColor>0xFF000000</MMActiveForeColor>
         </ColorScheme>
<MusicPlayer Left="5" Top="5" Width="352" Height="64" Relative="True">
		<BackGround>MMbground.png</BackGround>
		<ButtonMap>ButtonMap.png</ButtonMap>	
		<Element Type="Pause" Left="29" Top="3" Width="40" Height="40" />
		<Element Type="Next" Left="36" Top="12" Width="40" Height="40" />
		<Element Type="Stop" Left="28" Top="41" Width="40" Height="40" />
		<Element Type="Prev" Left="20" Top="11" Width="40" Height="40" />
		<Element Type="Progress" Left="88" Top="44" Width="170" Height="6" />
		<Element Type="Volume" Left="270" Top="44" Width="45" Height="6" />

		<Element Type="Meter" Left="265" Top="14" Width="50" Height="30" />
		<Element Type="SongStatus" Left="43" Top="23" Width="16" Height="18" zIndex="2" />

		<Text Left="100" Top="15" Width="170" Height="16" Color="0xFF404040" Source="SongTrack" Scroll="1" Font="Verdana8" />
		<Text Left="100" Top="32" Width="50" Height="16" Color="0xFF404040" Source="SongTime" Font="Verdana8" ScaleX="80" ScaleY="80" />
		<Text Left="150" Top="32" Width="50" Height="16" Color="0xFF404040" Source="SongBitRate" Font="Verdana8" Scroll="1" ScaleX="80" ScaleY="80" />
		<Text Left="200" Top="32" Width="50" Height="16" Color="0xFF404040" Source="SongChannel" Font="Verdana8" Scroll="1" ScaleX="80" ScaleY="80" />
		<Playlist Left="22" Top="69" Width="318" Height="339" OffsetX="15" OffsetY="37">
			<BackGround>plbground.png</BackGround>
		</Playlist>
		<Dialog OffsetX="17" OffsetX2="25" OffsetY="30" OffsetY2="20">
			<BackGround>plbground.png</BackGround>
		</Dialog>
	</MusicPlayer>
</Skin>




























































































