<Skin name="Corona Jezz">
	<Information>
		<Author>Jezz</Author>
		<Copyright>Copyright 2005</Copyright>
	 	<Version>1</Version>
	</Information>
	<Main Globe="false" Orb="False" Fog="false">
		<Cellwall></Cellwall>
		<Orb></Orb>
		<Icon></Icon>
		<BackGround EnableAudio="False">back.wmv</BackGround>
		<Image Left="0" Top="0" Width="640" Height="480">overlay.png</Image>
		
		<Menu Smooth="False" Align="left" Rotate="false" ShowIcon="false" ShowArrows="false" >
		<Position Top="55" Left="50" Width="360" Height="125" Fixed="True" FixAt="2" MaxItem="8"></Position>
		<Preview EnableAudio="False" Left="428" Top="282" Width="171" Height="133"/>
		<Font>dungeon_14.xpr</Font>
		
		</Menu>
		<Image Left="249" Top="282" Width="173" Height="133" Source="GameIcon" />
		<Image Source="GamePreview"/>

		
		<InfoFont>Microsoft_Sans_Serif_10.xpr</InfoFont>
                <Text Top="25" Left="342" Align="middle" Color="0xFF243679" ScaleX="100" ScaleY="100" Source="$Time$"></Text>
                <Text Top="257" Left="525" Align="middle" Color="0xFF243679" ScaleX="90" ScaleY="90" Source="IP"></Text>
                <Text Top="195" Left="50" Width="160" Align="left" Scroll="1" Color="0xFF243679" ScaleX="85" ScaleY="90" Source="SoundTrack"></Text>
                <Text Top="210" Left="50" Width="160" Align="left" Scroll="1" Color="0xFF243679" ScaleX="85" ScaleY="90" Source="SongName"></Text>
                <Text Top="198" Left="260" Align="Left"  Color="0xFF243679" ScaleX="80" ScaleY="80" Source="CPUTemp"></Text>
                <Text Top="198" Left="350" Align="Left"  Color="0xFF243679" ScaleX="80" ScaleY="80" Source="MBTemp"></Text>
                <Text Top="425" Left="260" Align="Left"  Color="0xFF243679" ScaleX="100" ScaleY="100" Source="E_FreeMB"></Text>
                <Text Top="440" Left="260" Align="Left"  Color="0xFF243679" ScaleX="100" ScaleY="100" Source="F_FreeMB"></Text>


 	</Main>

	<IntroMovie></IntroMovie>
        <FileManager SafeBorder="False">
		<BackGround>filemanager.png</BackGround>
		
	</FileManager>
	
	<LoadingScreen ShowInfo="False">
		<BackGround>load.wmv</BackGround>
	</LoadingScreen>

	<MusicPlayer Left="120" Top="20" Width="399" Height="182" Relative="True">
		<BackGround>mp.png</BackGround>

		<Image Left="297" Top="143" Width="79" Height="18" zIndex="3">mp_vol_Overlay.png</Image>
		
		<ButtonMap>mp_Buttons.png</ButtonMap>	
		<Element Type="PrevTrack" Left="10" Top="105" Width="32" Height="44" />
		<Element Type="Play" Left="10" Top="135" Width="32" Height="44" zIndex="3" />
		<Element Type="Pause" Left="40" Top="135" Width="32" Height="44" zIndex="3" />
		<Element Type="Stop" Left="63" Top="135" Width="32" Height="44" zIndex="3" />
		<Element Type="Prev" Left="90" Top="135" Width="32" Height="44" zIndex="3" />
		<Element Type="Next" Left="113" Top="135" Width="32" Height="44" zIndex="3" />
		<Element Type="Mute" Left="140" Top="146" Width="32" Height="22" zIndex="3" />
		<Element Type="Random" Left="165" Top="146" Width="32" Height="22" zIndex="3" />
		<Element Type="NextTrack" Left="358" Top="105" Width="32" Height="44" />
		
		<Element Type="Meter" Left="260" Top="35" Width="180" Height="65" zIndex="2" Relative="True"/>
		<Element Type="Progress" Left="38" Top="123" Width="320" Height="10" Direction="right" zIndex="2"/>
		<Element Type="Volume" Left="298" Top="144" Width="77" Height="16" Direction="right"/>
		<Element Type="SongStatus" Left="15" Top="53" Width="15" Height="15" zIndex="2" />


		<Text Left="40" Top="35" Width="80" Height="10" Color="0xFF8BA0B7" Source="Current" Font="SmallFont" Align="left" ScaleX="80" ScaleY="80" zIndex="3" />
		<Text Left="40" Top="45" Width="80" Height="30" Color="0xFF0080FF" Source="SongTime" Font="MenuFont" Align="left" ScaleX="120" ScaleY="120" zIndex="3" />
		<Text Left="130" Top="35" Width="80" Height="10" Color="0xFF8BA0B7" Source="Total" Font="SmallFont" Align="left" ScaleX="80" ScaleY="80" zIndex="3" />
		<Text Left="130" Top="45" Width="80" Height="30" Color="0xFF0080FF" Source="SongLength" Font="MenuFont" Align="left" ScaleX="120" ScaleY="120" zIndex="3" />
		<Text Left="17" Top="100" Width="370" Height="20" Color="0xFF0080FF" Source="SongTrack" Scroll="1" Font="MenuFont" ScaleX="80" ScaleY="80" zIndex="3" />
		<Text Left="30" Top="75" Width="100" Height="30" Color="0xFF0080FF" Source="SongBitRate" Font="SmallFont" Align="left" ScaleX="100" ScaleY="100" zIndex="3" />
		<Text Left="140" Top="75" Width="80" Height="30" Color="0xFF0080FF" Source="SongChannel" Font="SmallFont" Align="left" ScaleX="100" ScaleY="100" zIndex="3" />
		<Playlist Top="210" Left="70" Width="500" Height="250" OffsetX="10" OffsetY="20">
			<BackGround>mp_pl.png</BackGround>
		</Playlist>

	</MusicPlayer>

        <ColorScheme>
            <AMBIENT_FOGCOLOR>0xFF10107A</AMBIENT_FOGCOLOR>
            <AMBIENT_SKYCOLOR>0xFF00000D</AMBIENT_SKYCOLOR>
            <AMBIENT_CELLCOLOR>0xFF0080FF</AMBIENT_CELLCOLOR>
            <CAPTION_TEXTCOLOR>0xFFFFFFFF</CAPTION_TEXTCOLOR>
            <CAPTION_BACKCOLOR>0xFF0080FF</CAPTION_BACKCOLOR>
            <DIALOG_BORDERCOLOR>0xFF0080FF</DIALOG_BORDERCOLOR>
            <DIALOG_BACKCOLOR>0x9F00315E</DIALOG_BACKCOLOR>
            <DIALOG_INNER_BORDERCOLOR>0xFF0080FF</DIALOG_INNER_BORDERCOLOR>
            <DIALOG_INNER_BACKCOLOR>0xFF000000</DIALOG_INNER_BACKCOLOR>
            <DIALOG_TEXTCOLOR>0xFFFFFFFF</DIALOG_TEXTCOLOR>
            <DIALOG_DISABLEDTEXT>0x99B3B3B4</DIALOG_DISABLEDTEXT>
            <OPTION_TEXTCOLOR>0xFFFFFFFF</OPTION_TEXTCOLOR>
            <OPTION_ACTIVETEXTCOLOR>0xFF000000</OPTION_ACTIVETEXTCOLOR>
            <OPTION_ACTIVEBACKCOLOR>0xFF0080FF</OPTION_ACTIVEBACKCOLOR>
            <BUTTON_BORDERCOLOR>0xFFFFFFFF</BUTTON_BORDERCOLOR>
            <BUTTON_TEXTCOLOR>0xFFFFFFFF</BUTTON_TEXTCOLOR>
            <BUTTON_BACKCOLOR>0x980000A0</BUTTON_BACKCOLOR>
            <BUTTON_ACTIVETEXTCOLOR>0xFFFFFFFF</BUTTON_ACTIVETEXTCOLOR>
            <BUTTON_ACTIVEBACKCOLOR>0xFF0080FF</BUTTON_ACTIVEBACKCOLOR>
            <KB_KEYBG_HIGHLIGHT>0xFF0080FF</KB_KEYBG_HIGHLIGHT>
            <KB_KEYBG_DISABLED>0xFFC0C0C0</KB_KEYBG_DISABLED>
            <KB_KEY_PRESSED>0xFF008000</KB_KEY_PRESSED>
            <KB_KEY_NORMAL>0xFF000000</KB_KEY_NORMAL>
            <KB_KEY_DISABLED>0xFFFFFFFF</KB_KEY_DISABLED>
            <KB_KEY_ACTIVEBORDER>0xFF808080</KB_KEY_ACTIVEBORDER>
            <KB_KEY_TEXTCOLOR>0xFF000000</KB_KEY_TEXTCOLOR>
            <KB_KEY_TEXTBACKCOLOR>0xFFFFFFFF</KB_KEY_TEXTBACKCOLOR>
            <KB_KEY_TEXTBORDERCOLOR>0xFFFFFF00</KB_KEY_TEXTBORDERCOLOR>
            <MENU_TEXTCOLOR>0xFF95C0E7</MENU_TEXTCOLOR>
            <MENU_ACTIVETEXTCOLOR>0xFF243679</MENU_ACTIVETEXTCOLOR>
            <MENU_BORDERCOLOR>0x00000000</MENU_BORDERCOLOR>
            <MENU_BACKCOLOR>0x00000000</MENU_BACKCOLOR>
            <MENU_ACTIVEBACKCOLOR>0x00000000</MENU_ACTIVEBACKCOLOR>
            <MENU_ACTIVEBORDERCOLOR>0x00000000</MENU_ACTIVEBORDERCOLOR>
	    <MMForeColor>0xFF0080FF</MMForeColor>
	    <MMOffForeColor>0xFF0080FF</MMOffForeColor>
	    <MMLightBarColor>0xFF0080FF</MMDarkBarColor>
	    <MMDarkBackColor>0xFF0080FF</MMDarkBackColor>
        </ColorScheme>
</Skin>














