<Skin Name="UX_BLUE">
<Information>
<Author>puddwakkr</Author>
<Copyright>2004 Skinned by Sketchy Skinner</Copyright>
<Version>1</Version>
</Information>
<Main globe="False" Orb="False">
<Background EnableAudio="False">bg.png</background>
<Image Top="39" Left="366" width="116" Height="115" Source="GameIcon"/>
<Image Source="GamePreview"/>
<Menu smooth="False" ShowArrows="False" ShowIcon="False" Rotate="False">
<Position left="65" Top="230" Width="320" Height="115" />
<Preview EnableAudio="True" left="122" Top="41" Width="210" Height="122" />
</Menu>
<Image Opacity="100" Top="24" Left="109" Width="238" Height="184">img0.png</Image>
<Image Opacity="100" Top="33" Left="361" Width="130" Height="130">img1.png</Image>
<Text Left="126" Top="375" Align="Left" Color="0xFFFFFFFF" Source="IP"></Text>
<Text Left="126" Top="400" Align="Left" Color="0xFFFFFFFF" Source="Time"></Text>
<Text Left="126" Top="425" Align="Left" Color="0xFFFFFFFF" Source="CPUTempF"></Text>
</Main>
<FileManager>
<Background>fmbg.png</Background>
</FileManager>
<LoadingScreen ShowInfo="True">
<Backgroung>load.png</Background>
</LoadingScreen>
<ColorScheme>
<MENU_TEXTCOLOR>0xFFC8C8C8</MENU_TEXTCOLOR>
<MENU_ACTIVETEXTCOLOR>0xFFFFFFFF</MENU_ACTIVETEXTCOLOR>
</ColorSceme>
</Skin>






















