<?xml version="1.0" encoding="utf-8" ?>
<Skin Name="XBox PixelArt">
	<Information>
		<Author>Chris Berwager (kazzymax@hotmail.com) Note: I put the full-size drawing here: http://www.deviantart.com/view/5786590/ for those who want it.  Thanks for checking it out. :) </Author>
		<Copyright>2004</Copyright>
		<Version>1</Version>
	</Information>
	
	<LoadingScreen ShowInfo="True">
        	<BackGround>load.jpg</BackGround>
	</LoadingScreen>
	<Main Globe="False" Orb="False">
        	<Background>main.jpg</Background>
		<Menu Smooth="True" Align="Middle" ShowArrows="False" ShowIcon="False" Rotate="False">
			<Font>menufont.xpr</Font>
			<Position left="225" Top="275" Width="230" Height="75" Fixed="True" FixAt="2" />
			<Preview EnableAudio="True" Left="345" Top="60" Width="244" Height="174" />
		</Menu>
		<Text Left="440" Top="25" Color="0xFFFFFFFF" Source="IP:" />
		<Text Left="465" Top="25" Color="0xFFFFFFFF" Source="$IP$" />
		<Text Left="440" Top="45" Color="0xFFFF0000" Source="C:" />
		<Text Left="465" Top="45" Color="0xFFFF0000" Source="$C_Free$ free" />
		<Text Left="440" Top="65" Color="0xFFFF8000" Source="D:" />
		<Text Left="465" Top="65" Color="0xFFFF8000" Source="DvdTitle" />
		<Text Left="440" Top="85" Color="0xFFFFFF00" Source="E:" />
		<Text Left="465" Top="85" Color="0xFFFFFF00" Source="$E_Free$ free" />
		<Text Left="440" Top="105" Color="0xFF40FF40" Source="F:" />
		<Text Left="465" Top="105" Color="0xFF40FF40" Source="$F_Free$ free" />
		<Text Left="440" Top="125" Color="0xFF9191FF" Source="Time:" />
		<Text Left="490" Top="125" Color="0xFF9191FF" Source="$Time$" />
		<Text Left="440" Top="145" Color="0xFFDC00DC" Source="Date:" />
		<Text Left="490" Top="145" Color="0xFFDC00DC" Source="$Date$" />
		<Text Left="440" Top="165" Color="0xFF969696" Source="M/B:" />
		<Text Left="485" Top="165" Color="0xFF969696" Source="$MBTemp$" />
		<Text Left="440" Top="185" Color="0xFF9191FF" Source="CPU:" />
		<Text Left="485" Top="185" Color="0xFF9191FF" Source="$CPUTemp$" />
		<InfoFont>Verdana_10.xpr</InfoFont>
		<XImage Top="60" Left="145" width="244" Height="174">icon.png</XImage>
		<Image Top="60" Left="145" width="244" Height="174" Source="GameIcon" />
		<Image Source="GamePreview" />
	</Main>
	<ColorScheme>
		<MENU_TEXTCOLOR>0xFF23FF23</MENU_TEXTCOLOR>
		<MENU_ACTIVETEXTCOLOR>0xFFFFFFFF</MENU_ACTIVETEXTCOLOR>
	</ColorScheme>
</Skin>